trade_date,total_amt_yi,dual_amt_yi,dual_ratio,rzye_yi,circ_mv_yi,margin_ratio,turnover
20150105,8275.8,344.3,0.0416,10295.8,312238.2,0.03297,0.0265
20150106,8197.1,472.8,0.0577,10377.3,314688.6,0.03298,0.02605
20150107,6649.3,379.0,0.057,10493.0,316583.5,0.03314,0.021
20150108,6210.6,392.0,0.0631,10530.2,310556.2,0.03391,0.02
20150109,6841.1,409.2,0.0598,10605.0,308972.7,0.03432,0.02214
20150112,5570.4,360.0,0.0646,10719.5,304141.6,0.03525,0.01832
20150113,4597.1,404.0,0.0879,10781.2,306462.7,0.03518,0.015
20150114,4470.1,347.5,0.0777,10909.5,305196.6,0.03575,0.01465
20150115,5167.1,322.7,0.0624,11061.8,314206.6,0.03521,0.01644
20150116,6119.1,413.7,0.0676,11113.6,318718.4,0.03487,0.0192
20150119,6854.6,584.5,0.0853,10928.5,294948.5,0.03705,0.02324
20150120,6918.8,576.1,0.0833,10908.9,301632.7,0.03617,0.02294
20150121,7910.9,652.5,0.0825,10956.2,314462.0,0.03484,0.02516
20150122,6960.8,576.1,0.0828,11059.1,316637.8,0.03493,0.02198
20150123,6965.9,531.8,0.0763,11120.2,316519.0,0.03513,0.02201
20150126,6284.8,458.5,0.0729,11201.5,321391.6,0.03485,0.01956
20150127,7128.1,500.2,0.0702,11245.9,319481.5,0.0352,0.02231
20150128,5935.2,499.8,0.0842,11277.9,315671.0,0.03573,0.0188
20150129,5159.3,379.1,0.0735,11302.9,312405.2,0.03618,0.01651
20150130,4976.4,380.6,0.0765,11259.3,306782.4,0.0367,0.01622
20150202,4562.1,373.7,0.0819,11274.3,298676.5,0.03775,0.01527
20150203,5059.4,540.5,0.1068,11267.0,306714.9,0.03673,0.0165
20150204,5227.6,511.5,0.0978,11294.8,304914.5,0.03704,0.01714
20150205,6191.9,660.5,0.1067,11353.6,301811.1,0.03762,0.02052
20150206,4909.8,552.4,0.1125,11381.6,295569.5,0.03851,0.01661
20150209,4258.6,415.6,0.0976,11478.1,296760.7,0.03868,0.01435
20150210,3912.5,363.7,0.093,11641.3,301971.0,0.03855,0.01296
20150211,4041.3,450.6,0.1115,11739.6,305997.1,0.03836,0.01321
20150212,4309.6,481.1,0.1116,11729.2,307601.4,0.03813,0.01401
20150213,5528.1,596.9,0.108,11391.7,311338.7,0.03659,0.01776
20150216,5320.7,661.6,0.1243,11326.8,314946.8,0.03596,0.01689
20150217,5037.4,549.3,0.109,11057.8,318680.6,0.0347,0.01581
20150225,5089.9,562.8,0.1106,11356.0,316994.8,0.03582,0.01606
20150226,5869.0,544.8,0.0928,11475.5,322910.2,0.03554,0.01818
20150227,6120.4,630.2,0.103,11523.8,324559.7,0.03551,0.01886
20150302,7835.6,850.7,0.1086,11724.7,328208.5,0.03572,0.02387
20150303,8333.4,854.6,0.1026,11918.0,321966.9,0.03702,0.02588
20150304,6824.9,751.8,0.1102,12047.0,324942.2,0.03707,0.021
20150305,7292.0,808.6,0.1109,12192.0,321962.4,0.03787,0.02265
20150306,6431.2,709.2,0.1103,12267.1,320083.7,0.03832,0.02009
20150309,6462.5,636.5,0.0985,12416.7,322087.7,0.03855,0.02006
20150310,6425.6,727.8,0.1133,12625.0,325434.4,0.03879,0.01974
20150311,6350.1,750.0,0.1181,12860.2,326464.3,0.03939,0.01945
20150312,7221.5,732.4,0.1014,13082.1,331187.6,0.0395,0.0218
20150313,6611.9,679.8,0.1028,13122.0,333554.2,0.03934,0.01982
20150316,8978.0,962.3,0.1072,13048.9,341307.1,0.03823,0.0263
20150317,10986.6,1010.0,0.0919,13145.0,346272.3,0.03796,0.03173
20150318,11036.9,977.1,0.0885,13351.9,354772.3,0.03764,0.03111
20150319,10881.6,915.8,0.0842,13569.1,354893.1,0.03823,0.03066
20150320,11465.7,997.6,0.087,13769.8,359137.6,0.03834,0.03193
20150323,12074.5,1124.2,0.0931,13924.3,365935.7,0.03805,0.033
20150324,14162.4,1456.3,0.1028,14140.8,367705.2,0.03846,0.03852
20150325,12371.5,1306.7,0.1056,14356.5,366080.6,0.03922,0.03379
20150326,11801.5,1327.8,0.1125,14516.2,363842.5,0.0399,0.03244
20150327,9321.6,921.4,0.0988,14587.8,366351.8,0.03982,0.02544
20150330,11994.9,967.6,0.0807,14764.7,367861.6,0.04014,0.03261
20150331,12751.6,1011.0,0.0793,14858.8,366970.3,0.04049,0.03475
20150401,11100.6,1021.3,0.092,15099.5,374216.0,0.04035,0.02966
20150402,12150.6,1222.9,0.1006,15298.2,377182.1,0.04056,0.03221
20150403,12378.4,1254.5,0.1013,15450.2,380291.0,0.04063,0.03255
20150407,13860.7,1291.4,0.0932,15762.4,392577.5,0.04015,0.03531
20150408,15249.3,1418.1,0.093,15980.3,394198.3,0.04054,0.03868
20150409,14653.8,1298.5,0.0886,16223.0,389638.1,0.04164,0.03761
20150410,12324.5,1170.0,0.0949,16430.7,397593.6,0.04133,0.031
20150413,14200.7,1297.6,0.0914,16719.2,409734.5,0.0408,0.03466
20150414,14233.6,1256.6,0.0883,16994.3,410940.5,0.04135,0.03464
20150415,13283.6,1172.3,0.0883,17215.0,401425.2,0.04288,0.03309
20150416,11911.7,993.5,0.0834,17375.0,411940.9,0.04218,0.02892
20150417,15021.6,1046.0,0.0696,17251.4,420468.5,0.04103,0.03573
20150420,17734.3,1021.6,0.0576,17169.0,412610.3,0.04161,0.04298
20150421,14107.1,1003.3,0.0711,17301.2,424261.8,0.04078,0.03325
20150422,16278.5,1187.5,0.0729,17516.8,434157.3,0.04035,0.03749
20150423,16495.7,1253.3,0.076,17696.0,436866.2,0.04051,0.03776
20150424,15557.9,1231.8,0.0792,17804.2,436158.0,0.04082,0.03567
20150427,16102.0,1189.4,0.0739,18058.9,446818.3,0.04042,0.03604
20150428,16733.8,1106.1,0.0661,18135.0,439242.7,0.04129,0.0381
20150429,12776.7,1063.2,0.0832,18254.5,443518.9,0.04116,0.02881
20150430,13193.5,1198.8,0.0909,18310.2,441977.3,0.04143,0.02985
20150504,12149.0,1024.4,0.0843,18572.9,444078.1,0.04182,0.02736
20150505,13397.8,1008.0,0.0752,18675.2,426043.8,0.04383,0.03145
20150506,12317.8,1258.1,0.1021,18898.7,420956.8,0.04489,0.02926
20150507,9652.6,1085.2,0.1124,18999.8,404401.6,0.04698,0.02387
20150508,10710.0,1342.6,0.1254,18757.1,415121.2,0.04518,0.0258
20150511,13818.1,1706.8,0.1235,18823.1,431009.5,0.04367,0.03206
20150512,15118.7,1850.0,0.1224,18951.6,438654.5,0.0432,0.03447
20150513,15103.9,1718.3,0.1138,19140.5,437032.0,0.0438,0.03456
20150514,13640.4,1618.0,0.1186,19264.0,437478.1,0.04403,0.03118
20150515,13026.5,1442.5,0.1107,19289.4,432260.9,0.04462,0.03014
20150518,12271.5,1552.7,0.1265,19478.5,433085.3,0.04498,0.02833
20150519,13899.4,1697.3,0.1221,19768.8,446520.9,0.04427,0.03113
20150520,16188.8,1767.1,0.1092,20057.4,450400.2,0.04453,0.03594
20150521,15189.5,1788.8,0.1178,20247.8,463725.4,0.04366,0.03276
20150522,19566.5,2210.5,0.113,20139.9,472248.4,0.04265,0.04143
20150525,19891.7,1754.4,0.0882,20237.7,480906.5,0.04208,0.04136
20150526,21091.0,1807.5,0.0857,20427.1,495161.3,0.04125,0.04259
20150527,21048.5,1982.5,0.0942,20553.1,498260.2,0.04125,0.04224
20150528,23586.5,2205.4,0.0935,20675.0,460337.6,0.04491,0.05124
20150529,18533.9,2129.0,0.1149,20719.6,462208.6,0.04483,0.0401
20150601,17619.9,1885.4,0.107,21001.4,485455.8,0.04326,0.0363
20150602,19265.2,2130.0,0.1106,21301.0,498528.5,0.04273,0.03864
20150603,19739.0,2209.4,0.1119,21500.1,501678.4,0.04286,0.03935
20150604,19831.0,2070.4,0.1044,21645.9,505010.4,0.04286,0.03927
20150605,22515.3,1991.2,0.0884,21607.7,511332.0,0.04226,0.04403
20150608,22600.3,1805.9,0.0799,21656.0,517618.4,0.04184,0.04366
20150609,19315.6,1573.5,0.0815,21771.2,518316.5,0.042,0.03727
20150610,18155.6,1690.2,0.0931,21918.8,520489.7,0.04211,0.03488
20150611,17946.9,1675.4,0.0934,22058.5,524291.3,0.04207,0.03423
20150612,19632.7,1821.7,0.0928,22207.0,529171.6,0.04197,0.0371
20150615,19936.7,1848.2,0.0927,22319.3,511557.4,0.04363,0.03897
20150616,16990.7,1693.9,0.0997,22394.5,493145.8,0.04541,0.03445
20150617,15345.7,1561.3,0.1017,22550.4,505798.8,0.04458,0.03034
20150618,14598.8,1507.2,0.1032,22666.4,482690.0,0.04696,0.03024
20150619,12846.2,1363.6,0.1061,22610.9,452523.1,0.04997,0.02839
20150623,12961.1,1373.2,0.1059,22467.9,462927.6,0.04853,0.028
20150624,14890.0,1401.1,0.0941,22066.0,474637.1,0.04649,0.03137
20150625,15490.5,1338.3,0.0864,21818.4,459726.0,0.04746,0.0337
20150626,13407.9,1173.2,0.0875,21257.6,422424.4,0.05032,0.03174
20150629,15331.8,1163.8,0.0759,20840.7,400880.7,0.05199,0.03825
20150630,16606.4,1613.3,0.0971,20446.7,420293.9,0.04865,0.03951
20150701,15275.0,1700.4,0.1113,20305.7,396080.5,0.05127,0.03857
20150702,12863.3,1297.5,0.1009,19796.7,377651.3,0.05242,0.03406
20150703,11506.1,1283.3,0.1115,19067.5,349684.6,0.05453,0.0329
20150706,15499.0,1380.2,0.0891,17704.5,348920.7,0.05074,0.04442
20150707,10760.5,447.3,0.0416,16261.0,324826.8,0.05006,0.03313
20150708,11137.8,929.5,0.0835,14560.8,265385.8,0.05487,0.04197
20150709,9495.2,583.3,0.0614,14380.1,276634.1,0.05198,0.03432
20150710,9266.9,456.4,0.0493,14382.5,301019.1,0.04778,0.03079
20150713,11721.4,856.7,0.0731,14369.8,342121.4,0.042,0.03426
20150714,13202.5,1215.2,0.092,14389.2,355556.3,0.04047,0.03713
20150715,12444.2,1354.6,0.1089,14199.0,348809.2,0.04071,0.03568
20150716,10769.0,1318.8,0.1225,14186.7,352281.7,0.04027,0.03057
20150717,10997.5,1290.7,0.1174,14255.9,370959.3,0.03843,0.02965
20150720,13191.1,1692.4,0.1283,14238.3,382165.4,0.03726,0.03452
20150721,12064.9,1485.4,0.1231,14326.7,387803.5,0.03694,0.03111
20150722,12833.5,1533.0,0.1194,14364.2,390396.6,0.03679,0.03287
20150723,13972.7,1581.0,0.1132,14554.3,400463.0,0.03634,0.03489
20150724,15865.3,1859.0,0.1172,14544.2,394525.1,0.03687,0.04021
20150727,13882.7,1698.3,0.1223,14269.3,356405.7,0.04004,0.03895
20150728,13026.0,1547.4,0.1188,13793.0,351433.7,0.03925,0.03707
20150729,10796.4,1443.5,0.1337,13691.7,367729.1,0.03723,0.02936
20150730,11562.5,1380.8,0.1194,13679.0,357045.1,0.03831,0.03238
20150731,8779.7,1085.1,0.1236,13354.2,353606.1,0.03777,0.02483
20150803,8477.3,1045.3,0.1233,12938.1,345868.0,0.03741,0.02451
20150804,9059.6,1112.3,0.1228,13093.8,361066.3,0.03626,0.02509
20150805,9599.4,1239.5,0.1291,13091.1,355644.6,0.03681,0.02699
20150806,7069.1,877.8,0.1242,13053.9,352374.4,0.03705,0.02006
20150807,8937.2,1198.6,0.1341,13142.3,361972.9,0.03631,0.02469
20150810,12265.4,1408.3,0.1148,13372.1,380008.1,0.03519,0.03228
20150811,13347.7,1455.1,0.109,13511.4,381530.2,0.03541,0.03498
20150812,11029.4,1151.3,0.1044,13556.8,376000.9,0.03606,0.02933
20150813,10760.3,1087.5,0.1011,13694.7,384031.9,0.03566,0.02802
20150814,12212.0,1183.2,0.0969,13748.5,386624.0,0.03556,0.03159
20150817,11866.8,1031.7,0.0869,13892.3,389437.0,0.03567,0.03047
20150818,13889.5,1371.4,0.0987,13687.2,362017.2,0.03781,0.03837
20150819,11459.5,1151.9,0.1005,13618.8,370537.7,0.03675,0.03093
20150820,9817.6,1096.3,0.1117,13538.1,356054.7,0.03802,0.02757
20150821,8687.5,906.5,0.1043,13236.5,337473.6,0.03922,0.02574
20150824,6303.5,530.0,0.0841,12454.9,306981.0,0.04057,0.02053
20150825,6450.3,591.4,0.0917,11601.9,280920.8,0.0413,0.02296
20150826,8931.3,969.0,0.1085,11078.2,274716.2,0.04033,0.03251
20150827,7647.4,838.9,0.1097,10745.5,288857.5,0.0372,0.02647
20150828,8988.8,979.1,0.1089,10722.4,306215.4,0.03502,0.02935
20150831,7961.4,772.1,0.097,10559.6,302204.4,0.03494,0.02634
20150901,7251.4,637.4,0.0879,10122.2,294852.8,0.03433,0.02459
20150902,7482.7,736.6,0.0984,9591.5,292999.5,0.03274,0.02554
20150907,6022.5,735.2,0.1221,9754.2,286337.5,0.03407,0.02103
20150908,5236.1,718.1,0.1371,9729.6,298306.0,0.03262,0.01755
20150909,8440.1,1088.5,0.129,9872.8,308503.0,0.032,0.02736
20150910,6102.3,748.4,0.1226,9841.9,305065.3,0.03226,0.02
20150911,5155.4,686.0,0.1331,9818.4,306352.0,0.03205,0.01683
20150914,6802.8,682.2,0.1003,9534.0,289952.7,0.03288,0.02346
20150915,4772.0,594.6,0.1246,9327.2,277218.2,0.03365,0.01721
20150916,5662.1,712.2,0.1258,9351.8,294498.3,0.03175,0.01923
20150917,6974.9,953.9,0.1368,9383.4,287564.1,0.03263,0.02426
20150918,4720.7,748.2,0.1585,9362.1,290903.8,0.03218,0.01623
20150921,5727.3,904.3,0.1579,9378.9,300757.6,0.03118,0.01904
20150922,6722.2,1014.7,0.151,9384.8,303850.7,0.03089,0.02212
20150923,5786.1,893.6,0.1544,9370.2,296361.2,0.03162,0.01952
20150924,5500.3,947.7,0.1723,9372.1,300074.7,0.03123,0.01833
20150925,5613.2,858.9,0.153,9247.0,293960.1,0.03146,0.0191
20150928,4041.5,799.2,0.1978,9258.1,298585.7,0.03101,0.01354
20150929,4205.2,841.0,0.2,9182.9,292243.9,0.03142,0.01439
20150930,3710.2,641.5,0.1729,9040.5,295113.6,0.03063,0.01257
20151008,5870.1,902.1,0.1537,9195.4,304699.0,0.03018,0.01927
20151009,5960.3,922.1,0.1547,9208.9,306772.7,0.03002,0.01943
20151012,9240.8,1264.4,0.1368,9450.1,319236.8,0.0296,0.02895
20151013,7657.5,1150.5,0.1502,9494.6,320389.2,0.02963,0.0239
20151014,7686.4,1183.3,0.1539,9548.6,319079.3,0.02993,0.02409
20151015,8251.3,1298.0,0.1573,9660.9,324187.8,0.0298,0.02545
20151016,9934.7,1472.9,0.1483,9698.1,329770.2,0.02941,0.03013
20151019,9961.3,1379.3,0.1385,9821.9,328923.4,0.02986,0.03028
20151020,9044.0,1406.9,0.1556,9930.9,334908.5,0.02965,0.027
20151021,11710.3,1748.6,0.1493,9850.9,320187.5,0.03077,0.03657
20151022,8923.7,1467.5,0.1645,9983.0,328601.4,0.03038,0.02716
20151023,10405.4,1713.5,0.1647,10076.3,336969.7,0.0299,0.03088
20151026,11066.2,1739.3,0.1572,10210.0,343340.7,0.02974,0.03223
20151027,9926.8,1574.6,0.1586,10276.4,344478.3,0.02983,0.02882
20151028,9161.2,1508.9,0.1647,10253.7,338275.4,0.03031,0.02708
20151029,7493.4,1146.4,0.153,10321.5,340862.9,0.03028,0.02198
20151030,8015.9,1297.4,0.1618,10302.1,340542.1,0.03025,0.02354
20151102,7426.1,1232.5,0.166,10277.2,334177.6,0.03075,0.02222
20151103,6256.2,1068.2,0.1707,10289.6,333409.6,0.03086,0.01876
20151104,9931.5,1526.4,0.1537,10494.6,351454.3,0.02986,0.02826
20151105,13729.2,1728.9,0.1259,10674.9,356522.3,0.02994,0.03851
20151106,11736.6,1640.1,0.1397,10808.4,366544.1,0.02949,0.03202
20151109,13675.6,1912.4,0.1398,11140.3,374609.4,0.02974,0.03651
20151110,12545.7,1801.9,0.1436,11351.4,375846.2,0.0302,0.03338
20151111,11411.4,1901.7,0.1666,11499.1,378763.2,0.03036,0.03013
20151112,12311.0,2101.7,0.1707,11632.7,377979.9,0.03078,0.03257
20151113,11369.5,1812.7,0.1594,11642.0,371984.5,0.0313,0.03056
20151116,9082.0,1470.3,0.1619,11769.4,375479.8,0.03135,0.02419
20151117,12718.6,1996.9,0.157,11945.3,374555.7,0.03189,0.03396
20151118,9429.6,1404.5,0.1489,11954.8,373304.3,0.03202,0.02526
20151119,8600.0,1487.3,0.1729,12093.2,381789.0,0.03168,0.02253
20151120,10793.9,1839.0,0.1704,12189.2,384438.8,0.03171,0.02808
20151123,10731.5,1782.6,0.1661,12150.9,381676.5,0.03184,0.02812
20151124,8585.7,1501.5,0.1749,12171.9,384519.6,0.03165,0.02233
20151125,10197.7,1931.4,0.1894,12191.8,390354.6,0.03123,0.02612
20151126,11064.8,1873.0,0.1693,12173.4,388437.5,0.03134,0.02849
20151127,11418.9,1832.5,0.1605,11943.1,362922.7,0.03291,0.03146
20151130,9821.4,1673.6,0.1704,11932.6,366879.0,0.03252,0.02677
20151201,8418.4,1446.6,0.1718,11952.4,367579.8,0.03252,0.0229
20151202,8380.1,1196.4,0.1428,11908.1,374404.8,0.03181,0.02238
20151203,7947.7,1253.1,0.1577,11849.5,381656.1,0.03105,0.02082
20151204,8225.4,1417.4,0.1723,11642.1,376745.1,0.0309,0.02183
20151207,7498.1,1301.5,0.1736,11632.7,381055.2,0.03053,0.01968
20151208,7880.7,1422.0,0.1804,11555.9,374356.4,0.03087,0.02105
20151209,7170.3,1279.5,0.1785,11541.3,375112.1,0.03077,0.01911
20151210,7278.5,1268.8,0.1743,11520.5,373803.3,0.03082,0.01947
20151211,6318.1,1063.0,0.1682,11511.8,371648.7,0.03097,0.017
20151214,6711.3,1021.8,0.1523,11652.9,381495.7,0.03055,0.01759
20151215,7135.8,1108.5,0.1553,11686.2,383259.4,0.03049,0.01862
20151216,7272.0,1206.6,0.1659,11716.8,384784.1,0.03045,0.0189
20151217,9951.4,1587.9,0.1596,11706.3,392685.9,0.02981,0.02534
20151218,9579.0,1501.0,0.1567,11710.5,392286.9,0.02985,0.02442
20151221,9412.9,1223.4,0.13,11806.7,396788.5,0.02976,0.02372
20151222,8729.1,1144.5,0.1311,11904.8,398427.7,0.02988,0.02191
20151223,9952.5,1332.5,0.1339,12024.5,395571.7,0.0304,0.02516
20151224,7482.6,1077.0,0.1439,12080.8,392544.6,0.03078,0.01906
20151225,6828.9,1054.5,0.1544,12076.8,397612.9,0.03037,0.01717
20151228,8932.9,1281.1,0.1434,11864.8,387917.0,0.03059,0.02303
20151229,6571.6,1013.7,0.1543,11867.7,390978.5,0.03035,0.01681
20151230,7213.2,1149.5,0.1594,11883.3,392172.4,0.0303,0.01839
20151231,6856.4,1118.9,0.1632,11713.1,388496.4,0.03015,0.01765
20160104,5948.6,883.1,0.1484,11588.3,358844.6,0.03229,0.01658
20160105,8097.6,1225.7,0.1514,11374.6,356282.0,0.03193,0.02273
20160106,6983.5,1048.0,0.1501,11315.7,365153.9,0.03099,0.01912
20160107,1875.6,261.0,0.1392,11200.6,337799.6,0.03316,0.00555
20160108,7598.0,1088.0,0.1432,10966.0,343168.1,0.03196,0.02214
20160111,6622.9,920.5,0.139,10620.8,322231.8,0.03296,0.02055
20160112,5498.4,874.7,0.1591,10427.4,323907.5,0.03219,0.01698
20160113,5179.7,808.9,0.1562,10239.8,313496.0,0.03266,0.01652
20160114,5512.1,918.1,0.1666,10142.2,322634.0,0.03144,0.01708
20160115,5373.6,947.6,0.1763,9975.0,310492.6,0.03213,0.01731
20160118,4718.2,912.1,0.1933,9969.2,313269.2,0.03182,0.01506
20160119,5823.0,1045.2,0.1795,9953.3,325424.0,0.03059,0.01789
20160120,5950.6,981.1,0.1649,9915.6,322516.8,0.03074,0.01845
20160121,5353.1,965.7,0.1804,9832.5,311423.3,0.03157,0.01719
20160122,4457.4,793.9,0.1781,9790.2,315779.4,0.031,0.01412
20160125,4222.6,719.6,0.1704,9752.6,319357.4,0.03054,0.01322
20160126,5220.9,817.7,0.1566,9510.0,296998.8,0.03202,0.01758
20160127,5093.8,821.4,0.1612,9297.0,294814.1,0.03154,0.01728
20160128,3987.6,632.6,0.1586,9134.0,284549.9,0.0321,0.01401
20160129,4279.9,708.3,0.1655,9071.1,293999.3,0.03085,0.01456
20160201,3699.3,629.9,0.1703,8976.3,289030.3,0.03106,0.0128
20160202,4028.2,750.5,0.1863,8981.0,296783.6,0.03026,0.01357
20160203,3757.6,686.6,0.1827,8927.7,297026.7,0.03006,0.01265
20160204,4414.4,784.0,0.1776,8883.9,302353.3,0.02938,0.0146
20160205,3629.6,582.5,0.1605,8699.4,300034.1,0.02899,0.0121
20160215,3284.5,549.1,0.1672,8732.5,299462.1,0.02916,0.01097
20160216,4995.9,841.5,0.1684,8789.8,307134.2,0.02862,0.01627
20160217,5691.1,960.2,0.1687,8803.6,311860.1,0.02823,0.01825
20160218,5899.4,961.2,0.1629,8827.2,311126.2,0.02837,0.01896
20160219,4813.2,886.8,0.1842,8817.6,311272.7,0.02833,0.01546
20160222,6016.4,990.2,0.1646,8851.5,318238.4,0.02781,0.01891
20160223,5726.0,960.0,0.1677,8848.7,315701.5,0.02803,0.01814
20160224,5800.4,972.1,0.1676,8870.4,317808.7,0.02791,0.01825
20160225,6652.3,1005.8,0.1512,8734.2,294447.2,0.02966,0.02259
20160226,4858.1,788.9,0.1624,8675.6,296644.5,0.02925,0.01638
20160229,4610.5,665.8,0.1444,8508.7,284585.0,0.0299,0.0162
20160301,4624.0,744.3,0.161,8483.2,290793.9,0.02917,0.0159
20160302,6131.6,875.1,0.1427,8523.8,305661.2,0.02789,0.02006
20160303,6635.0,896.4,0.1351,8542.6,304904.3,0.02802,0.02176
20160304,6405.1,801.5,0.1251,8412.0,303194.5,0.02774,0.02113
20160307,4787.8,655.5,0.1369,8457.4,305946.1,0.02764,0.01565
20160308,5326.8,810.6,0.1522,8438.4,307560.4,0.02744,0.01732
20160309,4264.8,678.8,0.1592,8393.4,302526.1,0.02774,0.0141
20160310,3549.5,583.9,0.1645,8367.5,297570.6,0.02812,0.01193
20160311,3040.1,479.1,0.1576,8334.6,302810.4,0.02752,0.01004
20160314,5036.0,866.3,0.172,8406.3,310154.5,0.0271,0.01624
20160315,4277.3,723.6,0.1692,8352.6,310144.0,0.02693,0.01379
20160316,4231.9,696.6,0.1646,8267.9,309864.7,0.02668,0.01366
20160317,5717.1,1121.8,0.1962,8373.9,315991.2,0.0265,0.01809
20160318,8163.5,1434.8,0.1758,8451.8,323803.5,0.0261,0.02521
20160321,9030.0,1482.1,0.1641,8632.6,331445.4,0.02605,0.02724
20160322,7566.6,1206.0,0.1594,8680.1,329448.0,0.02635,0.02297
20160323,6698.8,1206.4,0.1801,8733.5,332304.8,0.02628,0.02016
20160324,7374.4,1374.6,0.1864,8728.9,325126.8,0.02685,0.02268
20160325,5533.8,1007.3,0.182,8737.4,327563.4,0.02667,0.01689
20160328,6256.4,1078.4,0.1724,8748.5,324991.8,0.02692,0.01925
20160329,5371.3,950.8,0.177,8735.1,319929.5,0.0273,0.01679
20160330,6279.0,1148.8,0.183,8778.4,330425.2,0.02657,0.019
20160331,6965.3,1298.8,0.1865,8786.3,333046.3,0.02638,0.02091
20160401,5825.9,1024.8,0.1759,8718.3,332516.5,0.02622,0.01752
20160405,7132.3,1223.7,0.1716,8842.6,338562.6,0.02612,0.02107
20160406,7010.0,1308.8,0.1867,8872.5,338180.9,0.02624,0.02073
20160407,6981.6,1327.9,0.1902,8866.3,333028.5,0.02662,0.02096
20160408,5846.2,1128.1,0.193,8822.6,330925.9,0.02666,0.01767
20160411,6669.7,1244.8,0.1866,8874.8,335468.9,0.02645,0.01988
20160412,5821.5,1131.1,0.1943,8838.2,332986.4,0.02654,0.01748
20160413,8231.9,1391.6,0.169,8922.9,339225.1,0.0263,0.02427
20160414,6243.5,1130.0,0.181,8951.4,342066.1,0.02617,0.01825
20160415,5852.8,1008.9,0.1724,8914.8,342166.8,0.02605,0.01711
20160418,5569.4,937.6,0.1683,8899.9,337590.4,0.02636,0.0165
20160419,5056.9,894.4,0.1769,8908.0,338648.0,0.0263,0.01493
20160420,7999.4,1326.8,0.1659,8777.1,326794.1,0.02686,0.02448
20160421,5416.3,841.9,0.1554,8739.8,324006.9,0.02697,0.01672
20160422,4221.2,694.1,0.1644,8698.1,326424.9,0.02665,0.01293
20160425,3907.8,638.6,0.1634,8682.1,324598.2,0.02675,0.01204
20160426,3817.1,635.8,0.1666,8672.3,327833.0,0.02645,0.01164
20160427,4276.4,731.8,0.1711,8650.2,327206.5,0.02644,0.01307
20160428,4312.0,728.1,0.1689,8643.9,326366.1,0.02649,0.01321
20160429,3662.5,643.7,0.1758,8570.4,325858.3,0.0263,0.01124
20160503,5370.4,956.5,0.1781,8656.7,334736.7,0.02586,0.01604
20160504,5351.1,959.0,0.1792,8666.9,335418.4,0.02584,0.01595
20160505,4739.1,840.7,0.1774,8693.2,336555.1,0.02583,0.01408
20160506,6612.0,1154.1,0.1745,8579.4,325230.1,0.02638,0.02033
20160509,4990.0,819.0,0.1641,8521.2,314703.3,0.02708,0.01586
20160510,3461.4,572.3,0.1653,8461.4,314575.6,0.0269,0.011
20160511,3925.9,635.0,0.1617,8412.0,314527.5,0.02675,0.01248
20160512,3799.0,597.9,0.1574,8380.4,313698.7,0.02671,0.01211
20160513,3471.9,566.4,0.1631,8328.9,312487.3,0.02665,0.01111
20160516,3617.2,617.5,0.1707,8343.4,314749.6,0.02651,0.01149
20160517,4307.6,837.6,0.1945,8329.8,314658.3,0.02647,0.01369
20160518,4160.0,720.2,0.1731,8260.1,309181.3,0.02672,0.01345
20160519,3753.6,740.5,0.1973,8267.3,309471.3,0.02671,0.01213
20160520,3655.2,704.1,0.1926,8246.0,313003.8,0.02634,0.01168
20160523,4189.6,862.5,0.2059,8246.1,316161.4,0.02608,0.01325
20160524,3712.7,761.9,0.2052,8247.3,313171.0,0.02633,0.01186
20160525,3713.3,823.7,0.2218,8233.2,313461.5,0.02627,0.01185
20160526,3912.0,821.1,0.2099,8233.4,315217.6,0.02612,0.01241
20160527,3783.1,776.3,0.2052,8202.3,315281.0,0.02602,0.012
20160530,3335.6,693.9,0.208,8186.3,317764.7,0.02576,0.0105
20160531,6308.7,1202.0,0.1905,8269.8,329655.9,0.02509,0.01914
20160601,6541.1,1295.9,0.1981,8299.0,330562.9,0.02511,0.01979
20160602,5607.1,1183.6,0.2111,8353.0,332408.6,0.02513,0.01687
20160603,6446.4,1505.2,0.2335,8337.4,335310.1,0.02486,0.01923
20160606,5279.5,1143.2,0.2165,8367.1,334485.9,0.02501,0.01578
20160607,5090.8,1090.1,0.2141,8382.8,335060.1,0.02502,0.01519
20160608,5457.9,1121.6,0.2055,8346.2,333912.4,0.025,0.01635
20160613,5889.7,1225.1,0.208,8309.8,320450.9,0.02593,0.01838
20160614,4126.3,874.5,0.2119,8287.4,322267.0,0.02572,0.0128
20160615,5729.7,1135.5,0.1982,8367.4,329275.4,0.02541,0.0174
20160616,5939.1,1130.3,0.1903,8362.6,328019.2,0.02549,0.01811
20160617,5704.4,1182.6,0.2073,8340.8,329887.4,0.02528,0.01729
20160620,5000.8,1065.9,0.2131,8359.7,329778.9,0.02535,0.01516
20160621,5927.4,1236.5,0.2086,8345.3,328463.0,0.02541,0.01805
20160622,4859.4,1119.9,0.2305,8374.0,333366.2,0.02512,0.01458
20160623,5235.1,1196.7,0.2286,8368.9,331757.9,0.02523,0.01578
20160624,6470.0,1390.0,0.2148,8350.3,328900.7,0.02539,0.01967
20160627,5831.2,1386.0,0.2377,8423.2,334388.0,0.02519,0.01744
20160628,6650.5,1581.5,0.2378,8459.1,337282.3,0.02508,0.01972
20160629,6442.6,1395.3,0.2166,8498.4,339868.2,0.025,0.01896
20160630,5751.5,1365.0,0.2373,8508.9,340601.2,0.02498,0.01689
20160701,5202.8,1150.2,0.2211,8483.7,341305.7,0.02486,0.01524
20160704,6585.4,1230.3,0.1868,8569.2,350311.8,0.02446,0.0188
20160705,7079.4,1315.2,0.1858,8602.3,351992.8,0.02444,0.02011
20160706,6635.7,1138.8,0.1716,8633.7,352539.0,0.02449,0.01882
20160707,7332.0,1287.2,0.1756,8669.8,351158.4,0.02469,0.02088
20160708,5901.2,1118.6,0.1896,8632.3,349063.8,0.02473,0.01691
20160711,6995.5,1259.3,0.18,8651.8,349187.2,0.02478,0.02003
20160712,7344.1,1244.9,0.1695,8700.5,355732.5,0.02446,0.02064
20160713,7287.7,1296.6,0.1779,8722.4,357240.5,0.02442,0.0204
20160714,5877.3,1125.4,0.1915,8737.7,357399.4,0.02445,0.01644
20160715,5677.7,1066.8,0.1879,8721.1,358319.5,0.02434,0.01585
20160718,5575.1,941.0,0.1688,8763.6,357633.9,0.0245,0.01559
20160719,5164.7,938.7,0.1818,8812.0,356696.6,0.0247,0.01448
20160720,5050.4,1018.2,0.2016,8822.0,355678.3,0.0248,0.0142
20160721,5564.2,1043.4,0.1875,8829.6,356533.3,0.02477,0.01561
20160722,5395.9,951.0,0.1762,8802.7,353731.2,0.02489,0.01525
20160725,4914.3,878.3,0.1787,8823.2,350887.7,0.02515,0.01401
20160726,4848.5,808.9,0.1668,8841.5,355839.5,0.02485,0.01363
20160727,8060.3,1367.9,0.1697,8726.0,346562.6,0.02518,0.02326
20160728,5565.6,934.2,0.1679,8687.7,346471.6,0.02507,0.01606
20160729,4311.3,707.0,0.164,8637.3,344096.3,0.0251,0.01253
20160801,4170.6,703.7,0.1687,8601.2,343849.3,0.02501,0.01213
20160802,3222.4,548.2,0.1701,8592.9,347483.8,0.02473,0.00927
20160803,3814.9,602.1,0.1578,8592.9,348405.7,0.02466,0.01095
20160804,4045.2,703.5,0.1739,8609.6,349508.5,0.02463,0.01157
20160805,4020.5,624.1,0.1552,8579.7,349143.1,0.02457,0.01152
20160808,4139.7,593.3,0.1433,8611.0,352920.2,0.0244,0.01173
20160809,4630.2,751.2,0.1622,8640.8,356285.8,0.02425,0.013
20160810,4682.2,747.3,0.1596,8676.1,355027.2,0.02444,0.01319
20160811,4501.4,688.2,0.1529,8681.0,352686.7,0.02461,0.01276
20160812,4264.5,596.6,0.1399,8655.8,358410.6,0.02415,0.0119
20160815,7505.0,1076.6,0.1435,8765.5,367302.5,0.02386,0.02043
20160816,7091.3,992.2,0.1399,8865.1,367143.3,0.02415,0.01931
20160817,6183.5,942.5,0.1524,8898.3,367718.0,0.0242,0.01682
20160818,6350.4,926.1,0.1458,8942.2,367304.9,0.02435,0.01729
20160819,5363.2,820.0,0.1529,8940.5,367767.7,0.02431,0.01458
20160822,5339.9,885.1,0.1657,8956.3,364867.8,0.02455,0.01464
20160823,4598.9,712.7,0.155,8961.8,365164.4,0.02454,0.01259
20160824,4487.4,802.5,0.1788,8975.1,365052.0,0.02459,0.01229
20160825,5107.9,920.1,0.1801,8976.9,362188.2,0.02479,0.0141
20160826,4752.1,924.2,0.1945,8955.9,362798.1,0.02469,0.0131
20160829,4318.8,843.3,0.1953,8978.1,362603.4,0.02476,0.01191
20160830,4224.3,780.3,0.1847,8977.8,363455.2,0.0247,0.01162
20160831,4410.1,791.9,0.1796,8997.2,364009.6,0.02472,0.01212
20160901,4547.7,803.2,0.1766,8991.1,361715.0,0.02486,0.01257
20160902,4307.9,781.6,0.1814,8955.7,362120.7,0.02473,0.0119
20160905,4098.5,725.2,0.1769,8961.2,363766.8,0.02463,0.01127
20160906,5321.5,1009.5,0.1897,9023.9,367482.4,0.02456,0.01448
20160907,5603.6,1032.4,0.1842,9024.2,367060.2,0.02459,0.01527
20160908,4489.1,807.1,0.1798,9038.6,367491.2,0.0246,0.01222
20160909,4808.6,833.6,0.1734,9004.1,365305.7,0.02465,0.01316
20160912,5396.2,857.3,0.1589,8971.4,356347.5,0.02518,0.01514
20160913,3966.8,662.4,0.167,8960.3,357182.4,0.02509,0.01111
20160914,3746.0,604.0,0.1612,8896.4,354482.8,0.0251,0.01057
20160919,3454.2,571.2,0.1654,8920.4,356816.4,0.025,0.00968
20160920,3559.2,587.5,0.1651,8928.7,356561.5,0.02504,0.00998
20160921,3515.2,572.7,0.1629,8937.0,357478.0,0.025,0.00983
20160922,4169.7,619.5,0.1486,8921.9,360068.3,0.02478,0.01158
20160923,3955.3,636.6,0.1609,8880.3,358630.2,0.02476,0.01103
20160926,4248.1,682.1,0.1606,8872.3,351818.2,0.02522,0.01207
20160927,3501.8,595.8,0.1701,8864.7,353919.1,0.02505,0.00989
20160928,3050.8,510.7,0.1674,8849.7,353328.0,0.02505,0.00863
20160929,3231.0,539.1,0.1669,8823.7,354444.8,0.02489,0.00912
20160930,2983.8,480.1,0.1609,8686.7,355997.7,0.0244,0.00838
20161010,4539.4,792.5,0.1746,8784.1,362249.3,0.02425,0.01253
20161011,4631.3,740.9,0.16,8829.0,364860.1,0.0242,0.01269
20161012,4251.4,686.9,0.1616,8874.2,365848.4,0.02426,0.01162
20161013,4319.0,700.2,0.1621,8904.0,366161.4,0.02432,0.0118
20161014,4233.2,717.4,0.1695,8896.8,366560.9,0.02427,0.01155
20161017,4634.0,752.8,0.1624,8917.9,364044.9,0.0245,0.01273
20161018,4825.1,754.8,0.1564,8974.7,368077.8,0.02438,0.01311
20161019,4948.6,791.9,0.16,8991.3,367336.8,0.02448,0.01347
20161020,4746.5,844.9,0.178,9006.5,367749.4,0.02449,0.01291
20161021,5056.9,869.0,0.1718,8983.2,368337.8,0.02439,0.01373
20161024,5637.4,833.5,0.1478,9046.5,374117.8,0.02418,0.01507
20161025,5390.0,803.7,0.1491,9084.1,375272.1,0.02421,0.01436
20161026,5474.6,881.4,0.161,9105.6,373903.3,0.02435,0.01464
20161027,4539.3,731.0,0.161,9123.1,373159.4,0.02445,0.01216
20161028,5112.5,840.4,0.1644,9058.2,371251.8,0.0244,0.01377
20161031,4351.4,715.0,0.1643,9077.0,369668.3,0.02455,0.01177
20161101,4838.7,819.5,0.1694,9107.4,373641.0,0.02437,0.01295
20161102,5484.7,885.0,0.1614,9101.4,371824.6,0.02448,0.01475
20161103,6409.8,993.7,0.155,9169.3,375522.7,0.02442,0.01707
20161104,5666.8,891.2,0.1573,9151.1,374654.8,0.02443,0.01513
20161107,5114.3,797.4,0.1559,9177.2,375123.6,0.02446,0.01363
20161108,5259.3,766.9,0.1458,9190.7,377319.7,0.02436,0.01394
20161109,6535.1,939.0,0.1437,9228.0,374162.8,0.02466,0.01747
20161110,6550.5,903.4,0.1379,9285.5,379045.2,0.0245,0.01728
20161111,7601.8,1021.6,0.1344,9285.9,381920.2,0.02431,0.0199
20161114,7678.2,1097.4,0.1429,9367.9,383414.3,0.02443,0.02003
20161115,6306.5,996.7,0.158,9415.4,383419.2,0.02456,0.01645
20161116,6273.1,1138.3,0.1815,9454.7,383860.4,0.02463,0.01634
20161117,5455.6,819.2,0.1502,9459.3,383980.6,0.02463,0.01421
20161118,5441.5,782.5,0.1438,9439.1,382054.4,0.02471,0.01424
20161121,5930.9,867.2,0.1462,9500.3,384559.6,0.0247,0.01542
20161122,6635.5,1071.6,0.1615,9564.1,388621.4,0.02461,0.01707
20161123,6798.3,1182.5,0.1739,9561.3,388069.9,0.02464,0.01752
20161124,6336.1,948.8,0.1497,9566.3,388081.7,0.02465,0.01633
20161125,6122.1,990.8,0.1618,9558.4,390573.6,0.02447,0.01567
20161128,6418.5,865.4,0.1348,9637.6,391460.4,0.02462,0.0164
20161129,6900.9,904.1,0.131,9668.1,389103.2,0.02485,0.01774
20161130,5636.5,966.4,0.1714,9721.9,387319.1,0.0251,0.01455
20161201,5595.8,830.4,0.1484,9695.8,390420.9,0.02483,0.01433
20161202,5972.0,914.4,0.1531,9651.2,386175.2,0.02499,0.01546
20161205,5109.3,714.9,0.1399,9636.2,381942.1,0.02523,0.01338
20161206,4199.7,682.7,0.1626,9636.7,381513.3,0.02526,0.01101
20161207,4376.4,646.0,0.1476,9652.1,384449.7,0.02511,0.01138
20161208,4546.2,698.9,0.1537,9649.2,384671.9,0.02508,0.01182
20161209,4867.4,728.0,0.1496,9618.2,385953.0,0.02492,0.01261
20161212,6514.9,985.9,0.1513,9501.6,373288.4,0.02545,0.01745
20161213,4577.9,654.0,0.1429,9488.5,374758.2,0.02532,0.01222
20161214,4687.9,599.2,0.1278,9492.7,373194.3,0.02544,0.01256
20161215,4582.5,598.8,0.1307,9521.4,370342.5,0.02571,0.01237
20161216,4336.7,588.3,0.1357,9485.7,371541.2,0.02553,0.01167
20161219,3994.8,516.8,0.1294,9476.9,371846.9,0.02549,0.01074
20161220,3843.3,508.0,0.1322,9489.2,370433.2,0.02562,0.01038
20161221,4296.6,541.4,0.126,9488.7,373734.7,0.02539,0.0115
20161222,3971.3,496.5,0.125,9477.8,373921.4,0.02535,0.01062
20161223,4048.2,543.7,0.1343,9423.4,370694.5,0.02542,0.01092
20161226,3784.2,551.0,0.1456,9437.7,373228.2,0.02529,0.01014
20161227,3632.3,515.7,0.142,9444.3,373472.6,0.02529,0.00973
20161228,3516.4,489.4,0.1392,9448.9,372051.0,0.0254,0.00945
20161229,3428.1,507.2,0.148,9441.1,371321.0,0.02543,0.00923
20161230,3435.3,497.3,0.1447,9357.7,373839.0,0.02503,0.00919
20170103,3595.0,499.8,0.139,9358.3,377996.7,0.02476,0.00951
20170104,4508.1,643.0,0.1426,9345.9,381827.5,0.02448,0.01181
20170105,4502.5,595.1,0.1322,9329.0,381905.4,0.02443,0.01179
20170106,4549.0,617.5,0.1358,9294.5,380520.7,0.02443,0.01195
20170109,4155.1,525.0,0.1264,9294.7,382981.6,0.02427,0.01085
20170110,4176.0,479.3,0.1148,9278.2,381895.8,0.0243,0.01093
20170111,4045.7,557.6,0.1378,9255.9,378783.6,0.02444,0.01068
20170112,3637.7,502.1,0.138,9235.5,374949.2,0.02463,0.0097
20170113,3836.6,574.0,0.1496,9165.2,374727.6,0.02446,0.01024
20170116,5216.8,726.7,0.1393,8988.8,368760.7,0.02438,0.01415
20170117,3555.6,652.3,0.1835,8973.6,370890.5,0.02419,0.00959
20170118,3166.7,470.9,0.1487,8941.0,372058.6,0.02403,0.00851
20170119,2978.5,430.0,0.1444,8922.3,369639.5,0.02414,0.00806
20170120,3229.4,581.1,0.1799,8887.4,374314.9,0.02374,0.00863
20170123,3317.1,504.6,0.1521,8861.3,377601.3,0.02347,0.00878
20170124,3059.7,461.4,0.1508,8817.3,376760.1,0.0234,0.00812
20170125,2833.6,438.9,0.1549,8782.1,377324.6,0.02327,0.00751
20170126,2697.6,405.5,0.1503,8650.1,379435.8,0.0228,0.00711
20170203,2399.6,383.1,0.1596,8697.1,377327.7,0.02305,0.00636
20170206,3290.9,508.1,0.1544,8744.1,379715.1,0.02303,0.00867
20170207,3510.2,516.7,0.1472,8747.3,379214.2,0.02307,0.00926
20170208,3863.3,586.3,0.1518,8774.9,381384.1,0.02301,0.01013
20170209,4584.4,666.0,0.1453,8813.3,383277.9,0.02299,0.01196
20170210,4983.2,609.3,0.1223,8795.2,384199.2,0.02289,0.01297
20170213,4843.6,612.3,0.1264,8846.6,387366.1,0.02284,0.0125
20170214,4310.7,580.9,0.1347,8864.3,387880.5,0.02285,0.01111
20170215,5194.8,700.4,0.1348,8882.8,386672.5,0.02297,0.01343
20170216,4513.3,561.7,0.1245,8917.5,388826.5,0.02293,0.01161
20170217,4992.7,619.9,0.1242,8901.1,385691.7,0.02308,0.01294
20170220,4984.1,597.1,0.1198,8949.4,389074.3,0.023,0.01281
20170221,4986.9,714.5,0.1433,8960.2,391672.9,0.02288,0.01273
20170222,5018.0,648.0,0.1291,8982.8,392896.4,0.02286,0.01277
20170223,5178.4,672.1,0.1298,9014.6,391550.2,0.02302,0.01323
20170224,4761.8,726.5,0.1526,9014.1,391857.8,0.023,0.01215
20170227,4670.9,731.5,0.1566,9041.2,390379.1,0.02316,0.01197
20170228,4190.5,652.8,0.1558,9063.5,391730.6,0.02314,0.0107
20170301,4962.5,738.0,0.1487,9070.9,392743.2,0.0231,0.01264
20170302,4866.5,704.0,0.1447,9082.2,390731.1,0.02324,0.01245
20170303,4493.8,730.8,0.1626,9055.9,391001.7,0.02316,0.01149
20170306,4788.7,911.9,0.1904,9088.4,393708.8,0.02308,0.01216
20170307,4958.2,895.1,0.1805,9094.0,395030.8,0.02302,0.01255
20170308,4558.7,777.7,0.1706,9094.2,393835.0,0.02309,0.01158
20170309,4504.1,774.4,0.1719,9087.7,390834.5,0.02325,0.01152
20170310,4179.5,742.8,0.1777,9054.0,390671.4,0.02318,0.0107
20170313,4745.8,816.9,0.1721,9076.6,393604.7,0.02306,0.01206
20170314,4600.0,885.3,0.1925,9086.5,393164.7,0.02311,0.0117
20170315,4425.8,839.1,0.1896,9096.3,393409.1,0.02312,0.01125
20170316,5504.2,913.7,0.166,9165.9,397098.1,0.02308,0.01386
20170317,6002.2,1075.3,0.1792,9153.6,394002.7,0.02323,0.01523
20170320,4956.7,852.4,0.172,9183.6,395392.6,0.02323,0.01254
20170321,4966.0,816.8,0.1645,9198.4,396939.9,0.02317,0.01251
20170322,5459.9,886.7,0.1624,9214.7,395201.8,0.02332,0.01382
20170323,5788.0,988.1,0.1707,9221.5,395505.9,0.02332,0.01463
20170324,5626.6,812.4,0.1444,9216.1,398025.1,0.02315,0.01414
20170327,5373.7,782.7,0.1457,9259.2,397416.0,0.0233,0.01352
20170328,4659.7,708.9,0.1521,9270.0,397180.3,0.02334,0.01173
20170329,5401.8,801.3,0.1483,9266.5,396512.2,0.02337,0.01362
20170330,5823.2,867.7,0.149,9255.6,391629.8,0.02363,0.01487
20170331,4637.0,683.2,0.1473,9180.2,393532.5,0.02333,0.01178
20170405,5759.5,775.6,0.1347,9231.5,398426.1,0.02317,0.01446
20170406,5532.6,750.1,0.1356,9240.4,399166.0,0.02315,0.01386
20170407,5663.3,775.6,0.1369,9215.0,400099.8,0.02303,0.01415
20170410,6255.4,957.9,0.1531,9255.5,397460.0,0.02329,0.01574
20170411,7104.8,916.5,0.129,9307.5,399925.2,0.02327,0.01777
20170412,6534.1,700.0,0.1071,9324.1,399654.1,0.02333,0.01635
20170413,4942.0,590.3,0.1194,9356.8,397199.0,0.02356,0.01244
20170414,5115.5,625.9,0.1224,9325.7,390611.3,0.02387,0.0131
20170417,5005.9,663.0,0.1324,9342.7,390786.7,0.02391,0.01281
20170418,4680.8,618.2,0.1321,9326.7,388594.4,0.024,0.01205
20170419,4937.1,666.6,0.135,9296.0,383707.4,0.02423,0.01287
20170420,4651.7,599.0,0.1288,9266.3,383744.1,0.02415,0.01212
20170421,3826.8,496.8,0.1298,9185.5,381988.0,0.02405,0.01002
20170424,4119.0,535.5,0.13,9127.6,373764.5,0.02442,0.01102
20170425,3869.4,543.1,0.1404,9107.2,374939.3,0.02429,0.01032
20170426,4306.6,575.3,0.1336,9097.9,377433.1,0.0241,0.01141
20170427,5210.4,813.4,0.1561,9100.1,379245.2,0.024,0.01374
20170428,4165.5,631.5,0.1516,9046.8,380844.2,0.02375,0.01094
20170502,4016.5,576.3,0.1435,9063.0,379120.1,0.02391,0.01059
20170503,4314.7,649.9,0.1506,9070.7,378627.5,0.02396,0.0114
20170504,4532.1,699.0,0.1542,9086.8,377631.9,0.02406,0.012
20170505,4364.5,622.2,0.1426,9029.5,374086.9,0.02414,0.01167
20170508,4192.5,597.6,0.1425,8980.3,370129.1,0.02426,0.01133
20170509,3481.6,562.8,0.1617,8963.4,371571.9,0.02412,0.00937
20170510,4025.3,625.1,0.1553,8907.2,367608.3,0.02423,0.01095
20170511,4269.4,655.5,0.1535,8826.7,368686.0,0.02394,0.01158
20170512,3738.1,572.2,0.1531,8772.9,369804.8,0.02372,0.01011
20170515,3497.2,542.6,0.1551,8749.7,371358.2,0.02356,0.00942
20170516,4608.6,793.2,0.1721,8777.6,375333.9,0.02339,0.01228
20170517,4737.0,843.4,0.1781,8786.3,374833.0,0.02344,0.01264
20170518,4002.1,736.1,0.1839,8797.0,373634.5,0.02354,0.01071
20170519,3539.2,599.6,0.1694,8769.1,375017.3,0.02338,0.00944
20170522,3871.2,625.5,0.1616,8761.6,372805.0,0.0235,0.01038
20170523,4206.4,614.6,0.1461,8713.0,369957.0,0.02355,0.01137
20170524,3424.0,549.1,0.1604,8705.3,370580.2,0.02349,0.00924
20170525,4287.4,630.9,0.1471,8702.4,374628.1,0.02323,0.01144
20170526,3796.7,597.1,0.1573,8639.9,375108.1,0.02303,0.01012
20170531,3891.2,597.8,0.1536,8648.2,374444.2,0.0231,0.01039
20170601,3821.2,551.5,0.1443,8597.8,371254.0,0.02316,0.01029
20170602,3413.6,535.9,0.157,8580.0,371793.3,0.02308,0.00918
20170605,3220.8,533.2,0.1656,8591.5,366878.5,0.02342,0.00878
20170606,2982.0,469.9,0.1576,8581.2,369023.5,0.02325,0.00808
20170607,4563.2,708.3,0.1552,8617.2,373662.3,0.02306,0.01221
20170608,4270.6,647.0,0.1515,8623.4,373566.4,0.02308,0.01143
20170609,4056.6,576.6,0.1421,8606.1,375341.0,0.02293,0.01081
20170612,3875.5,518.3,0.1337,8625.3,374735.5,0.02302,0.01034
20170613,3572.5,536.2,0.1501,8652.7,378078.9,0.02289,0.00945
20170614,3826.8,575.2,0.1503,8655.9,376121.8,0.02301,0.01017
20170615,4132.5,752.1,0.182,8689.0,377403.6,0.02302,0.01095
20170616,3636.1,623.7,0.1715,8656.1,376318.5,0.023,0.00966
20170619,3514.6,504.5,0.1436,8674.7,379115.5,0.02288,0.00927
20170620,3990.7,657.4,0.1647,8675.0,379677.1,0.02285,0.01051
20170621,3932.1,593.4,0.1509,8688.1,382806.9,0.0227,0.01027
20170622,4786.6,629.7,0.1315,8691.5,379528.2,0.0229,0.01261
20170623,4059.9,563.7,0.1388,8667.9,382024.1,0.02269,0.01063
20170626,4394.8,496.6,0.113,8719.2,386275.5,0.02257,0.01138
20170627,3836.1,493.8,0.1287,8741.1,386883.7,0.02259,0.00992
20170628,3719.8,464.8,0.125,8770.7,384343.9,0.02282,0.00968
20170629,3518.2,466.3,0.1325,8781.5,386075.8,0.02275,0.00911
20170630,3379.8,468.4,0.1386,8756.1,386519.5,0.02265,0.00874
20170703,3699.9,537.3,0.1452,8775.1,388381.7,0.02259,0.00953
20170704,3844.5,513.9,0.1337,8789.2,386905.6,0.02272,0.00994
20170705,4101.6,586.2,0.1429,8809.0,390206.0,0.02258,0.01051
20170706,4765.5,711.8,0.1494,8811.6,390625.4,0.02256,0.0122
20170707,4663.6,662.7,0.1421,8799.8,391398.7,0.02248,0.01192
20170710,5006.5,678.3,0.1355,8827.7,391084.5,0.02257,0.0128
20170711,4578.0,574.6,0.1255,8828.3,389831.0,0.02265,0.01174
20170712,4489.1,579.1,0.129,8842.5,388510.5,0.02276,0.01155
20170713,4383.4,486.4,0.111,8846.3,390684.0,0.02264,0.01122
20170714,3856.8,549.9,0.1426,8805.6,391064.3,0.02252,0.00986
20170717,5696.0,696.9,0.1223,8755.7,380175.6,0.02303,0.01498
20170718,4122.3,494.5,0.12,8757.3,383655.1,0.02283,0.01074
20170719,5244.2,467.5,0.0892,8781.0,389528.6,0.02254,0.01346
20170720,5032.7,501.4,0.0996,8792.8,391457.4,0.02246,0.01286
20170721,4440.1,409.8,0.0923,8782.9,391343.2,0.02244,0.01135
20170724,4927.6,453.6,0.0921,8841.8,393564.2,0.02247,0.01252
20170725,4343.2,438.3,0.1009,8877.6,392675.5,0.02261,0.01106
20170726,4606.9,468.7,0.1017,8903.7,393621.2,0.02262,0.0117
20170727,5524.2,881.8,0.1596,8937.6,395861.7,0.02258,0.01395
20170728,4588.2,700.6,0.1527,8908.5,396612.4,0.02246,0.01157
20170731,5402.8,605.1,0.112,8962.2,398081.2,0.02251,0.01357
20170801,5418.7,623.4,0.115,8975.6,400241.1,0.02243,0.01354
20170802,5845.7,640.0,0.1095,9012.7,400943.2,0.02248,0.01458
20170803,5224.4,683.9,0.1309,9054.3,399910.7,0.02264,0.01306
20170804,5671.7,585.7,0.1033,9021.1,397972.5,0.02267,0.01425
20170807,4596.5,496.3,0.108,9053.6,400189.3,0.02262,0.01149
20170808,5270.2,660.7,0.1254,9044.6,401200.8,0.02254,0.01314
20170809,4972.8,667.1,0.1342,9082.9,401543.8,0.02262,0.01238
20170810,5238.5,662.5,0.1265,9086.5,399483.3,0.02275,0.01311
20170811,5358.9,637.6,0.119,9048.7,392460.1,0.02306,0.01365
20170814,4720.1,767.5,0.1626,9098.8,398022.1,0.02286,0.01186
20170815,4551.6,702.0,0.1542,9123.9,399903.8,0.02282,0.01138
20170816,4910.4,979.9,0.1995,9149.1,400442.2,0.02285,0.01226
20170817,5253.1,927.5,0.1766,9178.6,401514.7,0.02286,0.01308
20170818,4799.5,738.9,0.154,9160.7,401517.3,0.02282,0.01195
20170821,4554.7,641.4,0.1408,9196.3,406632.5,0.02262,0.0112
20170822,4846.4,713.3,0.1472,9216.7,405579.9,0.02272,0.01195
20170823,4309.0,649.2,0.1507,9225.0,405682.2,0.02274,0.01062
20170824,4075.7,672.0,0.1649,9237.9,404036.4,0.02286,0.01009
20170825,4661.2,668.2,0.1433,9227.1,411100.5,0.02244,0.01134
20170828,6406.2,953.2,0.1488,9292.1,416107.4,0.02233,0.0154
20170829,5652.0,860.7,0.1523,9331.0,415766.9,0.02244,0.01359
20170830,5610.5,751.3,0.1339,9351.3,416074.4,0.02248,0.01348
20170831,5456.5,768.0,0.1407,9416.8,414994.6,0.02269,0.01315
20170901,6404.9,936.5,0.1462,9429.7,421690.9,0.02236,0.01519
20170904,6461.6,1056.4,0.1635,9488.4,423869.6,0.02239,0.01524
20170905,5623.6,994.0,0.1768,9518.9,425235.6,0.02239,0.01322
20170906,6009.7,1082.9,0.1802,9568.7,426271.7,0.02245,0.0141
20170907,6284.9,1293.1,0.2057,9601.5,423355.9,0.02268,0.01485
20170908,5524.2,956.7,0.1732,9609.5,423236.6,0.0227,0.01305
20170911,5892.9,909.7,0.1544,9691.1,425814.6,0.02276,0.01384
20170912,7566.7,1140.4,0.1507,9736.4,425887.9,0.02286,0.01777
20170913,5392.1,812.6,0.1507,9770.2,427321.3,0.02286,0.01262
20170914,5858.2,838.9,0.1432,9799.9,426123.9,0.023,0.01375
20170915,5650.3,771.6,0.1366,9788.6,424104.9,0.02308,0.01332
20170918,5159.6,737.0,0.1428,9844.4,423631.7,0.02324,0.01218
20170919,5236.1,821.9,0.157,9873.4,424989.4,0.02323,0.01232
20170920,5413.5,848.3,0.1567,9930.7,426797.9,0.02327,0.01268
20170921,5522.1,913.4,0.1654,9904.1,426634.3,0.02321,0.01294
20170922,4870.4,826.1,0.1696,9871.1,426428.7,0.02315,0.01142
20170925,4680.7,786.8,0.1681,9845.4,424026.9,0.02322,0.01104
20170926,4011.7,762.8,0.1901,9836.4,425362.5,0.02312,0.00943
20170927,4177.8,725.0,0.1735,9828.7,426364.1,0.02305,0.0098
20170928,4412.1,775.8,0.1758,9805.5,425675.9,0.02304,0.01036
20170929,4340.9,767.1,0.1767,9657.0,426826.0,0.02263,0.01017
20171009,5377.5,874.0,0.1625,9815.3,431750.9,0.02273,0.01245
20171010,5419.0,1006.8,0.1858,9882.3,433767.7,0.02278,0.01249
20171011,5682.3,1035.0,0.1821,9900.5,434428.5,0.02279,0.01308
20171012,4811.2,842.1,0.175,9902.2,434296.2,0.0228,0.01108
20171013,4584.3,908.6,0.1982,9895.9,436060.1,0.02269,0.01051
20171016,5455.7,1007.6,0.1847,9907.8,433943.1,0.02283,0.01257
20171017,3892.2,642.2,0.165,9904.6,433002.1,0.02287,0.00899
20171018,4417.8,720.6,0.1631,9868.1,433396.8,0.02277,0.01019
20171019,4331.0,670.6,0.1548,9837.7,430742.6,0.02284,0.01005
20171020,3624.7,587.9,0.1622,9821.4,432319.2,0.02272,0.00838
20171023,3835.2,637.4,0.1662,9857.6,433599.5,0.02273,0.00884
20171024,4070.5,649.0,0.1594,9824.9,434353.7,0.02262,0.00937
20171025,3891.0,624.5,0.1605,9847.1,436694.4,0.02255,0.00891
20171026,5118.2,734.2,0.1434,9920.4,438280.0,0.02263,0.01168
20171027,4628.3,664.1,0.1435,9923.1,438489.4,0.02263,0.01056
20171030,5618.9,832.1,0.1481,9924.3,434191.4,0.02286,0.01294
20171031,4316.4,616.2,0.1428,9947.1,435947.4,0.02282,0.0099
20171101,4815.3,724.8,0.1505,10000.9,435907.0,0.02294,0.01105
20171102,4697.7,748.6,0.1593,9996.2,434254.9,0.02302,0.01082
20171103,4650.7,692.8,0.149,9953.0,432565.4,0.02301,0.01075
20171106,4645.7,690.0,0.1485,10018.5,436964.5,0.02293,0.01063
20171107,5255.4,753.8,0.1434,10072.4,440527.8,0.02286,0.01193
20171108,5580.4,863.2,0.1547,10127.0,440816.6,0.02297,0.01266
20171109,4817.5,783.4,0.1626,10162.5,443388.8,0.02292,0.01087
20171110,5676.6,861.2,0.1517,10180.8,444554.1,0.0229,0.01277
20171113,5960.2,900.7,0.1511,10269.2,446086.3,0.02302,0.01336
20171114,6031.9,932.8,0.1546,10311.8,443375.4,0.02326,0.0136
20171115,5239.8,777.1,0.1483,10325.5,439714.5,0.02348,0.01192
20171116,4904.2,670.1,0.1366,10350.1,440458.0,0.0235,0.01113
20171117,6456.3,876.7,0.1358,10226.4,435991.7,0.02346,0.01481
20171120,4889.6,630.1,0.1289,10239.3,438848.7,0.02333,0.01114
20171121,5621.7,708.4,0.126,10311.9,441826.7,0.02334,0.01272
20171122,5656.7,719.4,0.1272,10340.5,443318.8,0.02333,0.01276
20171123,5540.9,701.2,0.1266,10315.8,431930.5,0.02388,0.01283
20171124,4400.7,573.2,0.1303,10250.0,431588.2,0.02375,0.0102
20171127,4310.4,546.7,0.1268,10210.2,427016.9,0.02391,0.01009
20171128,3711.4,522.7,0.1408,10230.0,429289.6,0.02383,0.00865
20171129,4567.5,571.6,0.1251,10248.0,430264.3,0.02382,0.01062
20171130,4023.2,533.5,0.1326,10238.9,426158.6,0.02403,0.00944
20171201,3874.1,591.2,0.1526,10219.7,427067.7,0.02393,0.00907
20171204,4070.3,604.1,0.1484,10209.8,426676.0,0.02393,0.00954
20171205,4823.3,599.0,0.1242,10076.0,423420.1,0.0238,0.01139
20171206,3931.4,564.3,0.1435,10083.5,423307.7,0.02382,0.00929
20171207,3498.3,536.7,0.1534,10091.1,420352.8,0.02401,0.00832
20171208,3727.1,580.2,0.1557,10092.0,423431.2,0.02383,0.0088
20171211,4018.0,623.8,0.1553,10109.1,428293.8,0.0236,0.00938
20171212,3784.3,592.5,0.1566,10123.1,423247.1,0.02392,0.00894
20171213,3359.1,516.1,0.1536,10152.5,426180.3,0.02382,0.00788
20171214,3579.5,541.3,0.1512,10175.7,425413.2,0.02392,0.00841
20171215,3763.7,566.5,0.1505,10144.5,422328.0,0.02402,0.00891
20171218,3424.6,512.6,0.1497,10153.5,422038.0,0.02406,0.00811
20171219,3327.7,498.7,0.1499,10167.2,426183.5,0.02386,0.00781
20171220,3624.1,511.2,0.141,10158.5,425107.1,0.0239,0.00853
20171221,3849.3,572.3,0.1487,10170.7,426175.3,0.02387,0.00903
20171222,3371.7,526.0,0.156,10161.8,425805.9,0.02386,0.00792
20171225,3812.0,539.9,0.1416,10187.0,423540.9,0.02405,0.009
20171226,3643.7,526.3,0.1444,10216.4,426419.8,0.02396,0.00854
20171227,4099.0,543.1,0.1325,10234.5,422548.5,0.02422,0.0097
20171228,4241.6,540.1,0.1273,10268.8,425096.0,0.02416,0.00998
20171229,3657.0,490.7,0.1342,10217.6,429515.4,0.02379,0.00851
20180102,4452.5,469.2,0.1054,10251.5,435243.0,0.02355,0.01023
20180103,5313.9,632.6,0.1191,10268.5,438937.5,0.02339,0.01211
20180104,4961.3,568.7,0.1146,10289.2,441571.8,0.0233,0.01124
20180105,4987.8,554.6,0.1112,10288.1,442232.9,0.02326,0.01128
20180108,5582.2,608.1,0.1089,10341.9,444929.4,0.02324,0.01255
20180109,4822.1,528.9,0.1097,10378.7,445990.4,0.02327,0.01081
20180110,5161.0,604.0,0.117,10425.1,446443.3,0.02335,0.01156
20180111,4770.4,667.2,0.1399,10455.8,447242.9,0.02338,0.01067
20180112,4611.0,578.4,0.1254,10435.6,447401.7,0.02332,0.01031
20180115,5853.9,666.4,0.1138,10451.9,444265.8,0.02353,0.01318
20180116,5350.2,578.4,0.1081,10507.9,447770.7,0.02347,0.01195
20180117,6096.8,672.0,0.1102,10524.5,447270.8,0.02353,0.01363
20180118,4845.5,512.7,0.1058,10598.8,449900.3,0.02356,0.01077
20180119,5411.2,587.7,0.1086,10610.6,451213.0,0.02352,0.01199
20180122,5169.0,706.7,0.1367,10662.6,454616.8,0.02345,0.01137
20180123,5211.5,585.8,0.1124,10714.1,459411.0,0.02332,0.01134
20180124,6004.9,916.2,0.1526,10758.4,461232.6,0.02333,0.01302
20180125,5810.5,978.9,0.1685,10763.6,460008.0,0.0234,0.01263
20180126,5016.4,707.6,0.1411,10742.7,461008.9,0.0233,0.01088
20180129,5548.9,729.9,0.1315,10779.9,455179.1,0.02368,0.01219
20180130,4374.1,577.2,0.132,10784.0,451117.3,0.02391,0.0097
20180131,4937.1,686.4,0.139,10742.7,448516.8,0.02395,0.01101
20180201,5666.4,688.6,0.1215,10617.5,441587.2,0.02404,0.01283
20180202,4624.4,596.5,0.129,10527.6,440089.5,0.02392,0.01051
20180205,4471.3,476.6,0.1066,10507.7,439696.1,0.0239,0.01017
20180206,5590.9,614.1,0.1098,10345.2,421972.5,0.02452,0.01325
20180207,5261.8,636.1,0.1209,10291.5,414471.7,0.02483,0.0127
20180208,4116.5,573.6,0.1393,10259.3,411198.2,0.02495,0.01001
20180209,4936.7,616.9,0.125,10079.3,395175.9,0.02551,0.01249
20180212,3494.7,534.8,0.153,10004.4,401880.0,0.02489,0.0087
20180213,3469.3,507.5,0.1463,9913.3,405815.6,0.02443,0.00855
20180214,2367.2,352.1,0.1487,9777.7,409317.0,0.02389,0.00578
20180222,3250.3,451.0,0.1388,9825.1,419577.4,0.02342,0.00775
20180223,3324.2,480.0,0.1444,9826.7,420980.4,0.02334,0.0079
20180226,4669.8,718.7,0.1539,9877.2,429657.1,0.02299,0.01087
20180227,4608.8,820.1,0.1779,9887.8,425530.1,0.02324,0.01083
20180228,4247.2,775.0,0.1825,9903.0,423145.6,0.0234,0.01004
20180301,4322.9,821.2,0.19,9934.5,425821.9,0.02333,0.01015
20180302,4166.6,799.0,0.1918,9927.4,423949.6,0.02342,0.00983
20180305,3861.9,685.0,0.1774,9924.5,423960.6,0.02341,0.00911
20180306,4981.3,821.5,0.1649,9954.4,429539.6,0.02317,0.0116
20180307,4283.1,699.1,0.1632,9945.0,427102.7,0.02328,0.01003
20180308,4028.5,697.8,0.1732,9955.2,429539.2,0.02318,0.00938
20180309,5118.6,1103.2,0.2155,9948.3,434150.1,0.02291,0.01179
20180312,6067.7,1222.1,0.2014,10002.0,438295.1,0.02282,0.01384
20180313,5021.9,1002.1,0.1996,10006.0,434893.1,0.02301,0.01155
20180314,4456.1,837.9,0.188,10025.7,432312.9,0.02319,0.01031
20180315,4351.0,805.5,0.1851,10037.1,433752.4,0.02314,0.01003
20180316,3958.9,704.6,0.178,10013.0,430787.6,0.02324,0.00919
20180319,3967.3,778.3,0.1962,10027.1,432564.2,0.02318,0.00917
20180320,4020.3,810.7,0.2017,10032.2,433735.3,0.02313,0.00927
20180321,4813.9,944.8,0.1963,10053.0,432380.6,0.02325,0.01113
20180322,4236.9,772.3,0.1823,10061.2,429894.8,0.0234,0.00986
20180323,6348.7,1042.8,0.1643,9896.2,414510.1,0.02387,0.01532
20180326,4707.9,836.6,0.1777,9939.9,414160.3,0.024,0.01137
20180327,5403.6,1095.2,0.2027,9961.9,419323.6,0.02376,0.01289
20180328,4998.5,1085.0,0.2171,9958.1,413423.8,0.02409,0.01209
20180329,4788.5,965.1,0.2015,9978.4,419221.9,0.0238,0.01142
20180330,4967.2,1175.0,0.2365,9957.6,421303.9,0.02364,0.01179
20180402,5744.6,1295.2,0.2255,9988.6,421729.8,0.02368,0.01362
20180403,4828.7,1084.0,0.2245,9987.6,418572.4,0.02386,0.01154
20180404,4718.7,1001.5,0.2122,9928.1,417608.4,0.02377,0.0113
20180409,4366.8,933.6,0.2138,9958.8,417550.0,0.02385,0.01046
20180410,4851.5,1057.2,0.2179,9946.5,423947.9,0.02346,0.01144
20180411,4815.1,978.3,0.2032,9953.5,426019.3,0.02336,0.0113
20180412,4286.0,897.7,0.2094,9956.9,422626.0,0.02356,0.01014
20180413,3962.3,881.0,0.2223,9942.3,420782.3,0.02363,0.00942
20180416,4505.4,949.8,0.2108,9957.2,414390.5,0.02403,0.01087
20180417,4662.5,983.0,0.2108,9933.8,406001.3,0.02447,0.01148
20180418,4943.2,1067.4,0.2159,9931.8,409647.9,0.02424,0.01207
20180419,4830.9,1038.0,0.2149,9911.9,413573.2,0.02397,0.01168
20180420,4472.3,955.5,0.2136,9860.4,406997.9,0.02423,0.01099
20180423,3937.4,843.1,0.2141,9872.5,406912.4,0.02426,0.00968
20180424,4522.7,915.8,0.2025,9856.0,416030.9,0.02369,0.01087
20180425,4194.2,1010.4,0.2409,9869.5,415430.4,0.02376,0.0101
20180426,4249.2,900.9,0.212,9860.8,408369.9,0.02415,0.01041
20180427,4119.4,836.5,0.2031,9789.0,410521.3,0.02385,0.01003
20180502,3850.6,775.1,0.2013,9781.6,410904.7,0.02381,0.00937
20180503,4073.1,846.0,0.2077,9770.4,414662.7,0.02356,0.00982
20180504,3603.4,761.7,0.2114,9747.5,413270.3,0.02359,0.00872
20180507,4217.7,843.8,0.2001,9770.2,419292.4,0.0233,0.01006
20180508,4435.9,854.8,0.1927,9782.0,422903.2,0.02313,0.01049
20180509,3824.4,826.3,0.2161,9808.0,422724.1,0.0232,0.00905
20180510,4125.5,903.3,0.219,9828.9,425277.7,0.02311,0.0097
20180511,4139.9,875.1,0.2114,9793.1,423027.4,0.02315,0.00979
20180514,4070.7,787.4,0.1934,9800.9,424602.1,0.02308,0.00959
20180515,3779.8,755.5,0.1999,9810.7,427252.6,0.02296,0.00885
20180516,4017.3,752.3,0.1873,9816.7,425221.6,0.02309,0.00945
20180517,3569.7,681.8,0.191,9836.7,422983.2,0.02326,0.00844
20180518,3760.5,694.6,0.1847,9817.2,427819.8,0.02295,0.00879
20180521,4610.2,888.2,0.1927,9850.0,430969.1,0.02286,0.0107
20180522,4381.1,882.2,0.2014,9889.8,431040.8,0.02294,0.01016
20180523,4606.1,939.4,0.2039,9910.0,425087.5,0.02331,0.01084
20180524,3821.3,788.5,0.2063,9927.3,422577.2,0.02349,0.00904
20180525,3983.8,828.4,0.208,9892.5,419386.8,0.02359,0.0095
20180528,3978.8,775.8,0.195,9898.1,420428.1,0.02354,0.00946
20180529,4074.9,780.3,0.1915,9884.5,416820.6,0.02371,0.00978
20180530,4378.3,834.1,0.1905,9839.6,405060.3,0.02429,0.01081
20180531,4070.4,693.7,0.1704,9830.5,412073.5,0.02386,0.00988
20180601,3753.1,665.3,0.1773,9785.9,408735.4,0.02394,0.00918
20180604,3455.1,589.1,0.1705,9760.3,411741.6,0.0237,0.00839
20180605,3705.8,691.4,0.1866,9761.2,416150.6,0.02346,0.0089
20180606,3598.0,700.3,0.1946,9754.9,415091.2,0.0235,0.00867
20180607,3599.7,641.1,0.1781,9754.8,414061.1,0.02356,0.00869
20180608,3539.3,622.0,0.1757,9722.4,408779.6,0.02378,0.00866
20180611,3207.4,581.9,0.1814,9706.2,407387.7,0.02383,0.00787
20180612,3508.8,625.9,0.1784,9703.1,412033.1,0.02355,0.00852
20180613,3427.2,589.1,0.1719,9677.4,408632.4,0.02368,0.00839
20180614,3171.9,544.0,0.1715,9673.1,407176.9,0.02376,0.00779
20180615,3558.1,633.4,0.178,9590.4,402849.8,0.02381,0.00883
20180619,4731.8,684.0,0.1446,9375.3,384370.0,0.02439,0.01231
20180620,3480.1,670.5,0.1927,9317.8,387164.5,0.02407,0.00899
20180621,3561.6,645.7,0.1813,9242.7,380998.0,0.02426,0.00935
20180622,2991.6,624.9,0.2089,9194.7,383791.5,0.02396,0.00779
20180625,3077.5,581.3,0.1889,9173.8,380377.9,0.02412,0.00809
20180626,3256.8,661.5,0.2031,9178.8,380056.3,0.02415,0.00857
20180627,3260.6,630.4,0.1933,9164.3,375563.8,0.0244,0.00868
20180628,3059.8,627.4,0.2051,9144.6,372077.7,0.02458,0.00822
20180629,3429.6,783.8,0.2285,9129.1,381655.2,0.02392,0.00899
20180702,3574.9,752.3,0.2104,9110.6,374898.0,0.0243,0.00954
20180703,3937.6,849.2,0.2157,9126.1,377035.7,0.0242,0.01044
20180704,3295.7,732.3,0.2222,9072.7,372279.9,0.02437,0.00885
20180705,3153.6,634.6,0.2012,9023.8,367525.5,0.02455,0.00858
20180706,3562.6,760.8,0.2136,8988.1,369258.8,0.02434,0.00965
20180709,3258.2,665.1,0.2041,8969.6,379542.1,0.02363,0.00858
20180710,3260.9,701.2,0.215,8962.8,382017.4,0.02346,0.00854
20180711,3410.9,796.3,0.2335,8920.1,374979.5,0.02379,0.0091
20180712,4157.2,981.7,0.2361,8941.6,383711.7,0.0233,0.01083
20180713,3660.3,869.0,0.2374,8906.0,384004.6,0.02319,0.00953
20180716,3253.4,779.9,0.2397,8909.5,383203.1,0.02325,0.00849
20180717,3086.0,704.4,0.2283,8918.8,381477.0,0.02338,0.00809
20180718,3373.4,767.9,0.2276,8911.1,379906.4,0.02346,0.00888
20180719,3109.2,679.6,0.2186,8892.1,377959.1,0.02353,0.00823
20180720,3482.8,683.4,0.1962,8864.1,385501.5,0.02299,0.00903
20180723,4109.7,777.9,0.1893,8848.0,389414.3,0.02272,0.01055
20180724,4927.2,832.6,0.169,8846.1,396043.7,0.02234,0.01244
20180725,3972.2,811.8,0.2044,8857.0,396253.4,0.02235,0.01002
20180726,3801.9,761.5,0.2003,8877.9,393271.9,0.02257,0.00967
20180727,3106.1,592.6,0.1908,8850.9,391786.2,0.02259,0.00793
20180730,3265.9,566.7,0.1735,8849.3,389881.7,0.0227,0.00838
20180731,2730.8,491.2,0.1799,8843.6,391148.8,0.02261,0.00698
20180801,3284.0,527.3,0.1606,8827.4,384103.0,0.02298,0.00855
20180802,3790.6,635.8,0.1677,8806.8,376009.6,0.02342,0.01008
20180803,2846.3,449.8,0.158,8764.7,371522.8,0.02359,0.00766
20180806,2907.9,470.2,0.1617,8737.0,366153.1,0.02386,0.00794
20180807,3165.2,501.3,0.1584,8716.3,377576.0,0.02308,0.00838
20180808,3051.5,478.8,0.1569,8688.4,372191.2,0.02334,0.0082
20180809,3469.4,605.4,0.1745,8694.9,380328.6,0.02286,0.00912
20180810,2881.6,515.1,0.1787,8662.1,379783.0,0.02281,0.00759
20180813,3005.4,555.4,0.1848,8674.2,379219.5,0.02287,0.00793
20180814,2684.8,483.2,0.18,8680.1,378617.1,0.02293,0.00709
20180815,2778.9,489.0,0.176,8676.5,370644.6,0.02341,0.0075
20180816,2705.9,475.5,0.1757,8675.5,367875.8,0.02358,0.00736
20180817,2654.1,464.5,0.175,8639.9,364214.6,0.02372,0.00729
20180820,2646.3,494.0,0.1867,8621.6,369495.2,0.02333,0.00716
20180821,2807.3,516.5,0.184,8592.4,374847.3,0.02292,0.00749
20180822,2292.2,445.4,0.1943,8574.9,371847.9,0.02306,0.00616
20180823,2521.0,484.6,0.1922,8576.7,373381.7,0.02297,0.00675
20180824,2390.9,420.4,0.1758,8549.7,373996.8,0.02286,0.00639
20180827,3231.4,558.2,0.1727,8550.9,382585.2,0.02235,0.00845
20180828,2913.3,510.2,0.1751,8546.2,382494.0,0.02234,0.00762
20180829,2462.4,441.4,0.1793,8548.2,380979.8,0.02244,0.00646
20180830,2533.6,444.8,0.1756,8541.4,376231.5,0.0227,0.00673
20180831,2484.1,402.6,0.1621,8502.8,374218.9,0.02272,0.00664
20180903,2429.5,437.6,0.1801,8497.1,373921.8,0.02272,0.0065
20180904,2678.3,506.3,0.1891,8498.4,378139.9,0.02247,0.00708
20180905,2586.7,496.1,0.1918,8491.5,371823.1,0.02284,0.00696
20180906,2495.2,488.0,0.1956,8493.1,369112.5,0.02301,0.00676
20180907,2719.9,539.4,0.1983,8460.0,370281.6,0.02285,0.00735
20180910,2477.3,458.3,0.185,8432.5,362545.1,0.02326,0.00683
20180911,2210.4,393.1,0.1778,8421.1,362289.0,0.02324,0.0061
20180912,2177.6,411.0,0.1887,8423.0,360712.7,0.02335,0.00604
20180913,2608.5,485.4,0.1861,8420.0,365046.0,0.02307,0.00715
20180914,2508.0,477.3,0.1903,8378.1,364159.6,0.02301,0.00689
20180917,2068.4,381.0,0.1842,8359.1,359961.0,0.02322,0.00575
20180918,2536.3,425.7,0.1679,8357.9,366735.5,0.02279,0.00692
20180919,3198.5,526.2,0.1645,8328.5,370951.8,0.02245,0.00862
20180920,2504.4,413.8,0.1652,8305.8,370794.5,0.0224,0.00675
20180921,3214.1,464.1,0.1444,8263.5,379917.4,0.02175,0.00846
20180925,2423.6,355.0,0.1465,8274.8,377883.6,0.0219,0.00641
20180926,3103.1,465.9,0.1501,8257.8,381514.3,0.02164,0.00813
20180927,2859.6,495.1,0.1731,8232.5,377754.0,0.02179,0.00757
20180928,2630.9,414.2,0.1574,8151.4,382896.3,0.02129,0.00687
20181008,2886.7,400.6,0.1388,8199.6,367887.9,0.02229,0.00785
20181009,2317.3,352.2,0.152,8199.8,369010.1,0.02222,0.00628
20181010,2358.9,361.9,0.1534,8197.2,369425.2,0.02219,0.00639
20181011,3582.5,537.9,0.1501,8056.5,348696.0,0.0231,0.01027
20181012,3087.2,471.9,0.1529,7930.7,351633.4,0.02255,0.00878
20181015,2386.5,404.0,0.1693,7880.8,346266.0,0.02276,0.00689
20181016,2359.0,411.9,0.1746,7795.7,342861.7,0.02274,0.00688
20181017,2584.0,483.2,0.187,7750.4,345303.8,0.02245,0.00748
20181018,2396.0,486.2,0.2029,7699.5,334980.8,0.02298,0.00715
20181019,2868.6,533.0,0.1858,7648.6,343778.2,0.02225,0.00834
20181022,4217.8,728.1,0.1726,7655.4,358732.5,0.02134,0.01176
20181023,3574.9,605.0,0.1692,7666.0,350497.2,0.02187,0.0102
20181024,2970.3,497.9,0.1676,7666.7,351060.4,0.02184,0.00846
20181025,2924.5,488.8,0.1671,7658.4,350240.4,0.02187,0.00835
20181026,2825.2,443.4,0.1569,7642.2,350041.9,0.02183,0.00807
20181029,2552.9,378.9,0.1484,7650.8,345295.6,0.02216,0.00739
20181030,3108.0,472.9,0.1521,7629.0,348949.3,0.02186,0.00891
20181031,3147.4,470.4,0.1495,7621.1,353781.8,0.02154,0.0089
20181101,3832.0,617.7,0.1612,7617.6,355563.7,0.02142,0.01078
20181102,4510.7,731.9,0.1623,7591.8,366782.4,0.0207,0.0123
20181105,3934.5,722.7,0.1837,7610.4,366605.7,0.02076,0.01073
20181106,3138.0,527.9,0.1682,7621.0,366007.2,0.02082,0.00857
20181107,3388.9,607.1,0.1791,7623.2,364255.9,0.02093,0.0093
20181108,2965.1,499.9,0.1686,7616.8,363419.9,0.02096,0.00816
20181109,2742.0,431.8,0.1575,7613.9,359332.3,0.02119,0.00763
20181112,3391.2,617.4,0.1821,7639.0,365201.2,0.02092,0.00929
20181113,4553.9,812.9,0.1785,7650.4,369795.5,0.02069,0.01231
20181114,4108.1,685.7,0.1669,7670.5,367102.2,0.02089,0.01119
20181115,4037.7,735.2,0.1821,7690.5,372398.4,0.02065,0.01084
20181116,4754.9,790.8,0.1663,7679.3,375041.7,0.02048,0.01268
20181119,4400.0,647.2,0.1471,7709.4,378525.8,0.02037,0.01162
20181120,4218.0,667.8,0.1583,7733.5,369488.5,0.02093,0.01142
20181121,3470.7,583.3,0.1681,7737.1,371022.7,0.02085,0.00935
20181122,3052.2,514.1,0.1684,7739.2,370803.9,0.02087,0.00823
20181123,3583.2,622.9,0.1738,7688.1,361277.2,0.02128,0.00992
20181126,2548.5,438.8,0.1722,7677.8,360919.8,0.02127,0.00706
20181127,2509.5,455.0,0.1813,7676.7,361337.1,0.02125,0.00694
20181128,2922.0,543.8,0.1861,7671.5,365693.5,0.02098,0.00799
20181129,3104.7,560.3,0.1805,7647.5,360165.7,0.02123,0.00862
20181130,2669.8,476.0,0.1783,7621.1,363372.3,0.02097,0.00735
20181203,4248.0,695.6,0.1637,7630.0,373694.9,0.02042,0.01137
20181204,3301.6,555.2,0.1682,7630.9,375226.4,0.02034,0.0088
20181205,3221.3,585.8,0.1819,7632.3,373648.7,0.02043,0.00862
20181206,3108.2,569.1,0.1831,7646.5,366670.2,0.02085,0.00848
20181207,2408.7,452.5,0.1878,7631.6,367765.6,0.02075,0.00655
20181210,2406.1,441.1,0.1833,7639.5,364946.8,0.02093,0.00659
20181211,2184.1,411.6,0.1884,7634.6,366756.1,0.02082,0.00596
20181212,2226.2,420.6,0.1889,7626.9,367766.6,0.02074,0.00605
20181213,3047.4,512.0,0.168,7627.7,372131.6,0.0205,0.00819
20181214,2919.4,514.2,0.1761,7589.0,365300.4,0.02077,0.00799
20181217,2383.2,414.5,0.1739,7598.8,365553.2,0.02079,0.00652
20181218,2299.9,398.5,0.1733,7599.6,362444.9,0.02097,0.00635
20181219,2172.3,388.1,0.1787,7581.9,358324.7,0.02116,0.00606
20181220,2311.5,385.3,0.1667,7595.5,357329.7,0.02126,0.00647
20181221,2361.7,397.1,0.1682,7576.5,353997.2,0.0214,0.00667
20181224,2132.5,413.6,0.1939,7578.2,356439.4,0.02126,0.00598
20181225,2758.2,529.2,0.1919,7565.6,351423.2,0.02153,0.00785
20181226,2312.8,462.1,0.1998,7559.9,350521.7,0.02157,0.0066
20181227,2638.7,496.5,0.1881,7551.8,347937.3,0.0217,0.00758
20181228,2397.4,437.1,0.1823,7489.8,349862.4,0.02141,0.00685
20190102,2261.8,407.2,0.18,7497.5,347548.7,0.02157,0.00651
20190103,2520.1,459.8,0.1824,7489.7,346776.0,0.0216,0.00727
20190104,3221.4,558.2,0.1733,7501.6,354636.0,0.02115,0.00908
20190107,3472.0,619.3,0.1784,7509.6,358466.5,0.02095,0.00969
20190108,2996.4,548.2,0.183,7504.0,357867.2,0.02097,0.00837
20190109,3790.7,648.9,0.1712,7493.3,360409.8,0.02079,0.01052
20190110,3132.7,549.6,0.1754,7490.0,360896.0,0.02075,0.00868
20190111,2960.2,537.9,0.1817,7472.5,363495.6,0.02056,0.00814
20190114,2830.9,518.2,0.183,7477.8,361132.5,0.02071,0.00784
20190115,3194.4,538.1,0.1684,7470.9,366428.5,0.02039,0.00872
20190116,3045.1,530.6,0.1742,7446.8,366367.8,0.02033,0.00831
20190117,2940.3,492.0,0.1673,7434.8,364429.5,0.0204,0.00807
20190118,3264.9,478.5,0.1466,7402.1,369356.2,0.02004,0.00884
20190121,3130.3,492.8,0.1574,7399.6,370913.5,0.01995,0.00844
20190122,2785.6,473.4,0.1699,7414.6,366382.8,0.02024,0.0076
20190123,2438.9,421.0,0.1726,7410.2,366782.5,0.0202,0.00665
20190124,3004.4,533.9,0.1777,7403.7,368582.0,0.02009,0.00815
20190125,3127.6,533.2,0.1705,7351.0,369698.7,0.01988,0.00846
20190128,2997.5,500.9,0.1671,7330.0,369751.8,0.01982,0.00811
20190129,2936.8,485.2,0.1652,7303.8,368469.2,0.01982,0.00797
20190130,2371.7,406.7,0.1715,7270.4,365256.7,0.0199,0.00649
20190131,2856.7,460.9,0.1613,7219.5,365976.3,0.01973,0.00781
20190201,2616.1,453.3,0.1733,7109.2,372125.8,0.0191,0.00703
20190211,3196.8,533.4,0.1668,7159.8,379524.9,0.01887,0.00842
20190212,3649.7,584.7,0.1602,7193.1,382440.8,0.01881,0.00954
20190213,4738.8,753.0,0.1589,7243.2,389231.5,0.01861,0.01217
20190214,4171.9,688.3,0.165,7280.9,389994.7,0.01867,0.0107
20190215,4181.2,678.7,0.1623,7323.7,385367.7,0.019,0.01085
20190218,5474.2,912.2,0.1666,7374.9,397326.2,0.01856,0.01378
20190219,6055.4,1016.1,0.1678,7434.9,397498.3,0.0187,0.01523
20190220,4991.1,809.9,0.1623,7480.2,395138.8,0.01893,0.01263
20190221,6183.3,1079.4,0.1746,7517.7,397477.5,0.01891,0.01556
20190222,6219.0,1033.6,0.1662,7572.0,405294.0,0.01868,0.01534
20190225,10397.9,1570.7,0.1511,7751.7,427096.7,0.01815,0.02435
20190226,10970.5,1747.6,0.1593,7849.1,424171.8,0.0185,0.02586
20190227,8908.0,1361.6,0.1528,7947.8,423582.0,0.01876,0.02103
20190228,6620.1,1074.1,0.1623,7965.0,422608.8,0.01885,0.01566
20190301,6641.5,1075.5,0.1619,7962.2,430600.6,0.01849,0.01542
20190304,10459.4,1646.1,0.1574,8070.0,435992.0,0.01851,0.02399
20190305,8960.9,1580.1,0.1763,8203.0,441403.6,0.01858,0.0203
20190306,11058.1,1850.4,0.1673,8332.8,447076.3,0.01864,0.02473
20190307,11661.2,1933.2,0.1658,8494.9,447606.1,0.01898,0.02605
20190308,11836.1,2028.9,0.1714,8549.7,429982.0,0.01988,0.02753
20190311,9441.5,1754.4,0.1858,8683.9,441519.6,0.01967,0.02138
20190312,11367.9,2126.0,0.187,8772.4,446953.1,0.01963,0.02543
20190313,10510.4,1840.4,0.1751,8811.7,440859.8,0.01999,0.02384
20190314,8122.6,1393.6,0.1716,8800.0,434416.8,0.02026,0.0187
20190315,7502.3,1158.9,0.1545,8773.2,439835.7,0.01995,0.01706
20190318,8323.1,1150.8,0.1383,8835.2,451095.0,0.01959,0.01845
20190319,7754.6,1168.0,0.1506,8891.4,450716.8,0.01973,0.0172
20190320,7797.4,1197.5,0.1536,8929.4,450424.1,0.01982,0.01731
20190321,8856.7,1361.2,0.1537,9022.9,451996.1,0.01996,0.01959
20190322,8016.2,1177.8,0.1469,9016.9,452581.0,0.01992,0.01771
20190325,8192.8,1214.9,0.1483,9095.1,444419.9,0.02047,0.01843
20190326,7682.0,1214.8,0.1581,9083.4,436754.8,0.0208,0.01759
20190327,6646.4,1016.8,0.153,9105.7,440297.4,0.02068,0.0151
20190328,6635.8,1026.8,0.1547,9114.1,435941.9,0.02091,0.01522
20190329,8360.2,1222.0,0.1462,9132.4,451134.7,0.02024,0.01853
20190401,10434.3,1512.3,0.1449,9213.8,461737.5,0.01995,0.0226
20190402,10382.5,1649.4,0.1589,9293.7,462967.6,0.02007,0.02243
20190403,9331.3,1378.2,0.1477,9352.8,467765.4,0.01999,0.01995
20190404,10044.7,1462.4,0.1456,9369.2,472411.2,0.01983,0.02126
20190408,10666.3,1506.1,0.1412,9510.8,473153.7,0.0201,0.02254
20190409,8399.7,1221.7,0.1454,9555.3,475822.8,0.02008,0.01765
20190410,8986.3,1376.6,0.1532,9602.2,476161.8,0.02017,0.01887
20190411,8171.1,1222.4,0.1496,9599.0,467541.8,0.02053,0.01748
20190412,6571.6,980.4,0.1492,9571.0,467327.9,0.02048,0.01406
20190415,7754.0,1120.7,0.1445,9590.7,465839.1,0.02059,0.01665
20190416,7907.7,1201.8,0.152,9664.5,476651.2,0.02028,0.01659
20190417,8299.1,1342.2,0.1617,9717.6,479605.0,0.02026,0.0173
20190418,7531.9,1167.8,0.155,9741.3,477587.4,0.0204,0.01577
20190419,7202.1,1099.3,0.1526,9755.6,481645.7,0.02025,0.01495
20190422,8039.5,1165.8,0.145,9800.8,473734.0,0.02069,0.01697
20190423,7327.7,1050.4,0.1434,9784.8,471002.6,0.02077,0.01556
20190424,6520.7,995.7,0.1527,9822.6,473618.2,0.02074,0.01377
20190425,7331.1,1125.2,0.1535,9769.2,460225.2,0.02123,0.01593
20190426,6237.7,966.6,0.155,9738.6,454447.7,0.02143,0.01373
20190429,6457.6,1044.6,0.1618,9649.2,448841.5,0.0215,0.01439
20190430,4970.0,757.5,0.1524,9525.0,451076.3,0.02112,0.01102
20190506,6582.4,900.7,0.1368,9419.6,424697.4,0.02218,0.0155
20190507,5382.9,791.3,0.147,9372.7,428520.4,0.02187,0.01256
20190508,4889.8,754.5,0.1543,9362.6,421548.3,0.02221,0.0116
20190509,4342.2,683.4,0.1574,9346.8,415836.7,0.02248,0.01044
20190510,6105.8,998.1,0.1635,9342.4,430089.3,0.02172,0.0142
20190513,4664.8,768.1,0.1647,9310.3,425349.3,0.02189,0.01097
20190514,4556.5,755.5,0.1658,9300.3,422585.7,0.02201,0.01078
20190515,5128.4,816.2,0.1592,9301.9,431415.1,0.02156,0.01189
20190516,5223.4,820.0,0.157,9299.5,433218.0,0.02147,0.01206
20190517,5736.8,938.2,0.1635,9244.8,421473.2,0.02193,0.01361
20190520,4626.3,781.2,0.1689,9242.3,419409.0,0.02204,0.01103
20190521,4794.6,809.1,0.1688,9252.5,426040.6,0.02172,0.01125
20190522,4692.6,827.7,0.1764,9234.8,427231.9,0.02162,0.01098
20190523,4645.9,880.3,0.1895,9206.6,419842.7,0.02193,0.01107
20190524,3808.5,696.8,0.183,9163.8,419159.1,0.02186,0.00909
20190527,4526.1,826.2,0.1825,9209.1,426307.6,0.0216,0.01062
20190528,4993.7,861.9,0.1726,9187.8,428739.7,0.02143,0.01165
20190529,4459.3,761.0,0.1706,9191.1,429533.1,0.0214,0.01038
20190530,4535.0,791.2,0.1745,9184.7,427494.5,0.02148,0.01061
20190531,4374.5,777.3,0.1777,9148.1,426367.5,0.02146,0.01026
20190603,4791.3,835.6,0.1744,9131.7,423934.6,0.02154,0.0113
20190604,4223.9,755.9,0.179,9095.3,419537.1,0.02168,0.01007
20190605,4077.3,743.4,0.1823,9073.4,419361.5,0.02164,0.00972
20190606,3866.5,694.0,0.1795,9018.0,414017.2,0.02178,0.00934
20190610,3667.2,627.2,0.171,9012.8,418840.1,0.02152,0.00876
20190611,5652.8,950.4,0.1681,9029.8,431731.9,0.02092,0.01309
20190612,5133.7,895.1,0.1744,9047.6,429038.1,0.02109,0.01197
20190613,4497.2,854.6,0.19,9064.2,429841.0,0.02109,0.01046
20190614,4488.3,844.6,0.1882,9018.7,424768.6,0.02123,0.01057
20190617,3356.7,633.8,0.1888,9019.1,425049.4,0.02122,0.0079
20190618,3217.5,617.0,0.1918,9006.1,425736.7,0.02115,0.00756
20190619,5039.7,911.8,0.1809,8997.8,430606.8,0.0209,0.0117
20190620,6028.7,967.1,0.1604,9020.2,440478.3,0.02048,0.01369
20190621,6216.0,1194.4,0.1922,9011.0,443670.8,0.02031,0.01401
20190624,4949.8,1010.9,0.2042,9051.2,444071.7,0.02038,0.01115
20190625,5134.5,896.9,0.1747,9066.7,440148.6,0.0206,0.01167
20190626,3917.4,805.8,0.2057,9062.4,439885.5,0.0206,0.00891
20190627,4758.3,923.1,0.194,9065.6,443935.6,0.02042,0.01072
20190628,4154.5,820.2,0.1974,9019.6,441068.0,0.02045,0.00942
20190701,6140.1,1113.1,0.1813,9069.1,452713.0,0.02003,0.01356
20190702,5386.1,1017.9,0.189,9083.4,453584.2,0.02003,0.01187
20190703,4881.7,873.9,0.179,9112.1,449075.1,0.02029,0.01087
20190704,4385.6,775.8,0.1769,9113.3,447473.9,0.02037,0.0098
20190705,3742.7,687.1,0.1836,9092.9,449218.1,0.02024,0.00833
20190708,4681.0,850.4,0.1817,9085.1,436757.7,0.0208,0.01072
20190709,3517.7,632.8,0.1799,9074.9,436517.7,0.02079,0.00806
20190710,3315.2,637.0,0.1921,9068.2,434563.0,0.02087,0.00763
20190711,3484.5,642.7,0.1844,9045.7,434072.4,0.02084,0.00803
20190712,3300.3,623.8,0.189,9023.3,437436.6,0.02063,0.00754
20190715,4224.6,877.1,0.2076,9046.8,439857.7,0.02057,0.0096
20190716,3525.7,721.8,0.2047,9044.1,439253.4,0.02059,0.00803
20190717,3815.7,776.0,0.2034,9053.6,438976.3,0.02062,0.00869
20190718,3631.1,699.7,0.1927,9035.5,433718.5,0.02083,0.00837
20190719,3499.6,667.5,0.1907,9013.7,437201.3,0.02062,0.008
20190722,4141.3,1172.8,0.2832,8982.6,432593.5,0.02076,0.00957
20190723,3233.4,822.3,0.2543,8967.4,434636.0,0.02063,0.00744
20190724,4004.0,995.7,0.2487,8974.6,438204.6,0.02048,0.00914
20190725,3995.0,1025.7,0.2568,8979.3,440708.1,0.02037,0.00906
20190726,3520.3,828.1,0.2352,8960.2,441452.3,0.0203,0.00797
20190729,3438.6,841.3,0.2447,8984.6,441240.1,0.02036,0.00779
20190730,3843.6,963.3,0.2506,8979.6,442990.8,0.02027,0.00868
20190731,3575.8,873.0,0.2441,8974.8,440374.7,0.02038,0.00812
20190801,3740.1,979.0,0.2618,8980.7,437330.1,0.02054,0.00855
20190802,4549.1,1216.6,0.2674,8946.3,431995.1,0.02071,0.01053
20190805,4160.6,1076.6,0.2588,8950.2,425324.5,0.02104,0.00978
20190806,5236.1,1301.0,0.2485,8902.6,418540.2,0.02127,0.01251
20190807,3764.0,928.7,0.2467,8865.3,417076.7,0.02126,0.00902
20190808,3672.0,940.2,0.256,8846.5,420864.0,0.02102,0.00872
20190809,3807.0,922.9,0.2424,8808.3,417468.5,0.0211,0.00912
20190812,3628.1,878.4,0.2421,8818.0,424323.1,0.02078,0.00855
20190813,3396.8,828.7,0.244,8822.8,420459.6,0.02098,0.00808
20190814,4023.3,973.6,0.242,8831.6,422391.7,0.02091,0.00952
20190815,3939.2,931.6,0.2365,8822.6,424330.1,0.02079,0.00928
20190816,4302.3,1020.6,0.2372,8822.4,425983.2,0.02071,0.0101
20190819,5815.5,1342.9,0.2309,8930.5,436268.4,0.02047,0.01333
20190820,5237.6,1211.6,0.2313,8975.3,436091.1,0.02058,0.01201
20190821,4544.9,1056.6,0.2325,9006.1,436081.5,0.02065,0.01042
20190822,4402.2,982.8,0.2233,9039.6,437241.4,0.02067,0.01007
20190823,4695.7,1066.1,0.227,9030.4,438839.9,0.02058,0.0107
20190826,4611.3,936.2,0.203,9070.2,434998.1,0.02085,0.0106
20190827,5588.5,1098.3,0.1965,9087.8,441722.8,0.02057,0.01265
20190828,4939.3,1002.7,0.203,9114.9,440515.2,0.02069,0.01121
20190829,4783.3,1023.2,0.2139,9145.7,439820.8,0.02079,0.01088
20190830,5551.7,1215.2,0.2189,9134.8,438595.7,0.02083,0.01266
20190902,5535.8,1198.1,0.2164,9181.7,445644.8,0.0206,0.01242
20190903,5650.8,1344.5,0.2379,9208.9,447220.4,0.02059,0.01264
20190904,6065.1,1285.0,0.2119,9242.5,450842.6,0.0205,0.01345
20190905,7980.7,1627.6,0.2039,9308.9,454933.6,0.02046,0.01754
20190906,6344.4,1400.1,0.2207,9317.8,456846.4,0.0204,0.01389
20190909,7164.6,1605.7,0.2241,9427.8,462325.7,0.02039,0.0155
20190910,6967.2,1575.3,0.2261,9480.4,460532.0,0.02059,0.01513
20190911,6429.7,1340.3,0.2085,9510.2,458495.0,0.02074,0.01402
20190912,5375.2,1176.6,0.2189,9468.6,461847.7,0.0205,0.01164
20190916,5815.1,1267.9,0.218,9546.7,462301.7,0.02065,0.01258
20190917,5862.2,1289.8,0.22,9562.5,454399.5,0.02104,0.0129
20190918,4873.5,1097.8,0.2253,9574.4,455977.0,0.021,0.01069
20190919,4916.9,1147.8,0.2334,9602.2,458603.0,0.02094,0.01072
20190920,5471.6,1230.7,0.2249,9577.3,460180.6,0.02081,0.01189
20190923,5082.7,1133.1,0.2229,9604.7,455804.5,0.02107,0.01115
20190924,5483.7,1352.2,0.2466,9604.5,456945.8,0.02102,0.012
20190925,5259.8,1260.2,0.2396,9572.7,451687.0,0.02119,0.01164
20190926,5383.0,1255.3,0.2332,9521.6,444926.7,0.0214,0.0121
20190927,3979.6,950.5,0.2388,9474.1,446630.6,0.02121,0.00891
20190930,3527.2,869.5,0.2465,9372.8,443260.1,0.02115,0.00796
20191008,3731.9,851.2,0.2281,9426.3,441923.7,0.02133,0.00844
20191009,3660.0,802.0,0.2191,9441.6,443897.4,0.02127,0.00825
20191010,4206.5,1002.7,0.2384,9467.9,450876.3,0.021,0.00933
20191011,4568.3,1040.5,0.2278,9444.3,454192.1,0.02079,0.01006
20191014,5352.0,1147.2,0.2143,9507.5,459898.4,0.02067,0.01164
20191015,4593.4,1145.0,0.2493,9494.3,457082.3,0.02077,0.01005
20191016,4236.1,1017.2,0.2401,9502.6,455937.7,0.02084,0.00929
20191017,3614.0,890.3,0.2463,9503.5,456177.7,0.02083,0.00792
20191018,4159.7,964.1,0.2318,9471.4,450502.8,0.02102,0.00923
20191021,3702.2,901.9,0.2436,9474.4,451131.5,0.021,0.00821
20191022,3570.0,894.6,0.2506,9485.5,453901.9,0.0209,0.00787
20191023,3685.6,928.9,0.252,9492.3,450733.8,0.02106,0.00818
20191024,3603.8,848.1,0.2353,9505.4,450586.4,0.0211,0.008
20191025,4059.1,890.5,0.2194,9508.0,453649.1,0.02096,0.00895
20191028,5204.6,1253.9,0.2409,9562.2,458951.6,0.02083,0.01134
20191029,5391.0,1312.6,0.2435,9555.1,455570.2,0.02097,0.01183
20191030,4675.1,1079.5,0.2309,9554.0,451155.7,0.02118,0.01036
20191031,4512.2,978.7,0.2169,9532.5,451659.0,0.02111,0.00999
20191101,4349.8,906.1,0.2083,9532.0,456887.8,0.02086,0.00952
20191104,4695.8,999.4,0.2128,9551.3,459682.7,0.02078,0.01022
20191105,4816.1,1046.3,0.2173,9567.1,462126.5,0.0207,0.01042
20191106,4527.6,1060.9,0.2343,9568.4,459267.7,0.02083,0.00986
20191107,3990.6,997.8,0.25,9580.9,461001.1,0.02078,0.00866
20191108,4496.5,1082.1,0.2407,9562.1,459054.5,0.02083,0.0098
20191111,4232.3,984.5,0.2326,9545.4,450495.5,0.02119,0.00939
20191112,3656.9,849.8,0.2324,9539.5,451219.3,0.02114,0.0081
20191113,3594.5,825.3,0.2296,9550.0,449739.4,0.02123,0.00799
20191114,3880.3,874.1,0.2253,9569.3,451443.9,0.0212,0.0086
20191115,4012.1,975.5,0.2431,9535.3,447508.4,0.02131,0.00897
20191118,3643.8,884.3,0.2427,9546.3,452119.1,0.02111,0.00806
20191119,4184.8,1033.3,0.2469,9578.2,457229.0,0.02095,0.00915
20191120,4261.3,1068.0,0.2506,9584.9,453906.3,0.02112,0.00939
20191121,3611.7,886.9,0.2456,9592.4,453307.2,0.02116,0.00797
20191122,4712.3,1152.5,0.2446,9554.3,449335.3,0.02126,0.01049
20191125,4201.6,903.7,0.2151,9551.0,451585.8,0.02115,0.0093
20191126,3936.2,820.1,0.2084,9519.8,452133.9,0.02106,0.00871
20191127,3557.7,796.6,0.2239,9537.7,451425.7,0.02113,0.00788
20191128,3180.7,757.3,0.2381,9525.0,449438.8,0.02119,0.00708
20191129,3416.3,750.8,0.2198,9520.0,447553.1,0.02127,0.00763
20191202,3426.6,759.3,0.2216,9533.7,444636.4,0.02144,0.00771
20191203,3472.3,814.8,0.2347,9555.9,449724.3,0.02125,0.00772
20191204,3557.9,789.0,0.2217,9563.9,449048.8,0.0213,0.00792
20191205,4239.1,1008.9,0.238,9588.4,452830.6,0.02117,0.00936
20191206,4100.4,991.2,0.2417,9591.1,455602.1,0.02105,0.009
20191209,4610.3,1092.9,0.2371,9626.8,456109.7,0.02111,0.01011
20191210,4667.1,1213.9,0.2601,9649.6,457470.6,0.02109,0.0102
20191211,4668.2,1158.5,0.2482,9667.4,457519.5,0.02113,0.0102
20191212,4489.7,1146.7,0.2554,9682.2,456158.8,0.02123,0.00984
20191213,5656.7,1268.0,0.2242,9678.5,464460.4,0.02084,0.01218
20191216,6225.4,1424.3,0.2288,9771.4,468626.3,0.02085,0.01328
20191217,7514.5,1595.1,0.2123,9854.8,474542.4,0.02077,0.01584
20191218,6679.4,1550.4,0.2321,9929.8,473654.6,0.02096,0.0141
20191219,5782.9,1390.7,0.2405,9968.8,474404.3,0.02101,0.01219
20191220,5705.0,1280.5,0.2245,9946.3,471816.5,0.02108,0.01209
20191223,5372.2,1209.3,0.2251,9967.0,465154.5,0.02143,0.01155
20191224,4423.0,1077.2,0.2436,9965.9,470005.7,0.0212,0.00941
20191225,5032.2,1272.8,0.2529,9983.3,470301.0,0.02123,0.0107
20191226,5036.0,1222.4,0.2427,10012.8,474462.1,0.0211,0.01061
20191227,6320.2,1396.1,0.2209,9997.4,473839.5,0.0211,0.01334
20191230,6109.6,1204.3,0.1971,10054.8,479503.7,0.02097,0.01274
20191231,5325.7,1051.7,0.1975,10055.0,481105.5,0.0209,0.01107
20200102,7514.3,1493.9,0.1988,10106.7,488305.9,0.0207,0.01539
20200103,6954.5,1488.0,0.214,10122.2,489101.8,0.0207,0.01422
20200106,8042.5,1728.1,0.2149,10227.3,490235.0,0.02086,0.01641
20200107,7323.9,1664.5,0.2273,10271.0,494940.4,0.02075,0.0148
20200108,7792.9,1713.6,0.2199,10301.7,489024.9,0.02107,0.01594
20200109,7066.3,1646.1,0.2329,10332.8,494813.7,0.02088,0.01428
20200110,6401.7,1530.1,0.239,10320.6,493992.0,0.02089,0.01296
20200113,6679.3,1533.4,0.2296,10376.7,499270.2,0.02078,0.01338
20200114,7018.9,1626.5,0.2317,10402.4,498054.3,0.02089,0.01409
20200115,6110.4,1456.3,0.2383,10431.0,495882.3,0.02104,0.01232
20200116,6127.4,1474.1,0.2406,10439.3,494354.8,0.02112,0.01239
20200117,6073.6,1545.7,0.2545,10411.5,494029.4,0.02107,0.01229
20200120,6792.1,1747.1,0.2572,10450.4,499417.1,0.02093,0.0136
20200121,6905.2,1653.7,0.2395,10444.4,492778.5,0.02119,0.01401
20200122,7079.2,1792.0,0.2531,10442.8,494804.7,0.0211,0.01431
20200123,8088.0,1949.7,0.2411,10269.4,481632.3,0.02132,0.01679
20200203,5189.9,1086.4,0.2093,10155.6,443795.7,0.02288,0.01169
20200204,9098.0,2046.6,0.225,10140.7,451101.3,0.02248,0.02017
20200205,8720.6,2163.0,0.248,10149.7,458717.3,0.02213,0.01901
20200206,9132.2,2280.5,0.2497,10238.8,468531.8,0.02185,0.01949
20200207,9294.5,2389.3,0.2571,10273.4,470292.2,0.02184,0.01976
20200210,8855.9,2284.0,0.2579,10325.2,474102.0,0.02178,0.01868
20200211,7859.4,1929.5,0.2455,10306.2,475630.0,0.02167,0.01652
20200212,7900.2,2115.6,0.2678,10372.6,481017.1,0.02156,0.01642
20200213,8710.7,2345.3,0.2692,10397.7,477665.7,0.02177,0.01824
20200214,8129.4,2197.4,0.2703,10389.5,479956.8,0.02165,0.01694
20200217,9371.9,2370.1,0.2529,10508.2,492663.8,0.02133,0.01902
20200218,9999.6,2637.1,0.2637,10620.7,494251.6,0.02149,0.02023
20200219,10388.4,2687.1,0.2587,10646.0,492855.2,0.0216,0.02108
20200220,10683.7,2573.4,0.2409,10756.0,502442.3,0.02141,0.02126
20200221,11710.1,2987.0,0.2551,10828.4,505505.6,0.02142,0.02317
20200224,12220.6,3077.5,0.2518,10963.7,506916.2,0.02163,0.02411
20200225,14153.9,3494.8,0.2469,11077.7,506171.0,0.02189,0.02796
20200226,13127.4,3044.9,0.232,11109.4,499187.0,0.02225,0.0263
20200227,10505.9,2551.7,0.2429,11092.7,500380.0,0.02217,0.021
20200228,11293.3,2677.1,0.2371,10879.0,480003.0,0.02266,0.02353
20200302,10292.3,2275.1,0.221,10962.8,496539.4,0.02208,0.02073
20200303,11759.4,2720.3,0.2313,11020.4,500713.1,0.02201,0.02349
20200304,9920.8,2215.7,0.2233,11051.5,503260.6,0.02196,0.01971
20200305,11718.7,2461.2,0.21,11150.6,512802.5,0.02174,0.02285
20200306,9574.8,1967.0,0.2054,11108.2,507384.5,0.02189,0.01887
20200309,10861.8,2252.3,0.2074,11078.9,490450.0,0.02259,0.02215
20200310,10814.4,2321.1,0.2146,11132.6,500706.4,0.02223,0.0216
20200311,9728.8,2144.1,0.2204,11113.4,494555.1,0.02247,0.01967
20200312,8375.3,1802.2,0.2152,11079.3,485090.1,0.02284,0.01727
20200313,9665.7,2106.0,0.2179,10994.6,479110.1,0.02295,0.02017
20200316,9632.4,2191.9,0.2276,10821.4,460486.0,0.0235,0.02092
20200317,8179.6,1826.7,0.2233,10837.5,459031.4,0.02361,0.01782
20200318,8369.0,1911.1,0.2284,10746.1,451074.4,0.02382,0.01855
20200319,8223.4,1791.9,0.2179,10789.2,449030.6,0.02403,0.01831
20200320,7169.1,1604.7,0.2238,10731.0,456196.4,0.02352,0.01572
20200323,6873.2,1547.8,0.2252,10632.3,440469.0,0.02414,0.0156
20200324,7124.4,1629.5,0.2287,10623.0,450658.3,0.02357,0.01581
20200325,7512.5,1665.6,0.2217,10636.9,461677.1,0.02304,0.01627
20200326,6424.2,1380.9,0.215,10595.0,459089.4,0.02308,0.01399
20200327,6338.5,1358.2,0.2143,10537.4,459670.7,0.02292,0.01379
20200330,6330.6,1370.1,0.2164,10500.9,454200.1,0.02312,0.01394
20200331,5616.9,1136.4,0.2023,10474.4,455449.7,0.023,0.01233
20200401,5848.5,1185.7,0.2027,10430.0,453397.2,0.023,0.0129
20200402,5977.4,1288.2,0.2155,10443.3,462218.9,0.02259,0.01293
20200403,5723.3,1227.4,0.2144,10374.9,459796.9,0.02256,0.01245
20200407,7319.8,1453.8,0.1986,10429.7,471181.1,0.02214,0.01554
20200408,6740.2,1464.9,0.2173,10426.4,470283.3,0.02217,0.01433
20200409,6531.9,1521.0,0.2329,10444.7,472763.0,0.02209,0.01382
20200410,6720.5,1684.0,0.2506,10379.1,466817.8,0.02223,0.0144
20200413,4990.5,1152.0,0.2308,10374.2,464315.9,0.02234,0.01075
20200414,5893.2,1301.9,0.2209,10377.8,472753.5,0.02195,0.01247
20200415,6410.5,1385.2,0.2161,10378.5,469668.4,0.0221,0.01365
20200416,5950.1,1376.7,0.2314,10399.9,471572.3,0.02205,0.01262
20200417,7403.7,1688.6,0.2281,10377.0,474672.4,0.02186,0.0156
20200420,6174.5,1443.7,0.2338,10414.6,477854.4,0.02179,0.01292
20200421,6493.8,1472.1,0.2267,10424.9,473754.9,0.022,0.01371
20200422,6059.7,1366.4,0.2255,10455.0,477617.6,0.02189,0.01269
20200423,6706.1,1476.1,0.2201,10453.6,475318.8,0.02199,0.01411
20200424,6252.2,1356.1,0.2169,10388.4,471232.5,0.02205,0.01327
20200427,5568.2,1216.7,0.2185,10369.1,472503.4,0.02195,0.01178
20200428,6739.2,1498.7,0.2224,10326.4,471082.3,0.02192,0.01431
20200429,5327.6,1135.8,0.2132,10285.4,471831.2,0.0218,0.01129
20200430,6790.1,1534.7,0.226,10216.3,478141.0,0.02137,0.0142
20200506,7210.7,1616.5,0.2242,10335.1,483325.0,0.02138,0.01492
20200507,6672.0,1532.2,0.2296,10394.6,481601.2,0.02158,0.01385
20200508,6874.4,1540.5,0.2241,10409.5,486978.2,0.02138,0.01412
20200511,6847.2,1525.0,0.2227,10471.2,486445.5,0.02153,0.01408
20200512,5990.3,1370.4,0.2288,10500.7,487150.8,0.02156,0.0123
20200513,5811.5,1359.2,0.2339,10531.5,489043.6,0.02153,0.01188
20200514,6099.9,1429.6,0.2344,10548.7,484507.5,0.02177,0.01259
20200515,6269.2,1512.2,0.2412,10543.1,484934.9,0.02174,0.01293
20200518,7317.1,1711.8,0.2339,10553.0,485103.1,0.02175,0.01508
20200519,6414.5,1543.0,0.2406,10589.0,489544.4,0.02163,0.0131
20200520,6867.1,1741.4,0.2536,10588.6,486467.0,0.02177,0.01412
20200521,6261.0,1515.3,0.242,10582.1,483210.3,0.0219,0.01296
20200522,5926.2,1357.4,0.2291,10532.9,473996.8,0.02222,0.0125
20200525,4904.9,1139.7,0.2324,10535.1,473776.7,0.02224,0.01035
20200526,5298.3,1357.8,0.2563,10559.5,480986.5,0.02195,0.01102
20200527,5731.0,1451.7,0.2533,10554.9,478188.8,0.02207,0.01198
20200528,5781.7,1365.6,0.2362,10546.5,478902.4,0.02202,0.01207
20200529,5716.2,1409.2,0.2465,10519.1,481181.2,0.02186,0.01188
20200601,7614.7,1825.7,0.2398,10620.1,492596.2,0.02156,0.01546
20200602,7720.0,1788.0,0.2316,10661.4,493729.7,0.02159,0.01564
20200603,7774.5,1794.8,0.2309,10689.1,494216.3,0.02163,0.01573
20200604,6505.3,1574.8,0.2421,10708.4,493841.1,0.02168,0.01317
20200605,6315.1,1518.1,0.2404,10698.2,495221.0,0.0216,0.01275
20200608,6841.4,1632.9,0.2387,10743.4,498364.9,0.02156,0.01373
20200609,6202.4,1482.1,0.239,10760.5,500840.2,0.02148,0.01238
20200610,6150.6,1503.9,0.2445,10780.9,500417.9,0.02154,0.01229
20200611,7208.9,1810.5,0.2511,10809.9,497354.0,0.02173,0.01449
20200612,6991.9,1774.8,0.2538,10807.6,497830.0,0.02171,0.01404
20200615,7594.4,1906.8,0.2511,10850.6,494215.0,0.02196,0.01537
20200616,7124.3,1876.0,0.2633,10922.1,502153.7,0.02175,0.01419
20200617,7388.3,1946.7,0.2635,10957.6,503110.1,0.02178,0.01469
20200618,7584.6,1923.2,0.2536,11007.3,504475.6,0.02182,0.01503
20200619,7787.5,1863.7,0.2393,11007.0,509513.7,0.0216,0.01528
20200622,8286.0,2078.0,0.2508,11114.5,509842.4,0.0218,0.01625
20200623,7583.1,1928.5,0.2543,11155.9,511550.4,0.02181,0.01482
20200624,7287.2,1930.5,0.2649,11105.2,512507.3,0.02167,0.01422
20200629,7163.3,1820.9,0.2542,11192.1,510453.3,0.02193,0.01403
20200630,7466.4,1947.9,0.2609,11313.7,516336.5,0.02191,0.01446
20200701,9072.3,2126.1,0.2343,11421.6,523290.6,0.02183,0.01734
20200702,10799.1,2236.5,0.2071,11550.1,532974.5,0.02167,0.02026
20200703,11715.6,2356.0,0.2011,11667.7,542121.3,0.02152,0.02161
20200706,15657.3,3090.7,0.1974,12035.9,569911.5,0.02112,0.02747
20200707,17396.2,3507.5,0.2016,12299.9,575105.0,0.02139,0.03025
20200708,15423.9,3111.0,0.2017,12607.0,585283.2,0.02154,0.02635
20200709,17259.6,3787.3,0.2194,12846.8,596135.3,0.02155,0.02895
20200710,16122.7,3436.8,0.2132,13013.8,586707.2,0.02218,0.02748
20200713,16721.9,3575.6,0.2138,13319.2,601635.3,0.02214,0.02779
20200714,17043.1,3858.5,0.2264,13450.2,596469.6,0.02255,0.02857
20200715,15713.2,3702.2,0.2356,13464.9,585626.8,0.02299,0.02683
20200716,15059.4,3705.8,0.2461,13419.4,558952.9,0.02401,0.02694
20200717,11160.2,2693.3,0.2413,13348.4,561159.1,0.02379,0.01989
20200720,11931.8,2624.8,0.22,13445.7,578576.3,0.02324,0.02062
20200721,11032.4,2507.4,0.2273,13449.3,581406.6,0.02313,0.01898
20200722,11986.2,2855.1,0.2382,13504.0,586554.7,0.02302,0.02043
20200723,12462.7,2959.1,0.2374,13581.0,586407.6,0.02316,0.02125
20200724,13350.6,3215.9,0.2409,13411.8,561352.1,0.02389,0.02378
20200727,9309.6,2210.2,0.2374,13449.9,564109.2,0.02384,0.0165
20200728,8994.9,2074.9,0.2307,13459.1,569788.7,0.02362,0.01579
20200729,10484.9,2557.9,0.244,13583.7,583804.9,0.02327,0.01796
20200730,10951.0,2653.7,0.2423,13653.1,581202.4,0.02349,0.01884
20200731,11467.9,2866.2,0.2499,13720.1,587626.7,0.02335,0.01952
20200803,13349.9,3297.5,0.247,13941.1,601328.7,0.02318,0.0222
20200804,13739.0,3137.6,0.2284,13979.5,600698.8,0.02327,0.02287
20200805,11974.4,2810.6,0.2347,14087.6,603457.9,0.02334,0.01984
20200806,12922.9,2968.6,0.2297,14126.7,602898.1,0.02343,0.02143
20200807,12627.0,2922.0,0.2314,14036.2,596322.6,0.02354,0.02117
20200810,11580.9,2520.9,0.2177,14083.7,599824.2,0.02348,0.01931
20200811,11349.8,2378.5,0.2096,14028.6,592288.7,0.02369,0.01916
20200812,10839.6,2440.9,0.2252,13990.9,587627.4,0.02381,0.01845
20200813,8817.0,1925.2,0.2184,14006.0,588150.7,0.02381,0.01499
20200814,8503.4,1820.9,0.2141,13937.6,595639.4,0.0234,0.01428
20200817,11543.8,2282.1,0.1977,14100.3,608713.6,0.02316,0.01896
20200818,10902.7,2334.8,0.2142,14172.6,611262.1,0.02319,0.01784
20200819,10886.2,2256.1,0.2072,14170.9,601743.4,0.02355,0.01809
20200820,8719.5,1818.3,0.2085,14156.7,594118.2,0.02383,0.01468
20200821,8445.2,1901.1,0.2251,14138.9,598385.9,0.02363,0.01411
20200824,8970.9,2587.6,0.2884,14201.3,603522.6,0.02353,0.01486
20200825,9421.1,2995.8,0.318,14190.0,603103.0,0.02353,0.01562
20200826,9786.7,3007.5,0.3073,14126.6,594484.6,0.02376,0.01646
20200827,8380.2,2902.8,0.3464,14146.0,599190.4,0.02361,0.01399
20200828,9481.2,2988.3,0.3152,14158.2,609646.5,0.02322,0.01555
20200831,10348.5,2844.6,0.2749,14256.3,609008.2,0.02341,0.01699
20200901,8518.2,2605.2,0.3058,14283.2,612551.5,0.02332,0.01391
20200902,9693.2,3460.7,0.357,14363.1,612855.9,0.02344,0.01582
20200903,9424.2,3255.3,0.3454,14361.6,609286.3,0.02357,0.01547
20200904,8387.7,3045.7,0.3631,14333.0,604923.5,0.02369,0.01387
20200907,10216.9,3916.5,0.3833,14314.2,593363.5,0.02412,0.01722
20200908,9243.5,3643.0,0.3941,14296.5,597241.9,0.02394,0.01548
20200909,10367.4,4315.4,0.4163,14254.4,583371.3,0.02443,0.01777
20200910,8735.9,3255.8,0.3727,14144.6,576271.2,0.02454,0.01516
20200911,6847.5,2359.8,0.3446,14113.1,583041.6,0.02421,0.01174
20200914,7697.1,2950.3,0.3833,14132.1,587507.2,0.02405,0.0131
20200915,7257.2,2808.0,0.3869,14140.9,591097.1,0.02392,0.01228
20200916,6843.6,2510.8,0.3669,14132.7,587566.8,0.02405,0.01165
20200917,7536.3,2891.8,0.3837,14155.6,585645.7,0.02417,0.01287
20200918,8357.6,2751.4,0.3292,14167.8,598400.5,0.02368,0.01397
20200921,7558.7,2501.7,0.331,14180.2,593625.1,0.02389,0.01273
20200922,7031.8,2445.2,0.3477,14174.9,587038.2,0.02415,0.01198
20200923,6611.5,2544.6,0.3849,14199.5,587970.8,0.02415,0.01124
20200924,6795.3,2400.1,0.3532,14186.6,577421.8,0.02457,0.01177
20200925,5695.7,1913.6,0.336,14142.0,576937.3,0.02451,0.00987
20200928,5403.6,1821.4,0.3371,14091.1,574918.0,0.02451,0.0094
20200929,5453.8,1838.3,0.3371,14053.3,578159.4,0.02431,0.00943
20200930,5402.5,1789.8,0.3313,13887.5,577367.1,0.02405,0.00936
20201009,7116.8,2357.4,0.3312,13994.8,591239.5,0.02367,0.01204
20201012,9720.2,3317.1,0.3413,14113.8,608666.6,0.02319,0.01597
20201013,8354.2,3145.9,0.3766,14200.7,611381.3,0.02323,0.01366
20201014,8281.8,3044.4,0.3676,14268.2,607047.0,0.0235,0.01364
20201015,7644.0,2856.2,0.3737,14279.3,604894.1,0.02361,0.01264
20201016,7088.8,2581.2,0.3641,14238.5,604674.8,0.02355,0.01172
20201019,7393.4,2623.0,0.3548,14257.0,600738.9,0.02373,0.01231
20201020,6675.1,2643.8,0.3961,14284.1,605773.3,0.02358,0.01102
20201021,7064.6,2814.3,0.3984,14275.0,603189.6,0.02367,0.01171
20201022,6638.3,2554.6,0.3848,14292.6,601110.2,0.02378,0.01104
20201023,6877.4,2674.9,0.3889,14195.9,593233.7,0.02393,0.01159
20201026,6336.6,2312.6,0.365,14171.1,591767.1,0.02395,0.01071
20201027,6313.1,2424.9,0.3841,14172.1,593304.1,0.02389,0.01064
20201028,7333.8,2769.6,0.3776,14199.4,596742.2,0.02379,0.01229
20201029,7804.6,2916.5,0.3737,14224.5,598628.9,0.02376,0.01304
20201030,8710.3,3107.5,0.3568,14148.8,588311.7,0.02405,0.01481
20201102,8127.6,2602.1,0.3202,14163.6,591452.2,0.02395,0.01374
20201103,7848.6,2701.5,0.3442,14193.9,600200.6,0.02365,0.01308
20201104,7298.7,2603.0,0.3566,14230.3,601878.2,0.02364,0.01213
20201105,8598.0,2904.9,0.3379,14284.7,611063.0,0.02338,0.01407
20201106,8786.1,2822.2,0.3212,14285.3,608766.4,0.02347,0.01443
20201109,10836.7,3419.0,0.3155,14393.5,621466.1,0.02316,0.01744
20201110,9812.6,3078.2,0.3137,14417.3,617588.2,0.02334,0.01589
20201111,8695.4,2574.7,0.2961,14400.4,611620.8,0.02354,0.01422
20201112,7079.5,2077.1,0.2934,14396.3,612148.1,0.02352,0.01157
20201113,7272.4,1989.0,0.2735,14389.3,608014.9,0.02367,0.01196
20201116,8009.1,2067.6,0.2582,14443.6,614698.6,0.0235,0.01303
20201117,8534.6,2289.3,0.2682,14459.0,612212.4,0.02362,0.01394
20201118,8215.8,2144.4,0.261,14474.5,613148.0,0.02361,0.0134
20201119,7743.2,2152.9,0.278,14463.8,616405.0,0.02346,0.01256
20201120,7509.7,2022.9,0.2694,14452.4,619195.9,0.02334,0.01213
20201123,9538.6,2257.7,0.2367,14541.8,625381.5,0.02325,0.01525
20201124,8303.1,2074.1,0.2498,14587.2,623271.5,0.0234,0.01332
20201125,8632.7,2138.3,0.2477,14604.9,614590.5,0.02376,0.01405
20201126,7331.6,1871.9,0.2553,14573.6,615291.4,0.02369,0.01192
20201127,7256.4,1819.2,0.2507,14524.6,620744.5,0.0234,0.01169
20201130,9505.0,2139.3,0.2251,14571.8,618154.5,0.02357,0.01538
20201201,8651.7,2125.0,0.2456,14629.9,629031.4,0.02326,0.01375
20201202,8810.9,2220.0,0.252,14693.6,628313.6,0.02339,0.01402
20201203,8263.3,2101.2,0.2543,14701.4,627478.7,0.02343,0.01317
20201204,7488.0,1819.5,0.243,14691.0,629250.8,0.02335,0.0119
20201207,7689.6,2006.4,0.2609,14740.1,624927.7,0.02359,0.0123
20201208,7017.7,1786.7,0.2546,14740.7,624963.5,0.02359,0.01123
20201209,7916.6,2070.2,0.2615,14691.7,615575.8,0.02387,0.01286
20201210,7093.1,1847.7,0.2605,14686.0,616124.7,0.02384,0.01151
20201211,8349.8,2218.5,0.2657,14638.9,609648.5,0.02401,0.0137
20201214,7098.2,1880.2,0.2649,14667.5,615671.5,0.02382,0.01153
20201215,7096.2,1846.0,0.2601,14669.4,616675.9,0.02379,0.01151
20201216,7010.4,1888.4,0.2694,14675.0,616999.6,0.02378,0.01136
20201217,7918.5,1909.7,0.2412,14702.5,624385.6,0.02355,0.01268
20201218,7712.9,1794.8,0.2327,14716.3,622728.3,0.02363,0.01239
20201221,8646.1,2057.4,0.238,14776.8,630136.2,0.02345,0.01372
20201222,9577.3,2217.9,0.2316,14785.3,618992.6,0.02389,0.01547
20201223,9292.3,2171.7,0.2337,14824.2,623702.0,0.02377,0.0149
20201224,8263.0,2044.3,0.2474,14825.5,619217.9,0.02394,0.01334
20201225,7939.6,1866.1,0.235,14828.7,624866.1,0.02373,0.01271
20201228,8812.3,2035.8,0.231,14858.1,625981.2,0.02374,0.01408
20201229,8598.8,1994.6,0.232,14795.3,623030.7,0.02375,0.0138
20201230,8471.5,1982.6,0.234,14830.7,630257.3,0.02353,0.01344
20201231,9618.8,2156.1,0.2242,14820.2,640978.5,0.02312,0.01501
20210104,11645.9,2686.0,0.2306,15057.2,649842.4,0.02317,0.01792
20210105,12665.6,2798.0,0.2209,15155.7,657151.0,0.02306,0.01927
20210106,11674.6,2612.3,0.2238,15212.8,659542.3,0.02307,0.0177
20210107,12166.1,2750.7,0.2261,15275.1,663232.6,0.02303,0.01834
20210108,11324.2,2507.4,0.2214,15263.8,661642.3,0.02307,0.01712
20210111,12119.8,2627.0,0.2168,15288.6,652820.3,0.02342,0.01857
20210112,10904.3,2284.8,0.2095,15370.9,666253.5,0.02307,0.01637
20210113,12346.6,2589.0,0.2097,15402.2,662587.4,0.02325,0.01863
20210114,11214.5,2407.2,0.2147,15386.8,654858.1,0.0235,0.01713
20210115,10365.3,2222.8,0.2144,15365.5,654942.4,0.02346,0.01583
20210118,9983.3,2240.5,0.2244,15445.1,662408.9,0.02332,0.01507
20210119,10412.7,2341.6,0.2249,15480.6,656904.3,0.02357,0.01585
20210120,9158.2,2267.7,0.2476,15529.0,661685.9,0.02347,0.01384
20210121,10859.3,2526.6,0.2327,15609.9,671303.2,0.02325,0.01618
20210122,11140.0,2732.1,0.2453,15603.5,670339.1,0.02328,0.01662
20210125,12086.3,2801.9,0.2318,15665.3,673203.4,0.02327,0.01795
20210126,10143.0,2400.9,0.2367,15603.0,662149.6,0.02356,0.01532
20210127,9233.7,2128.7,0.2305,15596.1,663166.4,0.02352,0.01392
20210128,9157.3,2121.8,0.2317,15552.1,649121.7,0.02396,0.01411
20210129,9522.7,2209.1,0.232,15402.4,644261.5,0.02391,0.01478
20210201,8567.9,2033.0,0.2373,15384.7,650688.8,0.02364,0.01317
20210202,9008.8,2063.5,0.2291,15382.6,658557.0,0.02336,0.01368
20210203,9537.7,2154.0,0.2258,15370.4,654919.6,0.02347,0.01456
20210204,9425.8,2022.1,0.2145,15280.5,650739.9,0.02348,0.01448
20210205,8912.3,1883.1,0.2113,15177.4,643405.0,0.02359,0.01385
20210208,8062.6,1763.4,0.2187,15145.2,651828.5,0.02323,0.01237
20210209,8376.1,1846.7,0.2205,15167.6,665813.9,0.02278,0.01258
20210210,8754.5,1878.2,0.2145,14987.7,682044.9,0.02197,0.01284
20210218,10851.8,2341.9,0.2158,15217.3,683940.8,0.02225,0.01587
20210219,10425.7,2076.7,0.1992,15277.4,689747.5,0.02215,0.01512
20210222,12931.5,2512.4,0.1943,15404.5,678539.0,0.0227,0.01906
20210223,10214.0,1900.2,0.186,15387.0,676253.9,0.02275,0.0151
20210224,10636.9,2150.0,0.2021,15394.5,663170.7,0.02321,0.01604
20210225,9340.0,1843.7,0.1974,15376.2,664092.1,0.02315,0.01406
20210226,9067.5,1916.4,0.2113,15303.8,651111.3,0.0235,0.01393
20210301,8734.5,1935.1,0.2215,15341.3,663143.7,0.02313,0.01317
20210302,9175.7,1921.6,0.2094,15362.0,656705.0,0.02339,0.01397
20210303,8633.6,1707.5,0.1978,15361.4,667692.5,0.02301,0.01293
20210304,9722.5,2066.0,0.2125,15326.5,652394.2,0.02349,0.0149
20210305,8765.3,1894.0,0.2161,15262.6,652569.7,0.02339,0.01343
20210308,9793.2,2154.3,0.22,15249.4,635294.9,0.024,0.01542
20210309,9867.3,2102.7,0.2131,15167.4,621543.8,0.0244,0.01588
20210310,7497.9,1659.4,0.2213,15100.4,621715.3,0.02429,0.01206
20210311,8039.3,1734.0,0.2157,15124.9,636388.3,0.02377,0.01263
20210312,8169.4,1672.5,0.2047,15078.2,638873.3,0.0236,0.01279
20210315,8070.3,1560.3,0.1933,15116.1,630347.3,0.02398,0.0128
20210316,7354.5,1486.4,0.2021,15098.6,635982.0,0.02374,0.01156
20210317,7107.7,1487.7,0.2093,15108.3,638256.1,0.02367,0.01114
20210318,7368.5,1617.1,0.2195,15093.2,642320.7,0.0235,0.01147
20210319,7721.6,1614.3,0.2091,15075.2,630406.0,0.02391,0.01225
20210322,7600.4,1585.0,0.2085,15127.4,638421.6,0.02369,0.0119
20210323,7886.4,1765.0,0.2238,15113.5,631842.3,0.02392,0.01248
20210324,7624.6,1572.6,0.2063,15118.1,623278.7,0.02426,0.01223
20210325,6760.5,1569.8,0.2322,15078.9,622997.9,0.0242,0.01085
20210326,7479.7,1676.8,0.2242,15055.7,634572.3,0.02373,0.01179
20210329,7578.7,1580.6,0.2086,15072.9,637167.2,0.02366,0.01189
20210330,7493.9,1582.7,0.2112,15075.4,640738.9,0.02353,0.0117
20210331,6874.3,1404.4,0.2043,15097.2,636474.0,0.02372,0.0108
20210401,6576.5,1402.5,0.2133,15072.5,643976.3,0.02341,0.01021
20210402,7167.1,1595.8,0.2227,15040.8,648451.8,0.02319,0.01105
20210406,6603.1,1486.3,0.2251,15108.5,648604.1,0.02329,0.01018
20210407,7400.5,1554.3,0.21,15164.6,646271.0,0.02346,0.01145
20210408,7673.5,1628.9,0.2123,15170.7,646255.1,0.02347,0.01187
20210409,6947.6,1488.1,0.2142,15148.5,640674.3,0.02364,0.01084
20210412,7758.9,1660.1,0.214,15139.6,631724.3,0.02397,0.01228
20210413,6715.8,1434.9,0.2137,15086.4,629328.5,0.02397,0.01067
20210414,6540.4,1406.0,0.215,15099.1,635306.3,0.02377,0.01029
20210415,6606.6,1364.0,0.2065,15108.0,631763.6,0.02391,0.01046
20210416,6920.6,1510.1,0.2182,15085.7,637350.8,0.02367,0.01086
20210419,8615.1,1923.5,0.2233,15133.6,649329.9,0.02331,0.01327
20210420,8455.0,1907.2,0.2256,15157.8,648615.2,0.02337,0.01304
20210421,7435.1,1622.0,0.2182,15170.2,649806.4,0.02335,0.01144
20210422,7408.9,1725.5,0.2329,15200.5,650169.0,0.02338,0.0114
20210423,7786.3,1889.2,0.2426,15159.9,652309.3,0.02324,0.01194
20210426,9084.7,2277.4,0.2507,15190.9,646922.9,0.02348,0.01404
20210427,7646.6,1955.3,0.2557,15166.4,647207.7,0.02343,0.01181
20210428,7882.0,1986.9,0.2521,15181.4,651191.5,0.02331,0.0121
20210429,8222.3,1952.8,0.2375,15155.5,653337.1,0.0232,0.01259
20210430,8668.1,1973.2,0.2276,15025.6,649871.4,0.02312,0.01334
20210506,8754.1,1884.6,0.2153,15111.4,647979.0,0.02332,0.01351
20210507,8837.5,1751.2,0.1982,15096.7,641797.0,0.02352,0.01377
20210510,8548.6,1613.0,0.1887,15149.6,644452.1,0.02351,0.01326
20210511,8431.1,1566.1,0.1858,15167.1,647200.2,0.02343,0.01303
20210512,7653.9,1625.6,0.2124,15203.3,651702.4,0.02333,0.01174
20210513,8015.0,1723.1,0.215,15220.9,647235.9,0.02352,0.01238
20210514,9015.9,2041.8,0.2265,15226.7,658368.8,0.02313,0.01369
20210517,9300.1,2204.8,0.2371,15273.2,662910.2,0.02304,0.01403
20210518,7521.3,1731.8,0.2303,15327.6,665677.6,0.02303,0.0113
20210519,7915.1,1770.7,0.2237,15386.8,664481.5,0.02316,0.01191
20210520,8644.6,1830.3,0.2117,15398.0,664940.2,0.02316,0.013
20210521,8079.9,1857.4,0.2299,15391.5,661105.8,0.02328,0.01222
20210524,8421.7,1907.3,0.2265,15449.0,664822.5,0.02324,0.01267
20210525,10064.8,2127.8,0.2114,15442.8,679751.0,0.02272,0.01481
20210526,9669.1,2055.1,0.2125,15497.5,680915.4,0.02276,0.0142
20210527,9396.5,2174.9,0.2315,15565.2,684451.7,0.02274,0.01373
20210528,10161.8,2443.0,0.2404,15594.3,683921.1,0.0228,0.01486
20210531,10095.6,2470.5,0.2447,15695.9,688220.3,0.02281,0.01467
20210601,10469.1,2484.5,0.2373,15775.4,690429.6,0.02285,0.01516
20210602,10129.3,2459.3,0.2428,15789.3,684445.7,0.02307,0.0148
20210603,9558.3,2243.0,0.2347,15800.1,682326.5,0.02316,0.01401
20210604,9375.7,2251.5,0.2401,15774.3,685246.1,0.02302,0.01368
20210607,9495.8,2351.8,0.2477,15851.0,686694.8,0.02308,0.01383
20210608,9857.1,2405.2,0.244,15857.3,681629.3,0.02326,0.01446
20210609,8813.3,2132.8,0.242,15865.3,683991.1,0.0232,0.01289
20210610,10025.0,2702.0,0.2695,15910.9,687676.0,0.02314,0.01458
20210611,11214.0,3039.2,0.271,15871.8,688864.7,0.02304,0.01628
20210615,10007.2,2698.3,0.2696,15944.1,682750.8,0.02335,0.01466
20210616,9323.7,2696.2,0.2892,15893.4,671065.1,0.02368,0.01389
20210617,8921.2,2715.1,0.3043,15922.7,675001.0,0.02359,0.01322
20210618,10102.4,2763.3,0.2735,15949.5,676453.9,0.02358,0.01493
20210621,10144.7,2889.4,0.2848,16019.7,679803.9,0.02357,0.01492
20210622,10116.2,2926.7,0.2893,16081.5,684715.1,0.02349,0.01477
20210623,10734.1,3012.2,0.2806,16116.9,686384.4,0.02348,0.01564
20210624,10133.0,2744.8,0.2709,16129.1,686665.1,0.02349,0.01476
20210625,10549.3,2799.3,0.2654,16118.4,695867.2,0.02316,0.01516
20210628,10179.0,2815.5,0.2766,16208.2,698409.4,0.02321,0.01457
20210629,9978.5,2819.7,0.2826,16247.2,692551.7,0.02346,0.01441
20210630,9427.3,2872.5,0.3047,16281.6,696578.1,0.02337,0.01353
20210701,10201.5,3051.1,0.2991,16181.2,694157.7,0.02331,0.0147
20210702,10029.9,2923.6,0.2915,16160.5,680801.9,0.02374,0.01473
20210705,10060.5,2983.2,0.2965,16223.7,683175.6,0.02375,0.01473
20210706,11203.3,3295.2,0.2941,16222.4,684347.8,0.0237,0.01637
20210707,10507.5,3112.2,0.2962,16291.4,691302.7,0.02357,0.0152
20210708,11977.3,3563.2,0.2975,16336.7,686988.2,0.02378,0.01743
20210709,11281.7,3178.9,0.2818,16355.7,687154.8,0.0238,0.01642
20210712,13185.4,3715.3,0.2818,16445.5,695309.1,0.02365,0.01896
20210713,12206.0,3537.0,0.2898,16498.2,698748.9,0.02361,0.01747
20210714,12154.1,3231.7,0.2659,16505.1,691092.8,0.02388,0.01759
20210715,11720.2,2965.8,0.2531,16501.1,697268.6,0.02367,0.01681
20210716,11820.3,3035.5,0.2568,16469.6,692320.6,0.02379,0.01707
20210719,11225.0,2887.1,0.2572,16486.1,692380.4,0.02381,0.01621
20210720,9672.9,2617.8,0.2706,16507.0,693189.2,0.02381,0.01395
20210721,12094.7,3502.9,0.2896,16590.3,700187.5,0.02369,0.01727
20210722,13013.3,3832.7,0.2945,16663.8,703712.1,0.02368,0.01849
20210723,13790.9,3884.2,0.2816,16650.3,696984.8,0.02389,0.01979
20210726,14193.0,3922.1,0.2763,16679.4,681406.9,0.02448,0.02083
20210727,15343.2,4436.7,0.2892,16600.4,661911.8,0.02508,0.02318
20210728,12702.4,3672.4,0.2891,16444.0,657620.9,0.02501,0.01932
20210729,12497.1,4007.6,0.3207,16483.4,671648.3,0.02454,0.01861
20210730,13398.3,4377.0,0.3267,16475.4,670187.9,0.02458,0.01999
20210802,15130.9,4525.0,0.2991,16588.9,684290.0,0.02424,0.02211
20210803,14163.3,4444.6,0.3138,16576.5,681111.6,0.02434,0.02079
20210804,12893.4,4091.1,0.3173,16658.7,689890.6,0.02415,0.01869
20210805,12911.6,4033.3,0.3124,16701.6,686492.5,0.02433,0.01881
20210806,12254.9,3793.9,0.3096,16706.9,685684.9,0.02437,0.01787
20210809,12496.7,3490.9,0.2793,16769.8,691928.5,0.02424,0.01806
20210810,13446.8,3812.7,0.2835,16785.5,700904.3,0.02395,0.01918
20210811,12830.6,3714.1,0.2895,16857.3,701356.0,0.02404,0.01829
20210812,13057.8,3840.8,0.2941,16925.9,700026.8,0.02418,0.01865
20210813,12979.5,3859.9,0.2974,16898.0,699093.1,0.02417,0.01857
20210816,12578.3,3605.2,0.2866,16912.6,697189.1,0.02426,0.01804
20210817,13086.8,3683.3,0.2815,16826.3,682197.6,0.02466,0.01918
20210818,11975.8,3379.1,0.2822,16839.1,689709.2,0.02441,0.01736
20210819,12156.5,3308.8,0.2722,16820.7,688234.1,0.02444,0.01766
20210820,12529.7,3414.2,0.2725,16794.7,681863.8,0.02463,0.01838
20210823,13233.0,3773.4,0.2852,16933.0,693807.2,0.02441,0.01907
20210824,14089.4,3967.0,0.2816,16981.6,700632.2,0.02424,0.02011
20210825,13150.1,3508.1,0.2668,17021.0,704818.0,0.02415,0.01866
20210826,13748.9,3651.7,0.2656,17058.4,697266.7,0.02446,0.01972
20210827,13449.0,3412.6,0.2537,17014.2,699895.4,0.02431,0.01922
20210830,15787.5,3890.1,0.2464,17084.9,700879.2,0.02438,0.02253
20210831,14829.2,3471.2,0.2341,17066.8,701541.0,0.02433,0.02114
20210901,17118.3,3565.6,0.2083,17080.1,703244.0,0.02429,0.02434
20210902,14347.8,3120.4,0.2175,17106.6,708162.4,0.02416,0.02026
20210903,15758.1,3465.9,0.2199,17043.0,705048.2,0.02417,0.02235
20210906,14301.9,3272.3,0.2288,17130.2,715484.4,0.02394,0.01999
20210907,14047.1,3187.2,0.2269,17201.0,725719.5,0.0237,0.01936
20210908,14763.8,3377.8,0.2288,17308.5,726208.4,0.02383,0.02033
20210909,14342.2,3123.9,0.2178,17396.5,728959.9,0.02386,0.01967
20210910,15457.7,3210.3,0.2077,17415.1,731479.8,0.02381,0.02113
20210913,14644.9,3164.0,0.216,17527.4,734030.3,0.02388,0.01995
20210914,15140.3,3411.3,0.2253,17541.7,726371.1,0.02415,0.02084
20210915,13554.6,3040.1,0.2243,17583.8,725191.4,0.02425,0.01869
20210916,14789.7,3200.9,0.2164,17478.6,713066.0,0.02451,0.02074
20210917,13440.5,2906.8,0.2163,17295.5,714754.6,0.0242,0.0188
20210922,11545.4,2399.4,0.2078,17365.5,716801.6,0.02423,0.01611
20210923,13228.3,2744.9,0.2075,17414.3,719808.7,0.02419,0.01838
20210924,12843.4,2765.2,0.2153,17319.8,713598.3,0.02427,0.018
20210927,13665.5,3037.3,0.2223,17194.1,707238.0,0.02431,0.01932
20210928,10443.2,2195.6,0.2102,17161.4,709784.7,0.02418,0.01471
20210929,10784.2,2285.9,0.212,17054.5,695972.7,0.0245,0.0155
20210930,9512.3,2113.0,0.2221,16853.4,705136.2,0.0239,0.01349
20211008,10612.2,2292.1,0.216,16961.3,710868.8,0.02386,0.01493
20211011,9926.4,2204.5,0.2221,16995.7,710591.4,0.02392,0.01397
20211012,9970.5,2288.1,0.2295,16956.0,700697.3,0.0242,0.01423
20211013,8901.6,2028.5,0.2279,16927.3,705697.6,0.02399,0.01261
20211014,8613.3,2089.3,0.2426,16944.1,705817.6,0.02401,0.0122
20211015,9894.4,2420.8,0.2447,16892.8,708204.2,0.02385,0.01397
20211018,10026.0,2361.5,0.2355,16965.9,710607.4,0.02388,0.01411
20211019,9735.3,2339.7,0.2403,16998.0,716065.0,0.02374,0.0136
20211020,10203.6,2460.5,0.2411,17046.8,715039.3,0.02384,0.01427
20211021,9935.2,2291.5,0.2306,17047.5,715978.2,0.02381,0.01388
20211022,10157.0,2368.6,0.2332,16986.9,714185.0,0.02378,0.01422
20211025,10155.9,2579.2,0.254,17055.1,719857.5,0.02369,0.01411
20211026,10833.1,2794.4,0.2579,17084.3,717692.2,0.0238,0.01509
20211027,10775.2,2740.1,0.2543,17096.2,710859.1,0.02405,0.01516
20211028,11082.6,2710.9,0.2446,17005.4,701622.1,0.02424,0.0158
20211029,11390.1,2949.6,0.259,16968.2,709672.1,0.02391,0.01605
20211101,12244.9,3034.5,0.2478,17012.5,710634.6,0.02394,0.01723
20211102,12588.5,3103.9,0.2466,16957.4,703434.8,0.02411,0.0179
20211103,10009.3,2603.5,0.2601,16927.9,702740.1,0.02409,0.01424
20211104,10798.3,2874.7,0.2662,16972.2,709855.0,0.02391,0.01521
20211105,11522.3,3145.8,0.273,16873.1,703741.7,0.02398,0.01637
20211108,10407.3,3083.0,0.2962,16927.6,706286.0,0.02397,0.01474
20211109,10125.2,2935.5,0.2899,16959.4,709292.3,0.02391,0.01428
20211110,10813.3,3180.5,0.2941,16979.8,706733.6,0.02403,0.0153
20211111,11249.5,3543.5,0.315,16991.3,714814.3,0.02377,0.01574
20211112,11014.9,3504.0,0.3181,16980.2,716614.6,0.0237,0.01537
20211115,11679.9,3671.5,0.3143,17000.4,716166.1,0.02374,0.01631
20211116,11183.0,3506.7,0.3136,16966.5,714820.0,0.02374,0.01564
20211117,10400.8,3208.4,0.3085,17006.5,719821.0,0.02363,0.01445
20211118,11267.0,3440.0,0.3053,17020.0,716222.7,0.02376,0.01573
20211119,11153.8,3247.5,0.2912,17003.4,724528.4,0.02347,0.01539
20211122,12569.7,3856.7,0.3068,17111.7,731516.6,0.02339,0.01718
20211123,12315.2,3778.3,0.3068,17148.6,731948.2,0.02343,0.01683
20211124,12049.9,3857.0,0.3201,17186.8,730370.8,0.02353,0.0165
20211125,11154.5,3707.2,0.3323,17212.9,728297.8,0.02363,0.01532
20211126,11035.1,3582.0,0.3246,17178.0,725317.8,0.02368,0.01521
20211129,11795.8,3776.0,0.3201,17205.2,722186.4,0.02382,0.01633
20211130,12223.5,3795.1,0.3105,17239.5,722522.7,0.02386,0.01692
20211201,11476.6,3554.7,0.3097,17269.5,725072.1,0.02382,0.01583
20211202,11545.7,3443.2,0.2982,17249.8,725764.8,0.02377,0.01591
20211203,11367.5,3060.6,0.2692,17231.2,731995.8,0.02354,0.01553
20211206,12050.8,3131.0,0.2598,17225.6,727110.5,0.02369,0.01657
20211207,12010.3,3059.8,0.2548,17196.0,725977.1,0.02369,0.01654
20211208,11026.2,2730.0,0.2476,17222.3,738525.4,0.02332,0.01493
20211209,12649.6,3126.5,0.2472,17225.4,745571.4,0.0231,0.01697
20211210,12362.8,3288.8,0.266,17239.8,745219.3,0.02313,0.01659
20211213,12720.9,3227.1,0.2537,17289.8,753376.3,0.02295,0.01689
20211214,11429.1,3215.3,0.2813,17309.6,750381.7,0.02307,0.01523
20211215,11372.0,3353.6,0.2949,17328.4,747427.7,0.02318,0.01521
20211216,11148.1,3180.2,0.2853,17328.4,753238.9,0.02301,0.0148
20211217,11605.8,3361.0,0.2896,17260.9,743918.7,0.0232,0.0156
20211220,11595.9,3144.0,0.2711,17237.8,734155.7,0.02348,0.01579
20211221,10012.3,2636.5,0.2633,17220.3,741072.0,0.02324,0.01351
20211222,10635.7,2852.7,0.2682,17232.7,742811.0,0.0232,0.01432
20211223,10782.3,2724.0,0.2526,17239.3,747605.9,0.02306,0.01442
20211224,11330.1,2974.4,0.2625,17149.9,741393.6,0.02313,0.01528
20211227,9758.7,2472.2,0.2533,17184.6,741736.6,0.02317,0.01316
20211228,10039.9,2659.4,0.2649,17212.4,746310.2,0.02306,0.01345
20211229,9988.5,2589.9,0.2593,17211.5,739379.5,0.02328,0.01351
20211230,10204.4,2881.7,0.2824,17213.6,745016.1,0.02311,0.0137
20211231,10638.9,2857.4,0.2686,17120.5,749508.9,0.02284,0.01419
20220104,12689.5,3511.1,0.2767,17190.3,748980.6,0.02295,0.01694
20220105,13078.7,3483.2,0.2663,17163.2,739683.5,0.0232,0.01768
20220106,11389.6,3039.6,0.2669,17178.5,738151.2,0.02327,0.01543
20220107,12090.0,3129.8,0.2589,17027.0,734208.5,0.02319,0.01647
20220110,10527.4,2806.7,0.2666,17045.4,737343.6,0.02312,0.01428
20220111,10572.6,2833.5,0.268,17036.0,731322.0,0.02329,0.01446
20220112,10624.6,3008.0,0.2831,17057.9,739339.0,0.02307,0.01437
20220113,10954.6,2997.0,0.2736,17052.5,729439.3,0.02338,0.01502
20220114,11089.2,3322.9,0.2996,17009.3,725059.8,0.02346,0.01529
20220117,11221.3,3773.6,0.3363,17053.3,732081.4,0.02329,0.01533
20220118,11987.6,3847.8,0.321,17020.2,735271.4,0.02315,0.0163
20220119,10677.4,3201.0,0.2998,16987.7,728745.0,0.02331,0.01465
20220120,11331.0,3334.3,0.2943,16884.7,726445.5,0.02324,0.0156
20220121,9871.4,2758.3,0.2794,16765.0,719176.2,0.02331,0.01373
20220124,8661.1,2433.4,0.281,16740.0,720758.3,0.02323,0.01202
20220125,9385.3,2572.9,0.2741,16648.5,700198.1,0.02378,0.0134
20220126,7953.3,2207.1,0.2775,16575.6,704794.2,0.02352,0.01128
20220127,8242.9,2325.7,0.2821,16484.0,691888.5,0.02382,0.01191
20220128,8198.9,2181.9,0.2661,16202.8,688390.4,0.02354,0.01191
20220207,8242.2,2059.4,0.2499,16237.9,700142.3,0.02319,0.01177
20220208,8798.3,2195.2,0.2495,16224.8,702292.2,0.0231,0.01253
20220209,9329.2,2407.7,0.2581,16251.1,710968.1,0.02286,0.01312
20220210,9374.1,2476.5,0.2642,16241.6,710805.1,0.02285,0.01319
20220211,9928.3,2487.9,0.2506,16179.5,703413.2,0.023,0.01411
20220214,8636.9,2145.8,0.2484,16209.7,698297.5,0.02321,0.01237
20220215,8285.5,2195.7,0.265,16217.2,704958.1,0.023,0.01175
20220216,8079.3,2177.9,0.2696,16232.7,708799.4,0.0229,0.0114
20220217,9099.9,2459.4,0.2703,16236.5,709697.3,0.02288,0.01282
20220218,8084.7,2163.8,0.2676,16198.8,714160.1,0.02268,0.01132
20220221,9016.3,2605.1,0.2889,16268.2,716376.1,0.02271,0.01259
20220222,9792.2,2698.3,0.2756,16296.8,708772.1,0.02299,0.01382
20220223,10420.3,3013.5,0.2892,16362.2,717569.0,0.0228,0.01452
20220224,13641.4,3687.6,0.2703,16314.8,703730.9,0.02318,0.01938
20220225,10194.8,2826.8,0.2773,16295.4,709696.8,0.02296,0.01437
20220228,9499.5,2614.9,0.2753,16311.2,711814.0,0.02291,0.01335
20220301,9696.8,2599.8,0.2681,16326.5,716778.2,0.02278,0.01353
20220302,8986.1,2453.5,0.273,16346.3,714145.4,0.02289,0.01258
20220303,10112.8,2581.6,0.2553,16334.5,711788.4,0.02295,0.01421
20220304,10073.5,2711.3,0.2692,16281.1,703723.6,0.02314,0.01431
20220307,10253.9,2595.3,0.2531,16313.5,686725.0,0.02376,0.01493
20220308,11107.9,2873.1,0.2587,16294.1,669419.6,0.02434,0.01659
20220309,11624.9,2941.7,0.253,16215.9,662044.6,0.02449,0.01756
20220310,10793.3,3045.1,0.2821,16194.9,673032.0,0.02406,0.01604
20220311,10510.0,2995.7,0.285,16133.7,676488.8,0.02385,0.01554
20220314,9705.7,2808.3,0.2893,16147.7,658489.4,0.02452,0.01474
20220315,11247.5,2977.0,0.2647,16023.7,626838.6,0.02556,0.01794
20220316,11929.1,3364.0,0.282,15980.3,649299.2,0.02461,0.01837
20220317,12772.0,3856.4,0.3019,15938.2,660711.7,0.02412,0.01933
20220318,9915.1,2781.6,0.2805,15867.4,666726.7,0.0238,0.01487
20220321,10162.1,2908.2,0.2862,15914.7,669167.1,0.02378,0.01519
20220322,9637.7,2616.7,0.2715,15917.0,669481.0,0.02378,0.0144
20220323,9437.9,2445.0,0.2591,15917.4,673771.6,0.02362,0.01401
20220324,9209.2,2377.7,0.2582,15912.8,668961.0,0.02379,0.01377
20220325,9190.9,2275.5,0.2476,15872.0,660859.7,0.02402,0.01391
20220328,8708.7,2102.4,0.2414,15859.5,659092.2,0.02406,0.01321
20220329,8643.6,2117.1,0.2449,15838.3,656629.9,0.02412,0.01316
20220330,9586.8,2263.4,0.2361,15864.3,671140.9,0.02364,0.01428
20220331,10095.1,2382.4,0.236,15806.9,666730.4,0.02371,0.01514
20220401,9361.3,2187.2,0.2336,15700.1,672094.7,0.02336,0.01393
20220406,9663.5,2128.7,0.2203,15763.1,672429.8,0.02344,0.01437
20220407,9233.7,2093.2,0.2267,15724.0,662173.4,0.02375,0.01394
20220408,9267.1,2031.8,0.2192,15665.4,662901.5,0.02363,0.01398
20220411,9639.9,2035.2,0.2111,15588.8,644141.6,0.0242,0.01497
20220412,9165.7,1857.0,0.2026,15565.7,655171.3,0.02376,0.01399
20220413,8735.6,1817.1,0.208,15514.4,647836.6,0.02395,0.01348
20220414,8703.4,1921.0,0.2207,15502.1,655993.4,0.02363,0.01327
20220415,9115.1,1938.9,0.2127,15414.1,651390.3,0.02366,0.01399
20220418,7786.6,1689.5,0.217,15410.2,650042.2,0.02371,0.01198
20220419,7795.9,1692.2,0.2171,15400.7,650000.5,0.02369,0.01199
20220420,8208.4,1887.5,0.2299,15397.0,640304.0,0.02405,0.01282
20220421,8566.4,1885.3,0.2201,15296.3,623456.8,0.02453,0.01374
20220422,7535.1,1782.9,0.2366,15170.0,623678.3,0.02432,0.01208
20220425,8971.6,2054.7,0.229,14934.5,588662.3,0.02537,0.01524
20220426,8391.0,1923.3,0.2292,14654.5,578633.3,0.02533,0.0145
20220427,9181.6,2200.5,0.2397,14540.0,596105.3,0.02439,0.0154
20220428,8409.6,1979.3,0.2354,14444.6,597342.7,0.02418,0.01408
20220429,9656.9,2317.5,0.24,14337.7,614919.9,0.02332,0.0157
20220505,9012.6,2137.2,0.2371,14397.6,618244.5,0.02329,0.01458
20220506,7600.7,1781.4,0.2344,14387.8,606704.6,0.02371,0.01253
20220509,6717.9,1583.7,0.2357,14408.7,607883.3,0.0237,0.01105
20220510,8471.7,1984.4,0.2342,14423.4,615024.7,0.02345,0.01377
20220511,10786.7,2642.9,0.245,14465.9,620779.2,0.0233,0.01738
20220512,8216.0,1900.8,0.2314,14458.9,620560.8,0.0233,0.01324
20220513,7578.0,1638.6,0.2162,14437.2,626301.5,0.02305,0.0121
20220516,7867.5,1704.8,0.2167,14454.7,624442.0,0.02315,0.0126
20220517,7906.0,1769.4,0.2238,14449.9,629024.6,0.02297,0.01257
20220518,7708.9,1703.4,0.221,14464.3,627646.7,0.02305,0.01228
20220519,8070.0,1821.7,0.2257,14467.4,630652.5,0.02294,0.0128
20220520,9208.6,1968.2,0.2137,14437.1,641539.6,0.0225,0.01435
20220523,8597.9,1847.0,0.2148,14494.9,643020.0,0.02254,0.01337
20220524,9909.8,2202.9,0.2223,14472.4,624904.5,0.02316,0.01586
20220525,7623.8,1596.5,0.2094,14488.0,631541.6,0.02294,0.01207
20220526,8231.6,1674.1,0.2034,14487.1,635138.2,0.02281,0.01296
20220527,8160.1,1660.2,0.2035,14437.9,635194.3,0.02273,0.01285
20220530,8113.4,1608.4,0.1982,14450.1,640799.2,0.02255,0.01266
20220531,9354.4,2034.9,0.2175,14445.6,649515.1,0.02224,0.0144
20220601,8854.2,2000.6,0.2259,14442.7,648913.9,0.02226,0.01364
20220602,8918.9,2236.0,0.2507,14407.0,651856.8,0.0221,0.01368
20220606,11131.1,2825.2,0.2538,14498.9,661898.9,0.02191,0.01682
20220607,10393.7,2460.4,0.2367,14533.5,664018.6,0.02189,0.01565
20220608,11015.9,2618.4,0.2377,14562.4,668286.0,0.02179,0.01648
20220609,9773.1,2090.6,0.2139,14580.9,661068.2,0.02206,0.01478
20220610,10508.0,2337.4,0.2224,14570.0,672012.2,0.02168,0.01564
20220613,10912.4,2319.1,0.2125,14665.3,668682.6,0.02193,0.01632
20220614,10999.3,2346.2,0.2133,14704.9,673537.5,0.02183,0.01633
20220615,12991.0,2683.2,0.2065,14754.2,677454.8,0.02178,0.01918
20220616,10810.2,2389.0,0.221,14790.3,675373.1,0.0219,0.01601
20220617,10937.0,2602.3,0.2379,14769.4,682428.5,0.02164,0.01603
20220620,11648.5,2744.5,0.2356,14831.5,686148.5,0.02162,0.01698
20220621,10803.6,2578.2,0.2386,14809.3,683980.1,0.02165,0.0158
20220622,9967.5,2501.0,0.2509,14850.5,674922.2,0.022,0.01477
20220623,10762.2,2618.7,0.2433,14880.2,687897.4,0.02163,0.01565
20220624,11608.0,2925.5,0.252,14868.5,694905.4,0.0214,0.0167
20220627,12292.5,2980.0,0.2424,14961.1,702231.3,0.02131,0.0175
20220628,12222.6,3000.1,0.2455,15046.7,710061.8,0.02119,0.01721
20220629,13167.9,3172.2,0.2409,15052.5,697933.4,0.02157,0.01887
20220630,11601.1,2747.3,0.2368,15097.7,706780.6,0.02136,0.01641
20220701,10515.6,2441.8,0.2322,15072.0,705477.6,0.02136,0.01491
20220704,11309.0,2691.2,0.238,15153.7,711027.4,0.02131,0.01591
20220705,11814.2,2748.7,0.2327,15187.3,710067.5,0.02139,0.01664
20220706,10869.1,2566.3,0.2361,15231.7,700237.3,0.02175,0.01552
20220707,10532.7,2644.4,0.2511,15276.9,704127.4,0.0217,0.01496
20220708,10296.5,2643.8,0.2568,15234.2,702245.6,0.02169,0.01466
20220711,10090.3,2342.7,0.2322,15245.0,692670.6,0.02201,0.01457
20220712,9770.7,2243.2,0.2296,15223.0,685240.5,0.02222,0.01426
20220713,9425.9,2173.5,0.2306,15246.4,687656.9,0.02217,0.01371
20220714,10280.9,2482.7,0.2415,15264.3,689414.5,0.02214,0.01491
20220715,10881.1,2498.0,0.2296,15212.2,678303.1,0.02243,0.01604
20220718,10218.1,2614.5,0.2559,15263.7,689232.4,0.02215,0.01483
20220719,9971.7,2595.1,0.2602,15292.8,689900.9,0.02217,0.01445
20220720,9529.4,2448.6,0.2569,15311.0,694903.1,0.02203,0.01371
20220721,10186.9,2526.6,0.248,15306.1,688635.1,0.02223,0.01479
20220722,9417.7,2401.6,0.255,15275.5,689479.4,0.02216,0.01366
20220725,8624.0,2179.0,0.2527,15270.3,684656.9,0.0223,0.0126
20220726,8346.5,2046.9,0.2452,15270.4,691282.1,0.02209,0.01207
20220727,8688.1,2293.9,0.264,15309.8,691560.1,0.02214,0.01256
20220728,10078.4,2707.8,0.2687,15312.6,693046.9,0.02209,0.01454
20220729,10149.4,2598.9,0.2561,15277.3,686939.0,0.02224,0.01477
20220801,9941.5,2636.2,0.2652,15305.3,690252.4,0.02217,0.0144
20220802,11814.5,3078.5,0.2606,15184.7,673140.3,0.02256,0.01755
20220803,11155.0,3107.2,0.2785,15154.0,667704.8,0.0227,0.01671
20220804,8995.9,2478.5,0.2755,15177.5,673484.0,0.02254,0.01336
20220805,9957.3,3060.3,0.3073,15145.9,682025.1,0.02221,0.0146
20220808,9533.5,2871.3,0.3012,15186.3,685798.8,0.02214,0.0139
20220809,9535.2,2818.4,0.2956,15231.9,688478.9,0.02212,0.01385
20220810,9671.9,2806.0,0.2901,15263.5,685257.2,0.02227,0.01411
20220811,10674.7,3083.7,0.2889,15278.3,696417.9,0.02194,0.01533
20220812,10001.7,2799.8,0.2799,15223.2,695495.1,0.02189,0.01438
20220815,9769.8,2631.3,0.2693,15277.8,696442.1,0.02194,0.01403
20220816,10209.0,2770.6,0.2714,15304.8,698141.3,0.02192,0.01462
20220817,10751.4,2890.5,0.2688,15330.9,702204.3,0.02183,0.01531
20220818,10546.2,2981.7,0.2827,15362.7,699504.3,0.02196,0.01508
20220819,11206.9,3107.1,0.2773,15307.6,694164.8,0.02205,0.01614
20220822,10271.7,2704.5,0.2633,15319.9,700468.1,0.02187,0.01466
20220823,10026.3,2544.0,0.2537,15349.0,699746.0,0.02194,0.01433
20220824,11264.6,2952.4,0.2621,15293.6,684155.5,0.02235,0.01646
20220825,9866.9,2450.9,0.2484,15262.9,688166.9,0.02218,0.01434
20220826,9294.4,2279.6,0.2453,15209.5,686205.1,0.02216,0.01354
20220829,8460.0,2122.6,0.2509,15218.7,687773.1,0.02213,0.0123
20220830,8386.7,2096.8,0.25,15209.3,685124.0,0.0222,0.01224
20220831,10024.4,2449.2,0.2443,15106.5,677356.3,0.0223,0.0148
20220901,7950.8,1955.4,0.2459,15067.2,673094.8,0.02238,0.01181
20220902,7469.7,1929.7,0.2583,15034.4,674553.9,0.02229,0.01107
20220905,7698.9,1893.5,0.2459,15043.8,676312.8,0.02224,0.01138
20220906,8692.8,2046.0,0.2354,15045.3,685172.2,0.02196,0.01269
20220907,8721.7,2153.1,0.2469,15066.2,686530.4,0.02195,0.0127
20220908,7884.7,1894.2,0.2402,15051.9,683172.9,0.02203,0.01154
20220909,7797.3,1760.5,0.2258,14971.1,688920.7,0.02173,0.01132
20220913,7715.4,1717.3,0.2226,14993.3,690068.2,0.02173,0.01118
20220914,7229.3,1755.6,0.2428,14989.8,683686.5,0.02192,0.01057
20220915,9194.5,2263.0,0.2461,14934.1,673176.2,0.02218,0.01366
20220916,8003.0,1932.1,0.2414,14878.4,657750.4,0.02262,0.01217
20220919,6663.1,1704.6,0.2558,14849.7,655505.0,0.02265,0.01016
20220920,6518.4,1562.8,0.2398,14857.6,658896.6,0.02255,0.00989
20220921,6382.8,1492.1,0.2338,14863.7,657670.0,0.0226,0.00971
20220922,6400.5,1508.0,0.2356,14844.7,654749.6,0.02267,0.00978
20220923,6685.6,1590.5,0.2379,14770.7,649006.3,0.02276,0.0103
20220926,6682.5,1632.1,0.2442,14726.1,642671.3,0.02291,0.0104
20220927,6669.5,1622.5,0.2433,14712.0,653279.8,0.02252,0.01021
20220928,6486.9,1554.2,0.2396,14640.0,640801.4,0.02285,0.01012
20220929,6258.5,1517.3,0.2424,14598.7,640191.7,0.0228,0.00978
20220930,5616.7,1381.3,0.2459,14435.6,635982.1,0.0227,0.00883
20221010,6286.8,1528.8,0.2432,14442.5,624542.8,0.02312,0.01007
20221011,5644.1,1395.9,0.2473,14434.3,626829.4,0.02303,0.009
20221012,7107.8,1830.7,0.2576,14448.0,638399.4,0.02263,0.01113
20221013,7290.3,1870.6,0.2566,14457.5,636936.8,0.0227,0.01145
20221014,8618.2,2362.0,0.2741,14439.4,650960.6,0.02218,0.01324
20221017,8082.8,2268.0,0.2806,14463.3,654237.4,0.02211,0.01235
20221018,7950.4,2166.6,0.2725,14484.5,654578.5,0.02213,0.01215
20221019,7594.2,2004.7,0.264,14503.3,646905.8,0.02242,0.01174
20221020,7972.2,2241.5,0.2812,14509.2,644238.0,0.02252,0.01237
20221021,7133.5,1882.4,0.2639,14467.2,644055.1,0.02246,0.01108
20221024,8816.6,2270.7,0.2576,14496.6,631435.6,0.02296,0.01396
20221025,8034.4,2267.6,0.2822,14495.3,630086.6,0.02301,0.01275
20221026,9149.5,2721.1,0.2974,14535.2,631880.1,0.023,0.01448
20221027,9246.6,2777.8,0.3004,14525.7,632851.8,0.02295,0.01461
20221028,9106.0,2613.2,0.287,14411.9,616663.1,0.02337,0.01477
20221031,8837.4,2542.1,0.2877,14428.2,614398.5,0.02348,0.01438
20221101,9780.8,2667.5,0.2727,14464.4,631706.2,0.0229,0.01548
20221102,10530.1,2979.2,0.2829,14476.9,639048.6,0.02265,0.01648
20221103,8872.0,2543.2,0.2867,14521.5,638174.6,0.02275,0.0139
20221104,10813.4,2906.1,0.2688,14531.4,654781.7,0.02219,0.01651
20221107,10071.3,2751.4,0.2732,14588.3,657426.1,0.02219,0.01532
20221108,8363.5,2297.9,0.2747,14632.2,654786.5,0.02235,0.01277
20221109,7794.5,2076.0,0.2663,14657.5,651448.0,0.0225,0.01196
20221110,8435.0,2421.3,0.2871,14663.2,647872.0,0.02263,0.01302
20221111,12238.4,3198.6,0.2614,14599.0,658627.1,0.02217,0.01858
20221114,10677.9,2689.6,0.2519,14604.5,657943.9,0.0222,0.01623
20221115,10590.8,2909.3,0.2747,14637.0,669887.5,0.02185,0.01581
20221116,9432.2,2601.5,0.2758,14655.6,666192.6,0.022,0.01416
20221117,9134.8,2544.2,0.2785,14683.8,665445.4,0.02207,0.01373
20221118,9795.6,2780.5,0.2839,14650.6,662737.2,0.02211,0.01478
20221121,8504.6,2345.9,0.2758,14711.6,661053.3,0.02225,0.01287
20221122,8853.1,2368.8,0.2676,14711.8,658661.2,0.02234,0.01344
20221123,8311.1,2229.3,0.2682,14716.3,658921.4,0.02233,0.01261
20221124,7486.6,1915.6,0.2559,14716.3,658290.7,0.02236,0.01137
20221125,7404.5,1745.2,0.2357,14645.5,658494.7,0.02224,0.01124
20221128,7589.2,1761.1,0.2321,14642.3,654674.5,0.02237,0.01159
20221129,9685.5,2157.1,0.2227,14661.0,670691.8,0.02186,0.01444
20221130,9317.2,2054.9,0.2206,14643.6,671474.1,0.02181,0.01388
20221201,10588.5,2504.5,0.2365,14655.6,676279.6,0.02167,0.01566
20221202,8650.4,2177.9,0.2518,14638.3,674572.2,0.0217,0.01282
20221205,10555.8,2455.8,0.2327,14707.5,683111.5,0.02153,0.01545
20221206,9985.5,2307.9,0.2311,14715.7,684317.6,0.0215,0.01459
20221207,9493.3,2274.5,0.2396,14742.6,683008.0,0.02158,0.0139
20221208,8703.5,2142.2,0.2461,14742.0,682240.8,0.02161,0.01276
20221209,10095.7,2532.9,0.2509,14715.7,685403.0,0.02147,0.01473
20221212,9103.5,2309.4,0.2537,14768.5,680120.8,0.02171,0.01339
20221213,8169.1,2150.6,0.2633,14769.4,678454.9,0.02177,0.01204
20221214,8112.5,2054.6,0.2533,14746.8,678379.4,0.02174,0.01196
20221215,7667.3,1927.8,0.2514,14771.8,678214.9,0.02178,0.01131
20221216,7618.2,1961.0,0.2574,14718.0,677035.1,0.02174,0.01125
20221219,7571.4,1812.5,0.2394,14697.3,665457.6,0.02209,0.01138
20221220,6400.9,1501.5,0.2346,14699.8,658422.5,0.02233,0.00972
20221221,5751.8,1411.6,0.2454,14662.4,655976.7,0.02235,0.00877
20221222,6579.3,1533.1,0.233,14617.4,653728.1,0.02236,0.01006
20221223,5856.6,1470.5,0.2511,14561.9,652235.3,0.02233,0.00898
20221226,6246.3,1598.6,0.2559,14583.2,658218.9,0.02216,0.00949
20221227,6690.4,1722.5,0.2575,14563.0,664676.0,0.02191,0.01007
20221228,6511.4,1554.3,0.2387,14529.8,661700.0,0.02196,0.00984
20221229,6150.8,1473.5,0.2396,14524.5,659338.3,0.02203,0.00933
20221230,6044.0,1410.3,0.2333,14445.1,662365.0,0.02181,0.00912
20230103,7890.9,1997.6,0.2532,14495.0,669413.5,0.02165,0.01179
20230104,7839.4,1932.1,0.2465,14505.3,671159.5,0.02161,0.01168
20230105,8429.4,2069.8,0.2456,14522.1,679783.2,0.02136,0.0124
20230106,8382.6,2087.2,0.249,14491.5,680416.3,0.0213,0.01232
20230109,8073.2,1970.8,0.2441,14514.5,684605.2,0.0212,0.01179
20230110,7473.1,1849.9,0.2475,14512.1,684932.5,0.02119,0.01091
20230111,7419.2,1847.4,0.249,14497.0,682438.8,0.02124,0.01087
20230112,6814.9,1686.8,0.2475,14476.1,683315.4,0.02119,0.00997
20230113,7024.4,1753.8,0.2497,14430.6,690376.0,0.0209,0.01017
20230116,9172.4,2275.3,0.2481,14433.4,699900.6,0.02062,0.01311
20230117,7072.9,1774.5,0.2509,14419.4,699422.8,0.02062,0.01011
20230118,6360.8,1540.1,0.2421,14386.8,699965.5,0.02055,0.00909
20230119,6872.0,1779.8,0.259,14363.6,703898.4,0.02041,0.00976
20230120,7493.5,1822.1,0.2432,14187.7,709026.0,0.02001,0.01057
20230130,10625.4,2743.6,0.2582,14391.9,713920.3,0.02016,0.01488
20230131,9022.7,2249.1,0.2493,14450.6,710934.1,0.02033,0.01269
20230201,10065.3,2605.0,0.2588,14531.1,718445.1,0.02023,0.01401
20230202,10256.7,2788.7,0.2719,14577.0,718410.1,0.02029,0.01428
20230203,9155.6,2444.3,0.267,14581.0,714253.3,0.02041,0.01282
20230206,8754.5,2539.0,0.29,14641.4,709642.1,0.02063,0.01234
20230207,8463.1,2614.5,0.3089,14694.7,712016.9,0.02064,0.01189
20230208,8054.6,2449.0,0.3041,14709.4,707937.0,0.02078,0.01138
20230209,9018.6,2860.7,0.3172,14728.1,717443.6,0.02053,0.01257
20230210,8937.7,2834.5,0.3171,14706.3,715240.9,0.02056,0.0125
20230213,9826.1,2918.9,0.2971,14769.1,722002.6,0.02046,0.01361
20230214,9227.7,2698.5,0.2924,14806.2,722932.7,0.02048,0.01276
20230215,9426.7,2963.3,0.3144,14838.2,721541.7,0.02056,0.01306
20230216,11974.7,3504.7,0.2927,14811.1,712838.2,0.02078,0.0168
20230217,9176.1,2689.9,0.2931,14767.8,706641.4,0.0209,0.01299
20230220,9528.5,2511.6,0.2636,14821.8,720538.1,0.02057,0.01322
20230221,9253.0,2383.5,0.2576,14845.3,723461.4,0.02052,0.01279
20230222,7860.5,2144.2,0.2728,14877.3,720643.5,0.02064,0.01091
20230223,8106.5,2203.0,0.2718,14882.7,719478.9,0.02069,0.01127
20230224,7284.1,1982.3,0.2721,14866.1,714921.8,0.02079,0.01019
20230227,7558.5,2045.6,0.2706,14874.3,712366.8,0.02088,0.01061
20230228,7596.9,2108.1,0.2775,14880.9,717632.8,0.02074,0.01059
20230301,9222.8,2602.3,0.2822,14911.3,725017.3,0.02057,0.01272
20230302,9369.4,2663.6,0.2843,14913.1,724152.6,0.02059,0.01294
20230303,8721.8,2334.5,0.2677,14883.4,726433.3,0.02049,0.01201
20230306,9556.7,2522.2,0.2639,14940.2,725368.5,0.0206,0.01318
20230307,9363.3,2365.7,0.2527,14919.6,714925.3,0.02087,0.0131
20230308,7226.2,2029.6,0.2809,14936.1,715150.1,0.02089,0.0101
20230309,7594.1,2410.0,0.3174,14957.9,713667.3,0.02096,0.01064
20230310,8153.2,2640.3,0.3238,14904.4,704161.0,0.02117,0.01158
20230313,8424.1,2616.3,0.3106,14922.5,710789.1,0.02099,0.01185
20230314,9349.3,2945.8,0.3151,14943.1,704973.0,0.0212,0.01326
20230315,8204.6,2518.3,0.3069,14945.6,708155.5,0.0211,0.01159
20230316,8480.4,2485.7,0.2931,14942.1,699412.7,0.02136,0.01212
20230317,9750.9,3156.0,0.3237,14929.9,703965.0,0.02121,0.01385
20230320,10592.1,3354.2,0.3167,14957.1,701609.9,0.02132,0.0151
20230321,8960.8,2867.6,0.32,14976.1,708809.5,0.02113,0.01264
20230322,9604.0,3342.5,0.348,15012.6,712111.3,0.02108,0.01349
20230323,10237.3,3502.8,0.3422,15050.8,717222.8,0.02098,0.01427
20230324,10783.0,3755.1,0.3482,15073.0,715406.0,0.02107,0.01507
20230327,11436.2,4097.7,0.3583,15154.3,713987.5,0.02122,0.01602
20230328,10071.6,3523.8,0.3499,15169.9,711488.7,0.02132,0.01416
20230329,9835.5,3419.9,0.3477,15157.8,711085.9,0.02132,0.01383
20230330,9461.9,3078.8,0.3254,15166.9,715096.4,0.02121,0.01323
20230331,9546.2,3259.6,0.3415,15129.9,718939.5,0.02104,0.01328
20230403,12548.0,4506.2,0.3591,15229.3,725320.6,0.021,0.0173
20230404,13276.5,4842.4,0.3647,15244.1,726655.6,0.02098,0.01827
20230406,11956.4,4545.1,0.3801,15325.3,726509.6,0.02109,0.01646
20230407,10557.3,4001.2,0.379,15304.0,730868.6,0.02094,0.01444
20230410,12271.9,4485.6,0.3655,15321.0,727051.0,0.02107,0.01688
20230411,10844.7,3812.9,0.3516,15333.6,727434.3,0.02108,0.01491
20230412,11331.8,4033.4,0.3559,15394.5,730064.6,0.02109,0.01552
20230413,11383.1,4069.2,0.3575,15393.9,726402.9,0.02119,0.01567
20230414,11162.3,4020.7,0.3602,15382.9,729930.4,0.02107,0.01529
20230417,11222.3,3573.8,0.3185,15420.1,737076.3,0.02092,0.01523
20230418,10614.8,3474.5,0.3273,15430.4,738461.3,0.0209,0.01437
20230419,10842.7,3691.4,0.3405,15454.2,734209.6,0.02105,0.01477
20230420,11404.9,4108.8,0.3603,15486.6,733473.9,0.02111,0.01555
20230421,12200.7,4350.1,0.3565,15416.9,718212.3,0.02147,0.01699
20230424,10854.7,3739.1,0.3445,15445.1,712988.3,0.02166,0.01522
20230425,11359.8,3961.6,0.3487,15369.8,707519.7,0.02172,0.01606
20230426,11253.5,4156.4,0.3693,15321.3,708196.0,0.02163,0.01589
20230427,10476.3,3666.3,0.35,15241.6,711376.8,0.02143,0.01473
20230428,11195.1,3787.8,0.3383,15139.2,720299.4,0.02102,0.01554
20230504,11742.7,3567.6,0.3038,15245.3,724299.2,0.02105,0.01621
20230505,10753.9,3340.4,0.3106,15207.1,721814.3,0.02107,0.0149
20230508,11411.9,3207.1,0.281,15263.9,731613.3,0.02086,0.0156
20230509,12266.3,3338.9,0.2722,15278.5,723669.4,0.02111,0.01695
20230510,10227.5,3078.2,0.301,15283.1,718792.3,0.02126,0.01423
20230511,8981.5,2884.2,0.3211,15274.2,718085.1,0.02127,0.01251
20230512,8504.5,2678.0,0.3149,15214.4,710291.5,0.02142,0.01197
20230515,9404.4,2863.2,0.3045,15235.6,718592.6,0.0212,0.01309
20230516,8681.8,2852.3,0.3285,15221.2,713711.4,0.02133,0.01216
20230517,7834.5,2725.1,0.3478,15231.7,713781.2,0.02134,0.01098
20230518,8829.7,3267.6,0.3701,15266.7,716186.3,0.02132,0.01233
20230519,8504.2,3206.3,0.377,15223.6,714570.2,0.0213,0.0119
20230522,7977.9,2749.6,0.3446,15215.1,717166.3,0.02122,0.01112
20230523,7682.5,2698.4,0.3512,15192.7,707723.4,0.02147,0.01086
20230524,8048.9,2909.1,0.3614,15201.7,700629.7,0.0217,0.01149
20230525,8592.2,3183.5,0.3705,15192.1,699528.2,0.02172,0.01228
20230526,8235.6,3110.1,0.3776,15164.4,702080.3,0.0216,0.01173
20230529,9232.6,3424.8,0.3709,15178.8,702013.6,0.02162,0.01315
20230530,9354.6,3425.2,0.3662,15173.7,703613.8,0.02157,0.0133
20230531,9408.7,3517.4,0.3738,15189.0,699368.0,0.02172,0.01345
20230601,9888.7,3679.8,0.3721,15196.3,700460.0,0.02169,0.01412
20230602,9425.2,3382.6,0.3589,15147.0,707432.7,0.02141,0.01332
20230605,8752.7,3159.8,0.361,15171.2,707894.2,0.02143,0.01236
20230606,9395.7,3316.4,0.353,15134.6,698701.2,0.02166,0.01345
20230607,8161.1,2943.7,0.3607,15136.8,698432.7,0.02167,0.01168
20230608,8613.4,3033.8,0.3522,15114.0,700687.8,0.02157,0.01229
20230609,9912.3,3602.3,0.3634,15089.9,704455.2,0.02142,0.01407
20230612,9669.2,3304.0,0.3417,15122.0,709752.0,0.02131,0.01362
20230613,9439.0,3296.4,0.3492,15118.8,712360.5,0.02122,0.01325
20230614,10021.4,3440.6,0.3433,15107.7,712693.3,0.0212,0.01406
20230615,10740.7,3822.9,0.3559,15100.2,718929.4,0.021,0.01494
20230616,10702.1,3741.8,0.3496,15072.8,724513.1,0.0208,0.01477
20230619,11088.0,4060.4,0.3662,15134.8,721816.2,0.02097,0.01536
20230620,10924.8,4040.1,0.3698,15164.8,719557.1,0.02108,0.01518
20230621,10244.8,3765.6,0.3676,15073.6,708816.8,0.02127,0.01445
20230626,9797.8,3355.5,0.3425,15055.2,697785.6,0.02158,0.01404
20230627,8428.6,2716.9,0.3223,15047.2,707227.2,0.02128,0.01192
20230628,8903.6,3058.5,0.3435,15002.0,705964.7,0.02125,0.01261
20230629,8687.6,2978.0,0.3428,15010.5,705939.7,0.02126,0.01231
20230630,9218.5,3202.7,0.3474,14955.0,711509.0,0.02102,0.01296
20230703,10270.6,3371.4,0.3283,14984.6,719945.7,0.02081,0.01427
20230704,9315.8,3104.1,0.3332,15007.8,721079.8,0.02081,0.01292
20230705,8705.7,2947.7,0.3386,15017.1,715926.3,0.02098,0.01216
20230706,8220.5,2746.8,0.3341,15025.4,712899.7,0.02108,0.01153
20230707,8019.1,2713.9,0.3384,14983.3,710411.1,0.02109,0.01129
20230710,7634.4,2527.7,0.3311,14989.9,712656.6,0.02103,0.01071
20230711,7749.8,2578.4,0.3327,14993.4,717221.0,0.0209,0.01081
20230712,9135.9,3037.6,0.3325,14965.3,711095.0,0.02105,0.01285
20230713,9223.4,3112.4,0.3374,14947.9,720891.0,0.02074,0.01279
20230714,9252.9,3228.1,0.3489,14933.6,720956.9,0.02071,0.01283
20230717,8044.3,2747.2,0.3415,14955.8,716213.1,0.02088,0.01123
20230718,7792.3,2587.5,0.3321,14956.9,713840.8,0.02095,0.01092
20230719,7040.5,2407.0,0.3419,14958.7,713456.2,0.02097,0.00987
20230720,7880.7,2620.1,0.3325,14907.9,706742.4,0.02109,0.01115
20230721,7127.6,2384.2,0.3345,14855.9,706118.6,0.02104,0.01009
20230724,6603.0,2062.2,0.3123,14855.2,705007.8,0.02107,0.00937
20230725,9495.2,2647.1,0.2788,14851.2,720667.7,0.02061,0.01318
20230726,7935.8,2410.0,0.3037,14837.6,717863.2,0.02067,0.01105
20230727,7848.9,2353.6,0.2999,14823.5,716081.7,0.0207,0.01096
20230728,9541.4,2640.3,0.2767,14792.3,727996.9,0.02032,0.01311
20230731,11094.8,2922.2,0.2634,14862.8,733315.2,0.02027,0.01513
20230801,9600.4,2594.0,0.2702,14881.0,732429.7,0.02032,0.01311
20230802,8388.6,2291.2,0.2731,14910.9,727743.6,0.02049,0.01153
20230803,8349.4,2268.9,0.2717,14927.7,731385.2,0.02041,0.01142
20230804,10513.0,2908.8,0.2767,14933.0,733925.8,0.02035,0.01432
20230807,8919.5,2694.3,0.3021,14987.7,729870.6,0.02053,0.01222
20230808,8003.8,2465.1,0.308,14987.2,727833.6,0.02059,0.011
20230809,7382.5,2457.3,0.3329,14965.7,724012.8,0.02067,0.0102
20230810,6957.8,2287.5,0.3288,14959.5,725626.2,0.02062,0.00959
20230811,7647.5,2364.0,0.3091,14906.0,711223.4,0.02096,0.01075
20230814,7430.8,2339.4,0.3148,14905.8,710007.3,0.02099,0.01047
20230815,7074.7,2374.9,0.3357,14903.2,708284.0,0.02104,0.00999
20230816,7057.0,2333.5,0.3307,14878.3,702445.9,0.02118,0.01005
20230817,7415.1,2449.4,0.3303,14889.2,706634.2,0.02107,0.01049
20230818,7460.9,2567.5,0.3441,14842.2,697843.4,0.02127,0.01069
20230821,6793.3,2260.8,0.3328,14840.4,689799.4,0.02151,0.00985
20230822,8197.0,2751.7,0.3357,14841.9,695806.8,0.02133,0.01178
20230823,7082.1,2355.2,0.3326,14814.6,685115.0,0.02162,0.01034
20230824,7875.1,2663.0,0.3382,14792.0,687270.0,0.02152,0.01146
20230825,7679.7,2686.0,0.3497,14694.6,681371.3,0.02157,0.01127
20230828,11284.2,3501.6,0.3103,14756.2,689173.1,0.02141,0.01637
20230829,10391.2,3620.6,0.3484,14786.9,700635.2,0.02111,0.01483
20230830,9857.6,3652.7,0.3706,14795.3,701614.6,0.02109,0.01405
20230831,8298.4,2972.6,0.3582,14773.4,697823.7,0.02117,0.01189
20230901,7473.8,2484.0,0.3324,14725.0,700951.9,0.02101,0.01066
20230904,8885.1,2633.3,0.2964,14763.3,711392.9,0.02075,0.01249
20230905,8061.2,2812.9,0.3489,14781.6,706684.0,0.02092,0.01141
20230906,7730.8,2946.9,0.3812,14800.5,707301.5,0.02093,0.01093
20230907,7686.3,2917.1,0.3795,14781.8,697980.9,0.02118,0.01101
20230908,6832.8,2754.7,0.4032,14739.6,696873.6,0.02115,0.0098
20230911,8423.5,3067.6,0.3642,14995.0,703303.2,0.02132,0.01198
20230912,7094.5,2577.0,0.3632,15080.4,702334.1,0.02147,0.0101
20230913,6993.9,2501.9,0.3577,15129.6,697616.4,0.02169,0.01003
20230914,6668.8,2261.4,0.3391,15148.9,696803.8,0.02174,0.00957
20230915,7226.4,2389.6,0.3307,15164.0,694585.4,0.02183,0.0104
20230918,6995.1,2293.4,0.3279,15197.8,697836.1,0.02178,0.01002
20230919,6360.2,2012.2,0.3164,15198.2,695829.7,0.02184,0.00914
20230920,5741.6,1836.3,0.3198,15199.1,692327.1,0.02195,0.00829
20230921,5798.7,1829.1,0.3154,15207.9,687172.6,0.02213,0.00844
20230922,7666.2,2577.9,0.3363,15211.6,698781.6,0.02177,0.01097
20230925,7189.1,2482.1,0.3453,15247.2,695579.7,0.02192,0.01034
20230926,6667.1,2403.8,0.3605,15245.7,692673.0,0.02201,0.00963
20230927,7175.0,2534.3,0.3532,15265.4,694235.8,0.02199,0.01034
20230928,7182.5,2517.9,0.3506,15097.0,695762.4,0.0217,0.01032
20231009,7709.7,2703.6,0.3507,15216.3,694035.1,0.02192,0.01111
20231010,7760.9,2747.8,0.3541,15279.9,690366.0,0.02213,0.01124
20231011,8401.0,3076.5,0.3662,15330.5,691447.6,0.02217,0.01215
20231012,8332.4,2835.1,0.3402,15371.8,697669.5,0.02203,0.01194
20231013,8098.6,2895.5,0.3575,15357.3,692973.4,0.02216,0.01169
20231016,8142.5,2784.0,0.3419,15400.2,688347.5,0.02237,0.01183
20231017,7363.9,2490.1,0.3381,15406.0,689793.6,0.02233,0.01068
20231018,7675.6,2494.5,0.325,15395.6,682618.5,0.02255,0.01124
20231019,8136.0,2620.8,0.3221,15399.9,671067.8,0.02295,0.01212
20231020,7324.4,2436.7,0.3327,15370.6,665791.8,0.02309,0.011
20231023,7230.3,2338.5,0.3234,15365.6,655653.4,0.02344,0.01103
20231024,8053.2,2645.3,0.3285,15384.0,661705.2,0.02325,0.01217
20231025,8749.2,2874.5,0.3285,15394.0,665885.9,0.02312,0.01314
20231026,8434.0,2938.8,0.3484,15394.7,669171.2,0.02301,0.0126
20231027,9664.2,3410.9,0.3529,15370.6,677661.6,0.02268,0.01426
20231030,10396.2,3612.4,0.3475,15467.8,681968.2,0.02268,0.01524
20231031,9196.1,3112.8,0.3385,15494.7,680420.1,0.02277,0.01352
20231101,8137.7,2652.7,0.326,15529.5,680871.3,0.02281,0.01195
20231102,7686.4,2630.4,0.3422,15506.9,676625.8,0.02292,0.01136
20231103,8113.8,2835.0,0.3494,15468.5,682409.0,0.02267,0.01189
20231106,10662.4,3617.7,0.3393,15563.2,690904.6,0.02253,0.01543
20231107,9952.4,3506.5,0.3523,15620.1,691500.2,0.02259,0.01439
20231108,10401.2,3809.7,0.3663,15693.0,691178.4,0.0227,0.01505
20231109,9651.7,3462.3,0.3587,15705.7,690285.3,0.02275,0.01398
20231110,8301.9,2874.9,0.3463,15699.9,687364.4,0.02284,0.01208
20231113,8711.4,3113.0,0.3573,15757.0,689888.4,0.02284,0.01263
20231114,8964.8,3276.5,0.3655,15811.3,691971.0,0.02285,0.01296
20231115,9935.8,3594.0,0.3617,15855.5,696191.4,0.02277,0.01427
20231116,8538.5,3099.5,0.363,15864.2,690647.8,0.02297,0.01236
20231117,8291.2,2904.1,0.3503,15861.3,692236.6,0.02291,0.01198
20231120,9313.3,3352.2,0.3599,15942.8,696101.2,0.0229,0.01338
20231121,10085.2,3413.3,0.3384,15947.2,695526.1,0.02293,0.0145
20231122,8886.3,2990.3,0.3365,15955.2,689046.4,0.02316,0.0129
20231123,8398.3,2622.7,0.3123,15964.4,693773.7,0.02301,0.01211
20231124,8307.6,2671.7,0.3216,15914.7,688635.0,0.02311,0.01206
20231127,8592.2,2662.0,0.3098,15928.8,686512.7,0.0232,0.01252
20231128,7955.5,2515.1,0.3161,15933.2,688793.0,0.02313,0.01155
20231129,7928.1,2496.9,0.3149,15953.1,684333.4,0.02331,0.01159
20231130,7857.3,2509.2,0.3193,15925.2,685349.2,0.02324,0.01146
20231201,8448.6,2752.6,0.3258,,,,
20231204,8591.2,2875.0,0.3346,15941.3,684487.6,0.02329,0.01255
20231205,8385.2,2647.2,0.3157,15937.5,672479.5,0.0237,0.01247
20231206,8318.0,2626.9,0.3158,15942.1,673019.7,0.02369,0.01236
20231207,8345.0,2804.6,0.3361,15955.9,672190.0,0.02374,0.01241
20231208,9767.3,3445.9,0.3528,15920.1,672701.4,0.02367,0.01452
20231211,9230.6,2957.5,0.3204,15954.3,678100.0,0.02353,0.01361
20231212,7983.0,2621.3,0.3284,15979.4,680467.1,0.02348,0.01173
20231213,7849.0,2446.7,0.3117,15999.0,672779.9,0.02378,0.01167
20231214,7580.9,2257.3,0.2978,15977.2,670108.1,0.02384,0.01131
20231215,7485.5,2170.5,0.29,15962.9,666981.7,0.02393,0.01122
20231218,7094.4,2045.7,0.2883,15942.3,662497.9,0.02406,0.01071
20231219,6585.7,1953.1,0.2966,15953.4,662656.8,0.02407,0.00994
20231220,6819.4,2037.1,0.2987,15911.0,655516.3,0.02427,0.0104
20231221,7552.4,2305.0,0.3052,15925.5,660153.4,0.02412,0.01144
20231222,7926.8,2495.3,0.3148,15846.5,657769.9,0.02409,0.01205
20231225,6236.4,1836.2,0.2944,15846.3,659489.3,0.02403,0.00946
20231226,6282.0,1843.4,0.2934,15823.5,654148.4,0.02419,0.0096
20231227,6528.8,1864.9,0.2856,15833.5,657732.3,0.02407,0.00993
20231228,9027.4,2585.5,0.2864,15864.8,669075.3,0.02371,0.01349
20231229,8415.7,2595.2,0.3084,15793.0,674842.4,0.0234,0.01247
20240102,8104.1,2306.4,0.2846,15850.1,672235.8,0.02358,0.01206
20240103,7566.5,2174.5,0.2874,15859.4,671622.6,0.02361,0.01127
20240104,6902.2,1931.0,0.2798,15882.0,667714.6,0.02379,0.01034
20240105,7548.2,2049.2,0.2715,15797.9,661112.7,0.0239,0.01142
20240108,6705.7,1840.9,0.2745,15802.1,650985.8,0.02427,0.0103
20240109,6872.9,1973.0,0.2871,15768.4,652656.3,0.02416,0.01053
20240110,6570.4,1863.4,0.2836,15741.4,648987.9,0.02426,0.01012
20240111,7223.2,2084.5,0.2886,15749.2,653537.5,0.0241,0.01105
20240112,6894.4,1949.4,0.2828,15698.5,650950.7,0.02412,0.01059
20240115,6190.8,1716.3,0.2772,15708.4,651138.4,0.02412,0.00951
20240116,6975.3,1870.9,0.2682,15683.0,652516.6,0.02403,0.01069
20240117,6494.6,1703.2,0.2623,15677.4,638001.1,0.02457,0.01018
20240118,8772.0,2333.6,0.266,15610.0,640812.2,0.02436,0.01369
20240119,6805.8,1887.6,0.2773,15536.8,637073.0,0.02439,0.01068
20240122,8054.4,2246.1,0.2789,15385.9,616535.8,0.02496,0.01306
20240123,7134.5,2053.8,0.2879,15345.2,620680.5,0.02472,0.01149
20240124,7774.9,2095.8,0.2696,15322.9,630750.7,0.02429,0.01233
20240125,9034.9,2330.7,0.258,15363.8,649045.9,0.02367,0.01392
20240126,8397.4,2149.1,0.2559,15313.9,648393.2,0.02362,0.01295
20240129,8153.2,2102.6,0.2579,15278.9,639310.4,0.0239,0.01275
20240130,6714.0,1727.2,0.2572,15199.2,625877.2,0.02428,0.01073
20240131,7674.3,2133.6,0.278,15005.3,613807.4,0.02445,0.0125
20240201,7111.8,1963.4,0.2761,14890.7,610270.0,0.0244,0.01165
20240202,8144.0,2162.3,0.2655,14599.3,598388.1,0.0244,0.01361
20240205,8853.2,2549.0,0.2879,14204.6,587450.5,0.02418,0.01507
20240206,9362.9,2586.4,0.2762,14053.2,610228.8,0.02303,0.01534
20240207,10335.3,2829.0,0.2737,13921.6,619441.1,0.02247,0.01668
20240208,10253.3,2918.9,0.2847,13751.8,630703.8,0.0218,0.01626
20240219,9650.1,2906.3,0.3012,13906.3,641166.3,0.02169,0.01505
20240220,7987.8,2476.8,0.3101,13967.0,644260.4,0.02168,0.0124
20240221,9902.6,2846.9,0.2875,14022.0,650761.2,0.02155,0.01522
20240222,8309.5,2538.4,0.3055,14079.9,658946.5,0.02137,0.01261
20240223,9303.8,3004.7,0.323,14127.1,663828.5,0.02128,0.01402
20240226,9977.8,3240.9,0.3248,14214.1,660604.8,0.02152,0.0151
20240227,10030.7,3360.9,0.3351,14324.8,671424.2,0.02133,0.01494
20240228,13716.5,4397.8,0.3206,14356.3,654880.4,0.02192,0.02095
20240229,10637.0,3333.9,0.3134,14409.1,670580.2,0.02149,0.01586
20240301,10659.2,3382.0,0.3173,14430.8,675150.7,0.02137,0.01579
20240304,10862.7,3385.7,0.3117,14528.1,677507.4,0.02144,0.01603
20240305,10758.5,3355.2,0.3119,14482.6,677701.0,0.02137,0.01588
20240306,9397.1,2859.8,0.3043,14535.0,676658.5,0.02148,0.01389
20240307,9897.4,2994.5,0.3025,14516.5,672233.2,0.02159,0.01472
20240308,8666.9,2657.6,0.3066,14529.3,677433.6,0.02145,0.01279
20240311,10125.3,3213.9,0.3174,14608.9,685682.5,0.02131,0.01477
20240312,11517.8,3473.2,0.3015,14682.0,686037.3,0.0214,0.01679
20240313,10607.4,3404.9,0.321,14752.1,683941.8,0.02157,0.01551
20240314,10132.0,3140.1,0.3099,14763.1,681793.7,0.02165,0.01486
20240315,9538.3,2953.5,0.3096,14765.4,686384.9,0.02151,0.0139
20240318,11453.4,3583.9,0.3129,14901.4,694536.0,0.02146,0.01649
20240319,10849.4,3459.7,0.3189,14938.2,690483.0,0.02163,0.01571
20240320,10056.9,3351.3,0.3332,15007.1,693890.5,0.02163,0.01449
20240321,10742.0,3582.4,0.3335,15062.9,693472.9,0.02172,0.01549
20240322,11031.2,3655.8,0.3314,15042.0,686478.8,0.02191,0.01607
20240325,10493.0,3354.2,0.3197,15034.7,679302.5,0.02213,0.01545
20240326,9610.0,3109.3,0.3235,15024.7,680692.4,0.02207,0.01412
20240327,8945.4,2775.7,0.3103,14985.1,669164.5,0.02239,0.01337
20240328,9374.1,2938.0,0.3134,15021.2,675608.8,0.02223,0.01388
20240329,8634.0,2663.9,0.3085,14964.3,682145.6,0.02194,0.01266
20240401,10038.6,2974.1,0.2963,15038.0,693355.6,0.02169,0.01448
20240402,9727.0,2957.6,0.3041,15052.5,692242.8,0.02174,0.01405
20240403,9226.4,2699.1,0.2925,14986.2,690058.5,0.02172,0.01337
20240408,9359.6,2511.1,0.2683,15036.2,682823.9,0.02202,0.01371
20240409,7998.1,2269.5,0.2838,15042.9,684849.8,0.02197,0.01168
20240410,8374.8,2341.7,0.2796,15011.0,677880.0,0.02214,0.01235
20240411,8179.4,2285.5,0.2794,14995.8,679175.8,0.02208,0.01204
20240412,8146.6,2272.9,0.279,14958.6,675287.8,0.02215,0.01206
20240415,10020.5,2742.3,0.2737,14932.7,680790.3,0.02193,0.01472
20240416,9520.6,2629.2,0.2762,14858.5,665099.8,0.02234,0.01431
20240417,9238.7,2611.5,0.2827,14906.0,682366.8,0.02184,0.01354
20240418,9555.6,2588.1,0.2708,14929.0,682713.8,0.02187,0.014
20240419,8653.4,2382.4,0.2753,14883.6,679820.3,0.02189,0.01273
20240422,8258.5,2230.6,0.2701,14889.3,675980.3,0.02203,0.01222
20240423,7793.2,2198.7,0.2821,14859.1,672100.8,0.02211,0.0116
20240424,7993.3,2554.1,0.3195,14859.4,678341.1,0.02191,0.01178
20240425,7780.3,2524.5,0.3245,14853.7,679873.7,0.02185,0.01144
20240426,10911.3,3298.5,0.3023,14819.4,689490.6,0.02149,0.01583
20240429,12168.9,3533.6,0.2904,14876.1,698361.1,0.0213,0.01742
20240430,10356.1,2798.3,0.2702,14740.2,694538.9,0.02122,0.01491
20240506,11071.5,2996.3,0.2706,14890.8,706143.0,0.02109,0.01568
20240507,9730.7,2947.7,0.3029,14920.4,707594.8,0.02109,0.01375
20240508,8687.8,2771.2,0.319,14958.5,701309.8,0.02133,0.01239
20240509,9058.6,2877.2,0.3176,14962.7,708361.1,0.02112,0.01279
20240510,9167.6,2797.1,0.3051,14946.9,707019.6,0.02114,0.01297
20240513,9134.4,2603.3,0.285,14965.7,704150.8,0.02125,0.01297
20240514,8276.1,2376.1,0.2871,14981.3,704672.1,0.02126,0.01174
20240515,7640.8,2193.3,0.287,14964.8,699270.5,0.0214,0.01093
20240516,8504.6,2337.2,0.2748,14991.2,700577.6,0.0214,0.01214
20240517,8901.8,2536.7,0.285,14945.8,708078.8,0.02111,0.01257
20240520,9982.6,2714.3,0.2719,14974.1,711685.0,0.02104,0.01403
20240521,8019.3,2306.0,0.2876,14988.3,708068.6,0.02117,0.01133
20240522,8342.7,2512.4,0.3011,15009.3,708572.4,0.02118,0.01177
20240523,8559.2,2656.3,0.3104,14987.0,698322.0,0.02146,0.01226
20240524,7692.3,2518.4,0.3274,14920.9,691695.7,0.02157,0.01112
20240527,7785.5,2431.0,0.3122,14920.9,699358.6,0.02134,0.01113
20240528,7454.0,2365.7,0.3174,14923.1,694506.3,0.02149,0.01073
20240529,7118.1,2253.2,0.3166,14917.3,695173.0,0.02146,0.01024
20240530,7268.2,2245.8,0.309,14907.9,690598.9,0.02159,0.01052
20240531,7178.5,2440.5,0.34,14883.2,690377.5,0.02156,0.0104
20240603,8339.4,2766.2,0.3317,14869.7,687905.2,0.02162,0.01212
20240604,7489.0,2501.0,0.334,14834.1,691078.6,0.02147,0.01084
20240605,6915.4,2276.4,0.3292,14823.1,684651.0,0.02165,0.0101
20240606,8492.1,2721.8,0.3205,14761.7,678693.9,0.02175,0.01251
20240607,7191.3,2275.4,0.3164,14697.5,678869.2,0.02165,0.01059
20240611,7053.1,2233.9,0.3167,14744.2,676434.1,0.0218,0.01043
20240612,6941.4,2287.7,0.3296,14761.6,679195.5,0.02173,0.01022
20240613,7551.1,2606.3,0.3451,14769.6,676157.0,0.02184,0.01117
20240614,8508.5,2904.9,0.3414,14728.5,677819.8,0.02173,0.01255
20240617,7540.2,2528.5,0.3353,14759.6,675770.0,0.02184,0.01116
20240618,7395.9,2555.1,0.3455,14789.6,679652.6,0.02176,0.01088
20240619,7088.8,2563.7,0.3616,14788.7,675860.8,0.02188,0.01049
20240620,7278.5,2695.9,0.3704,14760.2,669539.4,0.02205,0.01087
20240621,6235.1,2170.8,0.3482,14708.8,668224.1,0.02201,0.00933
20240624,6993.0,2347.7,0.3357,14652.1,658604.5,0.02225,0.01062
20240625,6514.0,2167.3,0.3327,14589.2,655756.5,0.02225,0.00993
20240626,6465.9,2249.3,0.3479,14589.4,663458.7,0.02199,0.00975
20240627,6302.2,2190.1,0.3475,14555.4,655777.7,0.0222,0.00961
20240628,7064.6,2363.0,0.3345,14493.3,659591.7,0.02197,0.01071
20240701,6609.5,2152.9,0.3257,14491.0,665779.7,0.02177,0.00993
20240702,6476.2,2115.1,0.3266,14499.5,664996.5,0.0218,0.00974
20240703,5835.5,1981.9,0.3396,14489.7,661075.8,0.02192,0.00883
20240704,5868.1,1891.2,0.3223,14424.1,654523.2,0.02204,0.00897
20240705,5785.0,1821.2,0.3148,14374.8,654370.3,0.02197,0.00884
20240708,5851.0,1819.5,0.311,14327.8,646432.3,0.02216,0.00905
20240709,7278.5,2311.5,0.3176,14323.6,655815.5,0.02184,0.0111
20240710,6806.5,2109.1,0.3099,14302.6,651574.9,0.02195,0.01045
20240711,7905.6,2510.5,0.3176,14331.4,661219.8,0.02167,0.01196
20240712,6920.1,2156.0,0.3116,14284.1,660974.5,0.02161,0.01047
20240715,6064.9,1892.7,0.3121,14265.1,660307.5,0.0216,0.00919
20240716,6473.8,2125.5,0.3283,14261.3,661721.5,0.02155,0.00978
20240717,6888.3,2126.7,0.3087,14210.7,658267.0,0.02159,0.01046
20240718,6825.1,2282.7,0.3345,14163.5,661011.7,0.02143,0.01033
20240719,6770.7,2213.3,0.3269,14108.0,661706.3,0.02132,0.01023
20240722,6618.0,2116.7,0.3198,14145.0,658966.5,0.02147,0.01004
20240723,6672.1,2144.0,0.3213,14118.5,646162.8,0.02185,0.01033
20240724,6318.7,2037.3,0.3224,14093.3,641388.0,0.02197,0.00985
20240725,5933.4,1863.9,0.3141,14091.5,638930.3,0.02205,0.00929
20240726,6109.4,1888.8,0.3092,14059.6,642946.6,0.02187,0.0095
20240729,5903.3,1920.4,0.3253,14080.1,642237.7,0.02192,0.00919
20240730,6039.7,1902.4,0.315,14084.7,639806.7,0.02201,0.00944
20240731,9086.3,2798.2,0.308,14137.2,655350.6,0.02157,0.01386
20240801,7870.5,2493.9,0.3169,14159.9,653019.2,0.02168,0.01205
20240802,7265.5,2375.2,0.3269,14118.4,646787.9,0.02183,0.01123
20240805,7940.9,2420.4,0.3048,14063.6,636235.2,0.0221,0.01248
20240806,6572.3,1948.5,0.2965,14080.3,639453.7,0.02202,0.01028
20240807,5953.9,1830.2,0.3074,14077.7,639897.8,0.022,0.0093
20240808,6236.4,1916.7,0.3073,14063.0,640188.6,0.02197,0.00974
20240809,5662.1,1732.7,0.306,14044.9,637925.3,0.02202,0.00888
20240812,4988.8,1591.8,0.3191,14032.2,636572.9,0.02204,0.00784
20240813,4800.6,1484.1,0.3092,14041.5,639005.8,0.02197,0.00751
20240814,4804.2,1569.1,0.3266,14049.6,634576.1,0.02214,0.00757
20240815,5945.9,1936.5,0.3257,14029.0,640481.4,0.0219,0.00928
20240816,5944.0,2083.6,0.3505,13999.1,640268.6,0.02186,0.00928
20240819,5734.3,1996.9,0.3482,14000.9,642896.8,0.02178,0.00892
20240820,5614.3,1872.6,0.3335,13983.2,636069.8,0.02198,0.00883
20240821,5128.5,1770.1,0.3452,13965.2,633863.1,0.02203,0.00809
20240822,5522.3,1844.1,0.3339,13907.0,629821.9,0.02208,0.00877
20240823,5130.0,1749.5,0.341,13851.9,630959.1,0.02195,0.00813
20240826,5291.2,1783.3,0.337,13849.8,632379.3,0.0219,0.00837
20240827,5141.5,1668.9,0.3246,13813.6,628848.1,0.02197,0.00818
20240828,4991.1,1550.2,0.3106,13797.4,626948.0,0.02201,0.00796
20240829,6101.7,1982.0,0.3248,13804.7,626866.9,0.02202,0.00973
20240830,8802.9,2761.6,0.3137,13814.4,634436.0,0.02177,0.01388
20240902,7084.7,2178.7,0.3075,13828.8,625957.7,0.02209,0.01132
20240903,5828.0,1815.2,0.3115,13824.2,624267.8,0.02214,0.00934
20240904,5617.3,1824.8,0.3248,13810.9,620111.3,0.02227,0.00906
20240905,5370.4,1776.6,0.3308,13806.6,622627.7,0.02217,0.00863
20240906,5449.5,1751.3,0.3214,13753.9,614178.7,0.02239,0.00887
20240909,5205.7,1495.2,0.2872,13758.7,608582.2,0.02261,0.00855
20240910,5295.4,1625.5,0.307,13759.6,610185.8,0.02255,0.00868
20240911,5012.4,1546.4,0.3085,13741.3,606881.5,0.02264,0.00826
20240912,5174.3,1644.8,0.3179,13729.5,605343.3,0.02268,0.00855
20240913,5286.5,1661.5,0.3143,13643.0,601347.8,0.02269,0.00879
20240918,4818.6,1407.9,0.2922,13630.9,603239.2,0.0226,0.00799
20240919,6295.6,1750.3,0.278,13650.2,611931.1,0.02231,0.01029
20240920,5769.0,1658.4,0.2875,13614.3,611820.1,0.02225,0.00943
20240923,5530.0,1629.6,0.2947,13609.9,614334.2,0.02215,0.009
20240924,9747.2,2774.8,0.2847,13626.7,639713.3,0.0213,0.01524
20240925,11620.3,3300.6,0.284,13625.2,647599.4,0.02104,0.01794
20240926,11667.7,3245.3,0.2781,13661.8,672106.9,0.02033,0.01736
20240927,14563.1,4896.4,0.3362,13847.2,698694.0,0.01982,0.02084
20240930,26131.6,8373.5,0.3204,14306.5,761424.6,0.01879,0.03432
20241008,34865.2,12217.3,0.3504,15381.4,806610.1,0.01907,0.04322
20241009,29694.0,12025.9,0.405,15780.7,747411.7,0.02111,0.03973
20241010,21659.1,8037.7,0.3711,15794.9,755204.8,0.02091,0.02868
20241011,15901.6,6099.8,0.3836,15716.0,732847.6,0.02145,0.0217
20241014,16535.7,6199.5,0.3749,15780.2,750530.7,0.02103,0.02203
20241015,16581.1,6922.6,0.4175,15801.8,732875.0,0.02156,0.02262
20241016,13931.8,5470.7,0.3927,15818.9,732343.7,0.0216,0.01902
20241017,15227.7,6184.8,0.4062,15855.7,726014.1,0.02184,0.02097
20241018,21347.2,8966.0,0.42,16016.4,749677.7,0.02136,0.02848
20241021,22338.5,9981.4,0.4468,16249.1,755240.7,0.02152,0.02958
20241022,19637.3,8388.6,0.4272,16334.9,760142.8,0.02149,0.02583
20241023,19681.0,7776.4,0.3951,16418.7,763057.7,0.02152,0.02579
20241024,15652.3,6070.8,0.3878,16493.7,757650.5,0.02177,0.02066
20241025,18329.8,7153.9,0.3903,16545.7,765226.6,0.02162,0.02395
20241028,19060.7,6909.9,0.3625,16708.4,772298.5,0.02163,0.02468
20241029,21177.1,7682.1,0.3628,16770.7,763143.6,0.02198,0.02775
20241030,18970.8,6756.3,0.3561,16883.4,760445.4,0.0222,0.02495
20241031,22655.7,7889.5,0.3482,16990.5,764729.0,0.02222,0.02963
20241101,22720.5,7243.4,0.3188,16913.2,757566.3,0.02233,0.02999
20241104,17267.2,5279.6,0.3058,17067.2,768939.0,0.0222,0.02246
20241105,23560.4,7897.0,0.3352,17294.1,789464.4,0.02191,0.02984
20241106,26294.8,8918.3,0.3392,17521.7,789451.6,0.02219,0.03331
20241107,25671.4,8228.2,0.3205,17764.7,809187.3,0.02195,0.03172
20241108,27355.8,9419.5,0.3443,17944.5,805690.0,0.02227,0.03395
20241111,25489.0,9286.6,0.3643,18310.8,813577.5,0.02251,0.03133
20241112,25897.3,9115.1,0.352,18352.2,804407.2,0.02281,0.03219
20241113,20430.9,7180.6,0.3515,18428.4,807261.6,0.02283,0.02531
20241114,18725.1,6355.2,0.3394,18355.8,790521.7,0.02322,0.02369
20241115,18654.5,6513.7,0.3492,18262.2,776616.5,0.02352,0.02402
20241118,17976.6,5824.2,0.324,18228.4,770289.7,0.02366,0.02334
20241119,15979.6,5146.9,0.3221,18258.0,779248.3,0.02343,0.02051
20241120,16529.0,5802.0,0.351,18311.2,786600.6,0.02328,0.02101
20241121,16567.3,5801.3,0.3502,18343.2,787369.1,0.0233,0.02104
20241122,18336.0,6116.8,0.3336,18220.5,762158.0,0.02391,0.02406
20241125,15227.4,4967.4,0.3262,18267.6,762232.5,0.02397,0.01998
20241126,13352.4,4384.1,0.3283,18214.0,759173.0,0.02399,0.01759
20241127,14891.4,5022.2,0.3373,18246.2,772035.3,0.02363,0.01929
20241128,15266.1,5190.9,0.34,18283.3,767966.0,0.02381,0.01988
20241129,17475.4,6204.7,0.3551,18338.5,777602.6,0.02358,0.02247
20241202,18263.8,6257.9,0.3426,18452.6,788849.4,0.02339,0.02315
20241203,17567.7,5868.7,0.3341,18484.3,790853.5,0.02337,0.02221
20241204,16981.7,5702.0,0.3358,18475.9,785077.7,0.02353,0.02163
20241205,15272.7,5405.6,0.3539,18547.8,787954.5,0.02354,0.01938
20241206,18185.5,6272.5,0.3449,18532.7,796851.0,0.02326,0.02282
20241209,16620.0,5452.1,0.328,18567.2,795701.8,0.02333,0.02089
20241210,22287.2,7773.8,0.3488,18704.6,801348.4,0.02334,0.02781
20241211,17990.9,6132.6,0.3409,18758.5,804958.3,0.0233,0.02235
20241212,18893.0,6309.1,0.3339,18826.6,812619.1,0.02317,0.02325
20241213,20911.4,7115.5,0.3403,18740.1,796177.8,0.02354,0.02626
20241216,17176.0,5606.0,0.3264,18743.2,792680.0,0.02365,0.02167
20241217,15263.1,4862.1,0.3186,18684.1,784030.5,0.02383,0.01947
20241218,13772.2,4509.6,0.3274,18697.3,788706.9,0.02371,0.01746
20241219,14659.4,4818.1,0.3287,18704.9,787771.7,0.02374,0.01861
20241220,15346.3,5732.6,0.3735,18750.8,788520.8,0.02378,0.01946
20241223,15470.2,5429.6,0.351,18690.5,779348.7,0.02398,0.01985
20241224,13227.4,4534.7,0.3428,18704.0,788909.2,0.02371,0.01677
20241225,12965.9,4426.9,0.3414,18693.8,785187.3,0.02381,0.01651
20241226,12876.8,4623.6,0.3591,18705.5,788249.8,0.02373,0.01634
20241227,14507.6,5083.9,0.3504,18664.6,789338.4,0.02365,0.01838
20241230,12904.3,4423.4,0.3428,18697.1,789509.3,0.02368,0.01634
20241231,13599.4,4509.3,0.3316,18541.5,774842.7,0.02393,0.01755
20250102,14106.5,4428.5,0.3139,18471.2,754340.4,0.02449,0.0187
20250103,12832.3,4105.6,0.3199,18293.7,740141.0,0.02472,0.01734
20250106,10719.4,3365.4,0.314,18213.2,738673.1,0.02466,0.01451
20250107,10901.5,3622.6,0.3323,18215.8,746568.0,0.0244,0.0146
20250108,12584.6,4146.5,0.3295,18171.7,745780.3,0.02437,0.01687
20250109,11307.5,3716.2,0.3287,18167.4,743934.0,0.02442,0.0152
20250110,11637.5,3927.0,0.3374,18078.8,731327.8,0.02472,0.01591
20250113,9768.3,3268.8,0.3346,18070.4,730202.9,0.02475,0.01338
20250114,13729.0,4963.8,0.3616,18185.5,753433.3,0.02414,0.01822
20250115,12124.3,4229.2,0.3488,18203.1,749394.2,0.02429,0.01618
20250116,12935.4,4621.7,0.3573,18214.8,752231.0,0.02421,0.0172
20250117,11523.6,4123.7,0.3578,18147.7,754514.1,0.02405,0.01527
20250120,11974.4,4162.7,0.3476,18156.9,757562.5,0.02397,0.01581
20250121,12183.8,4372.6,0.3589,18170.1,758066.2,0.02397,0.01607
20250122,11483.5,4154.7,0.3618,18151.8,750978.4,0.02417,0.01529
20250123,13703.5,4966.7,0.3624,18099.8,752683.6,0.02405,0.01821
20250124,12344.0,4605.2,0.3731,17988.0,759787.4,0.02367,0.01625
20250127,11282.7,4182.3,0.3707,17645.4,756713.8,0.02332,0.01491
20250205,13008.6,5091.0,0.3914,17843.8,754505.3,0.02365,0.01724
20250206,15559.8,6115.6,0.393,17990.1,764490.0,0.02353,0.02035
20250207,19929.5,7583.1,0.3805,18100.6,774264.1,0.02338,0.02574
20250210,17605.1,6681.1,0.3795,18291.9,781250.0,0.02341,0.02253
20250211,16787.1,6265.6,0.3732,18353.4,779391.3,0.02355,0.02154
20250212,17125.0,6374.2,0.3722,18425.5,787348.9,0.0234,0.02175
20250213,18553.8,6637.5,0.3577,18417.2,783478.5,0.02351,0.02368
20250214,17459.6,6569.6,0.3763,18423.2,787728.7,0.02339,0.02216
20250217,19717.8,7489.4,0.3798,18584.1,790687.5,0.0235,0.02494
20250218,18262.9,6742.7,0.3692,18514.4,780341.4,0.02373,0.0234
20250219,17492.3,6636.1,0.3794,18615.5,789574.6,0.02358,0.02215
20250220,17914.6,6850.5,0.3824,18683.5,795533.1,0.02349,0.02252
20250221,22310.6,8826.7,0.3956,18745.1,804007.2,0.02331,0.02775
20250224,21153.7,8081.3,0.382,18864.4,803008.0,0.02349,0.02634
20250225,19254.8,7427.2,0.3857,18931.6,796019.5,0.02378,0.02419
20250226,19697.0,7798.0,0.3959,19031.7,804187.1,0.02367,0.02449
20250227,20418.9,7889.2,0.3864,19050.3,804679.2,0.02367,0.02538
20250228,19054.9,7202.3,0.378,18871.7,785728.5,0.02402,0.02425
20250303,16642.6,6260.7,0.3762,18863.8,786328.3,0.02399,0.02116
20250304,14799.0,5713.4,0.3861,18882.9,789252.9,0.02393,0.01875
20250305,15456.9,5752.0,0.3721,18917.2,793272.4,0.02385,0.01948
20250306,19532.2,7714.8,0.395,19088.1,803910.0,0.02374,0.0243
20250307,18615.7,6975.2,0.3747,18992.6,801318.9,0.0237,0.02323
20250310,15440.1,5719.0,0.3704,19089.7,801050.9,0.02383,0.01927
20250311,15198.2,5366.4,0.3531,19106.9,804603.7,0.02375,0.01889
20250312,17255.4,6264.5,0.363,19223.8,803855.7,0.02391,0.02147
20250313,16483.6,5855.6,0.3552,19162.5,798757.8,0.02399,0.02064
20250314,18409.5,6348.3,0.3448,19174.9,815169.1,0.02352,0.02258
20250317,16209.3,5731.7,0.3536,19296.3,816057.4,0.02365,0.01986
20250318,15642.2,5753.4,0.3678,19378.7,818358.9,0.02368,0.01911
20250319,15069.0,5480.6,0.3637,19381.4,815769.3,0.02376,0.01847
20250320,14766.2,5177.4,0.3506,19402.6,811252.1,0.02392,0.0182
20250321,15797.5,5460.8,0.3457,19261.4,799301.0,0.0241,0.01976
20250324,14744.3,5015.4,0.3402,19204.6,798575.8,0.02405,0.01846
20250325,12875.0,4331.9,0.3365,19177.5,797528.2,0.02405,0.01614
20250326,11801.8,3850.4,0.3263,19184.1,798334.4,0.02403,0.01478
20250327,12167.6,4211.1,0.3461,19151.9,799432.6,0.02396,0.01522
20250328,11450.2,3813.8,0.3331,19113.2,793300.6,0.02409,0.01443
20250331,12432.9,4136.3,0.3327,19075.6,788823.2,0.02418,0.01576
20250401,11527.8,3987.3,0.3459,19028.0,791197.8,0.02405,0.01457
20250402,9927.0,3382.3,0.3407,19007.8,792142.6,0.024,0.01253
20250403,11582.2,3898.8,0.3366,18919.6,787483.3,0.02403,0.01471
20250407,16179.7,6183.5,0.3822,18439.9,720830.1,0.02558,0.02245
20250408,16532.1,5084.8,0.3076,18053.8,730245.5,0.02472,0.02264
20250409,17410.0,5514.5,0.3167,17995.6,740883.0,0.02429,0.0235
20250410,16590.5,5402.2,0.3256,18023.1,753047.3,0.02393,0.02203
20250411,13906.9,4758.9,0.3422,17982.8,756767.8,0.02376,0.01838
20250414,13126.7,4267.9,0.3251,18071.0,763599.9,0.02367,0.01719
20250415,11102.2,3522.8,0.3173,18075.9,763793.0,0.02367,0.01454
20250416,11408.1,3577.0,0.3136,18024.1,762578.0,0.02364,0.01496
20250417,10304.2,3290.4,0.3193,17990.0,763481.0,0.02356,0.0135
20250418,9491.7,2958.6,0.3117,17927.1,763370.6,0.02348,0.01243
20250421,10735.8,3560.3,0.3316,17984.4,770025.8,0.02336,0.01394
20250422,11212.1,3631.9,0.3239,17977.6,770744.0,0.02333,0.01455
20250423,12624.6,4339.0,0.3437,17997.9,772403.1,0.0233,0.01634
20250424,11389.2,3827.2,0.336,17968.7,770720.3,0.02331,0.01478
20250425,11370.1,3721.7,0.3273,17914.7,771284.3,0.02323,0.01474
20250428,10767.8,3391.9,0.315,17926.8,767821.2,0.02335,0.01402
20250429,10417.3,3459.7,0.3321,17913.3,767801.8,0.02333,0.01357
20250430,11930.9,3913.6,0.328,17756.9,768301.1,0.02311,0.01553
20250506,13644.5,4670.7,0.3423,17900.7,780171.3,0.02294,0.01749
20250507,15050.7,5218.2,0.3467,17972.9,785706.3,0.02287,0.01916
20250508,13218.0,4628.0,0.3501,17971.5,789955.2,0.02275,0.01673
20250509,12223.9,4193.6,0.3431,17924.5,786215.7,0.0228,0.01555
20250512,13408.7,4597.0,0.3428,17970.6,795029.7,0.0226,0.01687
20250513,13260.2,4512.3,0.3403,17984.0,795353.2,0.02261,0.01667
20250514,13499.1,4467.8,0.331,17995.5,801393.4,0.02246,0.01684
20250515,11904.2,3787.8,0.3182,17967.4,793963.1,0.02263,0.01499
20250516,11241.2,3655.7,0.3252,17948.6,792274.3,0.02265,0.01419
20250519,11188.8,3578.2,0.3198,17984.5,793439.4,0.02267,0.0141
20250520,12112.3,3920.2,0.3237,18007.4,798224.9,0.02256,0.01517
20250521,12143.7,3863.6,0.3182,17989.6,799199.0,0.02251,0.01519
20250522,11397.1,3647.9,0.3201,17968.5,794860.1,0.02261,0.01434
20250523,11825.6,3899.2,0.3297,17893.3,787515.2,0.02272,0.01502
20250526,10338.7,3350.7,0.3241,17940.2,785835.8,0.02283,0.01316
20250527,10241.2,3288.0,0.3211,17984.2,784114.5,0.02294,0.01306
20250528,10338.7,3329.7,0.3221,17987.1,783158.6,0.02297,0.0132
20250529,12134.1,4173.6,0.344,17975.8,790685.8,0.02273,0.01535
20250530,11642.5,3965.9,0.3406,17892.4,785283.4,0.02278,0.01483
20250603,11638.3,3912.0,0.3361,17926.9,788672.6,0.02273,0.01476
20250604,11774.1,3951.4,0.3356,17949.3,793619.5,0.02262,0.01484
20250605,13169.6,4619.2,0.3507,17995.3,796439.3,0.02259,0.01654
20250606,11772.1,4027.7,0.3421,17964.1,796398.8,0.02256,0.01478
20250609,13126.6,4624.3,0.3523,18038.6,801107.7,0.02252,0.01639
20250610,14514.4,5185.2,0.3572,18047.8,799135.5,0.02258,0.01816
20250611,12866.8,4424.9,0.3439,18066.0,804053.4,0.02247,0.016
20250612,13036.2,4708.6,0.3612,18089.9,804139.1,0.0225,0.01621
20250613,15040.0,5226.1,0.3475,18044.3,796333.6,0.02266,0.01889
20250616,12436.4,4411.7,0.3547,18100.5,800321.0,0.02262,0.01554
20250617,12371.4,4561.3,0.3687,18153.2,800319.1,0.02268,0.01546
20250618,12217.6,4509.6,0.3691,18166.6,800406.3,0.0227,0.01526
20250619,12808.9,4739.2,0.37,18091.8,792019.5,0.02284,0.01617
20250620,10917.4,4024.2,0.3686,18009.5,790181.4,0.02279,0.01382
20250623,11469.2,4275.2,0.3728,18051.7,796034.4,0.02268,0.01441
20250624,14480.6,5426.1,0.3747,18103.0,807353.8,0.02242,0.01794
20250625,16395.1,6360.9,0.388,18172.2,816666.1,0.02225,0.02008
20250626,16232.2,6223.0,0.3834,18265.5,814665.6,0.02242,0.01993
20250627,15756.9,5663.8,0.3594,18274.6,811872.4,0.02251,0.01941
20250630,15173.7,5714.7,0.3766,18381.5,818124.8,0.02247,0.01855
20250701,14965.3,5542.4,0.3703,18419.0,821305.0,0.02243,0.01822
20250702,14051.1,4861.6,0.346,18429.9,819265.9,0.0225,0.01715
20250703,13335.1,4712.0,0.3534,18463.9,822979.6,0.02244,0.0162
20250704,14545.2,5216.0,0.3586,18400.5,823478.4,0.02234,0.01766
20250707,12270.7,4270.4,0.348,18464.1,823358.3,0.02243,0.0149
20250708,14746.1,5377.7,0.3647,18518.9,831161.1,0.02228,0.01774
20250709,15274.2,5284.5,0.346,18557.4,830419.0,0.02235,0.01839
20250710,15150.7,5069.5,0.3346,18605.0,834164.2,0.0223,0.01816
20250711,17366.1,5691.6,0.3277,18625.9,836102.4,0.02228,0.02077
20250714,14809.2,4825.2,0.3258,18723.2,837847.8,0.02235,0.01768
20250715,16350.0,5591.0,0.342,18772.6,835452.4,0.02247,0.01957
20250716,14617.3,5374.3,0.3677,18840.8,835387.7,0.02255,0.0175
20250717,15602.7,5649.4,0.3621,18911.6,840887.6,0.02249,0.01856
20250718,15933.2,5552.2,0.3485,18891.7,844331.5,0.02237,0.01887
20250721,17271.4,5654.2,0.3274,19045.7,851961.1,0.02236,0.02027
20250722,19286.5,6211.1,0.322,19196.1,857464.5,0.02239,0.02249
20250723,18983.7,5821.7,0.3067,19222.7,855741.7,0.02246,0.02218
20250724,18738.8,5987.8,0.3195,19283.7,862970.6,0.02235,0.02171
20250725,18154.5,5869.1,0.3233,19338.4,861105.6,0.02246,0.02108
20250728,17661.5,6022.5,0.341,19531.0,863665.2,0.02261,0.02045
20250729,18293.1,6635.5,0.3627,19684.2,867460.6,0.02269,0.02109
20250730,18709.8,6647.4,0.3553,19706.0,865935.5,0.02276,0.02161
20250731,19618.5,7248.9,0.3695,19710.3,855164.8,0.02305,0.02294
20250801,16198.8,6225.2,0.3843,19662.7,853403.5,0.02304,0.01898
20250804,15182.0,5918.6,0.3898,19776.0,852983.8,0.02318,0.0178
20250805,16158.2,6213.3,0.3845,19863.1,861126.2,0.02307,0.01876
20250806,17592.4,6875.1,0.3908,19953.3,865943.3,0.02304,0.02032
20250807,18524.8,7233.0,0.3905,19989.2,866613.5,0.02307,0.02138
20250808,17363.0,6596.4,0.3799,19953.6,865929.6,0.02304,0.02005
20250811,18499.2,6980.1,0.3773,20122.0,872399.0,0.02307,0.0212
20250812,19052.1,7347.2,0.3856,20203.7,878377.2,0.023,0.02169
20250813,21752.1,8321.9,0.3826,20320.6,882450.4,0.02303,0.02465
20250814,23062.8,8682.9,0.3765,20410.6,876470.4,0.02329,0.02631
20250815,22728.4,8636.7,0.38,20486.0,886738.7,0.0231,0.02563
20250818,28091.3,10950.3,0.3898,20881.0,903521.2,0.02311,0.03109
20250819,26406.8,9899.8,0.3749,21175.1,905860.1,0.02338,0.02915
20250820,24484.1,8730.9,0.3566,21329.7,914428.9,0.02333,0.02678
20250821,24603.4,8712.7,0.3541,21319.5,914743.3,0.02331,0.0269
20250822,25788.4,9791.0,0.3797,21401.3,928166.1,0.02306,0.02778
20250825,31769.5,12175.8,0.3833,21729.7,943512.4,0.02303,0.03367
20250826,27098.3,10005.4,0.3692,21921.6,942054.4,0.02327,0.02877
20250827,31977.9,12235.6,0.3826,22123.5,925077.5,0.02392,0.03457
20250828,30008.9,11913.1,0.397,22284.4,937643.6,0.02377,0.032
20250829,28302.0,10710.6,0.3784,22454.7,940459.9,0.02388,0.03009
20250901,27776.5,10297.2,0.3707,22808.3,944192.4,0.02416,0.02942
20250902,29124.2,11041.1,0.3791,22723.7,933599.7,0.02434,0.0312
20250903,23956.8,8889.8,0.3711,22739.1,922668.6,0.02464,0.02596
20250904,25818.9,9885.6,0.3829,22642.1,908510.4,0.02492,0.02842
20250905,23483.6,9119.4,0.3883,22713.1,926659.6,0.02451,0.02534
20250908,24631.4,9417.1,0.3823,22975.4,932639.0,0.02463,0.02641
20250909,21520.8,7824.5,0.3636,23034.9,928389.9,0.02481,0.02318
20250910,20039.5,7637.1,0.3811,23092.7,930407.4,0.02482,0.02154
20250911,24645.9,9798.0,0.3976,23236.8,948717.9,0.02449,0.02598
20250912,25483.1,9655.3,0.3789,23349.6,947997.6,0.02463,0.02688
20250915,23031.8,8735.0,0.3793,23533.0,947820.5,0.02483,0.0243
20250916,23670.7,8815.1,0.3724,23758.1,951840.4,0.02496,0.02487
20250917,24029.2,9189.8,0.3824,23885.2,957034.2,0.02496,0.02511
20250918,31666.4,11945.6,0.3772,23857.6,945932.6,0.02522,0.03348
20250919,23494.1,8643.7,0.3679,23816.1,943201.9,0.02525,0.02491
20250922,21424.6,8165.5,0.3811,24008.4,946591.9,0.02536,0.02263
20250923,25184.7,9592.1,0.3809,24000.4,943027.6,0.02545,0.02671
20250924,23471.5,9454.1,0.4028,24141.2,953178.9,0.02533,0.02462
20250925,23917.7,9314.3,0.3894,24274.1,953527.7,0.02546,0.02508
20250926,21661.1,8143.9,0.376,24080.6,943787.9,0.02551,0.02295
20250929,21781.4,8135.7,0.3735,24124.5,954888.5,0.02526,0.02281
20250930,21972.5,8410.3,0.3828,23783.9,959717.0,0.02478,0.02289
20251009,26718.2,9962.4,0.3729,24291.9,971757.2,0.025,0.02749
20251010,25341.5,9090.0,0.3587,24256.6,960140.4,0.02526,0.02639
20251013,23742.2,8488.7,0.3575,24279.0,957478.4,0.02536,0.0248
20251014,25965.9,8885.5,0.3422,24302.3,947134.5,0.02566,0.02742
20251015,20903.9,6990.0,0.3344,24325.5,960042.6,0.02534,0.02177
20251016,19486.6,6727.4,0.3452,24401.4,958960.8,0.02545,0.02032
20251017,19544.1,6596.0,0.3375,24128.3,938091.3,0.02572,0.02083
20251020,17512.9,6141.2,0.3507,24132.3,945594.1,0.02552,0.01852
20251021,18926.9,6684.7,0.3532,24272.8,960028.6,0.02528,0.01971
20251022,16902.6,5889.8,0.3485,24355.5,958250.5,0.02542,0.01764
20251023,16607.1,5601.8,0.3373,24339.2,960329.2,0.02534,0.01729
20251024,19916.2,7620.2,0.3826,24398.2,969533.5,0.02516,0.02054
20251027,23565.9,8830.3,0.3747,24642.9,981337.5,0.02511,0.02401
20251028,21653.1,8050.9,0.3718,24769.9,978921.9,0.0253,0.02212
20251029,22906.7,8516.4,0.3718,24885.8,988284.0,0.02518,0.02318
20251030,24642.9,9049.5,0.3672,24811.8,979345.2,0.02534,0.02516
20251031,23498.1,8540.8,0.3635,24689.2,973140.8,0.02537,0.02415
20251103,21329.0,7642.1,0.3583,24770.1,978073.2,0.02533,0.02181
20251104,19383.9,6680.0,0.3446,24736.9,970675.2,0.02548,0.01997
20251105,18943.4,6539.9,0.3452,24735.4,973641.1,0.02541,0.01946
20251106,20759.0,7218.1,0.3477,24805.5,983815.0,0.02521,0.0211
20251107,20202.0,6907.1,0.3419,24755.3,981373.3,0.02523,0.02059
20251110,21943.7,7260.1,0.3309,24831.6,986482.3,0.02517,0.02224
20251111,20138.9,7044.2,0.3498,24871.6,981006.4,0.02535,0.02053
20251112,19648.1,6741.2,0.3431,24840.9,980553.8,0.02533,0.02004
20251113,20656.8,7177.6,0.3475,24881.5,990871.9,0.02511,0.02085
20251114,19803.8,6791.3,0.3429,24747.0,979610.9,0.02526,0.02022
20251117,19303.2,6684.2,0.3463,24823.2,977117.7,0.0254,0.01976
20251118,19459.6,6949.1,0.3571,24849.0,968170.2,0.02567,0.0201
20251119,17426.7,6153.5,0.3531,24803.2,967627.5,0.02563,0.01801
20251120,17226.3,5940.8,0.3449,24743.9,960917.6,0.02575,0.01793
20251121,19836.0,7091.9,0.3575,24451.8,934589.2,0.02616,0.02122
20251124,17403.5,6380.2,0.3666,24423.0,937569.0,0.02605,0.01856
20251125,18261.7,7018.3,0.3843,24462.9,947492.1,0.02582,0.01927
20251126,17971.9,7109.6,0.3956,24522.7,947833.1,0.02587,0.01896
20251127,17231.7,6863.4,0.3983,24550.2,948986.0,0.02587,0.01816
20251128,15977.3,6239.7,0.3905,24565.0,954144.1,0.02575,0.01675
20251201,18894.5,7119.5,0.3768,24667.1,961973.0,0.02564,0.01964
20251202,16072.7,5929.1,0.3689,24689.0,957375.4,0.02579,0.01679
20251203,16835.6,6082.9,0.3613,24651.9,951911.2,0.0259,0.01769
20251204,15616.7,5592.0,0.3581,24664.9,951233.6,0.02593,0.01642
20251205,17389.5,6497.8,0.3737,24641.1,959999.4,0.02567,0.01811
20251208,20516.1,7963.4,0.3882,24827.4,967946.5,0.02565,0.0212
20251209,19176.9,7135.8,0.3721,24929.0,964103.2,0.02586,0.01989
20251210,17916.3,6755.6,0.3771,24964.1,963653.6,0.02591,0.01859
20251211,18852.8,7044.7,0.3737,24901.5,954766.9,0.02608,0.01975
20251212,21190.1,8138.8,0.3841,24837.3,959358.9,0.02589,0.02209
20251215,17944.2,6622.1,0.369,24885.7,953514.1,0.0261,0.01882
20251216,17480.9,6166.5,0.3528,24881.1,941881.7,0.02642,0.01856
20251217,18343.6,6736.7,0.3672,24858.8,955035.0,0.02603,0.01921
20251218,16768.0,6092.7,0.3634,24825.6,954711.4,0.026,0.01756
20251219,17487.4,6032.0,0.3449,24871.3,958760.2,0.02594,0.01824
20251222,18821.9,6735.5,0.3579,24997.4,967542.5,0.02584,0.01945
20251223,19213.7,6893.7,0.3588,25146.0,968815.9,0.02596,0.01983
20251224,18972.4,7011.4,0.3696,25247.2,976055.2,0.02587,0.01944
20251225,19439.2,7265.9,0.3738,25285.0,981524.8,0.02576,0.01981
20251226,21811.0,7845.3,0.3597,25264.6,983426.1,0.02569,0.02218
20251229,21576.9,7561.8,0.3505,25348.4,982366.7,0.0258,0.02196
20251230,21615.3,7803.1,0.361,25385.2,982847.6,0.02583,0.02199
20251231,20657.9,7402.7,0.3583,25241.6,982073.3,0.0257,0.02103
20260105,25672.4,9752.5,0.3799,25434.2,999947.4,0.02544,0.02567
20260106,28322.8,10395.1,0.367,25623.1,1015838.8,0.02522,0.02788
20260107,28815.7,10715.8,0.3719,25872.1,1016441.2,0.02545,0.02835
20260108,28263.0,10717.6,0.3792,26031.5,1016552.9,0.02561,0.0278
20260109,31523.7,12030.4,0.3816,26099.4,1027418.6,0.0254,0.03068
20260112,36446.1,14753.7,0.4048,26559.9,1042703.5,0.02547,0.03495
20260113,36988.1,14600.1,0.3947,26653.9,1031934.3,0.02583,0.03584
20260114,39868.6,15700.9,0.3938,26806.3,1032399.7,0.02597,0.03862
20260115,29384.9,11547.6,0.393,27012.4,1029992.5,0.02623,0.02853
20260116,30565.2,11906.4,0.3895,27144.3,1026924.7,0.02643,0.02976
20260119,27322.2,10102.0,0.3697,27059.3,1031157.2,0.02624,0.0265
20260120,28042.4,10074.8,0.3593,26920.2,1028536.1,0.02617,0.02726
20260121,26237.5,9662.1,0.3683,27035.7,1031949.0,0.0262,0.02543
20260122,27164.0,9955.8,0.3665,27075.4,1035956.4,0.02614,0.02622
20260123,31181.1,11566.6,0.3709,27061.4,1043164.1,0.02594,0.02989
20260126,32806.4,11892.6,0.3625,27080.2,1038839.6,0.02607,0.03158
20260127,29214.5,10736.2,0.3675,27059.0,1039600.9,0.02603,0.0281
20260128,29922.9,10682.9,0.357,27252.6,1041258.0,0.02617,0.02874
20260129,32594.2,11047.6,0.3389,27222.3,1040807.6,0.02615,0.03132
20260130,28624.3,10209.4,0.3567,26986.9,1031305.9,0.02617,0.02776
20260202,26066.4,9527.9,0.3655,26926.8,1006666.5,0.02675,0.02589
20260203,25656.1,9609.1,0.3745,26898.4,1023753.9,0.02627,0.02506
20260204,25032.6,9229.3,0.3687,26759.0,1030556.4,0.02597,0.02429
20260205,21942.8,7702.3,0.351,26640.7,1021453.4,0.02608,0.02148
20260206,21634.8,7666.9,0.3544,26470.5,1018627.5,0.02599,0.02124
20260209,22701.8,8806.9,0.3879,26475.7,1035041.6,0.02558,0.02193
20260210,21247.4,8168.6,0.3844,26437.4,1036340.9,0.02551,0.0205
20260211,20010.4,7460.9,0.3729,26278.2,1035826.7,0.02537,0.01932
20260212,21607.7,8405.3,0.389,26293.4,1038304.9,0.02532,0.02081
20260213,19989.4,7577.3,0.3791,25723.8,1025773.1,0.02508,0.01949
20260224,22181.6,8256.9,0.3722,26062.7,1037231.8,0.02513,0.02139
20260225,24808.9,8654.6,0.3489,26299.1,1045735.5,0.02515,0.02372
20260226,25566.4,9655.4,0.3777,26499.8,1046863.1,0.02531,0.02442
20260227,25054.8,9256.2,0.3694,26518.6,1050558.2,0.02524,0.02385
20260302,30457.6,10374.3,0.3406,26562.8,1050308.0,0.02529,0.029
20260303,31575.6,10629.9,0.3366,26337.8,1028120.3,0.02562,0.03071
20260304,23879.4,7628.9,0.3195,26254.9,1019735.7,0.02575,0.02342
20260305,24125.9,8627.2,0.3576,26338.3,1028525.2,0.02561,0.02346
20260306,22192.4,7580.9,0.3416,26276.7,1034593.5,0.0254,0.02145
20260309,26705.8,9021.1,0.3378,26275.2,1028898.9,0.02554,0.02596
20260310,24168.3,8943.1,0.37,26372.9,1040162.9,0.02535,0.02324
20260311,25282.9,9070.6,0.3588,26426.9,1045119.2,0.02529,0.02419
20260312,24605.6,8257.5,0.3356,26459.5,1041825.5,0.0254,0.02362
20260313,24172.8,8075.8,0.3341,26332.6,1033068.6,0.02549,0.0234
20260316,23399.0,7829.7,0.3346,26430.0,1032428.5,0.0256,0.02266
20260317,22245.7,7656.6,0.3442,26339.9,1019645.6,0.02583,0.02182
20260318,20610.3,7453.4,0.3616,26365.4,1025461.3,0.02571,0.0201
20260319,21272.6,7542.3,0.3546,26322.5,1007664.8,0.02612,0.02111
20260320,23028.2,9094.1,0.3949,26148.4,995831.9,0.02626,0.02312
20260323,24481.1,8616.6,0.352,26033.3,958492.7,0.02716,0.02554
20260324,20960.7,7320.3,0.3492,25964.4,976711.9,0.02658,0.02146
20260325,21928.5,7835.7,0.3573,25996.0,992271.3,0.0262,0.0221
20260326,19569.7,6809.4,0.348,25987.6,980352.0,0.02651,0.01996
20260327,18637.9,6562.9,0.3521,25908.1,988575.0,0.02621,0.01885
20260330,19275.5,6531.4,0.3388,25986.1,989931.7,0.02625,0.01947
20260331,20059.1,6761.5,0.3371,25904.8,978781.4,0.02647,0.02049
20260401,20248.4,7420.7,0.3665,25912.1,993794.6,0.02607,0.02037
20260402,18577.9,6538.0,0.3519,25802.1,983416.7,0.02624,0.01889
20260403,16689.1,6187.1,0.3707,25627.2,971613.3,0.02638,0.01718
20260407,16235.8,5852.2,0.3605,25665.9,976223.2,0.02629,0.01663
20260408,24506.4,9356.4,0.3818,25828.5,1008854.3,0.0256,0.02429
20260409,21473.4,8073.6,0.376,25902.1,1002190.7,0.02585,0.02143
20260410,23376.1,9022.1,0.386,25955.1,1012457.8,0.02564,0.02309
20260413,21630.6,8137.8,0.3762,26116.0,1015646.4,0.02571,0.0213
20260414,23968.0,9423.2,0.3932,26278.9,1027266.5,0.02558,0.02333
20260415,24294.8,9446.6,0.3888,26380.8,1024500.0,0.02575,0.02371
20260416,23549.6,9328.8,0.3961,26489.2,1036197.1,0.02556,0.02273
20260417,24528.9,9710.4,0.3959,26512.1,1037229.6,0.02556,0.02365
20260420,26065.2,9988.7,0.3832,26803.6,1044149.5,0.02567,0.02496
20260421,24266.5,9197.7,0.379,26868.1,1044748.4,0.02572,0.02323
20260422,25788.5,9994.1,0.3875,27004.6,1051973.3,0.02567,0.02451
20260423,28233.2,10689.9,0.3786,27042.3,1045581.6,0.02586,0.027
20260424,26576.2,10758.9,0.4048,26929.9,1041416.4,0.02586,0.02552
20260427,26048.1,10354.5,0.3975,27085.7,1044425.8,0.02593,0.02494
20260428,25504.7,9980.1,0.3913,27086.9,1038758.9,0.02608,0.02455
20260429,26088.7,9982.9,0.3827,27124.9,1049094.0,0.02586,0.02487
20260430,27592.1,10484.4,0.38,26955.8,1049195.6,0.02569,0.0263
20260506,32466.0,13540.0,0.4171,27367.4,1067709.2,0.02563,0.03041
20260507,31682.7,12643.8,0.3991,27663.4,1076427.5,0.0257,0.02943
20260508,30757.2,11859.1,0.3856,27823.2,1076728.7,0.02584,0.02857
20260511,35654.5,14411.8,0.4042,28130.4,1090762.6,0.02579,0.03269
20260512,32697.4,13013.4,0.398,28298.6,1086500.1,0.02605,0.03009
20260513,32642.1,13126.5,0.4021,28528.5,1097384.9,0.026,0.02975
20260514,33880.9,13591.0,0.4011,28620.1,1077843.7,0.02655,0.03143
20260515,33702.3,13923.7,0.4131,28561.8,1067062.8,0.02677,0.03158
20260518,29170.7,12123.7,0.4156,28719.1,1066475.0,0.02693,0.02735
20260519,29089.8,12276.8,0.422,28770.9,1073958.2,0.02679,0.02709
20260520,29764.6,12641.4,0.4247,28836.2,1071717.0,0.02691,0.02777
20260521,35072.8,14821.1,0.4226,28752.8,1048552.5,0.02742,0.03345
20260522,29246.6,12481.4,0.4268,28782.2,1063334.8,0.02707,0.0275
20260525,32269.5,14373.9,0.4454,29035.4,1074059.5,0.02703,0.03004
20260526,32643.6,13522.5,0.4142,29108.5,1070745.6,0.02719,0.03049
20260527,32599.0,13527.0,0.4149,29149.4,1057092.6,0.02758,0.03084
20260528,29873.3,12420.6,0.4158,29206.1,1061286.5,0.02752,0.02815
20260529,33408.6,13523.4,0.4048,28909.7,1048698.4,0.02757,0.03186
20260601,28967.2,11576.7,0.3996,28834.0,1043694.7,0.02763,0.02775
20260602,28128.5,10959.1,0.3896,28847.1,1050013.5,0.02747,0.02679
20260603,31531.2,12626.6,0.4004,28932.2,1052956.2,0.02748,0.02995
20260604,27791.6,10892.3,0.3919,28997.0,1046276.9,0.02771,0.02656
20260605,31006.9,12373.8,0.3991,28857.2,1036875.2,0.02783,0.0299
20260608,28234.3,11098.7,0.3931,28624.4,1013508.5,0.02824,0.02786
20260609,26667.3,10959.6,0.411,28661.8,1031340.5,0.02779,0.02586
20260610,26441.4,10515.6,0.3977,28579.8,1020509.8,0.02801,0.02591
20260611,25749.3,10398.6,0.4038,28527.1,1016378.7,0.02807,0.02533
20260612,32361.1,13236.5,0.409,28523.2,1026852.2,0.02778,0.03151
20260615,30507.4,12356.9,0.405,28763.7,1050361.9,0.02738,0.02904
20260616,30863.5,12798.2,0.4147,29028.9,1054995.3,0.02752,0.02925
20260617,31140.4,13062.0,0.4195,29309.7,1060037.4,0.02765,0.02938
20260618,33317.2,13944.9,0.4185,14951.9,1059232.2,0.01412,0.03145
20260622,37621.0,15848.6,0.4213,29728.6,1077334.0,0.02759,0.03492
20260623,34660.3,13902.4,0.4011,29789.9,1059143.4,0.02813,0.03272
20260624,33069.4,13614.1,0.4117,29926.8,1063682.1,0.02814,0.03109
20260625,36189.4,15395.8,0.4254,30102.0,1068186.6,0.02818,0.03388
20260626,35753.9,14770.8,0.4131,29895.4,1040837.5,0.02872,0.03435
20260629,35393.4,15271.0,0.4315,29809.1,1045351.7,0.02852,0.03386
20260630,32938.2,14536.5,0.4413,29970.9,1057446.9,0.02834,0.03115
20260701,36828.0,16183.5,0.4394,30069.9,1062440.8,0.0283,0.03466
20260702,34739.3,14787.8,0.4257,30004.6,1038024.5,0.02891,0.03347
20260703,32052.6,13220.7,0.4125,29807.2,1043436.8,0.02857,0.03072
20260706,31124.4,12778.0,0.4105,29701.5,1037635.4,0.02862,0.03
20260707,25984.7,10574.1,0.4069,29570.4,1021729.5,0.02894,0.02543
20260708,25825.9,11078.6,0.429,29381.1,1011327.6,0.02905,0.02554
20260709,29322.6,12640.7,0.4311,29341.6,1029699.8,0.0285,0.02848
20260710,34106.9,14612.0,0.4284,29228.0,1018838.3,0.02869,0.03348
20260713,28347.1,12110.2,0.4272,28891.3,992947.7,0.0291,0.02855
20260714,27194.9,11256.7,0.4139,28781.2,1009691.0,0.0285,0.02693
20260715,25874.1,10219.6,0.395,28663.5,1005553.0,0.02851,0.02573
20260716,24189.5,9899.3,0.4092,28377.0,988841.9,0.0287,0.02446
20260717,26716.5,11410.6,0.4271,27575.7,950517.1,0.02901,0.02811
20260720,27180.8,11192.7,0.4118,26977.8,951376.3,0.02836,0.02857
20260721,29742.0,12325.4,0.4144,26978.8,974916.9,0.02767,0.03051
20260722,26686.4,10820.0,0.4054,26986.3,971135.0,0.02779,0.02748
20260723,22094.8,8355.2,0.3782,26888.6,976099.2,0.02755,0.02264
20260724,19444.6,7376.1,0.3793,26666.0,956880.5,0.02787,0.02032
20260727,20887.0,9242.2,0.4425,26766.8,976255.5,0.02742,0.02139
20260728,20391.4,8809.1,0.432,26469.0,957231.9,0.02765,0.0213
20260729,23117.3,9590.6,0.4149,26213.1,963550.4,0.0272,0.02399
20260730,23584.2,9899.9,0.4198,25845.2,951348.7,0.02717,0.02479
20260731,25599.0,11067.9,0.4324,,963994.8,,0.02656
