trade_date,pr,tr,dy,dy_pct_expanding,dy_realized
20050104,981.555,981.555,,,
20050105,986.535,986.536,,,
20050106,975.526,975.527,,,
20050107,980.717,980.718,,,
20050110,989.529,989.529,,,
20050111,990.284,990.284,,,
20050112,989.82,989.82,,,
20050113,989.733,989.733,,,
20050114,984.756,984.756,,,
20050117,961.33,961.33,,,
20050118,965.385,965.385,,,
20050119,959.25,959.25,,,
20050120,949.45,949.45,,,
20050121,976.921,976.922,,,
20050124,992.222,992.222,,,
20050125,994.673,994.674,,,
20050126,988.217,988.217,,,
20050127,976.555,976.555,,,
20050128,969.622,969.622,,,
20050131,959.102,959.102,,,
20050201,962.419,962.419,,,
20050202,1012.532,1012.532,,,
20050203,1004.114,1004.115,,,
20050204,1027.263,1027.263,,,
20050216,1034.993,1034.993,,,
20050217,1028.542,1028.543,,,
20050218,1013.775,1013.776,,,
20050221,1032.686,1032.686,,,
20050222,1054.207,1054.207,,,
20050223,1054.109,1054.11,,,
20050224,1053.407,1053.407,,,
20050225,1053.837,1053.837,,,
20050228,1047.244,1047.244,,,
20050301,1040.558,1040.559,,,
20050302,1023.222,1023.223,,,
20050303,1031.409,1031.41,,,
20050304,1027.517,1027.518,,,
20050307,1033.627,1033.628,,,
20050308,1054.096,1054.096,,,
20050309,1054.37,1054.37,,,
20050310,1027.817,1027.817,,,
20050311,1031.731,1031.731,,,
20050314,1038.416,1038.416,,,
20050315,1018.743,1018.744,,,
20050316,1008.532,1008.532,,,
20050317,996.597,996.598,,,
20050318,984.555,984.556,,,
20050321,990.67,990.67,,,
20050322,976.078,976.079,,,
20050323,970.318,970.319,,,
20050324,976.583,976.584,,,
20050325,975.01,975.011,,,
20050328,973.506,973.506,,,
20050329,968.578,968.578,,,
20050330,952.301,952.301,,,
20050331,956.039,956.039,,,
20050401,990.51,990.511,,,
20050404,972.74,972.741,,,
20050405,963.348,963.349,,,
20050406,978.03,978.03,,,
20050407,985.123,985.732,,,
20050408,1002.468,1003.495,,,
20050411,995.76,996.78,,,
20050412,981.095,982.881,,,
20050413,1003.32,1005.146,,,
20050414,995.383,997.194,,,
20050415,983.889,985.68,,,
20050418,971.471,973.239,,,
20050419,973.611,975.807,,,
20050420,966.069,968.248,,,
20050421,958.314,960.761,,,
20050422,956.405,959.001,,,
20050425,944.958,947.587,,,
20050426,947.895,950.532,,,
20050427,932.015,934.607,,,
20050428,941.697,944.317,,,
20050429,932.53,935.124,,,
20050509,911.563,914.099,,,
20050510,916.113,918.661,,,
20050511,905.316,907.834,,,
20050512,885.865,888.625,,,
20050513,883.512,886.265,,,
20050516,873.692,876.413,,,
20050517,880.577,883.32,,,
20050518,878.797,882.734,,,
20050519,878.11,883.492,,,
20050520,876.412,882.376,,,
20050523,852.183,859.476,,,
20050524,852.246,859.742,,,
20050525,850.875,858.414,,,
20050526,840.499,848.121,,,
20050527,833.564,841.335,,,
20050530,839.137,847.179,,,
20050531,841.306,849.6,,,
20050601,824.388,832.516,,,
20050602,808.13,816.097,,,
20050603,803.473,811.566,,,
20050606,819.897,829.209,,,
20050607,818.315,827.609,,,
20050608,886.625,896.695,,,
20050609,891.894,902.267,,,
20050610,875.379,885.559,,,
20050613,867.301,885.141,,,
20050614,862.259,880.364,,,
20050615,849.043,866.871,,,
20050616,857.331,877.002,,,
20050617,863.759,884.103,,,
20050620,885.11,905.957,,,
20050621,875.99,897.191,,,
20050622,875.622,898.549,,,
20050623,868.773,892.381,,,
20050624,874.573,898.666,,,
20050627,888.223,912.803,,,
20050628,878.104,902.405,,,
20050629,875.304,899.527,,,
20050630,855.456,879.129,,,
20050701,844.23,867.593,,,
20050704,840.773,864.041,,,
20050705,831.069,855.026,,,
20050706,826.753,850.586,,,
20050707,829.512,854.591,,,
20050708,815.583,840.241,,,
20050711,808.766,833.719,,,
20050712,830.477,856.219,,,
20050713,825.705,851.299,,,
20050714,827.39,853.243,,,
20050715,818.397,844.689,,,
20050718,808.579,835.355,,,
20050719,808.629,835.876,,,
20050720,818.134,845.701,,,
20050721,821.678,849.744,,,
20050722,833.382,861.848,,,
20050725,830.651,859.436,,,
20050726,848.277,877.673,,,
20050727,866.037,896.048,,,
20050728,864.489,894.577,,,
20050729,862.553,892.823,,,
20050801,865.682,896.061,,,
20050802,876.174,906.922,,,
20050803,882.115,913.071,,,
20050804,879.671,910.541,,,
20050805,895.89,927.33,,,
20050808,902.916,934.602,,,
20050809,909.236,941.144,,,
20050810,913.27,945.376,,,
20050811,924.4,956.897,,,
20050812,915.702,947.892,,,
20050815,929.626,963.58,,,
20050816,922.601,956.299,,,
20050817,929.272,963.213,,,
20050818,911.761,945.062,,,
20050819,912.627,946.17,,,
20050822,917.653,951.455,,,
20050823,910.619,944.162,,,
20050824,918.976,952.827,,,
20050825,916.989,950.767,,,
20050826,913.295,946.936,,,
20050829,900.069,933.224,,,
20050830,897.891,930.965,,,
20050831,910.624,944.167,,,
20050901,924.785,958.849,,,
20050902,926.824,960.963,,,
20050905,930.53,964.807,,,
20050906,915.421,949.14,,,
20050907,929.645,963.888,,,
20050908,932.033,966.365,,,
20050909,929.698,963.945,,,
20050912,928.819,963.033,,,
20050913,941.824,976.517,,,
20050914,948.071,982.994,,,
20050915,951.174,986.212,,,
20050916,948.703,983.649,,,
20050919,953.983,989.124,,,
20050920,946.156,981.008,,,
20050921,929.262,964.025,,,
20050922,906.983,940.913,,,
20050923,903.396,937.192,,,
20050926,903.088,936.872,,,
20050927,890.25,923.554,,,
20050928,886.863,920.041,,,
20050929,899.227,932.867,,,
20050930,903.055,936.838,,,
20051010,890.681,924.001,,,
20051011,901.625,935.354,,,
20051012,905.317,939.185,,,
20051013,899.285,932.927,,,
20051014,887.561,920.764,,,
20051017,875.455,908.206,,,
20051018,879.84,912.755,,,
20051019,875.428,908.177,,,
20051020,873.699,906.384,,,
20051021,877.16,909.974,,,
20051024,875.931,908.699,,,
20051025,864.124,896.451,,,
20051026,845.454,877.082,,,
20051027,841.546,873.028,,,
20051028,833.957,865.156,,,
20051031,842.278,873.787,,,
20051101,838.278,869.639,,,
20051102,848.897,880.655,,,
20051103,840.039,871.466,,,
20051104,844.36,875.948,,,
20051107,843.225,874.77,,,
20051108,846.296,877.956,,,
20051109,844.465,876.057,,,
20051110,827.903,858.875,,,
20051111,826.538,857.459,,,
20051114,822.907,853.693,,,
20051115,820.349,851.039,,,
20051116,831.397,862.5,,,
20051117,827.901,858.873,,,
20051118,846.313,877.974,,,
20051121,849.341,881.116,,,
20051122,835.277,866.526,,,
20051123,840.817,872.272,,,
20051124,845.483,877.113,,,
20051125,846.415,878.08,,,
20051128,844.82,876.426,,,
20051129,835.291,866.54,,,
20051130,834.359,865.573,,,
20051201,835.493,866.75,,,
20051202,835.91,867.182,,,
20051205,825.916,856.813,,,
20051206,832.284,863.42,,,
20051207,839.328,870.728,,,
20051208,839.038,870.426,,,
20051209,850.356,882.168,,,
20051212,851.401,883.252,,,
20051213,852.49,884.382,,,
20051214,858.274,890.382,,,
20051215,858.976,891.111,,,
20051216,866.224,898.63,,,
20051219,871.468,904.071,,,
20051220,873.167,905.834,,,
20051221,867.737,900.2,,,
20051222,872.328,904.963,,,
20051223,879.128,912.018,,,
20051226,887.174,920.365,,,
20051227,887.308,920.504,,,
20051228,891.092,924.429,,,
20051229,895.856,929.371,,,
20051230,890.492,923.807,,,
20060104,900.517,934.208,,,
20060105,919.629,954.034,,,
20060106,929.277,964.044,,,
20060109,931.267,966.108,,,
20060110,933.495,968.419,,,
20060111,930.277,965.08,,,
20060112,938.584,973.698,,,
20060113,932.329,967.209,,,
20060116,917.838,952.176,0.034869895064538685,,0.03746630510460269
20060117,920.998,955.454,0.0347491685608937,,0.03746525347921481
20060118,939.223,974.361,0.03407505042395062,,0.03746542662890273
20060119,952.041,987.659,0.03361673552576368,,0.037465905479598494
20060120,956.254,992.03,0.033469014400973246,,0.037466305156233615
20060123,957.949,993.788,0.0334097941508246,,0.037466305156233615
20060124,955.07,990.801,0.03351050592834899,,0.037466305156233615
20060125,961.832,997.816,0.03327493654586222,,0.03746632658957805
20060206,985.957,1022.845,0.03246214989188599,,0.037467784107274804
20060207,983.484,1020.279,0.03254377694091031,,0.037467784107274804
20060208,985.765,1022.645,0.03246847262882557,,0.037467784107274804
20060209,974.165,1010.611,0.03285509530824269,,0.037467784107274804
20060210,985.283,1022.397,0.032730942775006794,,0.037723609744156894
20060213,985.072,1022.178,0.03273693850823806,,0.037722547506218174
20060214,988.0,1025.217,0.03264061032355262,,0.03772326331366438
20060215,990.598,1027.913,0.0325541278419204,,0.03772235719481687
20060216,966.814,1003.233,0.03335497203386655,,0.03772235719481687
20060217,968.809,1005.303,0.03328628649398453,,0.03772235719481687
20060220,969.785,1006.317,0.03325401425869069,,0.03772363086506769
20060221,987.744,1024.952,0.032649395205502994,,0.03772363086506769
20060222,989.116,1026.375,0.032604107321956524,,0.03772363086506769
20060223,992.063,1029.433,0.032507254295205394,,0.03772363086506769
20060224,1000.755,1038.453,0.03222447487680634,,0.037723178222958564
20060227,996.838,1034.388,0.03235109852888667,,0.037723178222958564
20060228,997.969,1035.562,0.03231481760273373,,0.0377235752869427
20060301,1002.583,1040.35,0.032165289159547264,,0.03772275876977904
20060302,990.101,1027.398,0.03257096388772983,,0.03772293919986258
20060303,997.103,1034.664,0.032342466897444064,,0.037723175296094036
20060306,994.67,1032.139,0.03242157778041176,,0.037723175296094036
20060307,974.41,1011.116,0.03309485085756592,,0.037722385575896356
20060308,965.011,1001.363,0.033417247611053434,,0.037722447849573015
20060309,965.513,1001.884,0.03339996242582375,,0.03772254069761627
20060310,969.334,1005.85,0.03326935997982404,,0.037723636798474125
20060313,979.082,1015.964,0.0329371000454332,,0.037722639523319446
20060314,980.889,1017.839,0.032876406123839554,,0.03772262262694115
20060315,990.672,1027.991,0.03255221016318341,,0.03772310240037191
20060316,986.609,1023.775,0.032686314615311234,,0.03772315412801763
20060317,983.796,1020.855,0.03277977566111023,,0.03772315412801763
20060320,995.259,1032.751,0.032403388962749365,,0.037724355612757776
20060321,993.734,1031.168,0.032453115718770784,,0.037724355612757776
20060322,995.73,1033.239,0.03238806151836037,,0.037724355612757776
20060323,996.35,1033.882,0.032367907357531964,,0.037724355612757776
20060324,992.443,1029.828,0.03249550136883237,,0.037724531664112826
20060327,994.354,1031.811,0.032432057038833235,,0.037723526370010196
20060328,996.755,1034.303,0.032354470842699656,,0.037724083297085764
20060329,1004.989,1042.847,0.032088391599127165,,0.03772304203061383
20060330,998.482,1036.095,0.032297611058192115,,0.03772314858893866
20060331,999.829,1038.067,0.03280760454805252,,0.03829753438351369
20060403,1009.953,1048.579,0.032478518114856685,,0.038297274954363525
20060404,1019.998,1059.008,0.032158661982172675,,0.03829726863977578
20060405,1029.274,1069.211,0.03240432530380298,,0.038853259064017376
20060406,1029.436,1069.379,0.032399224344233056,,0.03885325734782952
20060407,1029.409,1069.444,0.032487087308389784,,0.038943651269673474
20060410,1044.848,1085.484,0.03200756205850734,,0.03894418537699029
20060411,1054.374,1095.38,0.031718381904056125,,0.03894418537699029
20060412,1046.232,1086.921,0.03196522109982038,,0.03894418537699029
20060413,1032.119,1072.4,0.03253271409389471,,0.03907962814024302
20060414,1056.892,1098.912,0.03247331112148935,,0.03981025228567092
20060417,1064.554,1106.878,0.03223957928167301,,0.03981024186413351
20060418,1070.211,1112.998,0.03228313010350685,,0.04003272502961597
20060419,1072.728,1115.616,0.031640002997155366,,0.03939052234262275
20060420,1061.492,1103.931,0.03159166697079046,,0.03896888236063556
20060421,1072.528,1115.832,0.03164652610870567,,0.03936361590471105
20060424,1059.595,1102.377,0.03129661216222718,,0.038537879187597435
20060425,1049.792,1093.098,0.03243103512021572,,0.039412508717303174
20060426,1065.175,1109.116,0.03196305332168548,,0.039412903044657055
20060427,1061.931,1105.829,0.032141974652193525,,0.039497315961996904
20060428,1066.88,1111.711,0.03264852844685254,,0.04017886517646807
20060508,1103.736,1150.116,0.031175029311630086,,0.039727041603275115
20060509,1122.552,1169.723,0.030652755470656164,,0.03972732688428193
20060510,1132.291,1179.871,0.030137537780765666,,0.039418370260732694
20060511,1122.479,1169.647,0.030264510717654083,,0.039251868021329184
20060512,1150.352,1198.692,0.029476274483411967,,0.03918224153503558
20060515,1198.186,1248.535,0.028299522198174516,,0.03918224153503558
20060516,1190.345,1240.365,0.028486328336826346,,0.03918264940458904
20060517,1211.978,1264.709,0.02940381033070856,,0.04066420047195418
20060518,1201.324,1253.592,0.029665007437455676,,0.04066464586854868
20060519,1227.818,1281.457,0.02919499726966696,,0.04084157302289637
20060522,1245.504,1300.577,0.029289204680343624,,0.04137112479659688
20060523,1207.18,1260.558,0.0302190160516067,,0.041371090530759824
20060524,1193.778,1246.599,0.030339479587466148,,0.04105382184772588
20060525,1183.801,1243.437,0.03646495806535174,,0.04716447707044047
20060526,1203.069,1263.676,0.035881216279674104,,0.047164760098195035
20060529,1234.033,1296.885,0.03550901040187531,,0.04771759410542287
20060530,1241.295,1304.517,0.034338005907352045,,0.04629395829858263
20060531,1240.446,1304.193,0.03363522316685993,,0.04503436698557395
20060601,1270.666,1336.427,0.03271696104999231,,0.04469310751970257
20060602,1262.299,1328.779,0.03262608962408353,,0.043782231395800064
20060605,1272.585,1339.692,0.03226829664655787,,0.04360286248791567
20060606,1276.654,1344.169,0.03226662240344611,,0.04368611542639256
20060607,1206.642,1273.008,0.036005039980119585,,0.04556815813072057
20060608,1214.935,1281.757,0.035586437280335566,,0.045304832672528716
20060609,1186.51,1255.931,0.03958127320978531,,0.04850951573430473
20060612,1186.92,1256.627,0.03958319615611002,,0.04844277505539063
20060613,1182.457,1251.902,0.0397320257317803,,0.04844187668208333
20060614,1162.021,1230.266,0.040430934869194884,,0.04844204217132364
20060615,1161.391,1229.843,0.04050472824706057,,0.048427961251331864
20060616,1189.328,1259.805,0.03897672060645153,,0.04741046552740302
20060619,1195.342,1267.863,0.040113472299595415,,0.04880650784167728
20060620,1200.316,1273.139,0.03994728543728378,,0.04880649745296406
20060621,1199.271,1272.031,0.03978193190956618,,0.04852417911296869
20060622,1194.799,1267.678,0.040238825334145786,,0.048847118342784546
20060623,1197.237,1273.674,0.03643872698357459,,0.04244945454703952
20060626,1215.738,1295.374,0.03714717290688364,,0.04363854146124102
20060627,1213.185,1293.961,0.0382362200759756,,0.044693349275866545
20060628,1217.175,1300.558,0.03857139835860464,,0.04458577816951714
20060629,1247.413,1333.55,0.03773665308454916,,0.044499467703211115
20060630,1247.727,1334.152,0.037926715671405174,,0.044707866128865126
20060703,1263.329,1350.834,0.03701844294828315,,0.04404553961270419
20060704,1250.752,1337.386,0.036036483560982574,,0.042029828062724484
20060705,1235.049,1320.828,0.03599203588725647,,0.04120864071942387
20060706,1255.654,1344.213,0.036152075098734755,,0.04187482936913067
20060707,1247.539,1335.526,0.0363009261088263,,0.04174843521827354
20060710,1247.439,1335.609,0.036445353279506564,,0.04189550982280532
20060711,1247.526,1335.703,0.03644344859801765,,0.04189617345344865
20060712,1248.793,1337.855,0.037001396118535826,,0.042516020724307824
20060713,1188.87,1273.856,0.039021008526922876,,0.04267698469830905
20060714,1194.721,1281.999,0.040293082305823326,,0.044202362929232075
20060717,1209.873,1298.276,0.03903227217491178,,0.04304749042696576
20060718,1211.179,1299.929,0.039183416037441805,,0.0432488784018088
20060719,1183.169,1269.866,0.03915277426686574,,0.04182490599796718
20060720,1187.422,1274.43,0.03901244105276568,,0.04182475526899854
20060721,1193.664,1281.13,0.03840143535407464,,0.041199075342985614
20060724,1191.875,1279.21,0.038362171830148756,,0.04105426059235184
20060725,1208.444,1297.258,0.0380404301411593,,0.041266888451232164
20060726,1209.519,1298.413,0.03784157224204643,,0.04101534928492834
20060727,1197.064,1285.042,0.037652052899656126,,0.040128004539538464
20060728,1188.21,1275.537,0.0372807707776168,,0.03913262635896153
20060731,1145.257,1229.427,0.03828231085866049,,0.03854915353621924
20060801,1138.162,1221.826,0.0385335920003116,,0.038562280143748406
20060802,1134.841,1218.261,0.03832287528733365,,0.03809845129615441
20060803,1136.599,1220.148,0.03826340719845438,,0.0380981775586795
20060804,1111.831,1193.559,0.03875722510673296,,0.03760018751536287
20060807,1094.569,1175.17,0.039489028448229345,,0.037725247964215614
20060808,1119.201,1201.616,0.03862007203072165,,0.03772539340260117
20060809,1116.808,1199.047,0.03858994122720873,,0.037574030243846535
20060810,1138.075,1222.156,0.03788290329364504,,0.037518478502087005
20060811,1140.166,1224.4,0.03781342819020659,,0.037518478502087005
20060814,1113.467,1195.729,0.0387198345634011,,0.037517976488980365
20060815,1131.991,1215.623,0.03808742292487397,,0.03751922475799496
20060816,1144.743,1229.316,0.03766314357384235,,0.03751922475799496
20060817,1135.083,1218.942,0.03798296345939008,,0.03751829382794303
20060818,1131.805,1215.421,0.038092971945145035,,0.03751829382794303
20060821,1129.446,1212.888,0.03817258276198294,,0.03751829850049493
20060822,1138.118,1222.201,0.03783408383625831,,0.037456639015444715
20060823,1138.592,1222.709,0.03781833336924432,,0.037456639015444715
20060824,1144.738,1229.31,0.03761605893057618,,0.03745743676249824
20060825,1152.079,1237.193,0.0363076574818268,,0.03608519463105342
20060828,1173.062,1259.725,0.03565772876610457,,0.03608456226508161
20060829,1174.204,1260.952,0.035623550033792056,,0.03608508138390465
20060830,1175.716,1262.575,0.03557773726297742,,0.03608508138390465
20060831,1179.853,1267.018,0.0352812601581799,,0.03585502078057168
20060901,1169.278,1255.662,0.035539282768076295,,0.03577437263788852
20060904,1182.625,1269.996,0.035138856181006,,0.0357750380043973
20060905,1179.513,1266.654,0.035231429422574616,,0.03577485679141468
20060906,1184.534,1272.045,0.03508193397226965,,0.0357746473335796
20060907,1168.437,1254.759,0.03556541171852353,,0.035774824090716306
20060908,1171.309,1257.843,0.035477238084914424,,0.035773518301208895
20060911,1173.792,1260.509,0.03540219073226179,,0.035773518301208895
20060912,1184.497,1272.005,0.03508235002694058,,0.03577363206244644
20060913,1180.849,1268.088,0.03519112914179921,,0.03577404545660334
20060914,1174.411,1261.663,0.0357714820622834,,0.03617534448844739
20060915,1201.043,1290.273,0.03497708514854994,,0.03617374240483118
20060918,1214.628,1304.867,0.034585884137423036,,0.03617374240483118
20060919,1214.264,1304.477,0.034596997982111584,,0.03617449848202248
20060920,1209.01,1298.832,0.03474651726709585,,0.03617338417185967
20060921,1211.184,1301.168,0.03468371713552643,,0.036172683639563497
20060922,1196.795,1285.709,0.03510071754567444,,0.036172683639563497
20060925,1189.922,1278.326,0.03530394360311827,,0.036173185149568576
20060926,1182.407,1270.253,0.03552857528621656,,0.036173445364152235
20060927,1189.673,1278.058,0.03531101619356841,,0.03617271162401403
20060928,1198.263,1287.287,0.03505851768868721,,0.036173370558847395
20060929,1208.226,1297.99,0.03476902033278731,,0.036172838103584626
20061009,1231.715,1323.224,0.034105969611965666,,0.036172838103584626
20061010,1237.391,1329.322,0.03353408111822046,,0.035599868930440204
20061011,1240.383,1332.537,0.03345338312872313,,0.03559993685815366
20061012,1248.168,1340.901,0.033245042557848783,,0.035600203289329224
20061013,1248.447,1341.2,0.033237613033909326,,0.035600203289329224
20061016,1238.47,1330.482,0.033505347207914773,,0.03560009477836257
20061017,1233.429,1325.067,0.033642123463871174,,0.03559970615484187
20061018,1248.463,1341.218,0.03323703772772579,,0.035599740272787894
20061019,1251.33,1344.298,0.03316088628313053,,0.035599740272787894
20061020,1246.242,1338.832,0.03329628238563776,,0.03559975167394991
20061023,1224.379,1315.345,0.03389107698505511,,0.03560000321553347
20061024,1253.508,1346.638,0.033102835689785386,,0.03559902678964555
20061025,1257.132,1350.532,0.03300796606446786,,0.03559960428737785
20061026,1261.836,1355.585,0.03288491562656052,,0.03559960428737785
20061027,1260.024,1353.638,0.03293153583003661,,0.03559860484271948
20061030,1282.192,1377.454,0.03236291784158462,,0.035599371208585584
20061031,1302.215,1398.965,0.03186556447956616,,0.03559964294541129
20061101,1321.406,1419.581,0.03140227923706336,,0.035598865562369575
20061102,1329.999,1428.812,0.031199392027761633,,0.035598865562369575
20061103,1333.867,1432.968,0.031109354845112996,,0.035599317126675745
20061106,1370.944,1472.8,0.030267741669757677,,0.0355987473701147
20061107,1364.273,1465.633,0.0304157443823225,,0.0355987473701147
20061108,1340.113,1439.678,0.030963948294037365,,0.0355985145478841
20061109,1360.596,1461.683,0.030497298143845632,,0.03559757297565502
20061110,1335.431,1434.648,0.031071992386970042,,0.03559757297565502
20061113,1302.687,1399.471,0.03185179850747301,,0.03559562351052259
20061114,1304.106,1400.995,0.03181714051028405,,0.03559562351052259
20061115,1349.145,1449.38,0.030754701687987246,,0.035595165116401706
20061116,1340.694,1440.301,0.03094856246752768,,0.035595165116401706
20061117,1378.995,1481.448,0.03008926498361141,,0.03559546096969224
20061120,1408.716,1513.378,0.029454937841441427,,0.03559591909196058
20061121,1425.161,1531.044,0.029114719189762463,,0.035595330573454875
20061122,1426.548,1532.534,0.029086411614050886,,0.035595330573454875
20061123,1440.098,1547.091,0.028812883653275032,,0.03559545093299832
20061124,1443.365,1550.6,0.028747108074721018,,0.03559443601498469
20061127,1461.648,1570.242,0.028387946946663016,,0.035594872622753515
20061128,1455.439,1563.571,0.028509051824704507,,0.035594872622753515
20061129,1472.412,1581.805,0.0281804181701155,,0.035594872622753515
20061130,1524.846,1638.135,0.027211517277609034,,0.03559489381166414
20061201,1533.013,1646.908,0.02706609682704268,,0.035594046429149095
20061204,1574.256,1691.216,0.0263574208766211,,0.035594387776837655
20061205,1585.13,1702.898,0.02617667441355021,,0.03559445569162678
20061206,1563.425,1679.581,0.026540157879055486,,0.03559429035051753
20061207,1570.254,1686.917,0.02642465345800238,,0.03559413307976156
20061208,1508.222,1620.275,0.027511050659399065,,0.035593341272387224
20061211,1573.869,1690.8,0.02636400489033479,,0.035593813819354336
20061212,1586.934,1704.837,0.02614773540962753,,0.035594623229156186
20061213,1603.872,1723.033,0.025871250897457797,,0.03559393477946071
20061214,1627.307,1748.209,0.025498676598458333,,0.03559393477946071
20061215,1644.067,1766.214,0.025238737180058618,,0.03559393477946071
20061218,1667.323,1791.198,0.02488635619470489,,0.035593107200330376
20061219,1678.488,1803.192,0.0247205399423454,,0.035592534178980006
20061220,1685.172,1810.372,0.024622489364140545,,0.035592534178980006
20061221,1648.959,1771.469,0.025163129634180815,,0.03559209268628538
20061222,1637.68,1759.352,0.025336432684315107,,0.03559209268628538
20061225,1668.705,1792.682,0.024865220678275297,,0.035591787767425886
20061226,1688.033,1813.446,0.02458052445522063,,0.035591799034651705
20061227,1718.087,1845.732,0.02415013026305037,,0.03559094114056949
20061228,1715.757,1843.229,0.024182984206853865,,0.0355910012450662
20061229,1763.694,1894.728,0.023525523300597425,,0.03559035066746019
20070104,1815.702,1950.599,0.022851438375772415,,0.03558985025139538
20070105,1871.982,2011.06,0.022164423782796375,,0.03558985025139538
20070108,1927.414,2070.61,0.021526857023015256,,0.03558956918076306
20070109,1998.773,2147.272,0.02075869263707744,,0.03558957384620709
20070110,2047.992,2200.147,0.020259802947613655,,0.03558957384620709
20070111,2012.326,2161.831,0.020618883003195896,,0.03558957384620709
20070112,1929.255,2072.588,0.021506703032149292,,0.03558957384620709
20070115,2029.725,2180.523,0.020442426432482983,,0.03558987468358543
20070116,2062.202,2215.412,0.02012017003425755,,0.035589119812362346
20070117,2064.538,2217.922,0.02009716491347653,,0.03558828085335741
20070118,2055.725,2208.454,0.020183322504780072,,0.03558828085335741
20070119,2122.334,2280.013,0.01954997479605627,,0.0355877515513523
20070122,2217.927,2382.708,0.01870736782987595,,0.0355877515513523
20070123,2250.648,2417.859,0.018435391144600702,,0.0355877515513523
20070124,2276.44,2445.568,0.01822684319457806,,0.03558808760334076
20070125,2176.367,2338.061,0.019065238057890562,,0.035588257149675284
20070126,2212.56,2376.942,0.01875336501068524,,0.03558824641057612
20070129,2286.361,2456.227,0.018148363499459017,,0.03558850659930912
20070130,2285.353,2455.144,0.01815636819300415,,0.03558850659930912
20070131,2136.562,2295.298,0.01942070626625865,,0.03558832191656025
20070201,2122.234,2279.905,0.019551615702745648,,0.035587843932475716
20070202,2039.908,2191.463,0.02034067392785931,,0.03558763193270864
20070205,2020.813,2170.95,0.020533181916981127,,0.03558794836622403
20070206,2046.094,2198.109,0.020279479314831275,,0.03558794836622403
20070207,2101.023,2257.119,0.019749301372436388,,0.03558794439017787
20070208,2160.549,2321.068,0.019204756908746668,,0.03558671338781494
20070209,2155.528,2315.674,0.019249507909303687,,0.03558673017908642
20070212,2225.775,2391.14,0.018641980112421765,,0.03558673017908642
20070213,2258.483,2426.277,0.01837200159785376,,0.03558673017908642
20070214,2320.008,2492.373,0.017780066153001532,,0.03533143133813743
20070215,2398.415,2576.606,0.01719910668983833,,0.03533173340404239
20070216,2424.031,2604.126,0.01701740047258047,,0.0353313576563099
20070226,2519.99,2707.213,0.016369340891300724,,0.035331220811416486
20070227,2282.767,2452.366,0.018070637433032017,,0.03533143826151952
20070228,2385.034,2562.231,0.017295807328986598,,0.035331452906146366
20070301,2305.376,2476.654,0.01789291562468271,,0.03533018217198247
20070302,2326.791,2499.66,0.017728235260996164,,0.03533018217198247
20070305,2291.593,2461.847,0.018000549004370283,,0.035330197462261737
20070306,2306.492,2477.853,0.017884304323127317,,0.03533023011905789
20070307,2371.768,2547.979,0.017391978274862812,,0.035329778451938854
20070308,2404.301,2582.929,0.017156644500424374,,0.035329778451938854
20070309,2392.891,2570.672,0.01723856825253214,,0.035329667496782236
20070312,2409.31,2588.651,0.017252428279866783,,0.03546553317190693
20070313,2441.489,2623.225,0.017024963785216552,,0.03546533846994171
20070314,2383.617,2561.046,0.017438527962088706,,0.035465422939683355
20070315,2432.695,2613.777,0.0170867172849083,,0.035465422939683355
20070316,2376.004,2552.865,0.017494326125768934,,0.035465228629061984
20070319,2409.513,2588.869,0.01725128471869386,,0.03546545177597715
20070320,2435.438,2616.724,0.017067699154575736,,0.03546545040641669
20070321,2461.002,2644.191,0.01689002779073057,,0.035464395797077275
20070322,2480.972,2665.648,0.01675426231988559,,0.035464589254246226
20070323,2514.822,2702.018,0.016528861037155937,,0.03546470770285337
20070326,2564.33,2755.211,0.01620956949800072,,0.03546422897355339
20070327,2579.064,2771.042,0.016117033532979906,,0.035464265265378714
20070328,2587.856,2780.489,0.01606247491937477,,0.035464469778250685
20070329,2545.054,2734.5,0.016332156321859637,,0.03546327091002377
20070330,2564.179,2755.049,0.016210485406022608,,0.03546341890242943
20070402,2644.095,2840.914,0.015720635098242723,,0.035463523229123384
20070403,2677.905,2877.24,0.015522153571574826,,0.035463523229123384
20070404,2691.27,2891.6,0.015445059182123248,,0.035463401477875856
20070405,2724.579,2928.105,0.015501017166778687,,0.03571685336658348
20070406,2759.175,2965.286,0.015306692448096234,,0.03571653483586257
20070409,2829.741,3041.123,0.014924985408726782,,0.03571653483586257
20070410,2880.189,3095.341,0.014664020430072339,,0.03571692711894392
20070411,2907.089,3124.25,0.014337964601496753,,0.03514396891530991
20070412,2960.704,3181.871,0.014078349173641296,,0.03514347048345323
20070413,2937.524,3156.959,0.01418944141794126,,0.03514347048345323
20070416,3011.265,3236.208,0.01365893273874672,,0.03458946552434594
20070417,3059.841,3288.412,0.013442092609891213,,0.03458946552434594
20070418,3127.197,3360.8,0.01312406847099043,,0.034499600496480376
20070419,2984.663,3207.618,0.013750634630311967,,0.03449906867406405
20070420,3124.323,3358.414,0.013345447094395701,,0.03471577345715726
20070423,3294.24,3541.062,0.012657088524911259,,0.03471577345715726
20070424,3344.324,3594.899,0.012427115780403324,,0.03457998167108389
20070425,3340.159,3590.421,0.012220116831267669,,0.03385301351536274
20070426,3374.651,3628.085,0.012257223374838828,,0.03402050519160138
20070427,3340.297,3591.357,0.012372084934179756,,0.03385859930315305
20070430,3386.359,3641.118,0.012268768180899765,,0.033925535643078986
20070508,3544.621,3811.287,0.011721136571488867,,0.03392554765015854
20070509,3546.498,3813.682,0.011698845231196733,,0.03363500234642425
20070510,3600.53,3871.785,0.011523332082873353,,0.033634933774505216
20070511,3568.693,3837.549,0.011378394108840855,,0.03276516587347178
20070514,3591.423,3862.402,0.011412581448049621,,0.0328745707466962
20070515,3459.841,3720.891,0.011821405379756525,,0.03278973984922895
20070516,3540.31,3807.432,0.011355260721601885,,0.03211316708701761
20070517,3609.167,3881.484,0.011138544719099353,,0.032112909878788676
20070518,3610.164,3882.735,0.011181425414277876,,0.03216013912211424
20070521,3684.377,3962.551,0.01095620222884658,,0.03216013912211424
20070522,3738.134,4020.94,0.010941162389491109,,0.03230704910191773
20070523,3812.723,4101.562,0.01082203147470086,,0.03240458286549974
20070524,3753.87,4038.346,0.01101534868815466,,0.03242899913602737
20070525,3791.173,4079.863,0.011246943634153633,,0.032779725964879214
20070528,3877.616,4173.325,0.01065486624444541,,0.03141611674630829
20070529,3991.31,4303.738,0.012224883753940029,,0.033348191713397535
20070530,3688.227,3977.066,0.013206815382224754,,0.033207360199682956
20070531,3689.331,3978.397,0.013066431079192658,,0.03271844181655825
20070601,3526.335,3803.038,0.013777699367295407,,0.032829257927073696
20070604,3220.387,3477.347,0.016303771180148807,,0.034067761947448094
20070605,3336.879,3603.346,0.013710932825830621,,0.028093609369528982
20070606,3383.474,3654.89,0.013858160605945894,,0.02843891676275545
20070607,3515.878,3797.915,0.013150757398425302,,0.02789560643440403
20070608,3564.757,3850.874,0.01301169917387103,,0.027937951908717062
20070611,3639.529,3936.945,0.013943242044653885,,0.02887454094993047
20070612,3808.509,4120.362,0.01336196656000046,,0.028676490767279406
20070613,3863.993,4181.221,0.013085601947405412,,0.02798915647613809
20070614,3807.91,4120.777,0.01331610512198689,,0.027984420716971048
20070615,3802.836,4116.032,0.013466804661243342,,0.02802278498863986
20070618,3914.487,4237.695,0.012655865859070326,,0.026158401562958344
20070619,3948.888,4278.36,0.013346469285161528,,0.026980206513476324
20070620,3871.648,4194.676,0.012593794431812053,,0.023576713666184856
20070621,3893.461,4218.838,0.012585079833359247,,0.023491641519483242
20070622,3733.069,4048.635,0.01401401513344074,,0.024400661234935228
20070625,3520.559,3818.897,0.015052653557058503,,0.02459797169785216
20070626,3584.939,3893.778,0.016015467381673986,,0.025723765968081347
20070627,3689.447,4007.29,0.015465139315921793,,0.025415862263991063
20070628,3520.954,3824.281,0.01575271895446419,,0.024050954702163008
20070629,3464.774,3764.93,0.016451541094908633,,0.0245048960933143
20070702,3507.614,3811.642,0.0162926759601686,,0.024547779474404674
20070703,3562.609,3871.404,0.015937935062568156,,0.024232380528612874
20070704,3493.309,3796.699,0.015492772231077456,,0.02165268939875098
20070705,3282.703,3570.406,0.016638771490604075,,0.02080572759926458
20070706,3441.753,3743.628,0.015575511756419658,,0.01983779601422775
20070709,3556.275,3868.464,0.014526289917964366,,0.018072701747277486
20070710,3459.465,3763.302,0.014787080354034445,,0.017591248016955552
20070711,3481.432,3788.401,0.01493978864727182,,0.017711209526437788
20070712,3490.212,3798.597,0.015071202037224854,,0.01788319866975696
20070713,3512.585,3823.138,0.015025177846555951,,0.01793398833160298
20070716,3393.221,3694.092,0.015725471429434406,,0.01799473641759497
20070717,3439.316,3744.275,0.015148206404969984,,0.016973417932140356
20070718,3455.171,3761.536,0.015078646573760415,,0.016973205393689517
20070719,3427.623,3732.612,0.015433884433018281,,0.017119148082100244
20070720,3540.013,3855.458,0.015061833312438428,,0.01723869879729545
20070723,3773.104,4109.319,0.013934455801510101,,0.016633880627860753
20070724,3779.896,4116.716,0.01386061680191212,,0.0164761677371279
20070725,3892.083,4238.901,0.01301207245528387,,0.01499079710116824
20070726,3932.663,4283.097,0.012873515455628398,,0.014976646266285032
20070727,3986.812,4342.071,0.012639862374975618,,0.014780219449815002
20070730,4103.804,4469.487,0.012279522851213483,,0.014780219449815002
20070731,4164.313,4535.389,0.012101349511892692,,0.014780475829489825
20070801,3995.39,4351.413,0.012612843826187832,,0.014779985303522647
20070802,4128.084,4496.052,0.012234272200832405,,0.014807190112490876
20070803,4199.184,4573.49,0.011968413419508916,,0.01460003368899776
20070806,4344.697,4731.975,0.011567626262624493,,0.014599534478797471
20070807,4363.098,4752.126,0.011541940431605377,,0.01462297138600177
20070808,4274.456,4655.58,0.011781292686895492,,0.01462297138600177
20070809,4339.993,4728.323,0.011891629900951214,,0.014915429521869417
20070810,4303.016,4688.339,0.012054807647246096,,0.014967893374051355
20070813,4309.879,4695.816,0.012035585771676493,,0.014967793371878368
20070814,4364.188,4754.989,0.011885977916053536,,0.014967961708677535
20070815,4364.596,4755.433,0.011884866821466604,,0.014967961708677535
20070816,4296.476,4681.213,0.012042536741722242,,0.014845416442514026
20070817,4217.177,4594.813,0.012268945133823421,,0.014845274210783188
20070820,4489.147,4891.138,0.011525778788923894,,0.014845274128064911
20070821,4563.694,4972.36,0.011281188342335949,,0.014616132450286035
20070822,4596.338,5008.154,0.011246359820800543,,0.014662086910928629
20070823,4658.624,5076.021,0.011095974766040184,,0.014661750837051013
20070824,4751.487,5177.203,0.010878828546963235,,0.014660530068515643
20070827,4782.9,5211.431,0.010807476571721328,,0.014660629198607333
20070828,4794.055,5223.586,0.010782434836357532,,0.014660736281649323
20070829,4712.664,5134.902,0.010968655019626695,,0.014660736281649323
20070830,4796.764,5226.537,0.01077629118011916,,0.014660502657720675
20070831,4894.487,5333.016,0.010561139591597086,,0.014660303491223825
20070903,5118.684,5577.3,0.01009856448185847,,0.014660303491223825
20070904,5091.302,5547.464,0.010152703610145688,,0.014659523273900188
20070905,5137.758,5598.083,0.01006102939299224,,0.01465965244395706
20070906,5201.401,5667.428,0.009937925234389931,,0.01465965244395706
20070907,5108.775,5566.503,0.010117992264295533,,0.014659144060103824
20070910,5202.21,5668.31,0.009936365058930044,,0.014659243872473304
20070911,4935.77,5377.998,0.010472693692787452,,0.014658967766837172
20070912,5038.363,5489.783,0.010259400838897096,,0.014658762862298502
20070913,5209.683,5676.452,0.009921851575827834,,0.014658004325162066
20070914,5331.345,5809.015,0.009695522966668963,,0.014658094994741244
20070917,5514.923,6009.042,0.009372957754653332,,0.014658272062581412
20070918,5500.99,5993.861,0.009396720063938829,,0.014658158339145189
20070919,5414.062,5899.144,0.009547593489791372,,0.014658158339145189
20070920,5481.642,5972.779,0.009429896117258422,,0.014658167873237149
20070921,5404.172,5888.368,0.009565061177447024,,0.014658066058704788
20070924,5445.435,5933.327,0.00949249499761595,,0.014657661092275731
20070925,5313.858,5789.962,0.009642057369756058,,0.014264842885144624
20070926,5188.436,5653.302,0.009875138421431274,,0.014264842885144624
20070927,5280.091,5753.169,0.00970372461789392,,0.014264847750973919
20070928,5426.17,5912.336,0.009442309823626576,,0.01426403691229039
20071008,5386.067,5868.641,0.009512800029465224,,0.014264225228730831
20071009,5350.082,5829.431,0.009576699326461532,,0.014263847026596777
20071010,5395.835,5879.284,0.009495612487416594,,0.014263965734457873
20071011,5411.673,5896.54,0.009467715858109916,,0.014263474828561495
20071012,5388.618,5871.419,0.009508168020569559,,0.014263220116236708
20071015,5619.737,6123.246,0.00911722367543314,,0.014263312863116884
20071016,5629.017,6133.357,0.009102057643982834,,0.014262667861568712
20071017,5577.78,6077.529,0.009185668350662687,,0.014262667861568712
20071018,5358.985,5839.132,0.009560911057336106,,0.014262883949829774
20071019,5338.261,5816.551,0.00959797446930337,,0.014262649395483828
20071022,5132.211,5592.039,0.009983188593507776,,0.014262107690159231
20071023,5194.462,5659.868,0.009863532402684776,,0.014261737462157642
20071024,5175.197,5638.876,0.009900250029422023,,0.014261737462157642
20071025,4829.807,5262.54,0.010608192515669579,,0.01426155583083788
20071026,4867.175,5303.257,0.010526829796334333,,0.014261341769467917
20071029,5049.463,5501.877,0.01014679812154738,,0.01426130835451822
20071030,5132.299,5592.135,0.009983061010146194,,0.014261342416078682
20071031,5185.225,5649.802,0.009881160474066227,,0.014261331249836084
20071101,5021.786,5471.72,0.010202790357449342,,0.01426118322224057
20071102,4813.297,5244.551,0.010644726427223191,,0.01426118322224057
20071105,4806.348,5236.98,0.010660086251842036,,0.014260734846842205
20071106,4784.266,5212.919,0.010709288370748716,,0.014260734846842205
20071107,4780.481,5208.795,0.010717791063335022,,0.014260758674028207
20071108,4542.173,4949.135,0.011279897901249433,,0.014260008099196808
20071109,4434.894,4832.245,0.011552845195237563,,0.014259910706885481
20071112,4331.75,4719.86,0.011828004290120049,,0.0142599841687443
20071113,4331.633,4719.732,0.0118283237715955,,0.0142599841687443
20071114,4536.096,4942.514,0.011295037839162164,,0.014259541909273032
20071115,4435.91,4833.351,0.011550070184575807,,0.014259316906435116
20071116,4387.125,4780.196,0.01167870701559964,,0.014259519355646733
20071119,4470.186,4870.699,0.01146170905355211,,0.014259524762865627
20071120,4595.409,5007.141,0.011149342593644074,,0.014259389054510185
20071121,4531.093,4937.063,0.011307697811484904,,0.014259487792418923
20071122,4343.957,4733.16,0.011794829092399985,,0.014259487792418923
20071123,4427.226,4823.89,0.011573069342112068,,0.014259570975198699
20071126,4378.851,4771.18,0.011700921883663418,,0.014259570975198699
20071127,4321.994,4709.229,0.011854888644675111,,0.014259609485611557
20071128,4257.565,4639.028,0.012034324504942698,,0.014259451984359295
20071129,4378.284,4770.563,0.01170232735286623,,0.014258871530556494
20071130,4265.157,4647.299,0.012012714329581904,,0.014258871530556494
20071203,4270.631,4653.264,0.011997434943172033,,0.014258991460697645
20071204,4339.327,4728.115,0.01180745822910471,,0.014258815767379973
20071205,4515.989,4920.606,0.011345706712124629,,0.014258964990067513
20071206,4518.322,4923.148,0.011339712060529236,,0.014258537377537017
20071207,4622.134,5036.262,0.011085184620438955,,0.014258699376317407
20071210,4749.925,5175.502,0.010786951105629664,,0.014258699376317407
20071211,4768.656,5195.911,0.010744500445231073,,0.0142584451440535
20071212,4771.062,5198.533,0.010739164961166612,,0.014258529188187374
20071213,4564.327,4973.275,0.011225406152492038,,0.01425801539595195
20071214,4657.581,5074.885,0.011000779180841474,,0.014258101242657917
20071217,4589.598,5000.81,0.011163608877441058,,0.014257748897719136
20071218,4596.635,5008.478,0.011146620168832843,,0.014257852035661989
20071219,4729.811,5153.586,0.010832767820905097,,0.014257852035661989
20071220,4805.598,5236.163,0.010661779498542493,,0.014257389224406669
20071221,4885.972,5323.738,0.010486139892500669,,0.014256596491562856
20071224,4964.279,5409.061,0.010320730543718688,,0.014256596491562856
20071225,5023.209,5473.271,0.01019966678236921,,0.01425661104459186
20071226,5075.668,5530.431,0.010094404159583827,,0.014256768147484777
20071227,5143.15,5603.958,0.009961925266430648,,0.014256665805986835
20071228,5102.799,5559.993,0.01004093537658541,,0.014256904137797788
20080102,5163.139,5625.738,0.009923590087097141,,0.014256904137797788
20080103,5315.444,5791.69,0.009639342525072038,,0.014256824605096696
20080104,5327.535,5804.865,0.009617584072042579,,0.01425694461509952
20080107,5414.612,5899.744,0.009462946147993048,,0.014256975711659958
20080108,5359.415,5839.602,0.009560483710472767,,0.014257047264757627
20080109,5494.304,5986.577,0.009325827794085563,,0.014257108764246462
20080110,5583.323,6083.571,0.009177121469026588,,0.014257049897943963
20080111,5550.696,6048.021,0.009231022080087551,,0.014256814945236673
20080114,5604.009,6106.11,0.009143203969846168,,0.014256814945236673
20080115,5614.496,6117.537,0.009126191096650289,,0.014256881075934702
20080116,5423.982,5909.954,0.0094468188642239,,0.014256958130810071
20080117,5261.186,5732.573,0.009739055022503182,,0.014256463509182193
20080118,5305.459,5780.813,0.009657830847132723,,0.014256510470790129
20080121,5038.246,5489.657,0.01017005235321934,,0.014256510470790129
20080122,4662.672,5080.434,0.010989486787327113,,0.01425675991957931
20080123,4919.94,5360.753,0.010414815329701859,,0.014256565021638634
20080124,4991.084,5438.271,0.010266360280294493,,0.014256565021638634
20080125,4996.421,5444.086,0.010255310589244119,,0.014256359991074774
20080128,4638.117,5053.679,0.011047556502436336,,0.014256362272501155
20080129,4668.194,5086.451,0.010976151124626422,,0.014255812517096178
20080130,4663.369,5081.194,0.010987568001757432,,0.014255873672494035
20080131,4589.109,5000.28,0.011165366524261582,,0.014255873672494035
20080201,4509.176,4913.186,0.01136328447838168,,0.01425570297546419
20080204,4888.848,5326.876,0.01048070505697595,,0.014255383165709956
20080205,4880.217,5317.471,0.010499240905965199,,0.014255383165709956
20080213,4801.106,5231.272,0.010672082213340801,0.138,0.014255011691956865
20080214,4885.467,5323.192,0.010487890439828425,0.1217564870259481,0.014255104013854991
20080215,4845.424,5279.561,0.010574563266991134,0.1294820717131474,0.014255104013854991
20080218,4939.295,5381.843,0.01037367053162734,0.11332007952286283,0.014255181294105634
20080219,5072.255,5526.716,0.010101694316752782,0.09325396825396826,0.014255021943420765
20080220,5004.573,5452.969,0.010238186560222445,0.10693069306930693,0.01425471202837758
20080221,5052.931,5505.66,0.010140250669100308,0.09683794466403162,0.014254759184020527
20080222,4894.179,5332.685,0.010469302654237964,0.1222879684418146,0.014254885030883901
20080225,4728.783,5152.469,0.010835382829964059,0.17125984251968504,0.014254665768037578
20080226,4669.042,5087.377,0.01097433586118215,0.1807465618860511,0.014254974272976062
20080227,4776.339,5204.287,0.010727805345886385,0.15490196078431373,0.014254974272976062
20080228,4799.755,5229.801,0.01067546886413278,0.1506849315068493,0.014254974272976062
20080229,4819.839,5251.684,0.01063098478143474,0.140625,0.014254974272976062
20080303,4944.532,5387.549,0.010362747233095024,0.11695906432748537,0.014254678356376393
20080304,4831.593,5264.491,0.010604820388251363,0.14007782101167315,0.014254353757640281
20080305,4752.52,5178.333,0.010781264666773115,0.16893203883495145,0.014254353757640281
20080306,4780.679,5209.014,0.010717660923419305,0.15891472868217055,0.014254140734348386
20080307,4714.465,5136.868,0.010868295254144391,0.18375241779497098,0.01425424144628673
20080310,4522.268,4927.451,0.011330263929318438,0.23552123552123552,0.01425430702884789
20080311,4526.579,4932.147,0.011319473270898628,0.2350674373795761,0.01425430702884789
20080312,4409.696,4804.792,0.011619575272263195,0.2653846153846154,0.014254369893827334
20080313,4253.066,4634.129,0.012047606987353337,0.30710172744721687,0.014254468064841319
20080314,4212.745,4590.195,0.01216284746398009,0.31226053639846746,0.014254342844506107
20080317,3949.561,4303.431,0.012973459627051608,0.3441682600382409,0.01425447004830338
20080318,3719.852,4053.141,0.01377449746460697,0.37595419847328243,0.014254267254453001
20080319,3864.782,4211.056,0.013176027236427157,0.35619047619047617,0.01412099672288969
20080320,4007.175,4366.207,0.01270782356519329,0.3403041825095057,0.01412099672288969
20080321,4105.316,4473.141,0.012403852990077019,0.32637571157495254,0.014120683267961676
20080324,3935.131,4287.708,0.01294031490707521,0.3446969696969697,0.014120708574721919
20080325,4025.125,4385.765,0.012650994525783367,0.33648393194706994,0.014120708574721919
20080326,4034.864,4396.378,0.012620615470379242,0.3339622641509434,0.014120755040283983
20080327,3843.314,4187.665,0.013249568558487483,0.3653483992467043,0.014120665645285024
20080328,3960.473,4315.321,0.012857595390837025,0.34398496240601506,0.014120627345075798
20080331,3808.966,4150.239,0.013368902706689114,0.37523452157598497,0.014120437875625669
20080401,3529.261,3845.473,0.01442834865208196,0.4044943820224719,0.014120321868628771
20080402,3440.752,3749.034,0.014799542642024398,0.411214953271028,0.014120365416884217
20080403,3590.046,3911.705,0.01418420193969498,0.39925373134328357,0.014120447887528753
20080407,3793.427,4133.308,0.013423594631857149,0.3743016759776536,0.014120247590277302
20080408,3847.746,4192.494,0.013234131011254828,0.362453531598513,0.014120286689325745
20080409,3702.481,4034.214,0.013753357024933193,0.38589981447124305,0.014120233475065413
20080410,3788.454,4127.889,0.013441175917372424,0.37592592592592594,0.014120131298784866
20080411,3811.912,4153.449,0.01335851562043484,0.36968576709796674,0.014120186988048511
20080414,3577.145,3897.648,0.01423531717360157,0.4077490774907749,0.014120261131136846
20080415,3638.46,3964.457,0.01381220779518746,0.39226519337016574,0.013872166451847745
20080416,3544.538,3862.12,0.014178066969266507,0.40441176470588236,0.013871980987866017
20080417,3405.803,3711.617,0.014934085693348937,0.42385321100917434,0.014052933583886373
20080418,3259.405,3552.073,0.015604422239879312,0.4523809523809524,0.014052432933318926
20080421,3255.691,3548.025,0.015622223322414147,0.453382084095064,0.014052432933318926
20080422,3276.698,3570.919,0.015522012850731381,0.4470802919708029,0.014052347507225171
20080423,3434.47,3743.866,0.015078372008438898,0.43169398907103823,0.0143255395960169
20080424,3751.293,4090.885,0.014209579490421497,0.40545454545454546,0.01473601861626439
20080425,3803.786,4148.13,0.01401348447976877,0.3956442831215971,0.01473601861626439
20080428,3748.055,4088.467,0.014494072062533486,0.41304347826086957,0.015012222291931554
20080429,3812.125,4158.357,0.01425069514679709,0.40867992766726946,0.015012449137100647
20080430,3966.07,4326.284,0.013532555330171503,0.37364620938628157,0.01479989837679252
20080505,4079.206,4449.696,0.013157355124154915,0.34774774774774775,0.014800022825490089
20080506,4043.812,4411.087,0.01327241537874076,0.35611510791366907,0.01479989860069586
20080507,3856.901,4208.496,0.014223658294564474,0.40933572710951527,0.015112500071132295
20080508,3980.876,4344.042,0.013705389407010536,0.3781362007168459,0.015011027858280901
20080509,3989.826,4355.264,0.01396093740918665,0.39713774597495527,0.015292124324165268
20080512,4024.948,4393.961,0.013865864270779318,0.39285714285714285,0.01530880063737139
20080513,4030.565,4408.798,0.015824729338703113,0.47237076648841353,0.017317246780749862
20080514,4131.888,4519.63,0.015352022889215952,0.4483985765124555,0.017216900209883645
20080515,4126.883,4515.385,0.01564296289197742,0.46714031971580816,0.017493897740841202
20080516,4087.448,4472.603,0.01587558412017804,0.475177304964539,0.017577027597369232
20080519,4073.593,4457.909,0.015940515323501228,0.4778761061946903,0.017575350622026642
20080520,3849.908,4213.343,0.016919414210874145,0.5035335689045937,0.017629010235062026
20080521,3955.914,4329.875,0.01658577394276491,0.4973544973544973,0.01775085384755193
20080522,3901.806,4272.262,0.017192754598787132,0.5140845070422535,0.018134524229758142
20080523,3843.867,4208.823,0.017408895142802125,0.5254833040421792,0.018087888557093423
20080526,3708.14,4060.206,0.01804610331483638,0.5385964912280702,0.018087888557093423
20080527,3718.91,4072.298,0.017924046174114132,0.5359019264448336,0.018017591138265843
20080528,3806.97,4172.201,0.018247816935900028,0.5472027972027972,0.01876934618700865
20080529,3708.52,4064.794,0.018828382286804123,0.5567190226876091,0.018867583950366695
20080530,3734.0,4092.89,0.018395678768661473,0.5487804878048781,0.01856303055602382
20080602,3755.85,4116.833,0.018180654261631447,0.542608695652174,0.018456485409544365
20080603,3757.302,4118.431,0.016184846242062817,0.4756944444444444,0.016553409575593703
20080604,3675.057,4028.281,0.016512871094311557,0.48873483535528595,0.016518789250260957
20080605,3613.753,3962.353,0.0170770866224453,0.5051903114186851,0.016808312723626484
20080606,3603.408,3956.331,0.018367829131300948,0.5492227979274611,0.01806843095142474
20080610,3326.566,3653.731,0.019079236877971573,0.5637931034482758,0.017197647794173543
20080611,3256.88,3577.586,0.01953750806833776,0.5697074010327022,0.017250016097492216
20080612,3199.279,3515.5,0.019871532017229944,0.5756013745704467,0.01725165987535493
20080613,3096.494,3406.852,0.02179384734401864,0.5969125214408233,0.018536143376540748
20080616,3048.637,3354.488,0.022174030937018568,0.5993150684931506,0.01858203534082903
20080617,2925.238,3219.535,0.021689566490722283,0.5948717948717949,0.01747241790701559
20080618,3093.869,3405.132,0.02031985706670176,0.5819112627986348,0.01731748328741034
20080619,2854.873,3143.036,0.02205223347912819,0.5979557069846678,0.0174208521818644
20080620,2903.519,3198.348,0.022154594794838795,0.5986394557823129,0.01791958448514519
20080623,2826.267,3118.729,0.02427563890439087,0.6095076400679117,0.019525679673784824
20080624,2860.466,3157.038,0.023902580831511245,0.6050847457627119,0.019513644822604093
20080625,2999.829,3313.412,0.022511704371559867,0.6006768189509306,0.019486071609440492
20080626,3010.76,3327.532,0.023045185557190397,0.6030405405405406,0.02011330419563717
20080627,2825.065,3126.809,0.025831440819514263,0.627318718381113,0.02145856060913509
20080630,2795.79,3094.407,0.024915901593604253,0.6195286195286195,0.020552062811148852
20080701,2715.851,3005.929,0.02539939621336518,0.6252100840336134,0.020355370427264985
20080702,2736.005,3028.237,0.023512759284585825,0.6006711409395973,0.019033712811791448
20080703,2816.709,3117.56,0.0228388334736309,0.5963149078726968,0.01903352522303403
20080704,2772.396,3068.774,0.02328862755745355,0.6003344481605352,0.019119884465935044
20080707,2920.743,3232.979,0.02157971751578488,0.5826377295492488,0.01866814579252951
20080708,2958.409,3275.084,0.021380901349354,0.5783333333333334,0.018753468218642544
20080709,3058.914,3386.347,0.020678334654971098,0.5757071547420965,0.018753409995695636
20080710,2998.954,3321.644,0.021411738039001482,0.579734219269103,0.019105940827570667
20080711,2971.002,3291.463,0.021043408658857152,0.5771144278606966,0.018603677272436725
20080714,3007.535,3334.55,0.021501069101259866,0.5811258278145696,0.019339314088767656
20080715,2908.613,3224.872,0.022147195481540434,0.5917355371900826,0.0192683499599533
20080716,2786.243,3089.197,0.02307171716385647,0.6039603960396039,0.01922884240110667
20080717,2740.441,3039.226,0.023320853175851693,0.6062602965403624,0.019177282863587664
20080718,2821.33,3128.935,0.022443435217881235,0.5953947368421053,0.01900534479785243
20080721,2918.468,3236.966,0.021729607724749123,0.5845648604269293,0.01904952488070899
20080722,2921.414,3240.985,0.02166564877142087,0.5819672131147541,0.019045498425705354
20080723,2885.971,3201.665,0.02193148616151087,0.5875613747954174,0.01904529611268102
20080724,2952.943,3277.104,0.021782326384528372,0.5849673202614379,0.019400176638828315
20080725,2909.385,3228.764,0.021771680791011633,0.5840130505709625,0.0191088701160822
20080728,2939.05,3261.686,0.021409747906126535,0.5700325732899023,0.01898861044949629
20080729,2887.269,3204.221,0.021793806385716253,0.5869918699186992,0.018988702910825328
20080730,2865.883,3180.737,0.022034936150693903,0.5909090909090909,0.019068691936570348
20080731,2783.507,3089.546,0.022762734050763716,0.6029173419773096,0.019145940010688367
20080801,2777.875,3083.294,0.022808884334046403,0.6035598705501618,0.019145940010688367
20080804,2687.548,2983.251,0.023647613521748007,0.617124394184168,0.01921945632328903
20080805,2582.161,2866.269,0.024612902221239786,0.6258064516129033,0.019219606231315023
20080806,2590.758,2875.812,0.02453085567305096,0.6231884057971014,0.019219382745683022
20080807,2592.371,2877.602,0.0245155923213931,0.6221864951768489,0.019219382745683022
20080808,2455.946,2726.724,0.02603670578929967,0.6468699839486356,0.019400391793025884
20080811,2326.844,2583.794,0.027638363186001616,0.6618589743589743,0.01956053740488417
20080812,2360.443,2621.103,0.027244450798043773,0.6592,0.01956025900115077
20080813,2376.105,2638.495,0.027022631729577966,0.6549520766773163,0.019536889669011348
20080814,2375.973,2638.348,0.027024133003956213,0.6555023923444976,0.019536889669011348
20080815,2368.548,2630.104,0.026581042748019243,0.6528662420382165,0.019243460677433655
20080818,2228.151,2474.203,0.02813168871105703,0.6645468998410174,0.01917789405349346
20080819,2262.465,2512.306,0.02770502541839561,0.6634920634920635,0.01917789405349346
20080820,2418.71,2685.805,0.02591505050970012,0.6386687797147385,0.019177752535993964
20080821,2318.934,2575.011,0.027030140758728043,0.6550632911392406,0.019177805545242288
20080822,2273.845,2524.943,0.027566180858415057,0.6619273301737757,0.01917785488676227
20080825,2254.339,2503.282,0.027804701295591646,0.6656151419558359,0.01917785488676227
20080826,2167.117,2406.429,0.028923739246375046,0.6787401574803149,0.019178004961156958
20080827,2157.396,2395.634,0.029054066580445383,0.6792452830188679,0.019178004961156958
20080828,2173.047,2413.014,0.028749292199630728,0.6750392464678179,0.019132134680205803
20080829,2233.283,2479.902,0.027973792261726287,0.6630094043887147,0.019132142765298843
20080901,2177.143,2417.562,0.028695126918004403,0.672926447574335,0.019132142765298843
20080902,2172.64,2412.562,0.02875449307239118,0.6765625,0.01913215315146899
20080903,2142.429,2379.015,0.029159801166490782,0.6848673946957878,0.019132115888792933
20080904,2152.818,2390.551,0.02901908273403682,0.6791277258566978,0.019132115888792933
20080905,2088.462,2319.088,0.029913306372499802,0.6951788491446346,0.019132115888792933
20080908,2018.231,2241.102,0.030954300732058126,0.7127329192546584,0.01913227919869609
20080909,2042.635,2268.2,0.030584480007814614,0.7069767441860465,0.01913227919869609
20080910,2051.695,2278.262,0.03045008963187825,0.7043343653250774,0.019132958386678167
20080911,2011.461,2233.584,0.031058838620752476,0.7156105100463679,0.019132828647152378
20080912,2024.085,2247.602,0.0308651279916295,0.7098765432098766,0.019132828647152378
20080916,1997.322,2217.883,0.031278703479427655,0.7226502311248074,0.019132828647152378
20080917,1959.529,2175.918,0.03188235992593869,0.7369230769230769,0.019133393078672567
20080918,1914.638,2126.068,0.03262983180708244,0.8003072196620584,0.01913337388605507
20080919,2079.878,2309.556,0.030037848205775746,0.6871165644171779,0.019133743699765393
20080922,2163.626,2402.553,0.028875509780072334,0.666156202143951,0.019134094180757177
20080923,2072.687,2301.572,0.030142321502643527,0.691131498470948,0.0191341361705879
20080924,2094.092,2325.341,0.029833872579346127,0.683969465648855,0.01913407433309766
20080925,2175.202,2415.407,0.02872126436800777,0.6570121951219512,0.019134014640820096
20080926,2203.04,2446.32,0.02835869812983213,0.649923896499239,0.019134382240422854
20081006,2080.208,2309.924,0.03003330112711888,0.6869300911854104,0.019134479687455075
20081007,2053.109,2279.832,0.030429685902569302,0.701062215477997,0.019134470017433403
20081008,2005.102,2226.523,0.031158246310530914,0.7196969696969697,0.019134470017433403
20081009,1969.52,2187.011,0.0317207697490048,0.7337367624810892,0.019134322041913565
20081010,1875.446,2082.548,0.03331191110597689,0.8429003021148036,0.019134322041913565
20081013,1911.661,2122.763,0.032681226549000526,0.8069381598793364,0.019134722917150127
20081014,1867.382,2073.594,0.03345615745781468,0.8509036144578314,0.019134722917150127
20081015,1839.044,2042.127,0.033971299378086114,0.8631578947368421,0.01913469334493345
20081016,1750.458,1943.758,0.03569049602645308,0.9099099099099099,0.01913469334493345
20081017,1774.743,1970.725,0.0352018900967394,0.8875562218890555,0.019134703422591937
20081020,1828.091,2029.964,0.034174616053554,0.8637724550898204,0.019134703422591937
20081021,1817.945,2018.697,0.03436534550602883,0.8654708520179372,0.019134703422591937
20081022,1775.588,1971.663,0.03518505005136126,0.8850746268656716,0.019134815997476462
20081023,1783.388,1980.325,0.03503149454837119,0.8763040238450075,0.019135155644145474
20081024,1748.094,1941.133,0.03573878006539156,0.9107142857142857,0.019135155644145474
20081027,1629.954,1809.948,0.038328997190934445,0.962852897473997,0.019135499381366605
20081028,1665.351,1849.253,0.03751431517280883,0.9332344213649851,0.019135499381366605
20081029,1621.552,1800.618,0.03852795944452356,0.965925925925926,0.019135868562335068
20081030,1651.192,1833.53,0.03783606222908972,0.9423076923076923,0.019135773126617517
20081031,1615.563,1793.967,0.0386707309452607,0.9719350073855244,0.01913602472060605
20081103,1596.101,1772.355,0.03914226110886355,0.9808259587020649,0.01913602472060605
20081104,1568.82,1742.062,0.03982269567966984,0.9911634756995582,0.019136179993409552
20081105,1618.691,1797.441,0.03859624395090393,0.9661764705882353,0.019136653003761994
20081106,1603.55,1780.627,0.03896056896326484,0.9720998531571219,0.019136618778476056
20081107,1617.392,1795.998,0.038627388580466916,0.966275659824047,0.019136876437131578
20081110,1722.396,1912.598,0.036272530835652,0.9062957540263543,0.019137085081783134
20081111,1717.479,1907.138,0.036376376084484095,0.9093567251461988,0.019137085081783134
20081112,1730.101,1921.154,0.036110757983614246,0.9021897810218978,0.01913705681498823
20081113,1810.393,2010.313,0.03450944823058235,0.8454810495626822,0.01913728481136423
20081114,1872.426,2079.196,0.033366098957520504,0.8165938864628821,0.019137260869619643
20081117,1922.537,2134.841,0.032496548915580965,0.7601744186046512,0.019137402117936686
20081118,1776.575,1972.76,0.035166024410687446,0.8664731494920174,0.019137232561367012
20081119,1875.002,2082.057,0.0333202369086871,0.8130434782608695,0.019137563558670134
20081120,1851.81,2056.304,0.033737574489570654,0.8335745296671491,0.019137600416088807
20081121,1839.845,2043.017,0.033956978884379846,0.8352601156069365,0.019137600416088807
20081124,1775.121,1971.146,0.03519531134067917,0.8701298701298701,0.01913780620862826
20081125,1766.741,1961.841,0.035361955718884924,0.877521613832853,0.019137808390774724
20081126,1791.664,1989.515,0.03487003878924237,0.8532374100719424,0.019137802957547967
20081127,1821.411,2022.548,0.03430108052358786,0.8376436781609196,0.019138346934737482
20081128,1798.437,1997.036,0.03473901186237241,0.8464849354375896,0.019138247721872892
20081201,1827.94,2029.798,0.03417882730565996,0.835243553008596,0.019138761382390568
20081202,1837.744,2040.685,0.0339964648865956,0.8297567954220315,0.01913885352438438
20081203,1919.003,2130.917,0.03255690552153996,0.7557142857142857,0.01913885352438438
20081204,1943.794,2158.446,0.032141754628347924,0.7047075606276747,0.019138979738681394
20081205,1969.903,2187.438,0.03171546752347038,0.6894586894586895,0.019138846845682345
20081208,2039.213,2264.402,0.030637567381604922,0.662873399715505,0.01913891235165255
20081209,2004.639,2226.01,0.031165973371237776,0.6775568181818182,0.01913891235165255
20081210,2028.435,2252.434,0.030800208788011048,0.6652482269503546,0.01913889273012348
20081211,1981.509,2200.326,0.03152958295318821,0.6855524079320113,0.019138879833402678
20081212,1902.682,2112.794,0.03283548589503358,0.7779349363507779,0.019138729892758555
20081215,1924.409,2136.921,0.032465093994992374,0.7401129943502824,0.019139064111966864
20081216,1947.665,2162.744,0.032077067060380444,0.7023977433004231,0.01913890133368601
20081217,1961.406,2178.003,0.03185261737143692,0.6943661971830986,0.019139178804176815
20081218,1988.215,2207.773,0.03142334310690894,0.680731364275668,0.019139408079166254
20081219,2001.143,2222.129,0.031220305218812403,0.675561797752809,0.019139490915367485
20081222,1973.235,2191.138,0.03166186249812613,0.6872370266479664,0.019139490915367485
20081223,1876.421,2083.634,0.03329561436048256,0.8025210084033614,0.019139877913720627
20081224,1838.645,2041.686,0.033979691563032044,0.8321678321678322,0.019139877913720627
20081225,1823.206,2024.542,0.034267176923964617,0.8393854748603352,0.01913977427933289
20081226,1804.806,2004.11,0.03461653084643658,0.8479776847977685,0.01913977427933289
20081229,1783.933,1980.932,0.035021563349539375,0.8593314763231198,0.01913977427933289
20081230,1746.514,1939.381,0.035771984192722185,0.8998609179415855,0.01913986100882359
20081231,1711.015,1899.962,0.03651423306969608,0.9194444444444444,0.01913993802163394
20090105,1776.048,1972.177,0.035177375330577305,0.8668515950069348,0.019140140694832386
20090106,1833.282,2035.731,0.0340787292448476,0.8282548476454293,0.01913998283553231
20090107,1821.679,2022.847,0.0342959470667919,0.8340248962655602,0.019140142642257496
20090108,1784.417,1981.47,0.035011439305960734,0.8549723756906077,0.01913990316297287
20090109,1822.575,2023.842,0.034278535436719985,0.8317241379310345,0.019140011772565746
20090112,1838.329,2041.336,0.03398441267219145,0.8209366391184573,0.019139976454495278
20090113,1797.297,1995.773,0.034760006315518406,0.8486932599724897,0.01913994323516377
20090114,1867.075,2073.256,0.03346083529683313,0.8021978021978022,0.0191399119888922
20090115,1861.708,2067.297,0.03355739075277572,0.8079561042524005,0.019140163020481937
20090116,1885.966,2094.233,0.03312558639783353,0.773972602739726,0.01914010122490728
20090119,1895.265,2104.558,0.0329630577657354,0.7688098495212038,0.01914010122490728
20090120,1908.309,2119.043,0.03273787420419065,0.7568306010928961,0.019140323521744884
20090121,1896.282,2105.688,0.032945576827320924,0.7680763983628922,0.01914039034319126
20090122,1924.441,2136.957,0.03246350787993243,0.720708446866485,0.01914051841960651
20090123,1918.788,2130.68,0.03255905722861144,0.7387755102040816,0.01914056570643985
20090202,1957.424,2173.583,0.03191611729171482,0.6779891304347826,0.01914058247880579
20090203,2012.174,2234.379,0.031047577556833097,0.6431478968792401,0.019140535291058303
20090204,2061.961,2289.664,0.030297922140785947,0.6233062330623306,0.019140538015652186
20090205,2055.039,2281.977,0.030399416792622896,0.625169147496617,0.019140287365733366
20090206,2143.168,2379.838,0.029149139618611025,0.5986486486486486,0.019140187143268594
20090209,2227.32,2473.283,0.02804787366880736,0.5721997300944669,0.01914022682402461
20090210,2279.728,2531.478,0.027403089307148926,0.5633423180592992,0.01914022682402461
20090211,2269.865,2520.526,0.02752222366010058,0.5652759084791387,0.019140293074446424
20090212,2250.849,2499.411,0.02775503949977753,0.5698924731182796,0.019140636978119296
20090213,2328.574,2585.718,0.026828488904076714,0.553020134228188,0.01914057552819104
20090216,2404.273,2669.777,0.025984003485766755,0.5415549597855228,0.019140794377518144
20090217,2320.758,2577.039,0.02691876259971064,0.5542168674698795,0.019140635181860377
20090218,2206.941,2450.653,0.028306852867825038,0.5802139037433155,0.01914055607491405
20090219,2255.838,2504.949,0.027693280357441733,0.5687583444592791,0.01914055607491405
20090220,2330.672,2588.047,0.02680409162821162,0.5506666666666666,0.019140578797204544
20090223,2386.709,2650.273,0.02617490288933748,0.5419440745672437,0.019140817026153778
20090224,2291.958,2545.059,0.027257124391014506,0.5625,0.019140953983435738
20090225,2277.208,2528.679,0.02743350978912063,0.5644090305444888,0.019140876330919765
20090226,2137.425,2373.461,0.02922803991422745,0.6087533156498673,0.01914135503658776
20090227,2038.242,2263.324,0.030650307085060367,0.6410596026490066,0.01914135503658776
20090302,2068.412,2296.826,0.030203275199873283,0.6243386243386243,0.01914145969357195
20090303,2069.971,2298.557,0.030180194448309067,0.6235138705416117,0.01914131609853076
20090304,2205.125,2448.636,0.028330425453260068,0.5804749340369393,0.019141317090003884
20090305,2220.916,2466.171,0.02812840273483148,0.5744400527009222,0.019141075992541445
20090306,2196.221,2438.748,0.028444687346232914,0.5842105263157895,0.019141075992541445
20090309,2107.405,2340.124,0.029643480815614933,0.6136662286465178,0.019141075992541445
20090310,2147.546,2384.698,0.029089507742564195,0.6010498687664042,0.0191411881342316
20090311,2135.674,2371.515,0.029251220448858955,0.6081258191349934,0.019141195285716783
20090312,2133.843,2369.482,0.02927638751740139,0.6086387434554974,0.01914127265838994
20090313,2111.697,2344.89,0.02958341777693217,0.6143790849673203,0.01914127265838994
20090316,2140.613,2376.999,0.029183796683143724,0.6031331592689295,0.01914127265838994
20090317,2222.98,2468.462,0.028102338508686906,0.5684485006518905,0.019141274733527114
20090318,2255.127,2504.159,0.027701620377049426,0.5611979166666666,0.0191412214941018
20090319,2309.848,2564.922,0.027045360584780617,0.5461638491547465,0.0191412214941018
20090320,2337.32,2595.428,0.026727448971061968,0.5376623376623376,0.019141259876858108
20090323,2392.713,2656.938,0.02610846309969763,0.5265888456549935,0.019141130727133415
20090324,2410.784,2677.005,0.025912919798568735,0.522020725388601,0.01914129702351186
20090325,2339.571,2597.928,0.02670145813281151,0.538163001293661,0.019141169206827513
20090326,2408.631,2674.615,0.025936043706634396,0.5232558139534884,0.019141381107112387
20090327,2437.811,2707.016,0.025625595622119392,0.5174193548387097,0.019141381107112387
20090330,2409.32,2675.379,0.02592871352392057,0.5231958762886598,0.019141469589447402
20090331,2407.298,2673.133,0.025950492239619823,0.525096525096525,0.019141469589447402
20090401,2466.307,2738.88,0.025410514332848723,0.5141388174807198,0.01922394859633303
20090402,2489.709,2764.868,0.025171668404904,0.5096277278562259,0.01922394859633303
20090403,2464.078,2736.404,0.025432974459205615,0.5153846153846153,0.019223621086587706
20090407,2480.836,2755.015,0.025261513626053087,0.5108834827144686,0.019223966017994698
20090408,2395.229,2659.946,0.02616437610683698,0.5332480818414322,0.019223966017994698
20090409,2430.237,2698.823,0.02578747357480074,0.5185185185185185,0.019223966017994698
20090410,2500.339,2776.673,0.025064627383950582,0.5051020408163265,0.01922412619812408
20090413,2575.463,2860.099,0.024333456786653235,0.4929936305732484,0.019224082430704392
20090414,2598.09,2885.227,0.024121403949385715,0.48854961832061067,0.01922401546358188
20090415,2626.858,2917.175,0.0238574457340338,0.4866581956797967,0.019224226458297355
20090416,2641.091,2932.981,0.02372882033883831,0.4860406091370558,0.01922418716246832
20090417,2587.038,2872.953,0.0242244756150344,0.49302915082382764,0.019224094973111727
20090420,2641.186,2933.086,0.023728063692251486,0.48481012658227846,0.019224322916277625
20090421,2614.959,2903.96,0.023965966695551694,0.4892541087231353,0.01922426694672552
20090422,2506.664,2783.786,0.025033368455733035,0.5088383838383839,0.019256940653366694
20090423,2533.951,2814.089,0.02476367434777986,0.5044136191677175,0.019256854896044562
20090424,2501.478,2778.027,0.025085444386669577,0.5113350125944585,0.019257180081069025
20090427,2420.096,2687.648,0.025677883546986933,0.5245283018867924,0.01907534628075891
20090428,2433.678,2702.976,0.025625025173384993,0.5226130653266332,0.01916751770059233
20090429,2493.769,2770.483,0.02528434874617871,0.5156838143036386,0.019449619107149818
20090430,2513.343,2792.229,0.02508717058488743,0.5100250626566416,0.019449415874760678
20090504,2624.543,2915.768,0.023671703031438625,0.4793491864831039,0.019174845989102796
20090505,2636.42,2928.963,0.02298928651710704,0.47,0.018762606946702842
20090506,2681.292,2978.814,0.022604555848237097,0.46441947565543074,0.018762606946702842
20090507,2668.451,2965.057,0.022502462348579205,0.4625935162094763,0.018660058199500007
20090508,2657.407,2952.785,0.0225956604255139,0.46450809464508097,0.0186598305391259
20090511,2578.074,2864.634,0.023290964197382916,0.4763681592039801,0.01865983078652622
20090512,2656.311,2951.568,0.022605032856337453,0.4658385093167702,0.01865996220522881
20090513,2682.984,2981.64,0.02252595488667366,0.4627791563275434,0.018808330975789822
20090514,2680.601,2979.041,0.022119299397361476,0.45353159851301117,0.018511434137637783
20090515,2680.078,2979.359,0.02233338996612822,0.4591584158415842,0.018755740180579128
20090518,2715.47,3019.042,0.02166335149169617,0.4400494437577256,0.018529582810312473
20090519,2745.817,3053.599,0.021572212463786482,0.4382716049382716,0.018719272393756148
20090520,2732.098,3038.343,0.018762170132209516,0.4007398273736128,0.01670810584681859
20090521,2675.001,2975.204,0.01928276538543099,0.40763546798029554,0.016830325250648537
20090522,2659.975,2958.491,0.018969063760102257,0.4022140221402214,0.016553411572825416
20090525,2669.271,2968.862,0.0187885904489179,0.4004914004914005,0.016481237754282008
20090526,2637.592,2933.627,0.01885260356544064,0.40245398773006136,0.01637485871466038
20090527,2656.946,2958.119,0.019642457768833207,0.41544117647058826,0.017341237121699216
20090601,2738.317,3048.714,0.018885721103237555,0.40269277845777235,0.0172194253165745
20090602,2764.97,3078.896,0.018336651208518906,0.38875305623471884,0.01700383249838655
20090603,2809.497,3128.778,0.018141459595079287,0.38217338217338215,0.01710096560211527
20090604,2827.823,3149.187,0.018024009378615296,0.37926829268292683,0.017101085002088512
20090605,2812.591,3133.595,0.018462099016012697,0.39585870889159563,0.017471460564957297
20090608,2786.863,3105.628,0.017718378880629142,0.3710462287104623,0.016852315362051007
20090609,2779.93,3098.152,0.017683078314965104,0.370595382746051,0.016812278048996765
20090610,2823.897,3147.152,0.01735344364862574,0.36529126213592233,0.01677051534367302
20090611,2789.35,3108.959,0.017667655260728516,0.3709090909090909,0.01687146399277717
20090612,2730.473,3045.801,0.01885651294409965,0.40799031476997577,0.017693582717051237
20090615,2735.214,3055.868,0.020389986101098604,0.43409915356711004,0.019287451174904824
20090616,2737.194,3058.123,0.019966575948704487,0.4251207729468599,0.018975512615020396
20090617,2774.594,3100.089,0.01800679479870918,0.37997587454764775,0.017664476185911493
20090618,2799.827,3128.282,0.01740329922511021,0.3650602409638554,0.017286707542565782
20090619,2807.646,3137.243,0.017298524722637394,0.3622141997593261,0.017247383676716854
20090622,2805.283,3136.091,0.017402728698407623,0.36538461538461536,0.017386770889488146
20090623,2821.13,3157.625,0.0171297104693729,0.35294117647058826,0.017333919794813024
20090624,2901.452,3247.809,0.01665143535520329,0.34292565947242204,0.017334239004096252
20090625,2889.414,3235.6,0.016852477658898263,0.3449101796407186,0.01747139090687755
20090626,2883.282,3233.74,0.018438769876960793,0.4019138755980861,0.019048945311183063
20090629,2920.316,3276.404,0.018255646660387266,0.3954599761051374,0.01909374117856144
20090630,2887.43,3239.689,0.01796708773618915,0.3818615751789976,0.018591177437299544
20090701,2928.779,3292.165,0.017866646278849253,0.3778307508939213,0.018684357831896037
20090702,2955.365,3323.249,0.01789183471183928,0.37976190476190474,0.018867794067633614
20090703,2981.114,3353.707,0.0174072392268496,0.36741973840665876,0.018536715196683096
20090706,3059.132,3442.037,0.016520675438663333,0.336104513064133,0.018076261758870116
20090707,3051.876,3434.933,0.015531731426267311,0.3084223013048636,0.016921840176270297
20090708,3081.03,3468.011,0.015461103789855544,0.30213270142180093,0.016999472121965065
20090709,3140.061,3534.457,0.015170625781809442,0.29704142011834317,0.016999655357547105
20090710,3139.724,3534.077,0.01517186089891477,0.2978723404255319,0.016999196454571264
20090713,3109.826,3500.423,0.015317723817661914,0.29988193624557263,0.016999196454571264
20090714,3192.247,3594.294,0.015154168363502751,0.2959905660377358,0.01722371931139932
20090715,3283.584,3697.418,0.014809338095198351,0.2838633686690224,0.0173017423010684
20090716,3278.038,3691.173,0.01472073842515686,0.2811764705882353,0.017173645075524213
20090717,3330.006,3749.819,0.014525252824104525,0.2784958871915394,0.017208479120045972
20090720,3424.188,3855.875,0.013683931409258106,0.2476525821596244,0.016695587410712198
20090721,3346.052,3768.856,0.014050172728840772,0.2661195779601407,0.01671609498130633
20090722,3417.051,3848.979,0.013107537246009637,0.22365339578454332,0.015959535136838232
20090723,3442.409,3878.042,0.013139840964342227,0.22573099415204678,0.016090450123204425
20090724,3463.413,3902.185,0.01318328909888201,0.23014018691588786,0.016215533042782893
20090727,3562.636,4013.979,0.012610932837660252,0.20536756126021002,0.015944480085364088
20090728,3617.764,4076.09,0.012418559226348672,0.20163170163170163,0.01594421115988065
20090729,3419.169,3852.336,0.013060306840182124,0.22235157159487776,0.015849503280531918
20090730,3484.7,3926.169,0.012620271767093625,0.20813953488372092,0.015613960688637851
20090731,3618.043,4077.345,0.012385743678216455,0.1997677119628339,0.01584814813777191
20090803,3758.837,4236.012,0.011648196039623991,0.16125290023201855,0.015494460732840887
20090804,3817.93,4302.696,0.01148866078104291,0.15179606025492468,0.015515534996137115
20090805,3771.133,4249.957,0.011631104370081215,0.16203703703703703,0.015515375660958952
20090806,3642.41,4104.89,0.012042093462502486,0.18728323699421964,0.015515300833562895
20090807,3489.274,3932.309,0.01250611855012681,0.20785219399538107,0.015435590721589065
20090810,3523.357,3970.803,0.012346050110603468,0.20184544405997693,0.01537967644324878
20090811,3527.788,3975.797,0.012330615711557382,0.20161290322580644,0.015379750143375448
20090812,3338.379,3762.334,0.012972143451697947,0.22669735327963175,0.01530651078883083
20090813,3376.006,3804.74,0.012827605175944001,0.22298850574712645,0.01530651800537397
20090814,3274.826,3690.71,0.013223904285387222,0.24454649827784156,0.015306484120392483
20090817,3039.822,3425.862,0.014246268391042547,0.2901376146788991,0.01530652904288643
20090818,3110.454,3505.62,0.013805854825488902,0.27033218785796104,0.015144177107179857
20090819,2930.219,3302.78,0.014618916293490505,0.2986270022883295,0.015074664637360513
20090820,3048.182,3435.741,0.014053172114590092,0.2822857142857143,0.015074664637360513
20090821,3128.587,3526.369,0.013691868884887248,0.2625570776255708,0.015074483810159967
20090824,3175.453,3579.193,0.013489792794591116,0.2588369441277081,0.015074483810159967
20090825,3080.723,3473.171,0.014120988560057142,0.285876993166287,0.015294057097614777
20090826,3149.574,3550.793,0.01381235127005273,0.27303754266211605,0.015294111318207904
20090827,3135.691,3535.142,0.013873654833895018,0.2772727272727273,0.015294264197431184
20090828,3019.75,3404.431,0.014406301612784571,0.2985244040862656,0.015294236784748616
20090831,2777.808,3131.669,0.015661210596563006,0.3435374149659864,0.015294376743755667
20090901,2750.694,3101.101,0.01581554990774723,0.347678369195923,0.015294332106955633
20090902,2777.467,3131.285,0.015663234063337122,0.3438914027149321,0.015294470095869261
20090903,2956.066,3332.635,0.014716657096389134,0.3050847457627119,0.01529413931248369
20090904,2985.741,3366.09,0.014570389620631742,0.30248306997742663,0.01529413931248369
20090907,2993.938,3375.331,0.01453029223681988,0.30214205186020293,0.015293851692277816
20090908,3071.921,3463.248,0.014161368383044094,0.28603603603603606,0.01529376569905927
20090909,3132.998,3532.106,0.013885437862272783,0.2755905511811024,0.015293909624906066
20090910,3093.757,3487.867,0.014061728644754138,0.2842696629213483,0.015294048441897301
20090911,3130.252,3529.01,0.013897738475291074,0.2760942760942761,0.01529397841435709
20090914,3190.23,3596.628,0.0136364536907235,0.25672645739910316,0.01529397841435709
20090915,3218.458,3628.452,0.013516875830992509,0.2553191489361702,0.015294001599231999
20090916,3173.866,3578.18,0.013706778730969621,0.26286353467561524,0.015293911132881144
20090917,3232.686,3644.493,0.013457380932435939,0.25251396648044694,0.015293913630754608
20090918,3115.919,3512.851,0.013961248546717214,0.28348214285714285,0.015293237001253956
20090921,3125.982,3524.196,0.013916330845241348,0.2798216276477146,0.015293263022866155
20090922,3038.582,3425.662,0.014316612067164633,0.3028953229398664,0.015293263022866155
20090923,2949.847,3325.623,0.014747273241042412,0.3170189098998888,0.015293263022866155
20090924,2930.878,3304.237,0.01484228334059004,0.3211111111111111,0.015292600843461512
20090925,2894.141,3262.821,0.015030947619171389,0.3263041065482797,0.015292867480125372
20090928,2807.809,3165.491,0.01549283420698202,0.3458980044345898,0.015292495289346508
20090929,2788.801,3144.062,0.015598290135114932,0.3521594684385382,0.01529227423438706
20090930,2826.988,3187.113,0.015387492452937713,0.3396017699115044,0.015292141676603643
20091009,2987.205,3367.741,0.0145624816042144,0.30939226519337015,0.015292399876815299
20091012,2973.692,3352.506,0.014628656182455102,0.31236203090507725,0.015292399876815299
20091013,3027.451,3413.113,0.014368629988855689,0.30209481808158767,0.015292033663009352
20091014,3054.793,3443.939,0.01424022685801173,0.2973568281938326,0.015292206407605313
20091015,3078.349,3470.495,0.014131258451938434,0.2893289328932893,0.015292206407605313
20091016,3084.117,3476.998,0.014104894100448077,0.2879120879120879,0.015292271705840577
20091019,3178.539,3583.449,0.013686094798519862,0.25686059275521406,0.015292476900774954
20091020,3210.065,3618.99,0.013551683867707515,0.2532894736842105,0.015292476900774954
20091021,3195.684,3602.7779,0.013612672204856398,0.25410733844468786,0.015292318510564229
20091022,3173.627,3577.911,0.01370728153066013,0.26258205689277897,0.015292318510564229
20091023,3238.48,3651.0249,0.01343269394101133,0.2448087431693989,0.015292159463956345
20091026,3256.789,3671.6662,0.013357178089856718,0.24017467248908297,0.015292159463956345
20091027,3151.274,3552.7106,0.013804570861402257,0.27044711014176664,0.015292256069022514
20091028,3182.431,3587.8366,0.013669419772712915,0.2581699346405229,0.015292256069022514
20091029,3102.95,3498.2307,0.014019579445966766,0.28944504896626766,0.015292278582229146
20091030,3131.569,3530.495,0.013891341862108613,0.28043478260869564,0.015292073590833954
20091102,3227.95,3639.1534,0.013476386311667607,0.249728555917481,0.015291735224946867
20091103,3282.495,3700.6465,0.013252450101141799,0.23427331887201736,0.015291735224946867
20091104,3307.982,3729.3805,0.013150140943700851,0.22535211267605634,0.015291245645198348
20091105,3336.092,3761.0715,0.013039367382293544,0.21861471861471862,0.015291275978289276
20091106,3362.898,3791.2923,0.012935261431648522,0.21297297297297296,0.015290915132331495
20091109,3397.143,3829.8997,0.012804867148061755,0.20950323974082075,0.015290915132331495
20091110,3393.023,3825.2544,0.012820297995040073,0.21035598705501618,0.015290664487583872
20091111,3381.177,3811.8996,0.01286527748918829,0.21336206896551724,0.015290728861340419
20091112,3397.56,3830.3698,0.012803138239428899,0.20882669537136705,0.015290441656953258
20091113,3407.42,3841.4855,0.012765869507076042,0.2086021505376344,0.015289970431736633
20091116,3524.51,3973.491,0.01234176639470481,0.18904403866809882,0.015289970431736633
20091117,3525.333,3974.4189,0.01233878415165803,0.1888412017167382,0.015289728947304626
20091118,3533.481,3983.6053,0.01231029523419778,0.18756698821007503,0.015289534998339072
20091119,3561.46,4015.1489,0.012213684954966034,0.17987152034261242,0.0152896365156856
20091120,3547.109,3998.9693,0.012263056604572489,0.18502673796791444,0.015289547333792841
20091123,3608.122,4067.7543,0.012055577233056098,0.17735042735042736,0.01528932019821383
20091124,3495.152,3940.393,0.012445236555459914,0.2006403415154749,0.01528932019821383
20091125,3629.853,4092.2536,0.011983400251062103,0.16844349680170576,0.015289250631899343
20091126,3492.796,3937.7374,0.012453691429342259,0.20234291799787008,0.015289315238100842
20091127,3371.143,3800.5871,0.01290288155630189,0.22446808510638297,0.015288911954250306
20091130,3520.223,3968.6585,0.012356520389994893,0.19553666312433582,0.01528896620525777
20091201,3606.646,4066.0906,0.01206043156906139,0.17834394904458598,0.01528896620525777
20091202,3633.562,4096.4357,0.011971071069684525,0.16755037115588547,0.015288839457632708
20091203,3666.503,4133.5733,0.011863494197223188,0.163135593220339,0.01528870788712311
20091204,3652.574,4117.87,0.011908758249357337,0.1671957671957672,0.015288731149837975
20091207,3684.179,4153.5015,0.011806427090711242,0.15750528541226216,0.015288283530826563
20091208,3649.201,4114.0677,0.01191959301573946,0.1689545934530095,0.015288283530826563
20091209,3591.617,4049.1477,0.01211044202214513,0.18459915611814345,0.01528777181100538
20091210,3604.618,4063.8047,0.012066674629971963,0.1833508956796628,0.015287596750096721
20091211,3608.575,4068.266,0.012053497897302309,0.18,0.015287652627994808
20091214,3625.094,4086.8888,0.011998485182315817,0.17350157728706625,0.01528748834121818
20091215,3625.373,4087.2034,0.011997576156392175,0.17331932773109243,0.015287502909256068
20091216,3591.379,4048.8795,0.01211123558726307,0.1888772298006296,0.015287573223454531
20091217,3482.575,3926.2144,0.012489619649870932,0.2138364779874214,0.015287573223454531
20091218,3384.582,3815.739,0.012851369606616243,0.2324607329842932,0.015287676068822753
20091221,3395.592,3828.1517,0.012809736023741587,0.2301255230125523,0.015287710272947175
20091222,3284.61,3703.0324,0.013242703776335572,0.2601880877742947,0.015287858669829513
20091223,3318.336,3741.0547,0.013107921004598264,0.24947807933194155,0.01528752571359493
20091224,3452.86,3892.7153,0.01259723422169291,0.21689259645464026,0.01528752571359493
20091225,3444.688,3883.5016,0.012626964225157652,0.221875,0.015287249291754179
20091228,3504.747,3951.2114,0.012410454978795194,0.2081165452653486,0.015287020883381075
20091229,3518.876,3967.1403,0.01236053823449085,0.2047817047817048,0.015286861432238119
20091230,3555.845,4008.8185,0.012232029613335853,0.1921079958463136,0.015286861432238119
20091231,3566.118,4020.4004,0.012196573038607106,0.1887966804979253,0.015286383658261071
20100104,3532.205,3982.1674,0.012313705008391605,0.20103626943005182,0.01528641577873402
20100105,3569.853,4024.6116,0.012183912275828615,0.18840579710144928,0.015286485569164565
20100106,3559.64,4013.0977,0.012218899127180882,0.19131334022750776,0.015286515888078833
20100107,3480.283,3923.6312,0.01249751301519967,0.2190082644628099,0.015286515888078833
20100108,3478.916,3922.0896,0.012502381046148852,0.21981424148606812,0.015286429486510045
20100111,3476.133,3918.952,0.012512353285724663,0.22164948453608246,0.015286352764897426
20100112,3541.391,3992.523,0.012281678437493638,0.2008238928939238,0.015286136290286745
20100113,3427.69,3864.3379,0.012689099702787789,0.23559670781893005,0.015286158409654194
20100114,3478.36,3921.4624,0.012504172802991919,0.2209660842754368,0.015285999207254042
20100115,3483.317,3927.0516,0.012486565960112016,0.21765913757700206,0.015286189528937344
20100118,3515.623,3963.4724,0.012371768317855502,0.20923076923076922,0.01528608133004794
20100119,3520.878,3969.3967,0.012353230138034613,0.2069672131147541,0.015285939377285951
20100120,3407.733,3841.8383,0.012763342123319942,0.240532241555783,0.015285852339233186
20100121,3412.384,3847.0818,0.01274595041309966,0.24028629856850717,0.015285856835064893
20100122,3370.2,3799.5244,0.012905399040430594,0.2533197139938713,0.015285617094821236
20100125,3321.609,3739.1623,0.013094188944592572,0.2642857142857143,0.015285617094821236
20100126,3238.798,3651.3833,0.014921610217911812,0.3730886850152905,0.016801056102455636
20100127,3196.601,3603.8104,0.015118426775764884,0.38391038696537677,0.016800787993597632
20100128,3197.591,3604.9267,0.015113758600280707,0.38351983723296035,0.016800773685443637
20100129,3197.697,3605.046,0.015113142725594669,0.383130081300813,0.016800579606514043
20100201,3139.104,3538.9898,0.015395405356009988,0.39390862944162436,0.016800702062221395
20100202,3132.729,3531.8026,0.0154266132832611,0.3945233265720081,0.016800504808033967
20100203,3222.636,3633.163,0.014996310561612906,0.37487335359675783,0.016800584154180065
20100204,3205.026,3613.3099,0.015078764881379648,0.3825910931174089,0.016800641308309716
20100205,3135.65,3535.096,0.01541238132212099,0.3953488372093023,0.016800641308309716
20100208,3139.114,3539.0015,0.015395437668196451,0.39494949494949494,0.016800706229484152
20100209,3162.011,3564.8148,0.015283927601293663,0.3895055499495459,0.01680066663981794
20100210,3195.416,3602.4753,0.01512417314876808,0.3850806451612903,0.016800691354196706
20100211,3205.462,3613.8007,0.015076725977512416,0.37865055387714,0.016800622968712986
20100212,3242.185,3655.2024,0.0149058662294393,0.3682092555331992,0.016800413705708728
20100222,3225.162,3636.0105,0.014984542141168306,0.37286432160804023,0.016800413705708728
20100223,3207.471,3616.0665,0.015067203457641341,0.3785140562248996,0.01680037241908816
20100224,3256.449,3671.2834,0.014840588058183724,0.36609829488465395,0.01680037241908816
20100225,3289.596,3708.6531,0.01469109032646126,0.35971943887775554,0.016800413786025148
20100226,3270.348,3686.9536,0.014777685541464589,0.3633633633633634,0.016800545110819076
20100301,3311.506,3733.3552,0.014594126777305346,0.356,0.016800642822191403
20100302,3291.089,3710.3371,0.014684429146271442,0.3596403596403596,0.01680031258668735
20100303,3316.442,3738.9197,0.014572079122656227,0.35528942115768464,0.016800175943950446
20100304,3234.442,3646.4734,0.014941512393698902,0.37587238285144564,0.016800175943950446
20100305,3240.109,3652.8626,0.014915133041567876,0.3715139442231076,0.016799754741060102
20100308,3272.288,3689.141,0.014768502949862348,0.3641791044776119,0.016799797676752437
20100309,3290.518,3709.6931,0.014686589286650589,0.35984095427435386,0.01679964598627337
20100310,3264.735,3680.6256,0.01480257552491425,0.3684210526315789,0.01679964598627337
20100311,3260.343,3675.6742,0.014822540275984196,0.37003968253968256,0.016799670311462567
20100312,3216.46,3626.2012,0.015024766141294632,0.3815659068384539,0.01679964199663253
20100315,3167.839,3571.3863,0.015255371028271493,0.4,0.01679964199663253
20100316,3170.747,3574.6645,0.015241379808237155,0.39960435212660733,0.01679964199663253
20100317,3235.27,3647.4074,0.014937446925350479,0.37648221343873517,0.01679964040103421
20100318,3227.63,3638.7943,0.014972841638684665,0.3790720631786772,0.016799675458069485
20100319,3252.421,3666.7427,0.014858659532318566,0.3708086785009862,0.016799591323623853
20100322,3259.211,3674.3978,0.01482773966427203,0.36847290640394087,0.016799627489323843
20100323,3239.65,3652.3447,0.014917269525699288,0.37401574803149606,0.016799627489323843
20100324,3239.42,3652.0861,0.014918440918657992,0.3746312684365782,0.016799704794283832
20100325,3206.937,3616.319,0.015305713185906943,0.4056974459724951,0.01703983220383032
20100326,3242.888,3656.8585,0.01513603242766104,0.39842983316977426,0.01703983220383032
20100329,3312.585,3735.4528,0.014817525384610787,0.3656862745098039,0.0170397532427502
20100330,3314.984,3738.158,0.014806801020696638,0.3643486777668952,0.01703975160569038
20100331,3291.28,3711.428,0.014913320987514618,0.37279843444227007,0.017039585652228517
20100401,3337.0,3762.985,0.014709158930888056,0.35581622678396874,0.017039752746799364
20100402,3359.072,3787.8744,0.014612303831422488,0.349609375,0.017039464479506217
20100406,3369.905,3800.0908,0.014565465715155199,0.3463414634146341,0.01703960182450981
20100407,3356.129,3784.5566,0.014625290461673523,0.35185185185185186,0.017039615009336373
20100408,3318.016,3741.5779,0.01479328654588944,0.3641674780915287,0.017039615009336373
20100409,3344.601,3771.557,0.014616106789486832,0.35019455252918286,0.016957391813535727
20100412,3317.907,3741.7349,0.014808411333458994,0.3683187560738581,0.017033370357238287
20100413,3354.006,3782.4452,0.01464903720057927,0.3533980582524272,0.017033378557412382
20100414,3364.329,3794.0872,0.014603929854277577,0.34820562560620755,0.017033126760869433
20100415,3353.279,3781.6261,0.01465216580568625,0.3546511627906977,0.017033240550526907
20100416,3317.018,3740.733,0.014812340451793082,0.3717328170377541,0.017033240550526907
20100419,3143.721,3545.2993,0.015628802836427348,0.43617021276595747,0.017033141771736426
20100420,3147.308,3549.3439,0.01561099062492016,0.43478260869565216,0.017033141771736426
20100421,3205.629,3615.1148,0.01532689060242249,0.416023166023166,0.017033035810278596
20100422,3163.851,3568.0001,0.01552910868045374,0.43105110896817744,0.017032826822428238
20100423,3147.013,3549.2068,0.01566730490912947,0.441233140655106,0.017088873662590265
20100426,3126.164,3525.6929,0.01577179323413431,0.44465832531280075,0.017088873662590265
20100427,3060.534,3451.6756,0.01610990336445284,0.4519230769230769,0.017088741057051715
20100428,3054.76,3445.7108,0.01629916398712915,0.457252641690682,0.017250265173761825
20100429,3020.634,3407.2175,0.016456650512381682,0.4616122840690979,0.017217580612872707
20100430,3027.912,3417.2567,0.016952827115427487,0.47171620325982744,0.017762537038789494
20100504,2993.491,3378.721,0.017239609200582668,0.4818007662835249,0.017855955415883473
20100505,3016.192,3404.3437,0.017109915832035076,0.47655502392344495,0.01785600553011557
20100506,2884.159,3260.5002,0.01940833413119269,0.5372848948374761,0.01938369159040798
20100507,2814.398,3181.6361,0.019644150004722322,0.542502387774594,0.0191016084272686
20100510,2829.743,3199.539,0.01971129636750258,0.5429389312977099,0.019278596502910306
20100511,2786.484,3150.7836,0.020067060828727064,0.546234509056244,0.01932931039578145
20100512,2807.71,3174.785,0.019915434399451277,0.5447619047619048,0.01932938823727559
20100513,2872.369,3247.8974,0.019467124285801492,0.5366317792578497,0.01932938823727559
20100514,2857.077,3230.6064,0.019411077883499817,0.535171102661597,0.019154528646403657
20100517,2709.947,3064.9492,0.02069611419531888,0.5593542260208927,0.019390115301793243
20100518,2758.276,3121.2668,0.02086478445219118,0.5607210626185958,0.01993171158711271
20100519,2749.248,3111.1005,0.02094906157399504,0.5611374407582939,0.019947778249626458
20100520,2723.606,3082.4363,0.021117270014591395,0.5625,0.01991596708683252
20100521,2760.475,3124.1623,0.02081916860494455,0.5591296121097445,0.01989910110599391
20100524,2854.714,3234.268,0.020916568672773365,0.5604914933837429,0.0206803193409828
20100525,2795.504,3167.4029,0.021319167576890247,0.5637393767705382,0.02063578535495858
20100526,2792.135,3163.6121,0.021089919788171138,0.5622641509433962,0.020371089720098823
20100527,2836.703,3221.8383,0.023162937978569404,0.6013195098963242,0.022824425071075627
20100528,2839.178,3224.7532,0.023061546451140235,0.5998116760828626,0.022734263449301295
20100531,2768.06,3143.9761,0.023654052054527516,0.6077140169332079,0.022734263449301295
20100601,2729.066,3100.3875,0.02420771303665635,0.6165413533834586,0.0229546070925426
20100602,2738.656,3111.2819,0.024122944461113627,0.6140845070422535,0.0229546070925426
20100603,2719.057,3090.9184,0.02393194130048277,0.6116322701688556,0.022558296308236248
20100604,2716.926,3091.1941,0.024824206505130147,0.626991565135895,0.023451496038190855
20100607,2665.252,3032.8748,0.025290358194669734,0.6385767790262172,0.023442317968021653
20100608,2669.737,3038.2875,0.025248849354784296,0.6361085126286249,0.023448447622802293
20100609,2741.269,3121.012,0.02501224943286266,0.6289719626168224,0.023880608380990598
20100610,2721.796,3100.537,0.02528604198070175,0.6386554621848739,0.023992617680104855
20100611,2732.152,3112.5287,0.025023642599398828,0.628731343283582,0.023826709637426502
20100617,2712.536,3090.1815,0.02512189718036399,0.6328052190121156,0.02374409189308868
20100618,2664.329,3036.441,0.02596452648103448,0.6554934823091247,0.024141394100248847
20100621,2727.321,3108.6829,0.02540876220853158,0.641860465116279,0.024188692012006463
20100622,2735.716,3118.2519,0.024522339107943568,0.6161710037174721,0.023359765994566795
20100623,2710.577,3090.525,0.023469510587629628,0.5970287836583101,0.022066194323889787
20100624,2706.849,3090.7803,0.024947622704197307,0.6261595547309833,0.02354402612279327
20100625,2678.083,3059.2626,0.02558952217057205,0.6459684893419834,0.02392889098972928
20100628,2659.308,3037.8149,0.02577018694454802,0.649074074074074,0.02392889098972928
20100629,2544.542,2906.9712,0.02694195818141754,0.6734505087881592,0.023946164207772513
20100630,2508.115,2865.6817,0.026915919138943797,0.6719038817005545,0.023576617441134706
20100701,2471.833,2824.5539,0.026044905283482876,0.6583564173591875,0.02245714894774209
20100702,2477.458,2831.3597,0.02601783986943653,0.6568265682656826,0.022505099438182574
20100705,2456.857,2808.2082,0.025915381281805153,0.6516129032258065,0.02224783050734702
20100706,2508.859,2869.4769,0.02423428226513541,0.6086556169429097,0.021316453252840928
20100707,2524.369,2887.2161,0.023686761722629276,0.5970561177552898,0.020964653559977897
20100708,2511.81,2878.241,0.025616858144690727,0.6433823529411765,0.0228227216665704
20100709,2589.267,2966.9972,0.022756833993380143,0.5794306703397613,0.020932977776972894
20100712,2624.101,3006.9126,0.02204813810425109,0.5660550458715596,0.020564522466095303
20100713,2581.401,2958.5705,0.022093275204202813,0.5673693858845096,0.020309384593529156
20100714,2601.818,2982.8904,0.022036696511623,0.565018315018315,0.020457756043106956
20100715,2549.285,2922.6627,0.022121182315091997,0.5690759377859104,0.02014278405997727
20100716,2565.283,2941.0957,0.02192277761248621,0.5621572212065814,0.020096777907859353
20100719,2629.503,3014.7239,0.021387145899348977,0.547945205479452,0.02009659463219493
20100720,2687.561,3083.353,0.021595509736176174,0.5547445255474452,0.02078044634019327
20100721,2691.444,3087.8079,0.021564372237149194,0.5524156791248861,0.020780465504403045
20100722,2722.027,3123.2843,0.021088497216305308,0.5428051001821493,0.02059595338318121
20100723,2729.958,3132.3846,0.020935032708552938,0.54049135577798,0.02051773692966541
20100726,2748.928,3154.151,0.020790565278596396,0.5372727272727272,0.020517739531027646
20100727,2735.355,3139.8104,0.021244959694903146,0.5458673932788374,0.020883761424239422
20100728,2796.912,3210.4697,0.02077733198492772,0.5362976406533575,0.020883740869561684
20100729,2814.005,3230.0906,0.02034592249970312,0.5294650951949229,0.020621799403530483
20100730,2797.416,3211.0488,0.020418163027754798,0.5307971014492754,0.02058135476632339
20100802,2850.128,3271.5553,0.019885015136806582,0.5194570135746607,0.020449977889635873
20100803,2804.779,3219.5013,0.020054437800243706,0.5216998191681737,0.020324334658333942
20100804,2819.538,3236.4425,0.019949253734938055,0.5203252032520326,0.02032416653777558
20100805,2792.482,3205.3855,0.020142539496154237,0.5252707581227437,0.02032416653777558
20100806,2844.06,3264.59,0.019777095348881113,0.5166816952209198,0.02032403966703522
20100809,2862.36,3285.7331,0.019692409814754216,0.5144144144144144,0.020366645423361085
20100810,2784.16,3195.9669,0.019945962718647996,0.5202520252025202,0.02013151894786036
20100811,2795.641,3209.146,0.019864049626812243,0.5170863309352518,0.02013151894786036
20100812,2762.229,3170.8734,0.020101310081688886,0.5256064690026954,0.020136533671148538
20100813,2794.507,3207.9269,0.01986921991817349,0.5170556552962298,0.020136625846520317
20100816,2855.919,3278.4246,0.01944206325290713,0.5067264573991032,0.020136731974548017
20100817,2863.67,3287.3217,0.019389440069274486,0.503584229390681,0.020136731974548017
20100818,2859.729,3282.7972,0.01939026324584585,0.5040286481647269,0.020115289510969525
20100819,2877.188,3302.8393,0.019272578086547115,0.501788908765653,0.020115282242965993
20100820,2829.285,3247.8499,0.019598999081147827,0.5120643431635389,0.020115398960532493
20100823,2827.727,3246.2127,0.01965622099918533,0.5142857142857142,0.020162786683483702
20100824,2845.736,3266.8858,0.01953182826423932,0.5084745762711864,0.020162786683483702
20100825,2776.739,3187.6778,0.020017139773497103,0.5258467023172906,0.020162771061931206
20100826,2789.492,3202.3177,0.01987595842659442,0.5209260908281389,0.02011733305729413
20100827,2799.104,3213.3532,0.019715180439945156,0.5160142348754448,0.020027192324687304
20100830,2848.475,3270.0307,0.019373468410350182,0.5004444444444445,0.020027192324687304
20100831,2840.616,3261.008,0.019427068083180635,0.5053285968028419,0.020027192324687304
20100901,2831.916,3251.0211,0.019486947724367695,0.5075421472937001,0.020027393534487015
20100902,2862.423,3286.0422,0.019046070138015684,0.49379432624113473,0.019806435524500454
20100903,2856.763,3279.545,0.019083881204748604,0.49601417183348095,0.01980651839258285
20100906,2903.182,3332.833,0.018778586241370743,0.48761061946902656,0.019806364833921952
20100907,2917.274,3349.0111,0.01868804900081063,0.484526967285588,0.019806541683756285
20100908,2919.393,3351.4434,0.018674303891012985,0.4840989399293286,0.019806348060802836
20100909,2875.055,3300.544,0.01896238573219486,0.49338040600176525,0.019806443583341382
20100910,2883.877,3310.6715,0.018904247450574896,0.4929453262786596,0.019806304981206502
20100913,2901.064,3336.7278,0.02069164353114959,0.547136563876652,0.0217433169082224
20100914,2893.783,3328.6001,0.020817830806261556,0.551056338028169,0.021819054009424965
20100915,2845.574,3273.1472,0.021170521267075106,0.5593667546174143,0.021819054009424965
20100916,2788.767,3209.5849,0.022156804999428053,0.5878734622144113,0.022386206101634887
20100917,2785.074,3205.4813,0.022231781729972352,0.5899912203687445,0.022432841813204707
20100920,2764.838,3182.1913,0.022394420657655817,0.5912280701754385,0.022432793151784258
20100921,2771.342,3189.6769,0.02234186369718057,0.5907099035933392,0.022432793151784258
20100927,2814.171,3238.9704,0.022001841829182307,0.5779334500875657,0.022432793151784258
20100928,2791.569,3212.9576,0.02218025711208072,0.5888013998250219,0.022433079818556356
20100929,2793.862,3215.5971,0.02216200949836491,0.5865384615384616,0.022433054631172622
20100930,2842.846,3271.9753,0.02178015271660354,0.5720524017467249,0.02243306355331609
20101008,2942.422,3386.5824,0.021043092297357072,0.5514834205933682,0.022433076651226624
20101011,3028.517,3485.6729,0.020444850600456695,0.5387968613775065,0.022433050446622582
20101012,3067.466,3530.5019,0.02018543219173793,0.5313588850174216,0.022433233549168596
20101013,3095.412,3562.6662,0.02000319406381496,0.5239338555265448,0.022433233549168596
20101014,3107.136,3576.1606,0.01992790032582563,0.5208695652173913,0.022433420969503626
20101015,3199.776,3682.7838,0.01935070968905014,0.4952215464813206,0.02243315245758537
20101018,3164.601,3642.2993,0.01956584615121853,0.5078125,0.022433204102624282
20101019,3226.323,3713.3376,0.019191427646233588,0.4908933217692975,0.022433075096709665
20101020,3240.866,3730.0753,0.019105308401482595,0.4904679376083189,0.022433075096709665
20101021,3234.965,3723.2839,0.019139914921459875,0.4909090909090909,0.02243279672794296
20101022,3240.655,3729.8325,0.019106308716571322,0.49048442906574397,0.02243279672794296
20101025,3332.546,3835.5952,0.018579666755710662,0.4727744165946413,0.022432992852598144
20101026,3322.14,3823.6187,0.018637687020638134,0.47322970639032813,0.022432789072798
20101027,3279.79,3774.8751,0.018878344515576535,0.4831751509922347,0.022432789072798
20101028,3268.08,3761.3974,0.01894592764088314,0.4853448275862069,0.02243272331532009
20101029,3250.079,3740.6789,0.0190506645556051,0.4883720930232558,0.022432516677313608
20101101,3356.234,3862.8583,0.018448181614681567,0.46987951807228917,0.022432592704052956
20101102,3347.103,3852.3485,0.018498277634523188,0.471195184866724,0.02243234513065362
20101103,3291.641,3788.5152,0.018810144685995903,0.4802405498281787,0.022432532399997207
20101104,3353.123,3859.2778,0.018465246716078187,0.4703862660944206,0.022432532399997207
20101105,3398.016,3910.9476,0.018221341039647225,0.46054888507718694,0.022432582025901038
20101108,3431.215,3949.1576,0.018044835012950112,0.455012853470437,0.022432354967274915
20101109,3419.135,3935.2541,0.018108588449698423,0.4571917808219178,0.022432354967274915
20101110,3401.233,3914.6506,0.01820408772129971,0.46107784431137727,0.022432543961347085
20101111,3416.33,3932.026,0.018123642590902923,0.45726495726495725,0.022432543961347085
20101112,3220.107,3706.1835,0.01922815220582664,0.4995730145175064,0.022432659416965706
20101115,3247.149,3737.3071,0.019068021675336673,0.4931740614334471,0.022432659416965706
20101116,3110.595,3580.1404,0.0199050750446565,0.5285592497868713,0.022432637342168604
20101117,3034.465,3492.5185,0.020404429525016195,0.5468483816013628,0.022432606795721677
20101118,3074.661,3538.7826,0.020137810006871145,0.5387234042553192,0.022432744394010662
20101119,3108.645,3577.8968,0.01991774496522953,0.5289115646258503,0.022432829659279507
20101122,3099.427,3567.2872,0.019976982292996718,0.5327102803738317,0.022432829659279507
20101123,3050.584,3511.0706,0.02029676413316257,0.5441426146010186,0.02243276483268386
20101124,3085.959,3551.7856,0.02006407895425335,0.5351993214588634,0.022432750616352415
20101125,3119.441,3590.3216,0.019848724507239828,0.5211864406779662,0.022432750616352415
20101126,3106.029,3574.885,0.019934432365437897,0.529212531752752,0.022432750616352415
20101129,3093.386,3560.333,0.020015889462801435,0.5338409475465313,0.02243273530775758
20101130,3040.729,3499.7278,0.020362489396833328,0.5486052409129332,0.022432733391446913
20101201,3049.239,3509.522,0.020305543749066138,0.5456081081081081,0.02243263115987104
20101202,3074.927,3539.0879,0.020135993704048533,0.5392405063291139,0.022432715881331777
20101203,3075.64,3539.9084,0.020131325744368277,0.5387858347386172,0.022432715881331777
20101206,3081.402,3546.5398,0.020093681613891613,0.535804549283909,0.022432715881331777
20101207,3116.318,3586.7266,0.01986852893333717,0.5193602693602694,0.022432709195904676
20101208,3091.848,3558.5628,0.020025703750752636,0.5332211942809083,0.02243264413514634
20101209,3047.542,3507.5692,0.020316955709550687,0.5478991596638656,0.022432759460147444
20101210,3081.719,3546.905,0.020091533467929117,0.5356842989084802,0.02243266785083131
20101213,3182.285,3662.6512,0.019456604429601072,0.50251677852349,0.02243266785083131
20101214,3185.703,3666.5851,0.019435641150204862,0.501257334450964,0.022432589032394867
20101215,3174.132,3653.2676,0.019506447829786756,0.5050251256281407,0.02243255536204125
20101216,3163.437,3640.9583,0.0195723997224038,0.5096234309623431,0.02243256324984433
20101217,3162.037,3639.3471,0.019580993011223187,0.5100334448160535,0.02243250486513837
20101220,3121.119,3592.2528,0.01983777860584092,0.5179615705931495,0.0224325845752269
20101221,3182.318,3662.6896,0.019456279267025988,0.5008347245409015,0.0224325845752269
20101222,3159.343,3636.2468,0.019597844273723655,0.5104253544620517,0.02243266366738217
20101223,3136.341,3609.7723,0.01974151200965122,0.5166666666666667,0.022432607396247528
20101224,3110.879,3580.4667,0.019903092829345503,0.5253955037468776,0.022432607396247528
20101227,3061.573,3523.7179,0.020223611032150965,0.5482529118136439,0.022432592725686984
20101228,3005.527,3459.2113,0.02060057418787334,0.5610972568578554,0.02243245619898837
20101229,3018.102,3473.6853,0.020514972746340714,0.5598006644518272,0.02243269277282467
20101230,3028.513,3485.6681,0.020444299062714194,0.5585062240663901,0.02243256331183363
20101231,3092.597,3559.4258,0.020020669491632614,0.5339966832504146,0.022432579496528327
20110104,3146.59,3621.569,0.01967697803697136,0.5111847555923777,0.02243243005535578
20110105,3142.044,3616.3364,0.019705447257057418,0.5124172185430463,0.02243243005535578
20110106,3121.485,3592.6743,0.019835312804570755,0.5169561621174524,0.022432511636920838
20110107,3123.606,3595.1158,0.019821937153550316,0.5165289256198347,0.022432606703282065
20110110,3071.844,3535.5407,0.020156058677838318,0.5466556564822461,0.022432721895454755
20110111,3096.296,3563.684,0.01999694644247885,0.5321782178217822,0.02243278805868787
20110112,3106.441,3575.3601,0.019931640511460378,0.5276174773289365,0.02243278805868787
20110113,3113.754,3583.7774,0.019884871976439678,0.5222405271828665,0.022432841000558312
20110114,3065.763,3528.5412,0.02019611036738736,0.5497942386831276,0.022432808653996217
20110117,2969.294,3417.5107,0.020852333227073524,0.5731907894736842,0.022432898632635645
20110118,2970.488,3418.8846,0.02084391575986017,0.5727198027937551,0.02243286810031253
20110119,3032.853,3490.6639,0.020415377505509154,0.5591133004926109,0.022432948090612914
20110120,2939.79,3383.5532,0.021061716714095746,0.579163248564397,0.02243301252421559
20110121,2972.076,3420.7125,0.020832920887262484,0.5721311475409836,0.02243301252421559
20110124,2931.854,3374.4196,0.021118914549590133,0.5823095823095823,0.022433204298867748
20110125,2921.17,3362.1221,0.02119613011945877,0.5834697217675942,0.022433182023793075
20110126,2948.591,3393.682,0.0209990125524562,0.5764513491414555,0.022433182023793075
20110127,3005.359,3459.0202,0.020602449352663255,0.5629084967320261,0.022433299992414835
20110128,3010.689,3465.1538,0.020565975623543543,0.5616326530612245,0.022433299992414835
20110131,3043.73,3503.1831,0.020342936287973564,0.5522022838499184,0.0224335179619215
20110201,3050.239,3510.6742,0.02029952586265987,0.5484922575387123,0.0224335179619215
20110209,3010.939,3465.4424,0.020564638924419284,0.5618892508143323,0.022433677448588263
20110210,3070.761,3534.2949,0.020164007567623835,0.5419039869812856,0.02243367815332209
20110211,3081.107,3546.2025,0.020096299168566405,0.5349593495934959,0.02243367815332209
20110214,3189.709,3671.1982,0.017896512594936402,0.4272948822095857,0.020909884215985164
20110215,3180.445,3660.535,0.01794864155572003,0.42857142857142855,0.020909884215985164
20110216,3218.932,3704.8321,0.01773411394039366,0.42254663422546634,0.02090995984633759
20110217,3219.116,3705.0439,0.01773310704999973,0.4222042139384117,0.020909966753639653
20110218,3181.392,3661.6254,0.017943141383036234,0.4291497975708502,0.020909718873815875
20110221,3229.137,3716.5775,0.017677839760549152,0.4190938511326861,0.020909718873815875
20110222,3148.132,3623.3447,0.018132630706744094,0.4381568310428456,0.020909639207012498
20110223,3155.915,3632.3028,0.01808792192881869,0.43618739903069464,0.020909649576096312
20110224,3177.443,3657.0805,0.017965380269469,0.4301856335754641,0.02090965845859527
20110225,3189.082,3670.4759,0.017899750257882437,0.4274193548387097,0.02090959327506936
20110228,3226.029,3713.0003,0.017694809630230804,0.41901692183722805,0.02090965582806681
20110301,3234.712,3722.9939,0.017647287099671973,0.41626409017713367,0.020909631013815266
20110302,3218.097,3703.8716,0.017738601035600522,0.4231697506033789,0.02090983640401678
20110303,3195.847,3678.2634,0.017862053505136546,0.42443729903536975,0.020909791404629674
20110304,3244.78,3734.5823,0.017592684283134794,0.41526104417670684,0.020909791404629674
20110307,3332.314,3835.3298,0.017130431819449732,0.4012841091492777,0.02090965842017778
20110308,3339.786,3843.9301,0.01709220915919458,0.3993584603047314,0.02090976329356109
20110309,3331.703,3834.6262,0.017133636169511062,0.40224358974358976,0.020909721759443167
20110310,3273.941,3768.1452,0.017435853421466,0.41473178542834266,0.02090964938257267
20110311,3245.988,3735.9726,0.01758585752817116,0.4168,0.020909503597521972
20110314,3267.281,3760.4801,0.01747133060096275,0.41566746602717825,0.02090958609162996
20110315,3208.24,3692.5262,0.017792854187107004,0.4273162939297125,0.02090958609162996
20110316,3256.083,3747.5919,0.017531620085524488,0.4166001596169194,0.02090979415801253
20110317,3216.4,3701.9178,0.017747840602756998,0.4266347687400319,0.0209097136196974
20110318,3228.815,3716.2074,0.01767970346849935,0.4207171314741036,0.020909820831041648
20110321,3214.358,3699.5677,0.01775922027186851,0.42754777070063693,0.020909820831041648
20110322,3226.934,3714.0425,0.01769012850789061,0.4216388225934765,0.020909942758020383
20110323,3264.17,3756.8991,0.017488303604447662,0.41414944356120825,0.02090991734130565
20110324,3254.459,3745.7223,0.017540453984914824,0.41620333598093723,0.02090988290757756
20110325,3290.881,3787.6427,0.01734644783184771,0.40634920634920635,0.0209100092468828
20110328,3289.86,3786.468,0.01735194243086879,0.40681998413957177,0.020910122742864523
20110329,3262.825,3755.3513,0.01749560899159046,0.41600633914421553,0.02091001200857301
20110330,3253.769,3744.9286,0.017544345288127722,0.4180522565320665,0.020910054470393735
20110331,3234.105,3722.2958,0.017651018388025762,0.4208860759493671,0.020910054470393735
20110401,3284.052,3779.7833,0.017382783369037997,0.40711462450592883,0.020910277295491886
20110406,3318.966,3819.9676,0.017199924461008632,0.39968404423380727,0.020910277295491886
20110407,3323.145,3824.7772,0.017178108124235182,0.39779005524861877,0.02091008178578635
20110408,3354.884,3861.307,0.016789836567876273,0.3856466876971609,0.020669027915819038
20110411,3349.291,3854.8702,0.01681799561956015,0.38613081166272656,0.020669152037907867
20110412,3354.872,3861.2938,0.01679001845450243,0.3858267716535433,0.02066915199860575
20110413,3384.347,3895.2183,0.01664384572988917,0.3831628638867034,0.02066920826594565
20110414,3373.716,3883.2446,0.016763782538797612,0.38522012578616355,0.020738093204917263
20110415,3374.3,3883.9179,0.01676100169688675,0.384917517674784,0.02073821436545753
20110418,3381.894,3892.6585,0.016723365080574662,0.3838304552590267,0.02073821436545753
20110419,3302.782,3801.5977,0.01712380439901843,0.3976470588235294,0.020738076520979476
20110420,3302.15,3800.8708,0.017127125098053246,0.3981191222570533,0.02073812245154416
20110421,3334.369,3837.9554,0.0169616308640515,0.39154267815191857,0.02073812245154416
20110422,3312.343,3812.6031,0.017074385904802612,0.39436619718309857,0.02073808849237979
20110425,3246.792,3737.1513,0.01734276060589441,0.4104769351055512,0.020661833183828193
20110426,3221.611,3708.4185,0.017546065949452152,0.425,0.020730982895289074
20110427,3212.627,3698.0766,0.017595037778497833,0.4270101483216237,0.02073089016584384
20110428,3171.228,3650.4217,0.01782461502459243,0.4407176287051482,0.02073077596247752
20110429,3211.36,3697.2007,0.0177595169919943,0.4388152766952455,0.020891698405677284
20110503,3238.868,3728.8707,0.017608723599273405,0.42679127725856697,0.020891737234243646
20110504,3150.833,3627.9084,0.018208602373787502,0.46303501945525294,0.021001878160623155
20110505,3149.977,3626.9222,0.018213550525355584,0.463452566096423,0.021001878160623155
20110506,3139.582,3614.9529,0.01827385314708956,0.466977466977467,0.021001876601308034
20110509,3149.756,3626.667,0.018159766729554203,0.46040372670807456,0.020945614134511015
20110510,3175.498,3656.3069,0.01801262425859967,0.45151280062063615,0.02094568425296517
20110511,3162.882,3641.944,0.018129227096702064,0.4573643410852713,0.020991373257886137
20110512,3119.91,3592.7804,0.01831170388508424,0.4686289697908598,0.020919361990432428
20110513,3147.315,3624.3386,0.018152206942614258,0.45975232198142413,0.020919309645662798
20110516,3117.003,3589.6965,0.01788190212564269,0.4408352668213457,0.020447752072455083
20110517,3133.571,3608.7765,0.017699322139970233,0.43044822256568777,0.0203537231370734
20110518,3155.831,3634.413,0.01757459965490571,0.42084942084942084,0.020353842911130737
20110519,3136.968,3613.1785,0.01635244378904914,0.36959876543209874,0.018870475561752587
20110520,3131.782,3607.2545,0.01639317984195006,0.3708558211256746,0.018884390899487347
20110523,3024.919,3484.1676,0.01680990106948019,0.3828967642526965,0.0187075268859207
20110524,3020.201,3479.1522,0.01691067015560249,0.3856812933025404,0.018779504284090365
20110525,2990.188,3444.6941,0.017113886898668877,0.3946153846153846,0.018813607745255423
20110526,2986.453,3440.8771,0.017276471051309687,0.40584166026133744,0.018957444576455984
20110527,2975.505,3428.3668,0.017370173632920045,0.4109062980030722,0.01898814870990506
20110530,2972.079,3426.0523,0.017656273050702956,0.42900997697620874,0.01923844454777668
20110531,3016.729,3477.878,0.017011398036396737,0.38726993865030673,0.01880135405123906
20110601,3019.598,3483.584,0.017669633910758386,0.4306513409961686,0.019486961707203543
20110602,2983.692,3442.4285,0.01785557740133079,0.444104134762634,0.019449579845879805
20110603,3004.333,3469.1233,0.018563856337362815,0.4827850038255547,0.0202966956301589
20110607,3013.262,3480.3025,0.017746633506897487,0.43883792048929665,0.019462560840141974
20110608,3012.634,3479.9334,0.01778905332431575,0.4423223834988541,0.01949699181883857
20110609,2962.1,3425.3653,0.019196561643763224,0.5068702290076336,0.020622043141547364
20110610,2976.089,3444.4533,0.017660222987645528,0.4279176201372998,0.01903498859813446
20110613,2957.099,3429.963,0.019930674676132253,0.5503048780487805,0.02123170876317637
20110614,2991.676,3470.3419,0.019778924424681255,0.5376999238385377,0.021311980859147317
20110615,2972.591,3454.9414,0.021652379802156684,0.6225266362252664,0.023076349455902978
20110616,2917.304,3399.2888,0.02460073614709928,0.6806083650190115,0.02567293093742573
20110617,2897.141,3376.1651,0.02430377992382424,0.6762917933130699,0.025154239700239334
20110620,2879.402,3357.9284,0.02435496802112582,0.6772968868640851,0.025002819105774066
20110621,2917.443,3403.8973,0.024366898314553107,0.6775417298937785,0.025326684574140668
20110622,2910.709,3397.608,0.02479153177921136,0.6846095526914329,0.02569559790018805
20110623,2957.599,3459.3141,0.0260266204017911,0.7181818181818181,0.027333189499331834
20110624,3023.329,3541.0871,0.026351832095332175,0.7236941710825132,0.028192066942070326
20110627,3029.922,3548.8096,0.026238214545491374,0.7231467473524962,0.02812788780887132
20110628,3028.385,3548.1533,0.026574033387931104,0.72713529856387,0.028459461241395312
20110629,2988.481,3506.6712,0.028088175755908794,0.7492447129909365,0.029608024398005695
20110630,3027.747,3552.7461,0.02759296648921343,0.7426415094339622,0.029458365994806224
20110701,3040.566,3569.1174,0.027849248919152983,0.7473604826546003,0.02984195257436184
20110704,3105.163,3644.9731,0.027016023172655633,0.73172569706104,0.02954131407264904
20110705,3106.895,3648.9433,0.02626013005779411,0.7206325301204819,0.028586450567494204
20110706,3100.139,3641.0088,0.02594214600501301,0.710308502633559,0.028139875989046548
20110707,3088.252,3627.048,0.026042022323862855,0.7150375939849624,0.02813989894448432
20110708,3091.478,3632.7631,0.026472527328017973,0.724267468069121,0.028594318470642532
20110711,3090.612,3632.1992,0.026512565347114856,0.7244744744744744,0.028605817887005225
20110712,3031.067,3562.5442,0.027030144184677245,0.7351837959489872,0.02858051643004056
20110713,3077.216,3617.466,0.026705492800013032,0.7271364317841079,0.028636758311739507
20110714,3087.312,3630.2045,0.026746681870076235,0.7280898876404495,0.02873959417769445
20110715,3095.395,3639.7086,0.02615961257763397,0.7148203592814372,0.028083526956331983
20110718,3082.143,3624.8151,0.026462152201221598,0.7217651458489155,0.02827892821352984
20110719,3055.526,3594.6282,0.02546130932233606,0.6943198804185351,0.026672520895529628
20110720,3053.627,3592.4866,0.02550287831454232,0.6952949962658701,0.026698942339656417
20110721,3028.752,3563.2223,0.025712410169078916,0.6992537313432836,0.026699022314635057
20110722,3038.886,3575.1441,0.02545806454840714,0.6927665920954511,0.026495283009668746
20110725,2946.378,3466.3113,0.025985004864746017,0.7093889716840537,0.026178766641869355
20110726,2950.707,3471.4052,0.025947164983827556,0.7066269545793,0.02617905692333955
20110727,2973.334,3498.0246,0.0257227558870228,0.6986607142857143,0.026147001189285923
20110728,2960.748,3483.2172,0.025832101657251794,0.7011152416356877,0.026147000668279574
20110729,2951.428,3472.8518,0.0254758130853428,0.6916790490341753,0.025636531979179145
20110801,2959.937,3483.9161,0.02570461878455254,0.6971046770601337,0.02594631514009471
20110802,2934.924,3454.4755,0.025808096296034956,0.7002967359050445,0.025818458754269136
20110803,2929.498,3448.0883,0.025855843860852275,0.7020014825796886,0.025818399257816482
20110804,2933.075,3452.2984,0.025824309256153814,0.7,0.025818396642941277
20110805,2865.935,3373.2735,0.026054411509545666,0.7150259067357513,0.02541562975548972
20110808,2746.912,3233.5051,0.02728359525547003,0.742603550295858,0.025518432477771524
20110809,2744.392,3230.5384,0.027308492312352568,0.7427937915742794,0.02551827672743756
20110810,2768.425,3258.8284,0.027071396063125582,0.7392909896602659,0.025518248064112292
20110811,2807.847,3305.2333,0.026691199210094423,0.7269372693726938,0.025518130758168667
20110812,2818.149,3317.3597,0.02659349712285332,0.726401179941003,0.025517996825133782
20110815,2854.622,3360.2936,0.026253723793895015,0.7177597641857038,0.025518004082201617
20110816,2836.865,3339.3913,0.026418115266022786,0.7209131075110456,0.025518065189704897
20110817,2830.64,3332.4029,0.026578029016179446,0.7255334805003679,0.025622479783110164
20110818,2783.316,3276.7619,0.027008865603220963,0.7345588235294118,0.025602094623047522
20110819,2749.611,3237.0822,0.027340050674182107,0.7443056576047025,0.02560220675970082
20110822,2724.363,3207.3572,0.027593424251573136,0.748898678414097,0.02560220675970082
20110823,2766.476,3256.9373,0.0271480616254644,0.7395451210564931,0.025576200259526338
20110824,2758.434,3247.5781,0.02726054268810923,0.7419354838709677,0.02561038699806195
20110825,2848.054,3353.0902,0.026402634259606476,0.7172161172161172,0.025610286620028733
20110826,2841.147,3344.9579,0.026466820658561232,0.719619326500732,0.025610286620028733
20110829,2800.212,3296.7645,0.026853867522068687,0.7300658376005852,0.02561043091543702
20110830,2793.629,3289.0139,0.026917079448814465,0.7309941520467836,0.02561036377988457
20110831,2800.044,3296.5667,0.02685537153276228,0.7297297297297297,0.025610324049177402
20110901,2786.223,3280.2941,0.02694128526797382,0.7321167883211679,0.025562525151496374
20110902,2755.317,3243.9084,0.02724371366331612,0.7410649161196207,0.02556276289698789
20110905,2693.57,3171.2118,0.027868214697153487,0.7558309037900874,0.025562733224949508
20110906,2675.203,3149.5878,0.028059548027499864,0.7574654042243263,0.025562733224949508
20110907,2731.767,3216.1817,0.027478231050024022,0.7459970887918487,0.025562417301546736
20110908,2716.222,3197.8802,0.027635502269018657,0.7498181818181818,0.02556243030629446
20110909,2715.186,3196.6599,0.02764604680642814,0.7507267441860465,0.02556243030629446
20110913,2691.593,3168.8837,0.02788831406522413,0.7559912854030502,0.02556237671737116
20110914,2709.302,3189.7328,0.027706025729047113,0.7525399129172714,0.02556237671737116
20110915,2699.376,3179.5221,0.02827202295403973,0.7621464829586657,0.026038366787511702
20110916,2704.852,3185.9724,0.0282148699114024,0.7615942028985507,0.0260384529248312
20110919,2656.135,3128.5894,0.02873217717104023,0.7697320782041999,0.0260382749942909
20110920,2672.123,3147.8284,0.028689630835977694,0.7677279305354558,0.026171009133128864
20110921,2749.629,3239.1318,0.02788083058820661,0.7534345625451916,0.026170908449339114
20110922,2674.248,3150.3306,0.028666728115500112,0.7673410404624278,0.026170908449339114
20110923,2665.012,3139.4508,0.026698586724895765,0.7162454873646209,0.02422564547089512
20110926,2623.655,3090.7308,0.02703768264878685,0.7301587301587301,0.024149729993432123
20110927,2649.114,3120.723,0.026778117416403912,0.718817591925018,0.024150013940754
20110928,2620.315,3086.7972,0.026481750846025665,0.7096541786743515,0.023581932214675083
20110929,2600.161,3063.4463,0.02676565916142431,0.7185025197984162,0.0236657604788042
20110930,2594.997,3057.3626,0.026818842926571114,0.7201438848920864,0.02366569235639182
20111010,2583.162,3043.4188,0.02694171598139151,0.7253774263120057,0.02366569235639182
20111011,2564.082,3020.9384,0.027142196286204286,0.7334770114942529,0.02366569235639182
20111012,2641.663,3112.3429,0.02634490902885416,0.700646087580761,0.023665537328175557
20111013,2654.475,3127.4377,0.026217636795981717,0.6979913916786227,0.023665423981278355
20111014,2651.248,3123.6361,0.026249655241876765,0.6989247311827957,0.023665534666587273
20111017,2656.82,3130.2005,0.02619458912034944,0.6969914040114613,0.023665521552889146
20111018,2586.787,3047.6897,0.026903886515913973,0.7222619899785254,0.023665646453577383
20111019,2580.768,3040.5975,0.02696642028703211,0.7267525035765379,0.023665463130323916
20111020,2517.915,2966.5457,0.027639585452999358,0.7483917083631165,0.023665484374565393
20111021,2499.055,2944.3255,0.027848013766021217,0.7535714285714286,0.02366536259521923
20111024,2561.239,3017.5894,0.02717197207962563,0.734475374732334,0.023665441153586597
20111025,2610.322,3075.4178,0.026660986273486037,0.7104136947218259,0.023665391118528056
20111026,2627.94,3096.1783,0.026483346699312908,0.7056307911617962,0.023666515740203842
20111027,2635.585,3105.1817,0.0264065268716404,0.7008547008547008,0.023666515740203842
20111028,2683.705,3161.8753,0.025932930760083822,0.6790035587188612,0.023666417587569155
20111031,2673.532,3149.89,0.026031696078182915,0.6856330014224751,0.023666508153799004
20111101,2678.399,3155.624,0.025984154424012418,0.6830135039090263,0.02366631179252887
20111102,2713.339,3196.7893,0.02564946040579852,0.6661931818181818,0.02366623414966562
20111103,2719.561,3204.1207,0.02559102515460034,0.6635911994322214,0.023666487364442546
20111104,2735.905,3223.3767,0.025438147143438842,0.6588652482269504,0.023666487364442546
20111107,2723.134,3208.3294,0.02555744739717915,0.6626506024096386,0.023666487364442546
20111108,2721.661,3206.5946,0.025571391169343476,0.6628895184135978,0.02366661948985982
20111109,2742.7,3231.382,0.025375235374392582,0.6546355272469923,0.02366661948985982
20111110,2694.965,3175.1414,0.025824474589590498,0.6732673267326733,0.02366643199447993
20111111,2692.008,3171.6582,0.025853050675079092,0.6749116607773852,0.023666646492032983
20111114,2752.09,3242.4448,0.02528858224545587,0.6518361581920904,0.023666596806229512
20111115,2751.116,3241.2977,0.025297671999265036,0.652787579393084,0.02366673667093311
20111116,2680.037,3157.5537,0.025968607970684746,0.6840620592383639,0.02366673667093311
20111117,2676.325,3153.1805,0.02600442207312714,0.6863988724453841,0.023666585502073456
20111118,2619.951,3086.7624,0.026564082473823403,0.7105633802816902,0.023666706444101182
20111121,2619.686,3086.4504,0.026566700975414338,0.7107670654468684,0.023666662667782834
20111122,2611.857,3077.2267,0.02664641145156819,0.7137834036568214,0.023666741705752337
20111123,2587.489,3048.5162,0.026897301406627938,0.7238229093464511,0.023666694068176675
20111124,2588.302,3049.474,0.026888852815217974,0.723314606741573,0.023666694068176675
20111125,2568.596,3026.2578,0.02709527811824895,0.7368421052631579,0.02366686266309137
20111128,2575.374,3034.2427,0.02702386672752085,0.7314165497896213,0.023666777294913954
20111129,2609.281,3074.1911,0.026672698300422786,0.7126839523475823,0.023666777743922562
20111130,2526.561,2976.733,0.027546162179227198,0.7485994397759104,0.023666977961942948
20111201,2578.674,3038.1315,0.02698950497284783,0.728481455563331,0.02366701553567485
20111202,2543.992,2997.2701,0.027357482261426636,0.7447552447552448,0.023667048236328814
20111205,2512.21,2959.8257,0.027703712827816345,0.7554157931516422,0.023667182047586
20111206,2509.033,2956.0818,0.02773879195816416,0.7569832402234636,0.023667182047586
20111207,2513.497,2961.3416,0.02768953896639567,0.7529658060013956,0.02366721710061226
20111208,2510.784,2958.1455,0.02771955704209388,0.7566248256624826,0.023667317879945804
20111209,2498.055,2943.1479,0.027860701830754925,0.7602787456445993,0.023667233056182013
20111212,2479.999,2921.8743,0.028063545796521084,0.7646239554317549,0.023667233056182013
20111213,2441.798,2876.8669,0.028502619159625733,0.7745302713987474,0.023667263637483504
20111214,2420.205,2851.4272,0.028757063596631854,0.7809457579972183,0.023667430655843757
20111215,2361.291,2782.0162,0.029474569494860648,0.7936066712995136,0.023667450847136617
20111216,2401.103,2828.9221,0.028985844283418362,0.7826388888888889,0.02366746572794476
20111219,2390.877,2816.8741,0.02910982951576194,0.7855655794587092,0.02366747608790165
20111220,2377.081,2800.6198,0.02927877588654167,0.7912621359223301,0.02366747608790165
20111221,2349.594,2768.2349,0.029621297067985514,0.7955647955647955,0.02366747608790165
20111222,2352.024,2771.0987,0.029590941303209106,0.7950138504155124,0.023667743540215946
20111223,2372.515,2795.2405,0.029335328645200207,0.7910034602076125,0.02366771218818453
20111226,2357.666,2777.7456,0.02952003977835667,0.7939142461964038,0.023667675561710455
20111227,2327.015,2741.6334,0.029908794533896697,0.7982031789910159,0.023667623352596312
20111228,2332.737,2748.3754,0.029835604248690768,0.7976519337016574,0.02366780082996356
20111229,2336.476,2752.7802,0.02978775452924954,0.7964113181504486,0.023667721642262052
20111230,2363.779,2784.9479,0.029443688919938305,0.7896551724137931,0.023667721642262052
20120104,2321.955,2735.67,0.029974040647421183,0.7994486560992419,0.023667721642262052
20120105,2306.653,2717.64,0.030172884066863484,0.803030303030303,0.023667721642262052
20120106,2325.18,2739.47,0.029933182069598652,0.7983482450103234,0.023668453665679934
20120109,2402.595,2830.68,0.028968948677387488,0.7751031636863824,0.023668776361299715
20120110,2471.191,2911.498,0.028164730344685477,0.7580756013745704,0.023668700950403743
20120111,2458.86,2896.97,0.028305935098969663,0.760989010989011,0.02366867540269002
20120112,2460.444,2898.836,0.02828771212734472,0.759780370624571,0.02366867540269002
20120113,2424.644,2856.658,0.02870562669363271,0.7688614540466392,0.0236689261650902
20120116,2393.766,2820.278,0.02907580626533026,0.7779300891021247,0.023668844484869167
20120117,2498.609,2943.801,0.027855653295836766,0.7472602739726028,0.02366874930356211
20120118,2461.433,2900.002,0.028276527214084725,0.758384668035592,0.023668940591587084
20120119,2506.632,2953.253,0.02776656281512362,0.7441860465116279,0.023668867087635936
20120120,2537.116,2989.169,0.027433105750010553,0.7293233082706767,0.023669035194721078
20120130,2485.843,2928.76,0.02799880178756092,0.7506830601092896,0.02366892141316579
20120131,2490.308,2934.021,0.027948753037348846,0.7494880546075086,0.02366907673137053
20120201,2458.769,2896.862,0.02830706660918489,0.76193724420191,0.02366891627730139
20120202,2514.976,2963.084,0.027674527313180233,0.7361963190184049,0.02366901158092971
20120203,2532.523,2983.757,0.027482686130768534,0.728882833787466,0.023668931493926015
20120206,2530.728,2981.643,0.027502382708298464,0.729067392784207,0.023669150341406153
20120207,2484.624,2927.324,0.02801270936230462,0.7510204081632653,0.023669150341406153
20120208,2549.035,3003.212,0.02730481821917789,0.7226376614547927,0.0236691339271502
20120209,2549.198,3003.403,0.02730307230325856,0.7221467391304348,0.0236691339271502
20120210,2546.27,2999.953,0.02733446857926383,0.723693143245078,0.0236691339271502
20120213,2543.172,2996.304,0.02736773823319113,0.7252374491180461,0.023669161393173876
20120214,2535.418,2987.168,0.02745143624364154,0.727457627118644,0.023669161393173876
20120215,2558.803,3014.72,0.027200422366889947,0.7161246612466124,0.02366906544165559
20120216,2547.815,3001.774,0.027317730036782537,0.7224102911306702,0.02366906544165559
20120217,2548.544,3002.633,0.027309762977221413,0.7219215155615697,0.02366893867465758
20120220,2547.051,3000.875,0.027325998557615836,0.7227856659905342,0.02366919095557196
20120221,2565.02,3022.045,0.02713456891259092,0.7121621621621622,0.02366919095557196
20120222,2597.123,3059.868,0.026799116070523644,0.6927751519243754,0.023669156249256806
20120223,2601.798,3065.376,0.02675097136445212,0.6909581646423751,0.023669165325155284
20120224,2642.963,3113.876,0.02633428685322594,0.6702629804450438,0.023669163124526715
20120227,2649.987,3122.152,0.026264634676084343,0.6698113207547169,0.023669317068720774
20120228,2654.778,3127.796,0.02621723566014662,0.665993265993266,0.023669317068720774
20120229,2625.788,3093.64,0.026506686926504625,0.6796769851951547,0.023669317068720774
20120301,2628.857,3097.257,0.026476122732951152,0.6778749159381304,0.023669706515675015
20120302,2671.601,3147.617,0.026052449538564247,0.6592741935483871,0.023669646395718447
20120305,2657.203,3130.654,0.02619372596733914,0.664204163868368,0.023669762549767714
20120306,2616.561,3082.77,0.02660058268146298,0.6859060402684564,0.023669762549767714
20120307,2599.228,3062.35,0.02677832701498982,0.6941649899396378,0.02367014400132117
20120308,2626.786,3094.818,0.026497391630120597,0.6789544235924933,0.02367014400132117
20120309,2649.614,3121.713,0.02626885649849719,0.6684527796383122,0.023669938055791873
20120312,2635.598,3105.2,0.02640850616750087,0.6733601070950469,0.023669916982062666
20120313,2660.882,3134.989,0.026157569572064058,0.6588628762541806,0.023669916982062666
20120314,2584.819,3045.373,0.026927247067002454,0.7032085561497327,0.02366987206968485
20120315,2569.299,3027.087,0.027089769137624772,0.7140948563794255,0.023669766912767898
20120316,2603.492,3067.373,0.026734187484684424,0.6909212283044058,0.023669973922882948
20120319,2607.306,3071.867,0.0266951488187194,0.6877918612408273,0.02367005923107013
20120320,2567.052,3024.44,0.027113756046211763,0.7153333333333334,0.02367005923107013
20120321,2569.756,3027.625,0.02708512313030851,0.7135243171219188,0.0236699765139039
20120322,2569.402,3027.209,0.027089209679731118,0.7137150466045273,0.02367033980398081
20120323,2543.334,2996.495,0.0273666006603261,0.729208250166334,0.02367013117498651
20120326,2545.498,2999.046,0.027343811423321783,0.7280585106382979,0.0236706183251707
20120327,2539.48,2991.955,0.027408422934573195,0.7308970099667774,0.023670467598079892
20120328,2472.659,2913.228,0.028149106639407187,0.7616201859229748,0.023670467598079892
20120329,2445.047,2880.696,0.02846683784894571,0.7710683477106834,0.023670345341413324
20120330,2463.928,2902.942,0.02824899247206517,0.763262599469496,0.023670647400153122
20120405,2510.98,2958.377,0.02771961988908823,0.7455268389662028,0.023670624635152127
20120406,2517.627,2966.209,0.027646496553576986,0.7397350993377484,0.02367072657867242
20120409,2493.413,2937.681,0.02791495478831988,0.7531436135009927,0.02367074034319616
20120410,2515.168,2963.312,0.02767350378328964,0.7394179894179894,0.02367074034319616
20120411,2512.143,2959.748,0.02770671925018454,0.744216787838731,0.02367065528934953
20120412,2564.356,3021.264,0.0271425811460329,0.7120211360634082,0.02367065528934953
20120413,2574.552,3033.277,0.027034867546170058,0.7042904290429043,0.023670500851396215
20120416,2568.833,3026.539,0.02709505534642665,0.7091029023746702,0.023670500851396215
20120417,2536.745,2988.733,0.02743778831168573,0.7290705339485827,0.023670500851396215
20120418,2592.213,3054.084,0.026850676356737355,0.689064558629776,0.023670500851396215
20120419,2586.156,3047.676,0.027152403329837756,0.7129690585911784,0.023915031404688092
20120420,2618.956,3086.329,0.026812297550631657,0.6868421052631579,0.023914993790973282
20120423,2596.465,3059.824,0.02704447815475746,0.7041420118343196,0.02391493734469985
20120424,2600.88,3066.357,0.027344989288478633,0.7247043363994744,0.02429014965489662
20120425,2616.998,3085.36,0.02717632974843882,0.7137229152987524,0.02428998494266965
20120426,2615.11,3083.334,0.02726078453936669,0.7178477690288714,0.024356394392510028
20120427,2604.706,3071.067,0.027369672529929757,0.7272131147540983,0.024356394392510028
20120502,2658.564,3134.569,0.026815337433814524,0.6847968545216252,0.02435656148828924
20120503,2664.436,3141.492,0.026756240626305782,0.6804191224623445,0.02435656148828924
20120504,2678.973,3159.114,0.02676363123804587,0.680628272251309,0.02451287347263298
20120507,2677.454,3163.048,0.028592137407295458,0.776324395029431,0.026370645572280305
20120508,2664.14,3147.319,0.028653089909149797,0.7764705882352941,0.02630110552536369
20120509,2614.857,3089.383,0.029285435224332444,0.7962116263879817,0.02639584530131578
20120510,2615.847,3090.685,0.029317173158502265,0.7969973890339426,0.026439796980911368
20120511,2596.556,3067.892,0.02934000084070826,0.7977821265492498,0.026277999994818613
20120514,2578.03,3046.004,0.02955101508354342,0.8018252933507171,0.026278204213076917
20120515,2572.067,3039.197,0.029565818320824666,0.8019543973941368,0.026248003889403737
20120516,2534.97,2995.581,0.030071410166612526,0.8111979166666666,0.026322840722305063
20120517,2579.289,3047.953,0.029554742001330795,0.8009108653220559,0.026322879841480518
20120518,2541.662,3003.513,0.030000240799928905,0.8094928478543563,0.026331057229808108
20120521,2547.595,3010.897,0.030054154713609702,0.8109161793372319,0.02645811422980371
20120522,2582.709,3052.498,0.029623785765738698,0.8025974025974026,0.02644612084338971
20120523,2575.872,3044.418,0.029595712132869115,0.8014276443867618,0.026355740254404347
20120524,2554.494,3019.929,0.03010095318431041,0.8125810635538262,0.026620089493887278
20120525,2536.899,2999.966,0.030498669955128926,0.8224238496435515,0.02683132686637002
20120528,2567.316,3038.117,0.030856020657661968,0.8264248704663213,0.027569302626141434
20120529,2599.089,3075.839,0.0305183481314039,0.8220064724919094,0.02760997149750888
20120530,2592.052,3067.512,0.0304376226728532,0.8195342820181113,0.027471141613565342
20120531,2580.99,3054.566,0.030599010325462764,0.8228829993535876,0.027505919017406733
20120601,2581.398,3055.825,0.030848149692846303,0.8262273901808785,0.027766891816394246
20120604,2509.972,2971.271,0.031581097865717125,0.8386055519690123,0.02764314713068816
20120605,2513.039,2975.633,0.031748424378290604,0.8432258064516129,0.027861253106779893
20120606,2506.671,2969.068,0.03198943882458161,0.8484848484848485,0.028053828983522155
20120607,2484.364,2955.252,0.03652435247887684,0.9626288659793815,0.03242668227466439
20120608,2466.244,2934.902,0.03662862003579647,0.9626529298132647,0.03235828428795151
20120611,2489.797,2973.398,0.03969095998484052,0.9942084942084942,0.03589940689189053
20120612,2465.273,2944.16,0.039258679398982185,0.9916398713826367,0.03520355439938516
20120613,2498.487,2986.177,0.03943183684442962,0.9916452442159382,0.03593865155840703
20120614,2474.978,2964.653,0.04102003294217022,1.0,0.037378831686495584
20120615,2492.958,2987.815,0.04096642065991847,0.9993581514762516,0.03768411049603593
20120618,2503.991,3001.257,0.04073569063141099,0.9987171263630532,0.03765357607046371
20120619,2485.795,2979.549,0.03974301556180688,0.992948717948718,0.036536424448371685
20120620,2483.43,2976.715,0.03876742659757176,0.982703395259449,0.035660637876882006
20120621,2437.788,2923.018,0.03718515559542312,0.9596670934699104,0.03375710620643346
20120625,2393.649,2875.992,0.03982782426420689,0.9942418426103646,0.03580028107299227
20120626,2393.148,2875.479,0.03743987858394512,0.9597186700767263,0.033812167927491865
20120627,2383.361,2864.219,0.034661454593993606,0.9182108626198083,0.03137485929933348
20120628,2361.881,2840.32,0.03551661746630209,0.938058748403576,0.03195732800038842
20120629,2394.097,2879.063,0.034166177948840665,0.9093809827696235,0.03120929779401571
20120702,2388.617,2875.052,0.034565919995714914,0.9151785714285714,0.03164823707074449
20120703,2389.582,2876.393,0.034052126269018525,0.9063097514340345,0.03123662076668987
20120704,2391.793,2879.118,0.03154534646559407,0.8273885350318472,0.02918083845425845
20120705,2356.069,2837.365,0.030688797372429768,0.8128580521960534,0.028211665306113076
20120706,2380.699,2867.026,0.030371149490396595,0.8040712468193384,0.028211543507138614
20120709,2316.022,2789.265,0.03084354271236368,0.8143674507310871,0.02792728005156553
20120710,2310.771,2782.941,0.028966833392288636,0.7636594663278272,0.026382251576680504
20120711,2330.64,2807.409,0.028911820971110815,0.7625396825396825,0.026579277941419788
20120712,2353.33,2836.75,0.028860438311697646,0.7614213197969543,0.026924284460729364
20120713,2352.192,2837.427,0.029586255363778187,0.7844007609384908,0.027657968068588223
20120716,2317.424,2796.071,0.029527058636893797,0.7813688212927756,0.027327104267218738
20120717,2339.048,2822.797,0.029479276925567368,0.7802406586447118,0.027558465491172246
20120718,2348.462,2834.301,0.029411550502654645,0.7772151898734178,0.027610306511117733
20120719,2354.588,2847.024,0.030513993447156638,0.8089816571790006,0.02899170785558547
20120720,2328.55,2815.541,0.030689580954356994,0.8135271807838179,0.028863372540568255
20120723,2291.452,2771.159,0.03123727073815562,0.8250157927984839,0.028945911880901454
20120724,2297.45,2778.413,0.03090368990489865,0.8169191919191919,0.028752368770288195
20120725,2282.379,2760.845,0.031021910673286412,0.8189274447949527,0.02875102967611154
20120726,2273.676,2750.318,0.031140818060338228,0.8215636822194199,0.02875119852733965
20120727,2280.953,2759.12,0.030784644596786145,0.8122243226212981,0.028555707525801832
20120730,2270.862,2747.557,0.03073760280021589,0.8110831234256927,0.02847707117710474
20120731,2271.364,2748.165,0.03069643718846385,0.8105726872246696,0.02845083641753421
20120801,2293.204,2774.59,0.03040412586232485,0.8006289308176101,0.028450898299175353
20120802,2273.244,2757.341,0.033180129889704646,0.8856065367693274,0.03103132636997974
20120803,2290.907,2778.766,0.032924521451486104,0.8793969849246231,0.031031544859323024
20120806,2314.635,2807.546,0.03258664194583832,0.8675455116133082,0.031031253205200393
20120807,2313.215,2805.824,0.0326067864327739,0.8682559598494354,0.031031398283970724
20120808,2317.827,2811.419,0.03254220971235782,0.8626959247648903,0.031031711812472107
20120809,2330.753,2827.097,0.03214319240491441,0.8414786967418546,0.030853802613693304
20120810,2324.635,2819.676,0.0318431785848153,0.8328115216030056,0.03054251829580945
20120813,2279.048,2764.381,0.03248001670368291,0.8591989987484355,0.030542430393349695
20120814,2283.712,2770.038,0.032413683121380946,0.8524077548467792,0.030542430393349695
20120815,2254.08,2734.096,0.03283988583084505,0.8775,0.030542527658242058
20120816,2248.07,2726.968,0.03298686248813115,0.8825733916302311,0.030603556412652555
20120817,2249.495,2728.696,0.03284340912085756,0.8770287141073658,0.030500131193419655
20120820,2239.026,2715.997,0.032997037274694455,0.8827199001871491,0.030500195526757423
20120821,2247.255,2725.978,0.032876208699506734,0.8771820448877805,0.030500195526757423
20120822,2238.304,2715.121,0.03300797296689909,0.8834890965732087,0.03050049641344299
20120823,2242.05,2719.665,0.032952825158802275,0.8804483188044832,0.030500498124895303
20120824,2218.826,2691.586,0.03333202588951878,0.8935905413814561,0.030535836301799568
20120827,2172.266,2635.106,0.03404654412124927,0.9079601990049752,0.03053594263380055
20120828,2190.389,2657.09,0.03363325191236051,0.9018023617153511,0.03043101343678245
20120829,2169.636,2631.915,0.0339268843436746,0.9043478260869565,0.030408462017432525
20120830,2175.378,2638.88,0.03383703608952465,0.9031657355679702,0.030408220026293398
20120831,2168.274,2630.262,0.033947897680070865,0.9044665012406948,0.030408220026293398
20120903,2180.966,2645.659,0.033750229973217444,0.9020458772473652,0.030408192644858056
20120904,2156.702,2616.225,0.03408718714387183,0.9101610904584883,0.03037375288038624
20120905,2145.612,2602.771,0.03426334237863402,0.9126934984520124,0.0303737289594328
20120906,2159.027,2619.045,0.034050718819934114,0.9071782178217822,0.030374007063292963
20120907,2253.372,2733.492,0.03262495751237591,0.8596165739022882,0.030373925394188594
20120910,2260.052,2741.595,0.03252852844075159,0.8522867737948084,0.030373925394188594
20120911,2248.611,2727.717,0.03269419771774452,0.8641136504014824,0.03037411262372114
20120912,2254.182,2734.474,0.03261339706567403,0.858641975308642,0.03037411262372114
20120913,2238.318,2715.231,0.03284466177212871,0.8698334361505243,0.030374289794617537
20120914,2257.251,2738.197,0.03256917270098345,0.8551171393341553,0.030374289794617537
20120917,2207.477,2678.691,0.03362962730298361,0.8977202711028959,0.030710282197317085
20120918,2185.799,2653.476,0.034374272700343364,0.916871921182266,0.031134026120083647
20120919,2191.776,2660.732,0.034280574921097776,0.9138461538461539,0.031134071817546127
20120920,2147.603,2607.108,0.03498580109250204,0.9261992619926199,0.031134201455921495
20120921,2153.71,2614.522,0.03488654335425595,0.9250153657037492,0.031134184172341817
20120924,2164.305,2627.384,0.03471578982683978,0.9201474201474201,0.03113421285979001
20120925,2163.769,2626.733,0.03414520842501266,0.9079189686924494,0.03065571998201211
20120926,2143.016,2601.539,0.03447576518913931,0.9153374233128835,0.030655633457064235
20120927,2209.712,2682.585,0.03346486074008957,0.8896382587369712,0.030686225037813264
20120928,2242.933,2722.915,0.032815078893386716,0.8627450980392157,0.03055290686055856
20121008,2224.8,2700.902,0.03308268887223087,0.8738518064911206,0.030553065675097635
20121009,2268.591,2754.064,0.03244408807182046,0.8365973072215422,0.030553065675097635
20121010,2269.546,2755.224,0.032430501804446246,0.8348623853211009,0.03055315856055829
20121011,2247.982,2729.044,0.032741594749545924,0.8606356968215159,0.03055315856055829
20121012,2254.35,2736.776,0.032649244141990476,0.855222968845449,0.030553349339690783
20121015,2249.712,2731.146,0.03271668929114749,0.8577533577533577,0.030553497135086927
20121016,2248.541,2729.724,0.03258610787477069,0.8486882245271506,0.03042195649639745
20121017,2255.416,2738.07,0.032486628191073785,0.8396341463414634,0.030421822053536607
20121018,2285.284,2774.33,0.03206215074179149,0.8165752589884216,0.030421938874694243
20121019,2276.184,2763.282,0.0321903326338311,0.8209500609013398,0.030421938874694243
20121022,2287.457,2776.968,0.032031735337190545,0.815581253804017,0.030422006841341664
20121023,2260.238,2743.923,0.032417473379740706,0.8315085158150851,0.030422002174478546
20121024,2258.601,2741.937,0.032441308136714385,0.8340425531914893,0.030422372922686458
20121025,2241.499,2721.175,0.032688826093115034,0.8572296476306197,0.030422372922686458
20121026,2209.896,2682.809,0.03315615548278131,0.8767455980570734,0.030422247197590124
20121029,2197.639,2667.928,0.03334107893824986,0.8853155339805825,0.030422247197590124
20121030,2201.966,2673.182,0.0332759244640287,0.8811400848999393,0.03042262412105412
20121031,2213.338,2686.988,0.03310503704601575,0.8745454545454545,0.030422717501909613
20121101,2253.334,2735.542,0.03251734537807102,0.8400969109630527,0.030422638424972615
20121102,2266.616,2751.666,0.03232679715753252,0.8214285714285714,0.030422636741709752
20121105,2265.328,2750.103,0.03234413136662245,0.822141560798548,0.030421740258389285
20121106,2257.553,2740.664,0.0324555243755022,0.8325272067714631,0.030421740258389285
20121107,2252.915,2735.034,0.03252252996756808,0.8404833836858006,0.030421936554228424
20121108,2211.83,2685.156,0.033126532811327214,0.8756038647342995,0.03042184539032866
20121109,2206.79,2679.038,0.0332023934336256,0.8774894387447194,0.03042205585420321
20121112,2219.914,2694.97,0.03300610285145759,0.8703256936067552,0.03042205585420321
20121113,2184.225,2651.644,0.03354523016971125,0.8939119951778179,0.0304219393224483
20121114,2195.235,2665.01,0.03337698714143932,0.8867469879518072,0.0304219393224483
20121115,2166.314,2629.901,0.03382297031489474,0.8988561107766406,0.0304223406565729
20121116,2152.695,2613.366,0.034036693748399884,0.9043321299638989,0.030422131038352784
20121119,2156.483,2617.966,0.03397743251861122,0.9019843656043295,0.03042267344714844
20121120,2144.27,2603.139,0.03417095590109095,0.9098557692307693,0.03042267344714844
20121121,2171.962,2636.756,0.03373502461398944,0.8954954954954955,0.03042245753394801
20121122,2156.538,2618.032,0.0339765696068287,0.9009603841536614,0.030422730812612153
20121123,2172.451,2637.35,0.03372752139345733,0.8944211157768446,0.030422590024830276
20121126,2158.84,2620.826,0.03394016581994857,0.8986810551558753,0.030422590024830276
20121127,2135.117,2592.028,0.03431783600692192,0.9149191132414619,0.03042318826564583
20121128,2121.601,2575.619,0.034536317396662713,0.9179640718562875,0.030423066525368192
20121129,2101.963,2551.778,0.034858892250960366,0.9251944943147815,0.030422994232700562
20121130,2122.615,2576.85,0.034519839913035665,0.9168660287081339,0.030423123381360107
20121203,2095.633,2544.093,0.034964294796373314,0.9270771069934249,0.030423123381360107
20121204,2116.31,2569.195,0.034622751337759806,0.9193548387096774,0.030423193926086167
20121205,2188.238,2656.515,0.03348433241719941,0.8841791044776119,0.03042287849902925
20121206,2188.368,2656.674,0.03348278757769174,0.8836515513126492,0.030423336313073923
20121207,2233.744,2711.76,0.03280262184982474,0.8497316636851521,0.030423335861101464
20121210,2254.457,2736.906,0.03250119639962976,0.8277711561382598,0.030423309904989315
20121211,2245.709,2726.285,0.03262771742609374,0.8397855866587254,0.030423233559203622
20121212,2252.039,2733.971,0.03253648246841285,0.8303571428571429,0.030423726842784715
20121213,2227.787,2704.79,0.03298699260584482,0.8602022605591909,0.030522987691768533
20121214,2341.72,2843.117,0.031382058186460046,0.7824019024970273,0.030522987691768533
20121217,2356.291,2860.809,0.031188238956599144,0.7789661319073083,0.03052324832837905
20121218,2359.989,2865.298,0.03113926360433287,0.7761282660332541,0.030523146874084306
20121219,2364.719,2871.041,0.0310770599253563,0.7750741839762612,0.030523231633377668
20121220,2375.138,2883.691,0.03094078122564369,0.7704626334519573,0.030523279867342934
20121221,2356.816,2861.446,0.031181291517735427,0.7788974510966212,0.03052325540295553
20121224,2371.53,2879.311,0.03098777496240269,0.7719194312796208,0.030523204232179912
20121225,2444.262,2967.616,0.030065676830627917,0.7448194197750148,0.030523183905661666
20121226,2448.067,2972.235,0.030018821235442538,0.742603550295858,0.030523052687637664
20121227,2434.654,2955.951,0.030184504044747797,0.7492607924305145,0.030523364818438203
20121228,2480.315,3011.388,0.029628826786340202,0.7358156028368794,0.030523364818438203
20121231,2530.559,3072.39,0.029040549345247985,0.713526284701713,0.030523364818438203
20130104,2533.882,3076.424,0.029002185873708824,0.7125147579693034,0.030523055154450196
20130107,2557.825,3105.495,0.028731171081275306,0.7044247787610619,0.030523534966628407
20130108,2539.622,3083.394,0.02893710468367458,0.7104952830188679,0.030523534966628407
20130109,2536.052,3079.059,0.028977814704308894,0.7118444313494402,0.03052350718453467
20130110,2539.103,3082.763,0.02894283552124882,0.7102473498233216,0.030523328518567094
20130111,2488.882,3021.79,0.02952720164565424,0.7310182460270748,0.030523692960082505
20130114,2589.423,3143.857,0.028380732188691932,0.6947058823529412,0.030523692960082505
20130115,2595.637,3151.402,0.028312943749117882,0.6931216931216931,0.03052385323285378
20130116,2563.553,3112.448,0.02866729276676905,0.700352526439483,0.03052385323285378
20130117,2545.128,3090.078,0.028874193155746825,0.7075748678802114,0.03052313891560221
20130118,2585.712,3139.352,0.028420604908615654,0.6948356807511737,0.03052269317743317
20130121,2610.977,3170.027,0.028145714672128657,0.6844574780058651,0.030522817306198213
20130122,2604.441,3162.092,0.028216463758481213,0.6869871043376319,0.030522934813717706
20130123,2617.532,3177.985,0.028075345435166623,0.6813122437024018,0.030522934813717706
20130124,2602.12,3159.273,0.02824140360017937,0.6873536299765808,0.03052268237233169
20130125,2590.988,3145.758,0.028362908835359833,0.6939730836746636,0.030522855506278868
20130128,2691.189,3267.414,0.027307007586346858,0.643859649122807,0.030522994125718128
20130129,2725.57,3309.155,0.026962279877710545,0.6212741087083576,0.03052268545326764
20130130,2737.058,3323.104,0.026849489347003447,0.6133177570093458,0.03052307267114851
20130131,2747.543,3335.834,0.026746876696802858,0.6059544658493871,0.030522903765808795
20130201,2827.135,3432.468,0.025993914304422924,0.5682613768961493,0.03052294425459312
20130204,2838.89,3446.739,0.02588614813187421,0.5597667638483965,0.030522787896472447
20130205,2846.054,3455.437,0.025821011455303317,0.5553613053613053,0.030522811745893108
20130206,2849.304,3459.383,0.02579151351986935,0.5544554455445545,0.030522753362774546
20130207,2802.762,3402.875,0.026219801266828154,0.580908032596042,0.030522753362774546
20130208,2792.694,3390.652,0.026314284921047978,0.5846422338568935,0.030522683421633667
20130218,2770.001,3363.101,0.026530134355976304,0.5959302325581395,0.030522963590845942
20130219,2736.572,3322.514,0.02685405735881639,0.6165020337013364,0.030522786822974934
20130220,2736.205,3322.067,0.02685765922309582,0.6173054587688734,0.030522786822974934
20130221,2628.509,3191.312,0.027958175212320212,0.6790481717933836,0.03052288629332378
20130222,2600.307,3157.072,0.028261225727147603,0.6902552204176334,0.030522699664805586
20130225,2620.091,3181.093,0.028048126161675856,0.6811594202898551,0.03052300638655514
20130226,2588.941,3143.272,0.0283854816558834,0.697566628041715,0.03052288328641306
20130227,2624.575,3186.537,0.028000475614382556,0.679212507237985,0.030523280257830798
20130228,2712.248,3292.981,0.02709533016932003,0.6336805555555556,0.030523242561774522
20130301,2704.466,3283.533,0.027173050938770524,0.637941006362059,0.03052296973161761
20130304,2575.145,3126.522,0.028537652202176172,0.7023121387283237,0.03052296973161761
20130305,2685.241,3260.192,0.027367837628513893,0.6510687463893703,0.030523217972451944
20130306,2712.165,3292.881,0.027096194230308367,0.6327944572748267,0.030523259375039302
20130307,2673.226,3245.605,0.027490897507581716,0.65666474321985,0.030523270408263192
20130308,2667.832,3239.056,0.027546324331406486,0.6591695501730104,0.03052310846099715
20130311,2638.263,3203.156,0.02785511267349951,0.6737752161383286,0.03052316611204864
20130312,2592.094,3147.101,0.028351253128676986,0.6964285714285714,0.03052316611204864
20130313,2567.676,3117.454,0.02862047742757256,0.7040875071963155,0.03052277405775028
20130314,2577.333,3129.179,0.028513321847520152,0.7025316455696202,0.030522859347710485
20130315,2589.293,3143.7,0.02838155104004889,0.6975273145485912,0.03052279343848996
20130318,2555.556,3102.74,0.02875642304664804,0.7114942528735633,0.03052299426334648
20130319,2586.034,3139.743,0.028417074810995355,0.6984491671453188,0.030522547116208276
20130320,2680.098,3253.948,0.02741986023318036,0.6498277841561424,0.030522697432208368
20130321,2679.444,3253.153,0.027426552886056294,0.6500286861732645,0.030522697432208368
20130322,2680.529,3254.472,0.027415867265612015,0.6490825688073395,0.030523124181900174
20130325,2672.025,3244.146,0.02750312114056706,0.6550143266475644,0.030523124181900174
20130326,2620.309,3181.357,0.028045995430858596,0.6792668957617412,0.03052318198499715
20130327,2629.942,3193.053,0.027943402153818204,0.6754436176302232,0.030523320190129377
20130328,2519.016,3058.375,0.029173693402452038,0.7265446224256293,0.03052311179410716
20130329,2522.285,3062.345,0.029136082109763997,0.7249857061177816,0.030523321978648932
20130401,2515.214,3053.76,0.02921799534862618,0.728,0.030523325292666437
20130402,2509.638,3046.99,0.02928291289532572,0.73043974871502,0.030523325292666437
20130403,2515.17,3053.706,0.02921814394181229,0.7277397260273972,0.03052295957053608
20130408,2497.337,3032.055,0.029426889091359053,0.7347404449515117,0.03052306678683725
20130409,2512.941,3051.0,0.029243682026810183,0.7280501710376283,0.03052257637567113
20130410,2503.299,3039.294,0.029356484696104086,0.7333333333333333,0.030522745663818407
20130411,2500.001,3035.289,0.02939521175522436,0.7334851936218679,0.030522745663818407
20130412,2483.286,3014.996,0.029593380778609492,0.7433124644280023,0.03052306495085344
20130415,2461.53,2988.58,0.029854643712865832,0.7485779294653014,0.030522760870143273
20130416,2466.086,2994.112,0.0297996530443463,0.7470153496304719,0.030522930544850446
20130417,2446.399,2970.211,0.03003966269917535,0.7534090909090909,0.030523145174539135
20130418,2458.149,2984.476,0.02989594612221798,0.7484383872799546,0.03052301675320579
20130419,2546.202,3091.382,0.028862081666884244,0.7088535754824064,0.03052301675320579
20130422,2551.28,3097.814,0.02889074351064223,0.7101531480431084,0.03061175319926801
20130423,2474.715,3004.848,0.029784830829975472,0.7454648526077098,0.030611999543249002
20130424,2520.552,3060.504,0.029243079509953904,0.7246458923512747,0.030611893428825088
20130425,2496.104,3030.819,0.029529580382804704,0.7378255945639864,0.03061197648825109
20130426,2474.5,3004.992,0.029922188599064575,0.7504244482173175,0.03075089855808688
20130502,2481.071,3012.972,0.029843035992348985,0.747737556561086,0.0307509963807302
20130503,2523.522,3066.421,0.029715167902415168,0.7444884115319389,0.031142677933546192
20130506,2549.819,3098.375,0.02940870702408231,0.7305084745762712,0.031142677933546192
20130507,2547.792,3096.059,0.029479611873139393,0.7346132128740824,0.031191664996774282
20130508,2553.751,3103.301,0.028969065383319746,0.7104966139954854,0.03074458050115325
20130509,2539.818,3086.65,0.029218673418244825,0.7213761985335589,0.030838061283891216
20130510,2554.392,3104.465,0.029018823797620722,0.7119503945885005,0.030805486528036052
20130513,2547.477,3096.062,0.029097950468540534,0.7154929577464789,0.030805854023198576
20130514,2522.442,3065.635,0.029386420374322382,0.7291666666666666,0.030805536633503827
20130515,2536.504,3083.266,0.029398945784195003,0.7298818232976927,0.030986380479721465
20130516,2574.46,3129.403,0.028806646416395975,0.7013498312710911,0.030829009264847107
20130517,2606.193,3168.042,0.026613740501681995,0.5812254075323215,0.028984515949817213
20130520,2629.804,3197.299,0.026548687754365207,0.5769662921348314,0.02916344780234792
20130521,2623.323,3189.42,0.026522438292909584,0.5755193711398091,0.029068632811690254
20130522,2625.846,3192.584,0.026484539869993592,0.5735129068462402,0.029055689901209103
20130523,2579.435,3139.216,0.027936758026443187,0.6640493550196298,0.03005972901802445
20130524,2589.423,3152.043,0.02804176502209586,0.6681614349775785,0.03027888877575524
20130527,2591.84,3155.346,0.02805212912632228,0.6700280112044817,0.030315889049321587
20130528,2639.607,3213.744,0.02755092275880475,0.64501679731243,0.030319537502256466
20130529,2632.814,3205.515,0.027634927987231533,0.646894236149972,0.030332848731668527
20130530,2632.26,3205.269,0.027766757404969287,0.6577181208053692,0.030462400705511428
20130531,2613.037,3182.32,0.027994390876757713,0.6662940190050307,0.030483278497696054
20130603,2603.853,3180.896,0.031138268746195425,0.788268156424581,0.033620862199302826
20130604,2573.512,3144.953,0.03186203096825894,0.8051367950865438,0.03398950380179788
20130605,2557.732,3129.413,0.03299916252430242,0.8694196428571429,0.0349614432705212
20130606,2522.91,3088.778,0.0338119443886893,0.8996095928611266,0.03533275204348452
20130607,2489.33,3048.116,0.033674407068981005,0.8968784838350056,0.03474186632830789
20130613,2405.334,2958.758,0.03938852469710011,0.9894150417827298,0.039440843924370084
20130614,2413.09,2968.344,0.03927696972599251,0.9888641425389755,0.03945650239134513
20130617,2399.703,2952.506,0.03965819267103094,0.991652754590985,0.039628733200208544
20130618,2406.49,2964.076,0.04036119235861938,0.9972191323692993,0.04049484843294038
20130619,2378.691,2931.395,0.04136501099143626,1.0,0.04104852727127839
20130620,2300.602,2835.413,0.04258922436024057,1.0,0.04088498427988019
20130621,2294.817,2833.094,0.044038658089018745,1.0,0.042313028826490795
20130624,2147.479,2651.395,0.042179270294218425,0.9988901220865705,0.037944813382807974
20130625,2143.501,2646.483,0.04178516406415633,0.9983361064891847,0.03751884329460875
20130626,2126.246,2631.104,0.04024446549001128,0.9933481152993349,0.03619987846138151
20130627,2129.996,2641.167,0.042211532804876356,0.9988919667590028,0.038314271126976385
20130628,2182.977,2713.403,0.04270140948453109,0.9994462901439646,0.04000356075679923
20130701,2187.501,2721.598,0.04104455080157363,0.9961261759822911,0.03867894661106264
20130702,2188.531,2722.88,0.04040568960939504,0.9928097345132744,0.038114352130595996
20130703,2166.894,2703.142,0.04338878654716704,0.9994472084024323,0.04080389396607442
20130704,2178.009,2718.404,0.043642392349061546,0.9994475138121547,0.04130330337455379
20130705,2182.857,2725.148,0.04379958948695276,0.9994478188845941,0.04156796049818334
20130708,2127.632,2662.321,0.04684321769366357,1.0,0.04360580657892199
20130709,2137.565,2675.069,0.044443287078814474,0.9994484280198566,0.04158949028184433
20130710,2186.992,2737.012,0.04343688300063908,0.9972436604189636,0.041590480195140556
20130711,2309.521,2891.47,0.04133759825000308,0.9928374655647383,0.0418099951894122
20130712,2250.824,2817.983,0.041707868568534756,0.9933920704845814,0.04110782247778788
20130715,2276.716,2850.514,0.04127340840659834,0.9917446340121079,0.04114934517515434
20130716,2282.256,2857.809,0.04035907303038891,0.9867986798679867,0.04034598252474919
20130717,2249.85,2817.231,0.0408742332532199,0.9895547003848268,0.040281192559642465
20130718,2206.849,2764.707,0.04212487676776,0.993956043956044,0.040755601663047925
20130719,2158.992,2704.753,0.04257795704976023,0.9950576606260296,0.040297400686456264
20130722,2163.491,2713.365,0.04358730968374643,0.9972557628979144,0.041439536855229386
20130723,2215.465,2778.549,0.0425168267220678,0.9939659901261657,0.041391783810718064
20130724,2196.635,2754.933,0.042881289569639894,0.9956140350877193,0.041391783810718064
20130725,2189.697,2746.245,0.04281760555711663,0.9950684931506849,0.04119688284623124
20130726,2179.257,2733.152,0.04225744117876002,0.9923329682365827,0.040459544174498374
20130729,2130.956,2672.574,0.042417672777851155,0.9923371647509579,0.039708279155102
20130730,2154.577,2702.199,0.04172794508609144,0.9890590809628009,0.039491132232455595
20130731,2153.896,2703.338,0.04223432739990835,0.9912520503007107,0.04002380636597214
20130801,2198.352,2759.343,0.041401939199660426,0.987431693989071,0.040049949791397754
20130802,2193.627,2753.509,0.039513109553825324,0.9721463681048608,0.03813943757978544
20130805,2215.024,2780.368,0.03913150083229107,0.9672489082969432,0.03813953697749284
20130806,2219.651,2786.176,0.03887309340229061,0.9639934533551555,0.03796174047395384
20130807,2205.555,2768.482,0.039121408791203335,0.9667393675027263,0.03796161312514812
20130808,2195.759,2759.449,0.04023209784535722,0.9782016348773842,0.03894283487847239
20130809,2200.098,2764.903,0.040152981763458315,0.9776688453159041,0.0389430785542253
20130812,2277.054,2861.614,0.038795959547652845,0.9618943930321175,0.0389430785542253
20130813,2291.72,2880.046,0.03831591882223902,0.9532100108813928,0.03870013131677408
20130814,2281.626,2867.36,0.038485204904180934,0.955410549211528,0.0386998965567269
20130815,2261.879,2842.856,0.03893095811245955,0.9625,0.03881391019569014
20130816,2258.742,2839.478,0.036658808109171624,0.937533948940793,0.03642014258396964
20130819,2282.075,2868.888,0.03631094909112774,0.9326818675352877,0.03644808298028401
20130820,2271.931,2856.135,0.03647307473120237,0.9354313619099295,0.03644808298028401
20130821,2264.841,2847.222,0.03658715129888039,0.9365509761388287,0.0364479813850509
20130822,2258.253,2839.062,0.03673656192174702,0.9376693766937669,0.03649222005221486
20130823,2235.38,2810.306,0.03711246014971547,0.9387865655471289,0.03649222005221486
20130826,2283.494,2870.794,0.03633048791434134,0.9306984298863021,0.03649222005221486
20130827,2287.422,2875.732,0.03626810058199623,0.928030303030303,0.03649222005221486
20130828,2276.859,2862.453,0.03643661531082945,0.9313142239048134,0.036492486056410645
20130829,2270.207,2854.09,0.03654328559241679,0.9351351351351351,0.03649238822994971
20130830,2271.285,2855.446,0.03646745194418751,0.9330091842247433,0.036431139182539374
20130902,2278.916,2865.039,0.036345339884863645,0.9292656587473002,0.036431139182539374
20130903,2312.026,2906.665,0.035824894167143316,0.922288181327577,0.03643118652758437
20130904,2313.874,2908.988,0.03579628223562895,0.9217907227615966,0.03643118652758437
20130905,2309.524,2903.52,0.035863694831837045,0.9223719676549865,0.03643116695529436
20130906,2334.439,2934.843,0.03548093007299287,0.9137931034482759,0.036431168208378883
20130909,2452.795,3083.638,0.033737822642706965,0.8686052773290253,0.03639562054019141
20130910,2486.61,3131.907,0.03512044793068969,0.9058127018299247,0.038304038925492945
20130911,2488.303,3134.039,0.0350965525616986,0.9047875201721356,0.038304038925492945
20130912,2529.421,3187.514,0.035055410641755526,0.9026881720430108,0.03885370039090619
20130913,2491.181,3139.325,0.03559355002292055,0.9177861364857604,0.03885373529434211
20130916,2479.948,3125.17,0.03575494814916099,0.9199785177228786,0.03885391819213302
20130917,2425.654,3056.815,0.036576260611939006,0.9355877616747182,0.03887570519550709
20130918,2428.381,3060.252,0.0365353264266895,0.9345493562231759,0.038875850506186804
20130923,2452.333,3090.436,0.03617848494611893,0.9249329758713136,0.038875850506186804
20130924,2406.801,3033.057,0.03686284651717361,0.9378349410503751,0.03887575401760057
20130925,2390.45,3012.451,0.037114935444937394,0.9394750937332619,0.03887569019882742
20130926,2347.964,2958.91,0.03778652374327315,0.9443254817987152,0.03887569019882742
20130927,2360.041,2974.129,0.03759291413557398,0.9416800428036383,0.03887542280502454
20130930,2368.538,2984.837,0.03745807219247663,0.9406417112299466,0.03887544417660593
20131008,2386.911,3007.991,0.03716946480251073,0.9385355424906467,0.038875129503484374
20131009,2398.346,3022.401,0.03699224565647563,0.9353632478632479,0.038875129503484374
20131010,2357.408,2970.811,0.03732934631964669,0.9396689802455953,0.038536531191844636
20131011,2405.467,3031.375,0.03620996569251467,0.9210245464247598,0.03810974521396182
20131014,2401.931,3026.92,0.036263575375452585,0.9210666666666667,0.03811005481559726
20131015,2389.817,3011.654,0.03644731455248483,0.9275053304904051,0.03810995734073441
20131016,2353.481,2965.862,0.037009916681210966,0.9355354288758657,0.038109824209050736
20131017,2349.474,2960.812,0.03707301102592716,0.9361022364217252,0.038109795327533114
20131018,2357.616,2971.073,0.03694512612886921,0.9334752527940394,0.0381099472281341
20131021,2393.2,3015.916,0.0363957966252048,0.9234042553191489,0.0381099472281341
20131022,2371.287,2988.302,0.03670474161325969,0.9319510898458266,0.03807941726701847
20131023,2358.857,2972.637,0.036898157296471015,0.9330499468650372,0.03807941726701847
20131024,2336.712,2944.73,0.03724775514784302,0.9389272437599575,0.038079320667465444
20131025,2322.347,2926.627,0.03747815310417718,0.9410828025477707,0.038079320667465444
20131028,2320.844,2924.734,0.0375025705264518,0.9411140583554377,0.03807946719420885
20131029,2346.504,2957.069,0.037092464274892566,0.9347826086956522,0.03807946719420885
20131030,2375.87,2994.077,0.036633862267400875,0.9284578696343402,0.03807930219640521
20131031,2343.251,2952.97,0.0371436369504213,0.9359110169491526,0.03807910382060542
20131101,2362.659,2977.428,0.036838521524990134,0.9295923769190048,0.03807910382060542
20131104,2354.873,2967.617,0.036960636797707044,0.9312169312169312,0.03807943057087604
20131105,2349.796,2961.218,0.03704038417382677,0.9333685880486515,0.0380793128815724
20131106,2321.497,2925.5562,0.03749213162040426,0.9408033826638478,0.038079547421286275
20131107,2321.377,2925.4046,0.03749385517115804,0.9408346539883783,0.03807932140177228
20131108,2293.031,2889.6827,0.037957346863455976,0.9487856388595565,0.03807932140177228
20131111,2298.477,2896.5455,0.037866940110809474,0.9472295514511874,0.03807882404219276
20131112,2321.29,2925.2958,0.03749524202090915,0.939873417721519,0.03807928888136014
20131113,2259.538,2847.4748,0.038519967511374535,0.9562467053241961,0.03807928888136014
20131114,2257.902,2845.4139,0.03854815571810198,0.9573234984193888,0.03807957739602186
20131115,2297.48,2895.2901,0.03788372770429574,0.94681411269089,0.03807917612831169
20131118,2387.371,3008.5709,0.036457158828515614,0.9168421052631579,0.03807901525932422
20131119,2368.061,2984.2356,0.036754443289084254,0.9242503945291951,0.03807901525932422
20131120,2376.083,2994.3457,0.0366306081909717,0.9216614090431126,0.038079278122085336
20131121,2367.185,2983.1327,0.03676817446686009,0.9243300052548608,0.03807913884002723
20131122,2359.396,2973.3166,0.036889556087801374,0.9254201680672269,0.03807913884002723
20131125,2343.851,2953.7264,0.037134033645457275,0.931758530183727,0.038078941085487594
20131126,2340.898,2950.005,0.03718087754952957,0.9333683105981112,0.038078941085487594
20131127,2363.175,2978.0792,0.0368304191672576,0.9229155742003147,0.03807896391888477
20131128,2381.878,3001.6481,0.03654121907821642,0.9166666666666666,0.03807896391888477
20131129,2379.225,2998.3317,0.0365908190876662,0.9182818229439497,0.03808814367570079
20131202,2403.245,3028.6019,0.03622510045536456,0.9041884816753927,0.03808814367570079
20131203,2409.972,3037.0789,0.03612363454701933,0.902145473574045,0.03808773935585874
20131204,2431.09,3063.692,0.03580984159226901,0.8980125523012552,0.03808773935585874
20131205,2423.704,3054.3844,0.03591861007961305,0.8996340825927862,0.038087306965490564
20131206,2409.666,3036.6938,0.036127952319865785,0.9022988505747126,0.03808740149639922
20131209,2403.982,3029.53,0.03621337362542719,0.9039164490861619,0.03808740149639922
20131210,2408.324,3035.0017,0.03614784655996464,0.9018789144050104,0.03808712618498489
20131211,2364.866,2980.2354,0.03681213328705909,0.9227960354720918,0.03808714197856644
20131212,2356.75,2970.0076,0.0369389346409443,0.9254431699687174,0.038087173612094016
20131213,2345.688,2956.0674,0.037112646418814066,0.9306930693069307,0.03808660731854796
20131216,2324.413,2929.256,0.03745233284827401,0.9364583333333333,0.03808660731854796
20131217,2311.245,2912.6618,0.037665811141344624,0.9422175950026028,0.03808670986691465
20131218,2309.801,2910.842,0.037689172246308245,0.9422476586888657,0.038086499606398316
20131219,2290.559,2886.5927,0.0380057827559539,0.9490379615184608,0.038086499606398316
20131220,2249.011,2834.2343,0.03870816433836481,0.9610187110187111,0.03808677219305512
20131223,2250.554,2836.1786,0.03868162567385194,0.9605194805194806,0.03808677219305512
20131224,2259.251,2847.1382,0.03853229017091047,0.9558670820353063,0.038086310974167814
20131225,2273.159,2864.6654,0.03829658930196617,0.9512195121951219,0.03808636647805663
20131226,2227.46,2807.075,0.03908214967106893,0.966804979253112,0.03808622343421186
20131227,2263.491,2852.4822,0.03846018482042965,0.9533437013996889,0.03808638720485913
20131230,2254.5,2841.1518,0.03861311845633913,0.9580310880829016,0.03808592311840697
20131231,2273.679,2865.3208,0.03819289412232076,0.9476954945624029,0.03798579811809799
20140102,2270.203,2860.9406,0.03825147832606934,0.94824016563147,0.037985907638729666
20140103,2241.645,2824.9516,0.03873843975788905,0.9612002069322297,0.037985562360283165
20140106,2189.621,2759.3901,0.03965884040711757,0.9741468459152016,0.037985562360283165
20140107,2190.438,2760.4191,0.0396439594710147,0.9731266149870801,0.037985476987220324
20140108,2183.662,2751.8796,0.03976692552541841,0.9757231404958677,0.03798542840398644
20140109,2159.867,2721.894,0.04020545703730079,0.9788332472896232,0.03798586907336432
20140110,2139.323,2696.0038,0.04059135531124992,0.9834881320949432,0.03798568530812263
20140113,2135.31,2690.9463,0.04066764077278199,0.9834966477565755,0.03798568530812263
20140114,2163.462,2726.424,0.04013851712284343,0.9768041237113402,0.037985750804366836
20140115,2159.004,2720.8055,0.0402210438098948,0.9778464708912932,0.037985425908455106
20140116,2166.068,2729.7085,0.04009018723371273,0.9752832131822863,0.0379857504298331
20140117,2144.964,2703.112,0.040484628963914394,0.981986618630983,0.0379857504298331
20140120,2134.881,2690.4057,0.04067599685964815,0.9835390946502057,0.037985916308116874
20140121,2155.966,2716.9771,0.04027763978040682,0.9784061696658097,0.037985433021451964
20140122,2205.193,2779.0134,0.039378513321421095,0.9645426515930113,0.037985433021451964
20140123,2197.732,2769.6111,0.039512252491927864,0.9661016949152542,0.03798548958711967
20140124,2215.619,2792.1525,0.039193264588175854,0.9625256673511293,0.03798548958711967
20140127,2196.815,2768.4564,0.0395286885080979,0.9666495638789122,0.037985478927600846
20140128,2205.045,2778.8279,0.03938115360226984,0.9635897435897436,0.037985478927600846
20140129,2226.97,2806.457,0.03899325637840978,0.9564325986673501,0.03798531749435585
20140130,2208.278,2782.9011,0.03932331721723224,0.9626024590163934,0.03798531944071315
20140207,2231.441,2812.092,0.03891531162259625,0.9539170506912442,0.03798551130515593
20140210,2293.499,2890.2982,0.037862203951077644,0.9309109518935517,0.0379853928898477
20140211,2309.501,2910.4642,0.03759975162009077,0.9242966751918159,0.037985291037545554
20140212,2322.895,2927.8892,0.03756920142569977,0.9233128834355828,0.03817863708562941
20140213,2306.389,2907.0839,0.037838070744246034,0.9299948901379663,0.03817863708562941
20140214,2331.385,2938.5908,0.037432639560000376,0.9177732379979571,0.03817889724863566
20140217,2363.46,2979.0192,0.036924449357797005,0.9060745278203165,0.03817872282842938
20140218,2359.613,2974.1701,0.03698449579545333,0.9076530612244897,0.03817858317919032
20140219,2375.026,2993.597,0.036744480724588705,0.9010708822029577,0.03817858317919032
20140220,2367.487,2984.0952,0.03686129572218271,0.9036697247706422,0.03817844294826522
20140221,2338.198,2947.1779,0.037323031476694926,0.9169638308711157,0.03817844261851833
20140224,2308.623,2909.8999,0.037801116282682026,0.9276985743380856,0.038178401828952824
20140225,2244.059,2828.5201,0.038888695206264284,0.9536895674300254,0.038178401828952824
20140226,2255.976,2843.5416,0.038683499676206864,0.9496439471007121,0.0381786475916972
20140227,2259.419,2847.8812,0.03862450613158985,0.9476359938993391,0.038178609754070614
20140228,2276.905,2869.9205,0.03832788061835281,0.9395325203252033,0.038178609754070614
20140303,2306.769,2907.5628,0.03783152143745972,0.9268664296597258,0.038178492461678815
20140304,2293.364,2890.6671,0.03805253335268444,0.933502538071066,0.0381784285461495
20140305,2277.638,2870.8451,0.0383152678783221,0.9381024860476915,0.0381784285461495
20140306,2276.158,2868.98,0.038340307903247495,0.9401622718052738,0.03817856011408716
20140307,2266.782,2857.1621,0.03849880435127338,0.9422199695894576,0.038178483667099083
20140310,2183.049,2751.6207,0.03997528704400675,0.9736575481256332,0.03817832942843902
20140311,2186.901,2756.4755,0.039904518114876913,0.9726582278481013,0.038178020428183634
20140312,2199.33,2772.1422,0.0396792194894057,0.9686234817813765,0.03817824098062328
20140313,2236.443,2818.9209,0.03902030446458101,0.9554881133029843,0.03817784106041233
20140314,2227.848,2808.0867,0.03917084414092926,0.9590495449949444,0.03817784106041233
20140317,2260.829,2849.658,0.038599493141840434,0.943911066195048,0.03817793268615399
20140318,2272.467,2864.327,0.03840181330702446,0.9378787878787879,0.03817793268615399
20140319,2262.611,2851.9041,0.03856882792985902,0.9419485108531045,0.0381777054938921
20140320,2216.311,2793.5454,0.03937451221515486,0.9616548940464178,0.03817767482543899
20140321,2269.929,2861.1275,0.03844428877507551,0.9369641956631367,0.03817753557182768
20140324,2289.062,2885.2445,0.03812324824269012,0.9284274193548387,0.038177840755097
20140325,2293.288,2890.5711,0.03805293154426689,0.9269521410579346,0.03817778267581651
20140326,2297.357,2895.6994,0.03798553349579048,0.9249748237663645,0.03817778267581651
20140327,2267.341,2857.8666,0.03848868583544553,0.9380976346250629,0.03817807762393688
20140328,2245.66,2830.538,0.03886017275479686,0.9502012072434608,0.03817798099672265
20140331,2244.316,2828.8443,0.03888349786997679,0.9507290095525389,0.038178046192306914
20140401,2276.691,2869.6513,0.038330348030231796,0.9331658291457287,0.03817784387566037
20140402,2295.762,2893.6899,0.03801214013124326,0.9236564540431944,0.03817805572238431
20140403,2267.889,2858.5568,0.03847914775482161,0.9362449799196787,0.038177904289743436
20140404,2282.756,2877.2961,0.03822861785281403,0.9272453587556447,0.038177981992082666
20140408,2317.361,2920.9142,0.037657250591776714,0.9112337011033099,0.038177545270773994
20140409,2327.568,2933.7792,0.03749211360897309,0.9057644110275689,0.038177545270773994
20140410,2356.328,2970.0293,0.037034443809519015,0.8947895791583166,0.038177487038334235
20140411,2355.586,2969.094,0.03704595977689502,0.8953430145217827,0.038177347806691575
20140414,2363.55,2979.1324,0.03692119723726649,0.8893893893893894,0.03817741436245514
20140415,2321.47,2926.0932,0.037590229508751155,0.9089544772386193,0.038177219273071605
20140416,2321.45,2927.1603,0.03796385253715874,0.921,0.03856477025214233
20140417,2315.487,2919.6419,0.038061777092260066,0.9245377311344328,0.0385649337778482
20140418,2315.232,2919.3204,0.03806598099993374,0.9245754245754245,0.03856494600989113
20140421,2274.789,2868.3242,0.03874263393124341,0.9480778831752371,0.038564837956906795
20140422,2272.016,2864.8275,0.03878991939221346,0.9491017964071856,0.038564837956906795
20140423,2259.769,2850.832,0.039507781390492616,0.9645885286783042,0.0390920700992059
20140424,2253.867,2843.3867,0.03961138509848732,0.967098703888335,0.03909222410632962
20140425,2220.516,2803.1331,0.04085591274205914,0.9845540607872446,0.03976724088335404
20140428,2179.485,2751.3365,0.04162509511782889,0.9885458167330677,0.03976727069763153
20140429,2204.475,2783.9756,0.0415455340013967,0.9880537580886013,0.04017519404901648
20140430,2215.102,2797.396,0.04134574172026047,0.9865671641791045,0.04017474509859076
20140505,2219.356,2802.7694,0.04126689507627215,0.9850820487319741,0.0401751650447153
20140506,2223.852,2808.4465,0.04118346508171186,0.9845924453280318,0.0401751650447153
20140507,2196.705,2774.1639,0.04159264355380448,0.9880774962742176,0.04008585276593846
20140508,2195.756,2774.4843,0.042158091949814805,0.9905660377358491,0.04065530226702907
20140509,2185.543,2761.5793,0.04235509589486803,0.9925558312655087,0.04065530226702907
20140512,2243.144,2834.362,0.04126738282539621,0.9836309523809523,0.04065521839818875
20140513,2239.207,2829.3868,0.04119097975486215,0.9826474962816063,0.04051496144849431
20140514,2235.184,2827.4176,0.042367630038930536,0.9925668979187314,0.04166215308325594
20140515,2201.861,2785.2662,0.04229960331646882,0.991579990094106,0.04101799269584272
20140516,2196.808,2782.2326,0.04360538943489849,0.9975247524752475,0.04227605300171211
20140519,2174.459,2756.177,0.04481460842830906,0.9995051954477981,0.043077734877254414
20140520,2174.073,2755.8695,0.04488827299007249,0.9995054401582592,0.04314631230447863
20140521,2193.585,2783.3684,0.045378359168081236,0.9995056846267919,0.04408892085167193
20140522,2185.121,2774.156,0.046066129198995345,0.9995059288537549,0.04462933832236704
20140523,2198.746,2798.7751,0.04840299802172449,1.0,0.047368756600580486
20140526,2218.112,2824.3676,0.04831389258018506,0.9995064165844028,0.047718047592338664
20140527,2210.854,2815.1255,0.04827122112236818,0.9990133201776024,0.04753426886832557
20140528,2225.098,2833.8865,0.04818239088265801,0.9985207100591716,0.04776491364889823
20140529,2205.06,2808.3655,0.04859571581773006,1.0,0.04774317540523776
20140530,2204.886,2808.1437,0.048392147289775214,0.9990147783251232,0.04756101325426676
20140603,2198.355,2801.2683,0.04905090945600219,1.0,0.048100538340068555
20140604,2175.238,2771.9888,0.04959971532642382,1.0,0.04813595267981596
20140605,2194.348,2798.2091,0.04868875808035477,0.9990162321692081,0.04781366956412203
20140606,2181.368,2782.4425,0.049007892383186646,0.9990167158308751,0.047886239335896974
20140609,2174.475,2774.7057,0.049407488221594194,0.9995085995085995,0.04816514972952457
20140610,2201.625,2809.35,0.04870652937523358,0.9980353634577603,0.048085008836203036
20140611,2209.183,2818.9941,0.0485244534747738,0.9965635738831615,0.048071428312305375
20140612,2198.449,2805.3525,0.04862101801697466,0.9970559371933267,0.04795199147257723
20140613,2226.232,2843.2024,0.04868888488879568,0.9975478175576263,0.04868512862017216
20140616,2248.837,2873.826,0.04524620624437383,0.9911764705882353,0.046105598548811466
20140617,2230.038,2849.9923,0.04528242360721569,0.9911807937285644,0.04580208554940968
20140618,2208.656,2825.7004,0.045408687814352505,0.9916748285994124,0.0456738095401108
20140619,2163.068,2767.5135,0.045670901857079345,0.9916789035731767,0.045058689387107
20140620,2180.247,2794.6589,0.046994482755578396,0.9926614481409002,0.04683958123756038
20140623,2179.51,2797.8115,0.04342113955800463,0.9843520782396088,0.043593996852805406
20140624,2189.654,2814.3734,0.044462567729571224,0.987781036168133,0.04489236307461719
20140625,2182.068,2804.965,0.04450458575218264,0.9877870053737177,0.044796992963367366
20140626,2202.674,2831.5687,0.04294105056029927,0.982421875,0.043704716887436934
20140627,2212.916,2849.3962,0.04380887189846061,0.9858467545143973,0.04485888667191085
20140630,2232.077,2874.663,0.043548297529881125,0.9834146341463414,0.04498239973206064
20140701,2238.463,2882.888,0.04168046424935976,0.9717211116528522,0.043208138633467064
20140702,2258.169,2909.8439,0.04178756737881501,0.973196881091618,0.043695438644062
20140703,2275.202,2935.4245,0.042713604704982484,0.9800292255236239,0.044988446249857095
20140704,2267.22,2925.9218,0.0410193101996863,0.9634858812074002,0.04291880544511284
20140707,2266.724,2925.2817,0.03909505478896668,0.9333333333333333,0.04077758395337128
20140708,2277.43,2939.0979,0.03659530338942496,0.8565175097276264,0.03826894319571039
20140709,2243.19,2896.4996,0.03678062194737845,0.8609625668449198,0.037857396780122565
20140710,2238.559,2894.1289,0.03810510367446939,0.901846452866861,0.0391530451351525
20140711,2247.163,2909.9652,0.03701251924519263,0.868382710053424,0.038073287509371445
20140714,2284.319,2960.403,0.03670565458881892,0.8577669902912621,0.03835472187716937
20140715,2288.454,2966.897,0.03677941570607001,0.8597768073750607,0.038487955486975034
20140716,2278.058,2953.695,0.03488965219915347,0.8113482056256062,0.03619849117996732
20140717,2264.924,2939.9407,0.03609472278686355,0.83664566165778,0.03723047227456888
20140718,2272.447,2953.0361,0.03707357495184417,0.8711240310077519,0.03836842887761893
20140721,2265.662,2944.2187,0.03679191926791952,0.8600484261501211,0.037968579427539506
20140722,2305.307,2995.7371,0.036159071742235496,0.8383349467570184,0.037968444683298186
20140723,2304.73,2994.9875,0.03612841710738061,0.8369617803580067,0.0379267234902021
20140724,2331.59,3031.3676,0.03607634646352019,0.8346228239845261,0.03830185934236807
20140725,2358.1,3068.1396,0.03642268205149428,0.8453359110681489,0.03908256258412113
20140728,2409.371,3136.0261,0.035585277419415154,0.8251207729468599,0.03897608065067959
20140729,2433.99,3169.3288,0.03562248778563924,0.8261709319169483,0.039388680521982744
20140730,2423.9,3156.1905,0.03479083587629382,0.8055019305019305,0.038248798476711476
20140731,2450.504,3191.1479,0.034512076149164884,0.7978774722624216,0.03835152221892546
20140801,2432.271,3167.4045,0.034770904894259796,0.8052073288331726,0.038351643018959214
20140804,2471.797,3218.8776,0.03421079579064605,0.7913253012048193,0.03834681455967859
20140805,2471.395,3218.3533,0.03421619922526249,0.7914258188824663,0.038346624582943356
20140806,2478.583,3227.7138,0.03411697073865091,0.7881559942224362,0.038346624582943356
20140807,2447.287,3186.9597,0.03455342001004388,0.7988450433108758,0.038346775745209616
20140808,2452.53,3198.3012,0.0352448998705588,0.8186628186628186,0.039047669737094504
20140811,2495.585,3254.4482,0.03457023237084403,0.7990384615384616,0.03896911161252836
20140812,2498.136,3257.7744,0.03450407268528719,0.7957712638154734,0.03893260201637316
20140813,2503.209,3264.3909,0.03443415940457634,0.7949087415946205,0.03893257992296073
20140814,2483.613,3238.8357,0.03470583499330476,0.8022083533365338,0.038932563651398855
20140815,2501.629,3265.5157,0.0354323901638541,0.8214971209213052,0.03994707759924632
20140818,2520.741,3290.4631,0.034132414707328834,0.7856115107913669,0.03871726524415853
20140819,2520.106,3290.6893,0.03446140209518764,0.7943432406519655,0.03905000395539826
20140820,2505.371,3274.9325,0.035728987215864136,0.828941063727839,0.04015649355657325
20140821,2484.306,3248.1911,0.03627613897970146,0.842911877394636,0.040410469677784056
20140822,2494.776,3261.8809,0.03612403107354375,0.8367640019147917,0.04041060981068911
20140825,2477.726,3239.5888,0.03627243973085727,0.8421052631578947,0.04029644119165221
20140826,2453.83,3208.3443,0.036442551405720225,0.8479196556671449,0.040089531786976274
20140827,2455.415,3210.417,0.036393879988720276,0.845602294455067,0.040061382101848286
20140828,2431.74,3179.462,0.0367482045089128,0.8595317725752508,0.040061382101848286
20140829,2462.89,3220.5151,0.03638429744663345,0.8447946513849093,0.040166294498118704
20140901,2489.368,3255.1383,0.03595834382562016,0.8310262529832936,0.04012162608712577
20140902,2522.322,3298.2294,0.0354885500156191,0.8191793893129771,0.04012162608712577
20140903,2541.32,3323.0711,0.035223250300039505,0.8140200286123033,0.04012162608712577
20140904,2557.466,3344.1839,0.03500088485888862,0.8055290753098189,0.04012163525578294
20140905,2576.948,3369.6591,0.03473611351296379,0.7979990471653168,0.04012143676658364
20140909,2584.559,3379.6116,0.034633891574521146,0.7957142857142857,0.04012150837172501
20140910,2576.875,3369.5641,0.034737003064385964,0.7981913374583531,0.040121306089322406
20140911,2568.824,3359.0357,0.03484587296425897,0.801617507136061,0.040121306089322406
20140912,2585.525,3380.874,0.034620692052184085,0.7941036614360437,0.04012119364173716
20140915,2598.566,3397.9273,0.03444714665957289,0.7875475285171103,0.0401214014959248
20140916,2542.442,3326.0812,0.035671305463732525,0.8256532066508313,0.04060372494102449
20140917,2550.392,3336.4816,0.03556011743372917,0.8214624881291548,0.040603730325410314
20140918,2563.515,3353.6495,0.035378106619952346,0.8168011390602753,0.04060375791628901
20140919,2583.847,3380.98,0.033543926424231624,0.7599620493358634,0.03891578464356216
20140922,2544.382,3329.3403,0.03406436444306712,0.7747747747747747,0.03891594064981341
20140923,2565.646,3357.1644,0.03326013606532926,0.7469194312796209,0.038366251974371046
20140924,2603.934,3408.0481,0.033001030443090294,0.7385125532922785,0.038605020991667516
20140925,2602.482,3406.1475,0.033019274904814565,0.7400568181818182,0.03860483813769511
20140926,2605.587,3410.2111,0.032960138493517005,0.735447231424515,0.03858276180221809
20140929,2626.362,3437.4024,0.032699529899597936,0.7242194891201513,0.03858286725841964
20140930,2629.076,3441.8688,0.03293148420274926,0.7333333333333333,0.038858829203608725
20141008,2648.56,3467.3756,0.03268906450708224,0.723062381852552,0.03885864529663485
20141009,2660.51,3483.0197,0.03254223765025417,0.7118564005668399,0.03885864529663485
20141010,2644.903,3462.5879,0.03273431448004201,0.7256846081208688,0.03885869945293918
20141013,2631.657,3445.2478,0.032899357698300775,0.7328928739971685,0.03885899094408818
20141014,2623.58,3434.6726,0.03300062367339554,0.7386792452830189,0.03885896957284585
20141015,2641.369,3457.962,0.03277852501912483,0.7265440829797265,0.038859118212766885
20141016,2616.311,3425.1565,0.03309246486799189,0.7417530631479736,0.038859118212766885
20141017,2597.965,3401.139,0.03332618013408379,0.7522373999057936,0.038859140935096015
20141020,2620.934,3431.2097,0.03303432965175513,0.7405838041431262,0.03885935821688591
20141021,2598.18,3401.421,0.033323304968624026,0.752,0.038858989178610415
20141022,2576.214,3372.6638,0.033607405456706416,0.7624647224835371,0.03885895611422474
20141023,2546.072,3333.2031,0.03400527103759967,0.7743300423131171,0.03885895611422474
20141024,2547.772,3335.4292,0.0339827418387557,0.7730263157894737,0.03885912316968865
20141027,2541.561,3327.298,0.034065652236440265,0.7768905589478629,0.03885897115946513
20141028,2599.268,3402.8443,0.03330935215749179,0.7492957746478873,0.03885897115946513
20141029,2645.347,3463.1697,0.03272914338649102,0.7207883622712342,0.03885894510954069
20141030,2668.807,3493.8825,0.03244144531134344,0.6965290806754222,0.03885895097451875
20141031,2691.591,3523.7104,0.03216681008411772,0.6840131270511017,0.038858919525616376
20141103,2714.204,3553.3137,0.03189881693532265,0.6771321462043112,0.038858919525616376
20141104,2712.735,3551.3904,0.03191577367948683,0.6772833723653395,0.0388585344781287
20141105,2705.874,3542.4088,0.03199684367674637,0.6793071161048689,0.038858684622272044
20141106,2720.474,3561.5225,0.03182487074198585,0.673373888628919,0.038858379685284605
20141107,2707.88,3545.0349,0.0319728841037761,0.6786716557530402,0.038858379685284605
20141110,2768.249,3624.0673,0.03127563512493674,0.664796633941094,0.038858384283184666
20141111,2725.344,3567.8976,0.03176773443240775,0.672429906542056,0.03885805728772662
20141112,2768.277,3624.1044,0.03127528566147326,0.664175618869687,0.03885830104073351
20141113,2753.058,3604.1793,0.03144798600495668,0.6671335200746965,0.038858066325070606
20141114,2741.094,3588.5166,0.03158525447966831,0.6686887540830612,0.038858074696235256
20141117,2748.558,3598.2886,0.031499611424919485,0.6669776119402985,0.0388582097945096
20141118,2736.908,3583.0377,0.031633904665458686,0.6694638694638695,0.038858429101272796
20141119,2725.609,3568.2448,0.0317646615139912,0.6728797763280522,0.03885796391321672
20141120,2726.814,3569.8229,0.03175078362274169,0.672566371681416,0.03885812925375798
20141121,2763.069,3617.2862,0.03133394560612313,0.6638733705772812,0.03885784052271313
20141124,2810.727,3679.6778,0.030802654883225956,0.649139134481154,0.03885784052271313
20141125,2860.049,3744.2471,0.030271458199480163,0.6372093023255814,0.03885784052271313
20141126,2879.971,3770.3282,0.030062088387194718,0.6308693630869363,0.03885787262756457
20141127,2889.639,3782.9861,0.02996156180193831,0.6273234200743495,0.03885788150259706
20141128,2923.64,3827.4988,0.02961307119370936,0.6186716209939619,0.03885781378840436
20141201,2935.196,3842.6272,0.02949648318707726,0.6128133704735376,0.03885781378840436
20141202,2999.535,3926.8564,0.028863793709617135,0.585614849187935,0.03885781378840436
20141203,3032.116,3969.5095,0.028553643549513417,0.5760667903525046,0.03885781378840436
20141204,3133.915,4102.7805,0.027626047691937994,0.53592953175707,0.03885766508614186
20141205,3109.272,4070.5187,0.027845002062373395,0.546339202965709,0.03885766508614186
20141208,3188.328,4174.016,0.02714805340298963,0.5118110236220472,0.03884852559556129
20141209,3069.593,4018.5738,0.028198251503060552,0.5625,0.03884861244255755
20141210,3199.791,4189.0228,0.02705087783109401,0.5053216103655715,0.03884861244255755
20141211,3225.456,4222.6222,0.026835633605305463,0.49121184088806663,0.03884861244255755
20141212,3241.767,4243.9762,0.026700614986720023,0.4826629680998613,0.03884858912546596
20141215,3268.462,4279.446,0.026604442134421417,0.4792051756007394,0.03897520310628799
20141216,3318.859,4345.4308,0.026200452669895076,0.4600461893764434,0.03897520310628799
20141217,3346.578,4381.724,0.025983509786006283,0.44967682363804246,0.03897527577389415
20141218,3348.444,4384.1675,0.025969091792619893,0.4494693124134749,0.038975335479600526
20141219,3423.909,4482.9753,0.02539677543948564,0.4280442804428044,0.038975385815517516
20141222,3439.213,4503.0125,0.02528369907413442,0.42461964038727523,0.038975287726755736
20141223,3330.992,4361.3168,0.026105144216452957,0.45668202764976956,0.038975287726755736
20141224,3275.203,4288.272,0.02654987320212392,0.4771994472593275,0.03897532027142425
20141225,3373.73,4417.2746,0.025774506069310785,0.43876611418047884,0.03897532027142425
20141226,3433.282,4495.2477,0.02532760903620994,0.4265991716520939,0.0389755017959903
20141229,3419.233,4476.8523,0.025431457779377865,0.4296228150873965,0.03897515784575489
20141230,3383.051,4429.4788,0.025703477994167907,0.43724137931034485,0.03897518771370345
20141231,3448.805,4515.571,0.025213422310524293,0.421875,0.03897518771370345
20150105,3582.306,4690.3669,0.024273995963538308,0.40836012861736337,0.038975371724693675
20150106,3605.596,4720.8597,0.024117180283375565,0.4049586776859504,0.03897533785039298
20150107,3596.046,4708.3563,0.024181246723328456,0.40660853602569985,0.038975296409440086
20150108,3517.596,4605.6404,0.02472050006842645,0.41467889908256883,0.03897523032621919
20150109,3499.416,4582.0062,0.024885842714110974,0.41723979825768,0.039013585007410034
20150112,3423.422,4482.5023,0.02543819506683953,0.4321723189734189,0.03901347537834443
20150113,3451.444,4519.1935,0.025231673809413102,0.42327072835547414,0.03901346212668533
20150114,3442.533,4507.5248,0.025296986021471977,0.4271978021978022,0.03901346212668533
20150115,3532.47,4625.2859,0.02465312441872068,0.4137299771167048,0.03901367191240057
20150116,3559.573,4660.7737,0.02446544093218507,0.4103385178408051,0.03901370126511039
20150119,3294.75,4314.023,0.0264316238771815,0.4741655235482396,0.039013253785557644
20150120,3372.581,4415.932,0.025821646024022475,0.44424131627056673,0.039013253785557644
20150121,3493.485,4574.2399,0.024928153456623064,0.41799908634079486,0.03901341361883115
20150122,3517.125,4605.1932,0.024760562580323088,0.4146118721461187,0.03901334805774326
20150123,3502.09,4585.5063,0.024866863405942977,0.416704701049749,0.03901334805774326
20150126,3555.092,4654.9063,0.024496186801378505,0.4096715328467153,0.03901328077668098
20150127,3550.807,4649.2951,0.024525748013926502,0.4108527131782946,0.03901328077668098
20150128,3519.709,4608.5768,0.024742403938893515,0.41476754785779396,0.03901317532905124
20150129,3497.688,4579.7436,0.024898240775591093,0.41867881548974945,0.039013239539892774
20150130,3452.854,4521.0394,0.025221534991602793,0.4248633879781421,0.039013239539892774
20150202,3373.148,4416.6754,0.025817493667208025,0.4456076467910787,0.03901320414526488
20150203,3430.602,4491.9028,0.02538511524465835,0.4313011828935396,0.03901320414526488
20150204,3406.78,4460.7113,0.025562431690583493,0.4379263301500682,0.03901288038400175
20150205,3358.178,4397.0744,0.025932561561297154,0.4527272727272727,0.039013058808745615
20150206,3280.883,4295.8666,0.026543512133408526,0.4834166288050886,0.039013058808745615
20150209,3281.781,4297.0429,0.02653636223638201,0.48274296094459584,0.03901317584473207
20150210,3342.439,4376.4654,0.026054646913465377,0.4625510667271902,0.039012960995625345
20150211,3357.999,4396.8401,0.025934147876167633,0.4528130671506352,0.03901320068627956
20150212,3365.303,4406.4035,0.025877845492438663,0.4494331065759637,0.03901317748798361
20150213,3408.902,4463.4896,0.025419847283422236,0.43200362647325474,0.03881952578792314
20150216,3435.294,4498.0473,0.025224778108415672,0.4231989125509742,0.03881975580340957
20150217,3459.155,4529.2892,0.025050610525498593,0.41938405797101447,0.03881949547980512
20150225,3449.994,4517.2948,0.025117278174967308,0.4210049796287913,0.03881965035379986
20150226,3518.721,4607.2826,0.024626692198662006,0.4104072398190045,0.03881965035379986
20150227,3522.465,4612.185,0.02460054821829661,0.4088647670737223,0.0388196831126415
20150302,3567.614,4671.3013,0.02428906274190452,0.4037070524412297,0.03881943309480507
20150303,3514.876,4602.2489,0.024653670624804638,0.41165838228648893,0.03881960891894587
20150304,3544.691,4641.2875,0.024446304400307626,0.4056007226738934,0.03881960891894587
20150305,3520.051,4609.0242,0.024617426051790396,0.4103837471783296,0.03881960891894587
20150306,3513.854,4600.9107,0.02466080944504681,0.41245487364620936,0.038819479382914635
20150309,3581.555,4689.5555,0.024194653973404156,0.40054127198917455,0.038819479382914635
20150310,3582.017,4690.1602,0.024191533404703418,0.4003606853020739,0.038819479382914635
20150311,3593.485,4705.1759,0.024114268615932796,0.39747634069400634,0.03881937969923399
20150312,3640.545,4766.7947,0.023802458038255137,0.3954954954954955,0.038819200992429526
20150313,3669.452,4804.6448,0.023615020305301833,0.3926159387663215,0.038819275699624844
20150316,3746.276,4905.2357,0.02313075604000976,0.3892889288928893,0.038819227566341485
20150317,3804.431,4982.5342,0.02300852166221809,0.3877642825011246,0.0390595437957324
20150318,3904.784,5113.962,0.022417202353808566,0.3817446043165468,0.0390595437957324
20150319,3926.79,5142.783,0.02229167101985874,0.3802247191011236,0.039059643756160334
20150320,3958.916,5184.857,0.02211065948718763,0.3755615453728661,0.039059423016473804
20150323,4040.16,5291.2597,0.021666073515283185,0.3686573866187696,0.039059464155200674
20150324,4060.453,5317.8372,0.02155787726299664,0.3653500897666068,0.0390595521410928
20150325,4050.846,5305.2545,0.021608913439145606,0.3674293405114401,0.039059383545732684
20150326,4057.969,5314.5834,0.02157101137175078,0.36591928251121075,0.03905941296017246
20150327,4095.962,5364.3421,0.02137101506507028,0.3617212012550426,0.03905949418814325
20150330,4198.233,5498.2826,0.02085039643731097,0.3539426523297491,0.03905947392475495
20150331,4167.372,5457.8654,0.02100487484716861,0.35691894312583966,0.03905954994994021
20150401,4249.998,5566.0771,0.020596351905954872,0.3478066248880931,0.03905924450748133
20150402,4326.28,5665.9816,0.020233293109309155,0.3378076062639821,0.03905934944071032
20150403,4419.574,5788.166,0.019806256398996157,0.3161896243291592,0.03905942573321375
20150407,4556.684,5970.3815,0.019653731002999466,0.3115780062583818,0.03952004004373655
20150408,4589.571,6013.4717,0.01951291818413853,0.3065236818588025,0.039520058576016925
20150409,4553.795,5966.5961,0.019666157971292574,0.31263957123715946,0.03951993278383292
20150410,4676.602,6129.4741,0.019471309953416786,0.3053571428571429,0.039854224618109946
20150413,4779.299,6264.0756,0.019052814775991626,0.2931726907630522,0.03985401242935338
20150414,4805.145,6297.9516,0.018950407406473205,0.29125780553077607,0.03985408964047865
20150415,4687.281,6147.2173,0.020036693050913653,0.3312527864467231,0.04048811970122346
20150416,4793.88,6287.0184,0.01959110062177487,0.3106060606060606,0.04048801859085449
20150417,4842.848,6351.2387,0.01939306272105799,0.30155902004454344,0.040488076506763004
20150420,4738.438,6214.3078,0.01982038279545923,0.3187889581478183,0.040488076506763004
20150421,4832.083,6337.1202,0.019436269896536084,0.30396083667111706,0.04048807959413292
20150422,4971.092,6519.426,0.018892734274493818,0.28959074733096085,0.04048801338895758
20150423,4990.335,6544.6625,0.018819809542616375,0.2872387727879057,0.04048784936659766
20150424,4935.638,6472.9292,0.01885279723426813,0.28844444444444445,0.04009958409490477
20150427,5014.772,6576.7106,0.01855522401698619,0.2816525988449578,0.04009942032756264
20150428,4910.566,6440.048,0.0189490032740993,0.291740674955595,0.04009943786321912
20150429,4948.894,6490.9118,0.018894365269139693,0.29072347980470487,0.04019524921468065
20150430,4955.857,6502.4365,0.01923583304687024,0.29991126885536823,0.04057805608751086
20150504,5038.727,6611.1679,0.01869173293031297,0.2842572062084257,0.04004991044145223
20150505,4824.972,6330.7059,0.0195197413249231,0.3102836879432624,0.040049756292386274
20150506,4723.29,6197.2915,0.019634411967612744,0.31501993797075767,0.03937423407689877
20150507,4591.621,6024.5325,0.02019744452437549,0.3436669619131975,0.039374215867419515
20150508,4712.642,6185.0197,0.01976995721600332,0.32049579459938027,0.03925192435243119
20150511,4885.748,6412.2091,0.019069491654981043,0.29557522123893804,0.03925192435243119
20150512,4963.807,6515.0672,0.01883252249607506,0.2874834144183989,0.039317072351660265
20150513,4945.74,6491.3543,0.01890136382093158,0.29089301503094606,0.03931711944702121
20150514,4958.943,6509.4925,0.01897524108511054,0.2938577110030932,0.03944606628862779
20150515,4880.275,6410.536,0.019707330814813205,0.3197879858657244,0.039575840330806855
20150518,4881.529,6412.183,0.019702268263132823,0.31920529801324504,0.039575840330806855
20150519,5030.69,6608.1146,0.019118091930185026,0.29832303618711387,0.039575840330806855
20150520,5099.421,6699.7093,0.0190563401960829,0.2951036612262902,0.039779519926030904
20150521,5260.283,6912.9109,0.01827395005818425,0.27469135802469136,0.038913574350459834
20150522,5385.92,7079.6766,0.018081684554128667,0.2661965623622741,0.03915650252708369
20150525,5556.777,7304.2647,0.017047986517996893,0.22378854625550662,0.03790224019266697
20150526,5680.533,7466.9399,0.01636402809876197,0.21136063408190225,0.03705534878029937
20150527,5696.358,7495.6065,0.017343773194457564,0.23547535211267606,0.03807617992715917
20150528,5355.662,7052.6319,0.018796553978868792,0.28684557853057635,0.03782966449438585
20150529,5369.283,7073.796,0.0189811229338123,0.2955145118733509,0.03773172916722478
20150601,5674.199,7475.8423,0.016989335810564297,0.22241758241758242,0.035063222434884134
20150602,5846.393,7703.2926,0.016437995003121125,0.21221441124780316,0.03479634777025864
20150603,5863.527,7730.4141,0.016978308055060117,0.22266139657444006,0.03540516714208475
20150604,5906.891,7787.5837,0.016770725650805833,0.21817383669885865,0.03517724311593229
20150605,6018.419,7934.8431,0.016487929641432218,0.2132514260640632,0.035206211718375124
20150608,6124.155,8074.2477,0.01620325890260107,0.2074561403508772,0.035206211718375124
20150609,6085.037,8022.9391,0.01615439990576396,0.20692678649715038,0.034707397578666255
20150610,6089.1295,8031.2245,0.016480587991953354,0.21384750219106047,0.03501353418575759
20150611,6113.0913,8064.7314,0.016412210265738105,0.21243977222952257,0.03456677484229398
20150612,6226.6159,8216.6364,0.016274221091356064,0.20884413309982486,0.034543831006417225
20150615,6149.7335,8116.4368,0.016497680185457882,0.21531728665207878,0.03431011264616779
20150616,5880.9475,7762.9171,0.01740950905514816,0.2436570428696413,0.0344733371110324
20150617,6030.0649,7963.0137,0.017388543443172737,0.24136423261915171,0.034897009722591354
20150618,5884.3229,7773.092,0.018138488123788002,0.2736013986013986,0.03521462118093632
20150619,5478.305,7265.0285,0.023047636399747398,0.4058540847531673,0.038383763130740656
20150623,5524.2887,7329.5046,0.02308426349574309,0.4069868995633188,0.038245107543451784
20150624,5674.4656,7529.1349,0.022497474921675132,0.39938891313836755,0.03822819232425223
20150625,5482.0151,7274.3091,0.02292649662737797,0.40445026178010474,0.037188325792852917
20150626,5056.8312,6710.1152,0.0248329636794852,0.43523767989533363,0.03713688044452601
20150629,4864.3372,6455.8648,0.025168076763333977,0.4433304272013949,0.0354086230455839
20150630,5118.2031,6795.4126,0.02368109069098505,0.41263616557734206,0.03429128378600166
20150701,4829.2597,6414.8402,0.025003581009855523,0.43902439024390244,0.033482656720531745
20150702,4579.4857,6083.0585,0.026309244198179826,0.4932520679146713,0.03335668618947785
20150703,4274.7384,5687.2803,0.029753419626578414,0.6453437771975631,0.03495709785349965
20150706,4330.5886,5761.5856,0.028532401781068424,0.6011309264897782,0.03326403465855443
20150707,4179.8547,5566.5202,0.030435712217481245,0.6639130434782609,0.03406769833198098
20150708,3971.3057,5293.6214,0.032948341853386465,0.7518470230334637,0.03501309041065803
20150709,4232.975,5642.9096,0.030709456190992173,0.6698523023457863,0.03454234942937218
20150710,4482.9142,5981.3579,0.02924843976875521,0.6257056013894919,0.03417144829330865
20150713,4679.8138,6246.7181,0.028309774595514797,0.5924479166666666,0.03432832454964507
20150714,4631.6334,6182.4059,0.028604274130314952,0.6017353579175705,0.034328332178694465
20150715,4408.947,5885.2485,0.030064186938940363,0.6543798785776236,0.03434402567048345
20150716,4441.6831,5929.2552,0.02961745090883562,0.6419592544429996,0.033830306358595186
20150717,4623.906,6173.8824,0.028068665594789575,0.5818890814558059,0.03277122660964005
20150720,4646.2237,6203.6811,0.02714930948771113,0.5387613685578172,0.031098689238572508
20150721,4692.0051,6266.0475,0.02669985469327052,0.5099567099567099,0.0304934346658845
20150722,4710.5736,6294.5834,0.027002880616328353,0.5270445694504543,0.03071126249432643
20150723,4817.9105,6441.1302,0.02684110797788254,0.518598615916955,0.031113765581254782
20150724,4725.4508,6320.2482,0.02726367408069622,0.5443147427583225,0.03040998046801624
20150727,4331.5092,5793.7093,0.02921210630123393,0.6235955056179775,0.029310900277197627
20150728,4281.7504,5728.482,0.02978358808270643,0.64622030237581,0.029549704468396776
20150729,4466.3851,5976.0917,0.02865111439322488,0.6023316062176166,0.029651364366783284
20150730,4346.5165,5816.0873,0.029506839684236084,0.6370306430729391,0.02971885762463966
20150731,4346.6303,5816.2396,0.029244824020119662,0.6259706643658326,0.029217606014493525
20150803,4374.0421,5852.9195,0.028656137668667155,0.6024148339801638,0.028444205696991354
20150804,4534.8199,6068.0567,0.02744060109519371,0.5538793103448276,0.028058063280584467
20150805,4485.8266,6002.4986,0.027524720076446355,0.5575183110728135,0.027649761897210245
20150806,4456.464,5963.2084,0.027706071421888356,0.5667527993109388,0.02764975697776917
20150807,4556.8313,6097.752,0.027082225633009976,0.5312096427034008,0.02758874376136977
20150810,4767.9768,6380.2976,0.02588285464642553,0.46600688468158347,0.027588624213472634
20150811,4781.9742,6399.0283,0.025806980376667853,0.46064516129032257,0.02758840133036844
20150812,4710.5948,6303.5116,0.026198045673708828,0.4836629406706793,0.02758841515625421
20150813,4826.2806,6458.3172,0.025570079311330405,0.4533734422002578,0.02758841515625421
20150814,4811.5246,6438.7749,0.025679973194491452,0.4570446735395189,0.027620624003464656
20150817,4882.9023,6534.2924,0.024594719297981727,0.42206955775010735,0.026170316292093876
20150818,4527.8544,6059.1679,0.026523303045389742,0.49914163090128755,0.026170326030290125
20150819,4601.6353,6157.9014,0.026098040167231617,0.4796224796224796,0.02617032792529872
20150820,4438.6548,5940.2684,0.027134831281053342,0.5368782161234992,0.02625077204200954
20150821,4199.1541,5622.2232,0.02912368891619403,0.6223746249464209,0.0267035641026816
20150824,3836.1112,5136.1471,0.03124310523416922,0.68808911739503,0.02570196978262196
20150825,3520.7509,4713.913,0.03404160911002683,0.7944325481798715,0.02570196978262196
20150826,3476.7088,4654.9453,0.03424035665726241,0.8022260273972602,0.025373099578978264
20150827,3649.974,4886.9291,0.031884004245170045,0.7021822849807445,0.024282341599209722
20150828,3851.7739,5157.1178,0.030055852056600236,0.6565440547476475,0.024031954574513126
20150831,3784.07,5066.4695,0.03059352903620855,0.6699444206926036,0.024031828811211353
20150901,3680.8177,4928.2255,0.03145161605530958,0.6914529914529914,0.024031667481498875
20150902,3685.1469,4934.0219,0.03141467963759288,0.6903032891926527,0.024031679766882696
20150907,3608.9193,4831.9613,0.03207816839411344,0.7079419299743809,0.024031591959254417
20150908,3731.1493,4995.6143,0.03102730867032472,0.6794707639778063,0.024031591959254417
20150909,3818.8343,5113.1873,0.030283452964959,0.6621160409556314,0.0239627195547365
20150910,3758.2169,5032.0243,0.03077187990833818,0.6733475479744137,0.023962680678286663
20150911,3767.508,5044.4645,0.03069599297898956,0.6713554987212276,0.023962680678286663
20150914,3603.1884,4824.4505,0.032095851306661344,0.7089902002556455,0.023962680678286663
20150915,3432.0722,4595.3363,0.03369607971062888,0.7853492333901193,0.023962672204487445
20150916,3641.6793,4875.9874,0.03175656045408008,0.6977437207322265,0.02396260482145829
20150917,3556.7365,4762.2542,0.0325149384316382,0.7297872340425532,0.023962545095741694
20150918,3588.5575,4805.1403,0.03228478395427828,0.7137388345384943,0.024022086631248385
20150921,3668.0854,4911.6296,0.031584831007218726,0.6921768707482994,0.024022101674095575
20150922,3695.3891,4948.1897,0.031351463768469284,0.6876328091797705,0.024022101674095575
20150923,3625.7167,4858.1968,0.03263342851307988,0.740016992353441,0.02471787639809464
20150924,3663.5736,4910.1316,0.032220564941915934,0.7112526539278131,0.024494957108754267
20150925,3595.0436,4818.2837,0.03283475910629125,0.75,0.024494948867589184
20150928,3638.0519,4875.9259,0.03244657645436086,0.7229529062367416,0.024494923535798074
20150929,3575.9972,4792.7566,0.032853217707978805,0.7519083969465649,0.024273203387430442
20150930,3591.5272,4813.5709,0.03271107326021508,0.7439593047901654,0.024273071508754684
20151008,3708.4928,4970.3348,0.03167936451655502,0.6932203389830508,0.024273065864881538
20151009,3742.8922,5016.4388,0.03122821473969257,0.6823379923761118,0.02403755727180812
20151012,3882.2092,5203.1595,0.030107571397446072,0.6528365791701948,0.024037570275936337
20151013,3896.9126,5222.8658,0.029993972836039995,0.6470588235294118,0.024037570275936337
20151014,3830.1425,5134.4954,0.03073461641403173,0.6683587140439933,0.02426049177166001
20151015,3939.1841,5280.671,0.02970650407857839,0.639323467230444,0.02398840772160038
20151016,4008.5262,5373.6276,0.0291926378594304,0.6162299239222316,0.02398842437039539
20151019,4042.3811,5419.0117,0.0289481498185905,0.6066751161808196,0.02398842437039539
20151020,4086.9801,5478.7989,0.028632227127925187,0.5945945945945946,0.023988377669973637
20151021,3891.0417,5216.1338,0.030073852430093865,0.6521739130434783,0.023988092931848115
20151022,3969.1292,5320.814,0.02948219661988706,0.6303797468354431,0.023988101599988543
20151023,4047.3096,5425.6186,0.0289125405980037,0.6048080978490089,0.023987851798357385
20151026,4074.1618,5461.6154,0.028722000328797903,0.5978077571669477,0.023987870255667954
20151027,4088.0562,5480.2415,0.028624332622788032,0.5933417614833544,0.023987792959025533
20151028,4020.2221,5389.3065,0.02910718098634468,0.6128896377422073,0.023987578787685315
20151029,4035.4675,5409.7437,0.02899721835698161,0.6088421052631579,0.023987578787685315
20151030,4016.3341,5384.0944,0.029135358104297817,0.6144781144781145,0.023987578787685315
20151102,3942.0183,5284.4704,0.02968462498348923,0.640302902818679,0.023987579474379572
20151103,3923.9387,5260.2338,0.029821292879724372,0.6433978132884777,0.023987414810361152
20151104,4101.7807,5498.6398,0.028528324531336958,0.58932324506095,0.023987416246114668
20151105,4165.0388,5583.4404,0.02809503982675371,0.573109243697479,0.023987416246114668
20151106,4244.1449,5689.4861,0.027571237122547703,0.5497690046199076,0.02398717504357517
20151109,4303.9654,5769.6784,0.027188023015553245,0.5298068849706129,0.023987169262556396
20151110,4309.279,5776.8015,0.027154479325370053,0.5283256399496433,0.023987137746734
20151111,4331.5646,5806.6765,0.027014780305725822,0.5155201342281879,0.023987146856764063
20151112,4297.3956,5760.8713,0.027229583257544182,0.5312368972746331,0.0239871528690061
20151113,4256.1757,5705.6139,0.027493202455494102,0.5465213746856664,0.023987004874216566
20151116,4311.1164,5779.2646,0.027142823904540658,0.5261834939254294,0.023986994738105505
20151117,4308.7457,5776.0866,0.027157765077758415,0.5284757118927973,0.023987001920749984
20151118,4259.6047,5710.2107,0.027471075147006595,0.5454164922561742,0.023987004495192865
20151119,4332.19,5807.5149,0.027010803596179158,0.5142259414225941,0.023987007431129026
20151120,4360.7775,5845.8378,0.026833582702901267,0.5043914680050188,0.023986767167454737
20151123,4356.6781,5840.3425,0.02685885706175475,0.507943143812709,0.023986793176049348
20151124,4371.3503,5860.0112,0.02676870171308837,0.5006268282490598,0.02398678492471884
20151125,4432.5673,5942.0756,0.02639892570338581,0.4791144527986633,0.02398665176039838
20151126,4409.698,5911.4182,0.02653570774738938,0.4872651356993737,0.023986440312969037
20151127,4183.0354,5607.5657,0.027973575691529525,0.5692821368948247,0.023986440312969037
20151130,4232.3512,5673.6761,0.02764754549659892,0.5561118064246975,0.02398630128351953
20151201,4237.5097,5680.5913,0.02761388896869901,0.5529608006672226,0.02398630128351953
20151202,4312.5275,5781.1563,0.02713353650720721,0.5243851604835348,0.02398630128351953
20151203,4369.7351,5857.8459,0.026778310282375022,0.5008333333333334,0.02398630128351953
20151204,4305.0629,5771.1496,0.02718056299641813,0.5306122448979592,0.023986269638258007
20151207,4323.6666,5796.0889,0.027063457425014016,0.5195670274771024,0.023986022909665783
20151208,4232.0564,5673.2808,0.027649272686176903,0.5572201414898044,0.023985992956077506
20151209,4253.7468,5702.3579,0.027508293676797035,0.5490848585690515,0.02398600132713291
20151210,4245.6958,5691.5652,0.0275604680895643,0.5517671517671517,0.023986012762244213
20151211,4205.2266,5637.3142,0.027825697576890907,0.5648379052369077,0.023986012762244213
20151214,4299.7119,5763.9764,0.027214172923361608,0.5313668466971334,0.023985927663024098
20151215,4295.2202,5757.955,0.027242631976641316,0.5319767441860465,0.023985927663024098
20151216,4287.3034,5747.3421,0.027292803818524197,0.5350767953507679,0.02398574377547269
20151217,4380.8098,5872.6921,0.026710201125718508,0.4946058091286307,0.023985666786928705
20151218,4377.7421,5868.5798,0.026728935918542637,0.495230194939859,0.023985684846273836
20151221,4497.0,6028.4508,0.02602009963504698,0.4601990049751244,0.023985684846273836
20151222,4520.0124,6059.3001,0.02588756939281811,0.4513054289266473,0.02398560212428613
20151223,4513.8393,6051.0248,0.025834662249050698,0.44863297431648713,0.023860729347940923
20151224,4457.3083,5975.2422,0.026162317414892777,0.4666666666666667,0.02386072953139262
20151225,4478.3448,6003.4426,0.026039370728122156,0.46192052980132453,0.023860657920920847
20151228,4367.5345,5854.896,0.02669998387856496,0.4940008274720728,0.02386059841814081
20151229,4410.3291,5912.2642,0.02644084554195254,0.47932175351530193,0.023860517614500143
20151230,4417.8662,5922.368,0.02639573614118928,0.47622984704423316,0.023860517614500143
20151231,4375.1691,5865.1305,0.02665334350415098,0.49173553719008267,0.023860530342354025
20160104,4065.4846,5449.9831,0.02868353228423504,0.6018174308137133,0.02386039712812127
20160105,4079.8507,5469.2416,0.02858253689794747,0.597440132122213,0.023860403250354434
20160106,4181.0933,5604.9623,0.027890284898695213,0.5707800247626909,0.023860224366623717
20160107,3889.6146,5214.2206,0.029980318185001093,0.6547029702970297,0.023860224366623717
20160108,3984.1564,5340.9586,0.029268885993359892,0.6280412371134021,0.0238602035114317
20160111,3758.7958,5038.8516,0.031023722448125502,0.6838417147568013,0.023860208465414923
20160112,3757.7889,5037.5018,0.03103181545022927,0.6843840131850021,0.023859972388199147
20160113,3686.2394,4941.5862,0.03163414807375003,0.700164744645799,0.023859981101045813
20160114,3763.7076,5045.4361,0.03098291140587301,0.6821737340469329,0.023859860412838607
20160115,3627.1096,4862.3198,0.03214975161494849,0.7164609053497942,0.023859875540718
20160118,3637.35,4876.0475,0.03202372296085018,0.7124640065816537,0.02382208025134136
20160119,3752.6443,5030.6053,0.031039860746291635,0.6837993421052632,0.023822098746468345
20160120,3707.2123,4969.7014,0.031420208139379305,0.6950267159884915,0.023822047007391323
20160121,3600.0651,4826.0653,0.03235535846630527,0.7243221035332785,0.023822051196359606
20160122,3640.385,4880.1161,0.03199680351847205,0.71129363449692,0.023821844477962317
20160125,3665.4449,4913.7101,0.03177802045713204,0.7044334975369458,0.02382181555443119
20160126,3437.7715,4608.5026,0.0338825844058252,0.7964710709889208,0.02382181555443119
20160127,3419.9264,4584.5805,0.0340594131896983,0.8039376538146021,0.02382184648507324
20160128,3330.7106,4464.9822,0.034971561001694455,0.8302583025830258,0.023821688988745038
20160129,3430.8689,4599.2494,0.033950637014864095,0.7975409836065573,0.023821699654860806
20160201,3388.8768,4542.9569,0.03437132464345887,0.8140106513723884,0.023821699654860806
20160202,3461.0203,4639.6688,0.033654614333092185,0.7907452907452908,0.02382144585912105
20160203,3447.9394,4622.1332,0.03378229425827583,0.7936962750716332,0.02382144585912105
20160204,3487.7715,4675.5302,0.03339644626478388,0.7810965630114566,0.02382140827075241
20160205,3476.3165,4660.1742,0.033506430535613765,0.7856850715746422,0.023821344998765648
20160215,3453.8921,4630.1131,0.03372397108961741,0.7914963205233033,0.023821344998765648
20160216,3556.8727,4768.1637,0.03274755927179518,0.7523498161013485,0.02382132729207287
20160217,3592.9242,4816.4925,0.03241896936358417,0.7246732026143791,0.02382132729207287
20160218,3593.3513,4817.0651,0.03241509663073291,0.7239689669252756,0.023821305673483284
20160219,3594.1985,4818.2008,0.03240729551629438,0.723265306122449,0.023821129857547696
20160222,3675.1659,4926.7416,0.03169333197549585,0.696858425132599,0.023821129857547696
20160223,3649.6998,4892.603,0.03191437200265946,0.7047308319738989,0.023821012613019166
20160224,3675.6678,4927.4144,0.031688904610790714,0.6962902568283734,0.02382101516999624
20160225,3447.1833,4621.1197,0.0337890828856904,0.7946210268948656,0.023820794015296576
20160226,3483.4628,4669.9455,0.033478150468380166,0.7841140529531568,0.023862743495600247
20160229,3395.0201,4551.3789,0.03435029588525537,0.8143322475570033,0.02386275954013839
20160301,3462.3027,4641.5782,0.0336825501503292,0.7908017908017908,0.023862532836430583
20160302,3618.9296,4851.5529,0.032224772852273834,0.7144019528071603,0.023862532836430583
20160303,3622.6747,4856.5736,0.03219131760620568,0.7132980886539244,0.02386238072111424
20160304,3629.4775,4865.6935,0.03213098829075658,0.7097560975609756,0.023862388394811695
20160307,3667.6009,4916.8019,0.03179696833333685,0.6984965461194637,0.023862356582878164
20160308,3664.4867,4912.627,0.03182399251152188,0.6990251827782291,0.023862358712685605
20160309,3610.1428,4839.7734,0.03230289277240263,0.7174177831912302,0.023862200555722524
20160310,3559.5883,4771.9997,0.03276166959012125,0.752435064935065,0.023862200555722524
20160311,3558.5359,4770.5889,0.03277136942594049,0.7525354969574036,0.023862211728730154
20160314,3621.3684,4854.8224,0.03220263909568418,0.7128953771289538,0.02386207333067003
20160315,3626.7275,4862.0069,0.03215506805446944,0.7105796513984597,0.023862087434830093
20160316,3636.6122,4875.2583,0.032067667148428916,0.706645056726094,0.023862087434830093
20160317,3681.2301,4935.0733,0.03167900445634041,0.6913730255164034,0.023862097215341604
20160318,3738.711,5012.133,0.031192027733093323,0.6789473684210526,0.023862170799385574
20160321,3797.9787,5091.5869,0.03070520466783297,0.6636989073249696,0.023862097167838714
20160322,3782.1387,5070.3518,0.030833736193427223,0.6670711974110033,0.02386202968854878
20160323,3780.2305,5067.7936,0.030616460604241853,0.6603315810756166,0.02362520494812448
20160324,3727.639,4997.2892,0.031048413802464103,0.6742118027485853,0.02362520494812448
20160325,3755.7085,5034.9193,0.030816263892424398,0.6666666666666666,0.023625107516126453
20160328,3742.0392,5016.5942,0.030928837364134924,0.6692245557350566,0.023625112327277042
20160329,3702.018,4962.9417,0.03126317428831022,0.6818732337505047,0.023625091731349412
20160330,3789.7106,5080.5027,0.030539664458758838,0.6577885391444713,0.0236250050524216
20160331,3793.3082,5085.3256,0.030510700427611347,0.6567164179104478,0.0236250050524216
20160401,3796.7986,5090.0049,0.03048263235975953,0.6556451612903226,0.02362498702721405
20160405,3857.5427,5171.4388,0.030002533212760762,0.641273679967755,0.023624897401472333
20160406,3856.4928,5170.0312,0.030010701167753465,0.6414182111200645,0.023624897401472333
20160407,3800.1148,5094.4506,0.030455855718095524,0.6556584776480064,0.02362482250559861
20160408,3774.2975,5059.8399,0.03066419965171861,0.6614331723027376,0.023624839869502257
20160411,3831.9801,5137.1694,0.030202499010797263,0.648692152917505,0.023624736494983756
20160412,3816.3921,5116.272,0.03032577566499254,0.6516492357200322,0.023624661335765573
20160413,3868.9852,5186.7785,0.02939111287770732,0.6168073984720547,0.023170799628520866
20160414,3882.5511,5204.9651,0.02928841550133472,0.6141479099678456,0.02317080007418837
20160415,3872.146,5191.016,0.02936712274926983,0.616311771795902,0.02317080458292753
20160418,3831.4808,5136.5001,0.02928630264176415,0.6136546184738956,0.02284188536898868
20160419,3840.9505,5149.1952,0.02921409850892601,0.6077880369329587,0.02284188536898868
20160420,3754.1269,5032.799,0.029889652766882466,0.6364365971107544,0.02284180942105385
20160421,3736.3605,5008.9813,0.029266778111424453,0.6113116726835138,0.02221845859853744
20160422,3755.8697,5035.6091,0.0292088320974758,0.6066559743384122,0.02231462388371508
20160425,3758.9738,5039.7708,0.0291846402024565,0.6056112224448897,0.022314566979381167
20160426,3778.8327,5066.3963,0.029031279421073083,0.5989583333333334,0.022314580537546425
20160427,3764.9831,5047.8276,0.02913806801982046,0.6039247096515818,0.022314577504102706
20160428,3757.6162,5041.9693,0.029992884202349378,0.6405124099279423,0.023130068059040276
20160429,3751.2585,5034.26,0.03020691757143588,0.6506602641056423,0.02329704379928499
20160503,3817.7557,5123.5005,0.029680768901339607,0.6312,0.02329703723834564
20160504,3805.6864,5107.3032,0.029774898071862156,0.6329468212714914,0.02329703723834564
20160505,3807.2523,5109.4047,0.029762621270110878,0.6326938449240608,0.023297014453490084
20160506,3702.3033,4971.9458,0.03116437915272867,0.6807830603276068,0.023899778066849953
20160509,3613.3114,4852.4356,0.03142717144104689,0.6896964856230032,0.02352310678319136
20160510,3624.8385,4867.9158,0.03132723240812785,0.6866267465069861,0.023523111499226035
20160511,3645.7555,4896.0058,0.03114749689918304,0.6795690343176377,0.023523111499226035
20160512,3650.1178,4903.9549,0.031536808426711735,0.6916633426406062,0.023959681238052255
20160513,3642.2254,4893.368,0.0316085215440464,0.69377990430622,0.023963140562661467
20160516,3665.2953,4926.8778,0.03156702939081506,0.6919091271422878,0.02420470330216129
20160517,3648.9042,4908.3547,0.03242440090530769,0.7294820717131474,0.024937593968724636
20160518,3599.6152,4842.0532,0.032781385972765885,0.7578653922739944,0.02487293779072619
20160519,3596.5367,4839.7137,0.03318176926767804,0.7754777070063694,0.025254539641325735
20160520,3610.3127,4859.083,0.03305556583150546,0.7711898129725427,0.025302560902478177
20160523,3628.1149,4886.9683,0.03279246360010476,0.7573587907716786,0.025437036763137577
20160524,3598.5488,4848.8463,0.03341316972755999,0.7856858846918489,0.025797251661237475
20160525,3600.1127,4853.0656,0.03383403962871392,0.8000794912559619,0.026243868074091292
20160526,3607.8124,4863.4451,0.03348491560213443,0.7890345649582837,0.026042852866657862
20160527,3617.1513,4876.0342,0.03300743660523363,0.7684670373312152,0.02576704138694441
20160530,3617.9716,4877.4675,0.032718558644175486,0.7510917030567685,0.025595796220891698
20160531,3720.2649,5015.3713,0.031818874394165246,0.6992063492063492,0.025595764032201984
20160601,3718.3687,5016.0245,0.032475242579637756,0.7326457754859182,0.026252333001468786
20160602,3726.4859,5029.2572,0.03125297174557155,0.6804123711340206,0.02564103481470048
20160603,3744.3918,5056.9659,0.030722140513283237,0.6611177170035671,0.025583938057052835
20160606,3744.2337,5059.1822,0.030549422164117726,0.6553090332805072,0.025608623876046455
20160607,3736.477,5051.7454,0.03114816633038743,0.6756435643564357,0.026181309679043308
20160608,3711.1116,5029.1299,0.03356962570188753,0.7925574030087095,0.02849214179188775
20160613,3606.9087,4887.9189,0.03358301428444742,0.7926394934705184,0.02788739521453354
20160614,3616.0858,4900.8051,0.03358957693618,0.7927215189873418,0.02798174649842111
20160615,3667.3811,4970.3245,0.033073838868963805,0.7702649268485567,0.02795298006116953
20160616,3647.1408,4944.6157,0.03360585721527306,0.7928853754940711,0.02831119146796901
20160617,3675.9419,4986.051,0.03376695094136443,0.7992888186487555,0.02876989929526852
20160620,3676.9253,4989.5838,0.03360277341342732,0.792259083728278,0.028853174053559805
20160621,3666.4462,4975.5616,0.03334515524079404,0.7812870114488748,0.028651369080359368
20160622,3697.8157,5018.471,0.03269184191068877,0.7470402525651144,0.028453373884921085
20160623,3673.0118,4995.2513,0.03474873927026933,0.8315581854043392,0.030448629127606486
20160624,3622.3013,4938.7327,0.03750565717232527,0.9045741324921136,0.03288922501425029
20160627,3671.1185,5005.2913,0.03633421116105889,0.8703192747339378,0.032466385827842226
20160628,3691.7404,5035.6857,0.036063189923494055,0.8609141055949566,0.0325963689469142
20160629,3703.2042,5051.3228,0.03017066644663727,0.639621898385191,0.028576957069899045
20160630,3703.5019,5057.9332,0.030684781119688365,0.6551181102362205,0.029349139514214473
20160701,3706.9083,5062.7343,0.03060896152071638,0.6528925619834711,0.029327616931488665
20160704,3761.7822,5139.6223,0.030435357042136783,0.6467348544453186,0.029642539788753863
20160705,3767.1491,5148.3926,0.030671317209395112,0.6551317341722375,0.029930139696798586
20160706,3779.894,5169.8326,0.03111169676167105,0.6709905660377359,0.03054401377912952
20160707,3761.1734,5160.859,0.03397434563989676,0.8043222003929273,0.0334768698527268
20160708,3732.6213,5141.2819,0.037444458229532,0.901413982717989,0.03693765298567908
20160711,3743.6706,5156.5012,0.03733394621060535,0.9002748331370239,0.03693765937847959
20160712,3829.6474,5276.628,0.03504430362678346,0.8379120879120879,0.035626216906945674
20160713,3841.2449,5303.6814,0.037030839029627484,0.8925068654374264,0.03779310039805028
20160714,3824.8452,5282.7902,0.03644511851850313,0.8737254901960785,0.03711600096720025
20160715,3831.7276,5296.1057,0.03615176369033328,0.8631909055272442,0.03691437983196444
20160718,3837.3838,5304.1114,0.036037802394532394,0.8593260188087775,0.0368607820676341
20160719,3816.8791,5280.444,0.0360840007192839,0.8601645123384254,0.036867144563947685
20160720,3805.1877,5264.5574,0.035728454920811094,0.8527799530148786,0.036484675796539356
20160721,3826.6351,5294.2303,0.03552819454221858,0.8473581213307241,0.036484666637112584
20160722,3784.7277,5239.0383,0.03643631313348941,0.8720657276995305,0.03702075499632107
20160725,3799.6308,5260.1774,0.03632928747582923,0.8685960109503325,0.037067105540707246
20160726,3850.929,5331.1942,0.035577733267256266,0.8483189992181391,0.03683602031078248
20160727,3795.1755,5254.0095,0.03610039240428853,0.8601016021883549,0.03683602031078248
20160728,3844.0562,5321.6795,0.03540001401315143,0.84296875,0.036631062434081985
20160729,3840.535,5320.3251,0.03536574381300931,0.8422491214369386,0.03670139657476934
20160801,3806.0713,5272.5823,0.035073305310698424,0.834504293520687,0.036199876309956025
20160802,3820.7736,5292.9494,0.03440416009336526,0.815060476004682,0.03575251903230581
20160803,3830.0183,5305.7563,0.0342519468304145,0.8100624024960998,0.03568917746050637
20160804,3837.9638,5316.7632,0.033922206400103044,0.7957115009746588,0.0354489492177279
20160805,3840.735,5321.9563,0.03403741109590611,0.8016367887763055,0.03561022049570983
20160808,3880.9612,5377.6961,0.033611121910760475,0.7857421114141021,0.035542268767485785
20160809,3905.8547,5412.1901,0.03339691027546988,0.7753115264797508,0.035542274268668184
20160810,3888.1352,5387.637,0.033549116538169006,0.7827948618139354,0.035542281993990565
20160811,3872.5298,5366.0131,0.03368431172329702,0.7891050583657587,0.035542281993990565
20160812,3946.1978,5473.1783,0.033985674062457574,0.8004667444574096,0.03650552717654798
20160815,4043.6289,5608.3712,0.03317764110878499,0.7639968895800933,0.03651677398717901
20160816,4026.5851,5584.732,0.03327319795565458,0.7675864749319861,0.03647567159854548
20160817,4026.4469,5584.5403,0.03327433999380178,0.7676767676767676,0.03647567159854548
20160818,4017.6474,5572.7389,0.03341957479490629,0.7763106796116505,0.036550667805084425
20160819,4022.5167,5579.493,0.03337911564742324,0.7736801242236024,0.03655066563974185
20160822,3997.9282,5545.3871,0.033584407574651115,0.7838571982925883,0.03655066563974185
20160823,4000.9042,5549.5151,0.03352142713142036,0.7808378588052755,0.03651791735647314
20160824,3989.0438,5533.0638,0.033621094508938125,0.7863512989530826,0.03651791735647314
20160825,3969.4687,5505.912,0.03378690866946913,0.7930232558139535,0.036517933841694106
20160826,3962.1443,5496.5656,0.0339973009956607,0.8016272762495157,0.036671270411967605
20160829,3961.3754,5495.4989,0.03391575624095441,0.7955073586367157,0.03658972635013136
20160830,3969.1194,5506.2419,0.03338280371172258,0.7719705768486256,0.03613257433987349
20160831,3986.4948,5530.3464,0.03323732457134466,0.7623839009287926,0.03613259714209405
20160901,3951.59,5481.9239,0.0335309132702476,0.7798839458413926,0.03613259714209405
20160902,3960.5704,5494.3822,0.03345489148828085,0.7749419953596288,0.03613260500844184
20160905,3976.5221,5516.5114,0.033320683296813,0.7676845767298028,0.03613259948799885
20160906,4009.4813,5562.2348,0.03304679070550553,0.7550231839258115,0.036132613918686385
20160907,4012.7495,5566.7687,0.03301986851161589,0.7543453070683661,0.03613260585866285
20160908,4018.2937,5574.4599,0.03297430968275226,0.7498069498069498,0.03613260585866285
20160909,3984.9625,5528.2206,0.033250119524092535,0.7626399073716712,0.03613260975026078
20160912,3912.0344,5427.0495,0.03386995004117225,0.7951388888888888,0.03613258972862998
20160913,3918.3932,5435.871,0.03381500861368327,0.7936752795989201,0.0361326135595228
20160914,3880.1541,5383.5189,0.034244414280579304,0.8118735543562067,0.036231690793038895
20160919,3919.3039,5437.8373,0.03390234788100771,0.7957610789980732,0.03623169058060882
20160920,3923.1562,5443.1822,0.033869062849567026,0.7942989214175655,0.03623169576744534
20160921,3926.5279,5449.003,0.034049738174721525,0.8043896804004621,0.0364490542849063
20160922,3962.7855,5499.3192,0.03373820770910857,0.789838337182448,0.036449062939081234
20160923,3944.3394,5473.7208,0.03389598891726743,0.795305886879569,0.03644906406444015
20160926,3883.8108,5392.9115,0.03501587077749765,0.8346153846153846,0.03706224509749134
20160927,3907.886,5426.3414,0.03474669181777537,0.8273740868896579,0.037001876402803724
20160928,3901.6137,5417.6319,0.03480253737497323,0.8297463489623367,0.03700186116928417
20160929,3914.9862,5436.2004,0.034683661622346866,0.8240491740299655,0.03700186116928417
20160930,3925.1954,5451.2171,0.03411988068546488,0.8072196620583717,0.036457363571640755
20161010,3977.0276,5523.2004,0.03344826737735522,0.7708253358925143,0.03620209664829965
20161011,3987.3013,5537.4683,0.03336209022705761,0.7663085188027629,0.03620210267770929
20161012,3978.8467,5526.7545,0.03361897208001475,0.7821250479478328,0.036394826968404015
20161013,3989.81,5541.983,0.03352661113626057,0.7760736196319018,0.0363948457385912
20161014,3990.1826,5542.5004,0.0335234611784741,0.7757761594480644,0.03639482355028889
20161017,3961.7534,5503.0114,0.03376404685208245,0.7888888888888889,0.03639484864502407
20161018,4014.9711,5576.9325,0.03331651065034987,0.7617770968977403,0.03639484864502407
20161019,4007.9361,5567.1607,0.033374987828856464,0.7656967840735069,0.0363948459417045
20161020,4012.6771,5573.7461,0.03333555509770134,0.7634902411021814,0.0363948459417045
20161021,4031.2541,5599.5503,0.03297489825450092,0.7433052792654935,0.03616905370732004
20161024,4070.3149,5653.8071,0.03265845590860106,0.7246653919694073,0.03616905521187186
20161025,4086.0087,5675.6063,0.032533003300275504,0.7152140672782875,0.03616903836503549
20161026,4058.0871,5636.8221,0.03275684608200115,0.7317539166985098,0.03616903836503549
20161027,4052.5528,5629.1348,0.03280157909393283,0.73414820473644,0.03616903757346335
20161028,4028.7945,5596.1337,0.032995011633350176,0.7445589919816724,0.03616903496225432
20161031,4031.4858,5599.8721,0.032972993243524026,0.7427480916030534,0.03616904321797487
20161101,4058.2152,5637.0001,0.03275581690314576,0.7306371613887829,0.03616904321797487
20161102,4020.3957,5584.4675,0.033063929654555464,0.7498093058733791,0.03616902454110038
20161103,4048.2456,5623.1519,0.03283646639627726,0.7354174609226077,0.03616902454110038
20161104,4034.3098,5603.7947,0.032949912619974306,0.741234756097561,0.036169043748470076
20161107,4041.9967,5614.472,0.03288724985646476,0.7382857142857143,0.036169043748470076
20161108,4062.1924,5642.5245,0.03272374676096239,0.7265803503427266,0.036169043748470076
20161109,4040.1822,5611.9516,0.03290202328671333,0.7388656261895699,0.03616904717722136
20161110,4092.1043,5684.0733,0.0324845721262883,0.7077625570776256,0.036169069574989
20161111,4111.7016,5711.2945,0.03232974190793781,0.694180296690757,0.036169068122154924
20161114,4113.848,5714.276,0.03231288730779079,0.6931558935361217,0.03616908204947822
20161115,4116.4737,5717.9232,0.03229226735185699,0.6921322690992018,0.03616907294882954
20161116,4113.777,5714.1773,0.0323134358686161,0.6933890577507599,0.03616907294882954
20161117,4132.837,5740.6523,0.032164412471711465,0.6866691986327383,0.036169074121946254
20161118,4121.2817,5724.6016,0.03225458747551101,0.6902050113895216,0.036169066335075106
20161121,4153.4367,5769.2661,0.03200489117754541,0.6800759013282732,0.03616907864348229
20161122,4178.8573,5804.5761,0.03181020074466848,0.6718512898330804,0.03616907864348229
20161123,4193.837,5825.3834,0.03169657990911981,0.6678043230944255,0.03616907864348229
20161124,4217.7811,5858.6426,0.031516637193626976,0.6607278241091736,0.036169075629783665
20161125,4254.8226,5910.0945,0.031242253702647535,0.6532777567260326,0.03616906843871481
20161128,4279.067,5943.7708,0.0310652379847919,0.6454545454545455,0.03616906546785259
20161129,4297.0859,5968.7996,0.030934972630607526,0.6399091253313139,0.03616906546785259
20161130,4250.2477,5903.7399,0.03127588139995751,0.6555639666919001,0.03616906814492049
20161201,4292.4868,5962.4114,0.030968119223020604,0.641316685584563,0.03616906814492049
20161202,4247.6108,5900.0771,0.03129529789827515,0.6562027231467473,0.03616906871971737
20161205,4181.4263,5808.1445,0.03179064163258443,0.6722117202268431,0.03616906394371777
20161206,4175.4283,5799.8131,0.031836313636497464,0.6746031746031746,0.03616906888434612
20161207,4196.0349,5828.4364,0.03167994732852327,0.6671703815640347,0.03616904926355735
20161208,4193.6769,5825.1611,0.031697767534390256,0.668429003021148,0.036169056890857254
20161209,4230.0974,5875.7504,0.031424854541302616,0.6587391468478672,0.036169056890857254
20161212,4126.7797,5732.2385,0.032211604484373706,0.690188679245283,0.036169056890857254
20161213,4120.1409,5723.0171,0.03226352828787744,0.6921916258015843,0.036169078767020135
20161214,4089.3898,5680.3027,0.0325061192462646,0.7122926093514329,0.03616905719992736
20161215,4044.9107,5618.5197,0.03286356667484851,0.739163211458726,0.03616905719992736
20161216,4055.2759,5632.9174,0.032779574014413365,0.7332328560663149,0.03616906375434281
20161219,4051.5787,5627.7818,0.032809474761074056,0.735593220338983,0.03616905218318034
20161220,4025.6663,5591.7886,0.03302066495180093,0.7515060240963856,0.036169054499671116
20161221,4065.0855,5646.5432,0.03270046302840521,0.726006774557772,0.036169054499671116
20161222,4072.1624,5656.3732,0.03264363378534611,0.7215951843491347,0.036169054499671116
20161223,4028.8502,5596.2111,0.032994575062218756,0.7472734110567882,0.036169060219073845
20161226,4040.773,5612.7722,0.032897211369636734,0.7406015037593985,0.03616905150063232
20161227,4043.0847,5615.9833,0.03287839512212001,0.7395715896279594,0.03616904604265314
20161228,4026.9083,5593.5138,0.033010483452619734,0.750939143501127,0.03616905981487273
20161229,4021.2325,5585.6299,0.03305706889442104,0.753285767930905,0.036169052935512536
20161230,4040.7306,5612.7133,0.032897547205470154,0.7402402402402403,0.036169045099716524
20170103,4081.7992,5669.759,0.03256655297397239,0.7148217636022514,0.036169046187496834
20170104,4115.5259,5716.6067,0.03229969792577982,0.6909227306826706,0.03616907476342801
20170105,4120.0508,5722.8918,0.03226420891874367,0.688413948256468,0.03616905967268136
20170106,4102.3282,5698.2745,0.03240359456540727,0.697151424287856,0.03616905967268136
20170109,4125.8226,5730.9091,0.03221908579401824,0.6856500562008243,0.03616907287103466
20170110,4114.3785,5715.0129,0.03230869791518724,0.6913857677902622,0.03616906858643687
20170111,4082.0615,5670.1235,0.03256448433034137,0.7150879820292025,0.03616907256834234
20170112,4057.2122,5635.6069,0.03276392675653823,0.7309131736526946,0.03616906637251027
20170113,4059.9863,5639.4602,0.03274153988069697,0.7287691732136177,0.03616906637251027
20170116,4063.0068,5643.6558,0.03271720321406679,0.7258788332086762,0.03616907039660422
20170117,4071.5777,5655.561,0.032648323463200415,0.72,0.03616906171523726
20170118,4096.8782,5690.7043,0.03244670419146027,0.7017937219730942,0.03616906365583228
20170119,4087.6736,5677.9188,0.032519768378560444,0.7093761673515129,0.036169064572264764
20170120,4123.6916,5727.949,0.032235719885062436,0.684839432412248,0.036169055754668555
20170123,4128.5239,5734.6613,0.032198001190099364,0.6823441582680104,0.03616906833759792
20170124,4144.1997,5756.4355,0.03207619648584247,0.6761194029850747,0.03616905302784734
20170125,4150.0653,5764.5831,0.03203087473653891,0.6747482282730325,0.03616906748879134
20170126,4157.8747,5775.4306,0.03197069742915536,0.6718866517524236,0.036169048770619217
20170203,4131.7711,5739.1717,0.03217268110085773,0.6816995900111815,0.036169048770619217
20170206,4144.0546,5756.2339,0.03207731366579293,0.676602086438152,0.03616904453113401
20170207,4146.86,5760.1307,0.032055613543065076,0.6748603351955307,0.03616904511203356
20170208,4161.7524,5780.8168,0.03194091378403392,0.6701414743112435,0.03616905333358589
20170209,4179.7731,5805.8482,0.03180320864792912,0.663565314477112,0.0361690586390111
20170210,4206.2858,5842.6753,0.03160273344081188,0.6543898809523809,0.036169036260731646
20170213,4237.6554,5886.2487,0.031368791552345704,0.6470806991446635,0.036169036260731646
20170214,4228.7527,5873.8825,0.03143482312661046,0.649814126394052,0.03616902546598255
20170215,4225.6727,5869.6043,0.03145773964179294,0.6506874767744333,0.0361690299869708
20170216,4248.3362,5901.0847,0.03128992637382123,0.6445022288261516,0.03616903371893465
20170217,4218.5584,5859.7222,0.03151079451910384,0.6513182324545117,0.03616903371893465
20170220,4293.0927,5963.253,0.030963721224663968,0.6288047512991833,0.03616902919242104
20170221,4300.006,5972.8558,0.030913939551349447,0.6267161410018552,0.03616902919242104
20170222,4324.5401,6006.9346,0.03073857333978249,0.6220326409495549,0.03616904535843446
20170223,4302.672,5976.559,0.030894797900656457,0.6262513904338154,0.03616904210973226
20170224,4296.5138,5968.005,0.030939079463171586,0.6278724981467754,0.03616904210973226
20170227,4256.8622,5912.9276,0.031227265632918284,0.640978140051871,0.03616903669091953
20170228,4275.4307,5938.7198,0.031091643394460567,0.6348148148148148,0.03616903669091953
20170301,4278.9462,5943.6031,0.03106612433338536,0.6338393187708257,0.03616906283954857
20170302,4257.5457,5913.8771,0.031222282693745957,0.6410066617320503,0.03616906789241581
20170303,4259.2019,5916.1776,0.031210139685329166,0.6403995560488346,0.03616906530460051
20170306,4280.9724,5946.4175,0.031051411505731694,0.632396449704142,0.03616905009204885
20170307,4285.91,5953.276,0.030982337278907975,0.6288354898336415,0.036126597138633976
20170308,4274.5476,5937.4932,0.031064680614402346,0.6330376940133038,0.03612658090191467
20170309,4240.955,5890.8319,0.03131074391618399,0.6468415219800517,0.03612658090191467
20170310,4244.6924,5896.0233,0.0312831791322247,0.6454948301329394,0.036126584989439214
20170313,4285.4747,5952.6713,0.03098547538723307,0.6286452565522332,0.03612658445433148
20170314,4283.6686,5950.1626,0.030998539128513546,0.6291512915129152,0.036126582753480685
20170315,4298.0825,5970.1841,0.030894599617419857,0.6230173367760974,0.036126599376703705
20170316,4314.323,5992.7426,0.030778300636597023,0.6194690265486725,0.03612659722138534
20170317,4268.7757,5929.4758,0.031106688732594086,0.63509030593439,0.03612658190447249
20170320,4289.302,5957.9876,0.030957839800572623,0.6263817243920413,0.0361265933068875
20170321,4331.3252,6016.3593,0.030657478612628002,0.6132596685082873,0.036126587823536394
20170322,4307.3765,5983.0936,0.030827931963536667,0.6207658321060383,0.036126587823536394
20170323,4316.1215,5995.2408,0.03076547504471967,0.6183290393816709,0.03612659001244389
20170324,4354.3102,6048.2861,0.03049565194005426,0.6070640176600441,0.03612659001244389
20170327,4341.2856,6030.1945,0.030587138633667257,0.6101507907318867,0.03612658282664505
20170328,4326.3616,6009.4647,0.030692579858341066,0.6150735294117647,0.03612649413843072
20170329,4319.6202,6000.1007,0.030740486107472313,0.6181550900404263,0.03612650033740983
20170330,4290.8164,5960.0911,0.03094683099250478,0.6263776634827333,0.03612648532563534
20170331,4323.9609,6006.13,0.03070962277983981,0.6162320969518913,0.03612649448003191
20170405,4382.4218,6087.3341,0.030299960664164422,0.6009544787077826,0.03612649448003191
20170406,4400.0482,6111.8178,0.03017858376890717,0.5966972477064221,0.0361264978663014
20170407,4407.7461,6122.5106,0.030125899434649696,0.59501100513573,0.036126518886740344
20170410,4405.8489,6119.8752,0.03013885556935413,0.5955262192885955,0.036126498711599675
20170411,4421.5674,6141.7087,0.03003171311094291,0.5898093841642229,0.036126498711599675
20170412,4423.273,6144.0779,0.030020143252520504,0.5895932576035178,0.03612650935741968
20170413,4450.6224,6182.0671,0.029835658149982604,0.5831501831501832,0.03612649827135561
20170414,4397.7294,6108.597,0.030194500968795553,0.5983156352984255,0.03612649508948018
20170417,4375.8763,6078.2423,0.030345293041460168,0.6028550512445096,0.036126496038471956
20170418,4365.363,6063.6389,0.030418374975157952,0.6044639590193926,0.036126496038471956
20170419,4347.3065,6040.9187,0.03093567315818634,0.6269202633504023,0.03653157330070411
20170420,4366.1882,6067.1563,0.030801893816569732,0.6215722120658135,0.03653157622477954
20170421,4369.3495,6071.5493,0.0307796293716381,0.6206140350877193,0.036531598259832876
20170424,4315.195,5996.2974,0.031165905180450076,0.6415783704786262,0.036531598259832876
20170425,4335.3748,6024.3388,0.031020822413427646,0.6322132943754566,0.036531580397944685
20170426,4339.4801,6030.0433,0.030991471698031153,0.6316173786053304,0.0365315758303284
20170427,4329.6307,6016.3568,0.031061966189936865,0.6357664233576642,0.03653156702352489
20170428,4302.8443,5981.3844,0.03163153963352671,0.6614374315943087,0.03692151443116343
20170502,4281.1334,5951.204,0.03179195257320048,0.6695842450765864,0.03692151443116343
20170503,4254.3241,5913.9365,0.031992310933616264,0.6788188115202333,0.03692153099968132
20170504,4251.87,5911.3003,0.0320588389396213,0.6818513119533528,0.036959985088601766
20170505,4229.099,5879.6421,0.03223145533415217,0.692167577413479,0.036959985088601766
20170508,4194.2355,5831.1719,0.03249935903848992,0.7144938091769847,0.03695997133620521
20170509,4192.6161,5830.6271,0.0328046974251582,0.7411721878412814,0.03726357817314563
20170510,4147.8216,5771.9068,0.03305607704546941,0.7605531295487628,0.03707915657284255
20170511,4170.4773,5811.0643,0.03404460655739996,0.812659148781375,0.0382733639677062
20170512,4202.116,5856.4333,0.034007610820835,0.8112727272727273,0.03850109256983192
20170515,4228.9447,5897.9894,0.03449858661865905,0.8276990185387132,0.039235024441073074
20170516,4278.0779,5966.514,0.03410236891228632,0.8161337209302325,0.03923501781978689
20170517,4265.5256,5949.0077,0.03361146447126124,0.7911369415183436,0.03852756635888155
20170518,4245.369,5921.5247,0.03387725516225656,0.8024691358024691,0.03863786496499144
20170519,4261.365,5943.8362,0.03375007601232672,0.797459165154265,0.03863784886046906
20170522,4248.4414,5925.8101,0.0338527424825181,0.8015239477503628,0.03863784886046906
20170523,4259.5387,5941.2889,0.03339904686076202,0.7769314472252449,0.03819503263203061
20170524,4266.9756,5951.6621,0.0333379533636782,0.7726613488034808,0.03819152492564859
20170525,4325.1642,6037.7617,0.033274963018980495,0.7676694454512505,0.038510707878971706
20170526,4331.2771,6050.4243,0.033308100436859896,0.7692028985507247,0.03847684011896679
20170531,4338.3074,6060.7889,0.03334386475936753,0.7732705541470482,0.03857003298370154
20170601,4330.8926,6050.4302,0.033091720397734566,0.7585083272990587,0.03818344040182464
20170602,4338.4682,6061.0136,0.03289151181280624,0.7433948606587043,0.038005784583762914
20170605,4316.4988,6038.4848,0.033736931519234126,0.7963096960926194,0.03857603143440835
20170606,4338.8753,6070.485,0.03338643484687488,0.776130198915009,0.03833055084403458
20170607,4397.4418,6155.0586,0.03301341486535276,0.7537960954446855,0.038322962392806526
20170608,4437.7686,6211.5036,0.032713405795912615,0.7267799060354174,0.03832294931251301
20170609,4450.9515,6233.0641,0.033115477648420676,0.7597543352601156,0.03884103399005023
20170612,4462.2744,6253.7532,0.03375035678630536,0.7984832069339112,0.03957461737820478
20170613,4477.0165,6274.6751,0.03368086084295299,0.7938628158844765,0.03961790379836705
20170614,4413.1828,6198.2001,0.035728725050090865,0.8632262721039335,0.041134660797949474
20170615,4391.9864,6174.1833,0.036448521461096235,0.8845598845598845,0.041632677012318764
20170616,4362.8578,6150.0874,0.03883791175239696,0.9451857194374323,0.043763047732288785
20170619,4393.3781,6194.9143,0.038449898758856994,0.934030281182408,0.0435656539590088
20170620,4387.9023,6188.5562,0.0382047732313056,0.9275675675675675,0.0431666069994221
20170621,4439.0621,6263.0566,0.036193308075259355,0.8731988472622478,0.04113418061483487
20170622,4438.0413,6261.7195,0.03621809894605997,0.8739647101188333,0.04115132242429054
20170623,4475.0282,6314.6013,0.03595485072449821,0.865370770338373,0.04117056343589076
20170626,4525.7314,6386.1473,0.03555203716219657,0.8560633321338611,0.04117056343589076
20170627,4534.924,6399.1188,0.03519972663208527,0.8482014388489209,0.04080788064155194
20170628,4509.997,6364.6058,0.035107544146364585,0.8453793599424667,0.040417396279775364
20170629,4525.3729,6392.2719,0.03556441500168472,0.8565780014378145,0.04093060975134
20170630,4527.2442,6404.048,0.03694563384857954,0.897592526051024,0.042375733636488944
20170703,4518.9225,6392.2765,0.03695834048186412,0.8976293103448276,0.04230525660666973
20170704,4483.8044,6345.7185,0.03602339049344066,0.8660682226211849,0.04063769112550464
20170705,4514.0952,6401.442,0.03576624241935277,0.8614501076812635,0.0401035464235
20170706,4515.5788,6404.5091,0.03590489988568058,0.8640114818801579,0.04025998469409475
20170707,4517.368,6410.9459,0.036129390672445555,0.8705164992826399,0.04042218699461264
20170710,4506.2167,6411.9254,0.03884660893551816,0.945500179275726,0.043156219388989614
20170711,4526.76,6447.5716,0.038661455314455834,0.9408602150537635,0.042914275744935226
20170712,4505.9103,6418.1242,0.03885499695438645,0.9455392332497313,0.042924111738380955
20170713,4517.2001,6439.5996,0.03928124738472978,0.9541547277936963,0.04340377532356543
20170714,4544.4579,6488.8405,0.04041677587753766,0.9692087361260293,0.044784190861356654
20170717,4489.0145,6409.6751,0.04026035022695048,0.9670722977809592,0.043971350620223504
20170718,4489.5263,6413.6788,0.03805788674163759,0.9227191413237925,0.04113843914623816
20170719,4549.8094,6502.5998,0.03484503471574901,0.8326180257510729,0.03761625823612191
20170720,4588.1138,6557.4548,0.034570926473868675,0.8240972470504112,0.03763368659532418
20170721,4585.4932,6556.6081,0.03476334628243235,0.8309506790564689,0.037757586028023704
20170724,4615.1739,6599.0473,0.03279830748981812,0.7270453733476242,0.03559077668994792
20170725,4592.2879,6567.4236,0.03285294835472704,0.7314285714285714,0.03542072822732423
20170726,4568.7753,6533.7983,0.03241830092066596,0.691181720813995,0.03467591699801109
20170727,4564.1852,6527.234,0.03242112435136654,0.6916488222698073,0.03463927103266107
20170728,4581.2797,6551.6808,0.03156193488460447,0.6443096682126294,0.033723335426903756
20170731,4599.8862,6580.6536,0.03174835395294351,0.6526390870185449,0.034038232959389125
20170801,4627.9797,6621.0037,0.03157967446378316,0.6445632798573975,0.034063095818449574
20170802,4606.6739,6591.74,0.031473040380932814,0.6414825374198146,0.033703761135644994
20170803,4569.5417,6538.607,0.03164826365120255,0.6487353045956538,0.033603662348008045
20170804,4548.567,6508.5941,0.03179420665208924,0.655982905982906,0.0336036665932784
20170807,4577.6379,6550.192,0.03159229823584187,0.6457814168743325,0.03360367169252654
20170808,4572.1976,6543.6861,0.03182533439972388,0.6587188612099644,0.03380568496102376
20170809,4584.5542,6561.3708,0.031184905334086622,0.6271789398790466,0.03312165072396467
20170810,4572.0537,6543.4801,0.03127016034585903,0.6319345661450925,0.03312164083888658
20170811,4492.2127,6429.2125,0.03182594450791289,0.659082829719161,0.0331216545915094
20170814,4528.7969,6482.0199,0.0316380146488217,0.6474769012082445,0.03319310539340048
20170815,4556.8969,6522.2393,0.03144294443685062,0.639076376554174,0.03319313109739119
20170816,4541.2494,6499.8431,0.03133603714160997,0.6352982954545454,0.032930242522894115
20170817,4563.4608,6531.634,0.031183517532946483,0.6258430954916578,0.032930242522894115
20170818,4574.2653,6547.0985,0.031109873524629007,0.6213626685592619,0.03293025354032353
20170821,4592.5755,6573.3056,0.030985822593722012,0.6133380631429585,0.032930230890018786
20170822,4593.6098,6574.786,0.030978848416194825,0.6120567375886525,0.03293023358523617
20170823,4591.5746,6571.873,0.030193139059859108,0.5792272243885147,0.03197031099405634
20170824,4588.2694,6568.2323,0.03037130384314443,0.5846917080085046,0.032130395594488936
20170825,4646.5415,6654.8852,0.03047673473428936,0.5883811547998583,0.032632337384208565
20170828,4679.7912,6702.5063,0.03026021438814989,0.5807365439093485,0.03263235333256076
20170829,4676.5404,6700.0299,0.03054448549815193,0.5915044247787611,0.032893633520156174
20170830,4681.0835,6706.5388,0.03051483886923599,0.5905874026893135,0.03289362928838102
20170831,4653.353,6666.8095,0.030696684462996737,0.5985143261407853,0.03289362928838102
20170901,4663.4789,6681.3169,0.030630037170628108,0.594059405940594,0.03289363196805928
20170904,4669.584,6690.0635,0.03058999089671369,0.592435489572287,0.03289363196805928
20170905,4672.39,6694.0836,0.030571598528736935,0.5915194346289753,0.03289360573847988
20170906,4664.5029,6682.784,0.030497655316106525,0.5884846344048039,0.03274085144967942
20170907,4654.1555,6667.9592,0.03056545954796296,0.591454802259887,0.03274085144967942
20170908,4649.4264,6661.184,0.03059656850870165,0.5933639251676668,0.03274087182019314
20170911,4657.8476,6673.249,0.03054123769220237,0.5903316866619619,0.03274085464513665
20170912,4677.3236,6701.1519,0.030414066430138456,0.5834215167548501,0.03274085464513665
20170913,4686.9195,6714.9,0.03035181179573834,0.581805359661495,0.032740867948727326
20170914,4675.2538,6698.1867,0.030427549414973085,0.5844201621431089,0.03274087180583596
20170915,4666.9108,6686.4167,0.03050929142856231,0.5887949260042283,0.03276911206234123
20170918,4676.9236,6700.7623,0.030443970737386885,0.5857696371961958,0.03276910782885345
20170919,4663.1889,6681.0843,0.030533653370650598,0.5904929577464789,0.03276912294548939
20170920,4685.9117,6714.762,0.030552713385132987,0.5920450545582542,0.0329417199882478
20170921,4683.8211,6711.7663,0.030566359838980123,0.5925404644616468,0.03294172970185816
20170922,4690.0497,6720.6917,0.03052574930329672,0.5898698557861414,0.03294170821738396
20170925,4668.8034,6690.2465,0.030557233973636713,0.5921237693389592,0.03280820128455675
20170926,4666.4094,6687.5452,0.030681961995984827,0.5985940246045695,0.03292082977638411
20170927,4673.3026,6697.424,0.030636701383562892,0.5962754743499649,0.03292082460611856
20170928,4663.2627,6683.0357,0.030526060844698014,0.5893923428170004,0.03270422543341067
20170929,4672.2503,6695.9159,0.03046733298696214,0.5849719101123596,0.03270421625337039
20171009,4719.9659,6764.2984,0.030159344537635736,0.5717795717795717,0.03270423184322557
20171010,4726.0938,6773.0804,0.029634051672037778,0.5529824561403509,0.03209361670857236
20171011,4739.6127,6792.4547,0.02954953088606319,0.5482286916871273,0.03209362193272769
20171012,4740.2991,6793.4384,0.02954525258499431,0.5480364656381487,0.032093622449023584
20171013,4741.5165,6795.1831,0.02953766885289013,0.5478443743427971,0.03209362462565135
20171016,4708.8836,6748.4161,0.029613808626639412,0.5518570427470217,0.03193447350691114
20171017,4708.7946,6748.2885,0.02961436835140799,0.5520140105078809,0.03193447350691114
20171018,4740.8298,6794.199,0.029414261056532307,0.5423669467787114,0.03193447855720777
20171019,4740.432,6793.6288,0.029260617697167843,0.5348267413370669,0.03174258185208356
20171020,4742.3059,6796.3144,0.029249050294607448,0.5342897130860742,0.0317425735154806
20171023,4746.4996,6802.3245,0.029223208624542266,0.5323539699195523,0.03174257444268891
20171024,4775.1342,6843.3613,0.029047948457497235,0.5234265734265734,0.03174254946059896
20171025,4787.0083,6860.3785,0.028975915535372213,0.5204473960153793,0.031742570161946704
20171026,4791.8467,6867.3125,0.02894664967597703,0.5188679245283019,0.03174255975116136
20171027,4806.6272,6888.4947,0.02885763799736468,0.5148445686342997,0.03174255975116136
20171030,4786.0426,6858.9945,0.028981750617530635,0.5212988826815642,0.03174255339905496
20171031,4767.5522,6832.4954,0.02909415174685359,0.5256544502617801,0.031742551900931115
20171101,4744.3643,6799.2643,0.02923635497524654,0.5338450802512212,0.03174255878133425
20171102,4744.3823,6799.2901,0.029236244606748507,0.533658876874782,0.03174255935197445
20171103,4724.2806,6770.4819,0.029360644648717987,0.5411436541143654,0.03174255905002443
20171106,4757.0768,6817.483,0.029158236246183997,0.5284071104914604,0.031742568865888776
20171107,4786.6007,6859.7943,0.02897837350998626,0.5202090592334495,0.03174255191165343
20171108,4788.8483,6863.0154,0.028964774184028146,0.5182863113897597,0.03174255335155096
20171109,4814.4146,6899.6551,0.02881096230119608,0.512883008356546,0.031742555051371024
20171110,4841.3765,6938.2948,0.028650512419954945,0.5060911938739993,0.031742555051371024
20171113,4867.814,6976.1831,0.028494904311559332,0.5013917884481559,0.03174254681554367
20171114,4836.0492,6930.6601,0.02868206844059173,0.5081739130434783,0.03174254681554367
20171115,4814.7822,6900.1819,0.028808765974088657,0.5132127955493742,0.03174255527547354
20171116,4827.4683,6918.3627,0.02873306195350397,0.5109489051094891,0.03174255719755825
20171117,4835.3683,6929.6843,0.02868609973056172,0.5083391243919388,0.03174253489547363
20171120,4857.3329,6961.1624,0.02855639647788158,0.5032997568600208,0.03174254909071328
20171121,4921.2673,7052.7883,0.028185396233716617,0.490625,0.03174253522288639
20171122,4928.323,7062.9001,0.02814505712569091,0.4890662964248525,0.03174254815105426
20171123,4798.5507,6876.9202,0.02890621378010165,0.5173490631505898,0.03174254815105426
20171124,4798.5167,6876.8715,0.028906421434922384,0.5175164758931668,0.03174255091831091
20171127,4756.4894,6816.6411,0.029161831055249096,0.5312066574202496,0.03174254949288846
20171128,4760.7887,6822.8026,0.029135490545459608,0.5292894280762565,0.031742541491339926
20171129,4755.9597,6815.8819,0.02916507348827639,0.5315315315315315,0.031742541491339926
20171130,4725.7812,6772.6325,0.029351340931198518,0.543470730862487,0.03174256354398408
20171201,4718.1346,6761.6738,0.029398906476663548,0.5457063711911357,0.03174255930776315
20171204,4724.0248,6770.1153,0.02936226648946928,0.5441329179646937,0.03174257617521348
20171205,4735.6026,6788.7177,0.029586643442938907,0.5553633217993079,0.03204814020852775
20171206,4708.7012,6750.1531,0.029755675644412186,0.5617433414043583,0.03204814020852775
20171207,4660.8384,6681.5395,0.030061224439181782,0.5736514522821576,0.03204812074794483
20171208,4675.8399,6703.0449,0.029964781533343185,0.5682682336674733,0.03204812336815488
20171211,4725.1771,6773.7721,0.02965190844002453,0.5590877677954388,0.032048122795644396
20171212,4677.6117,6705.5849,0.029953449293797806,0.5678756476683938,0.03204814180118687
20171213,4713.3193,6756.7734,0.029726520960054924,0.5607734806629834,0.03204813688020902
20171214,4702.3981,6741.1173,0.029795556080509458,0.5633413876423887,0.0320481322902777
20171215,4664.8582,6687.302,0.03003532571076526,0.5728088336783989,0.0320481246933122
20171218,4664.1441,6686.2783,0.03003992424495078,0.5736460848568472,0.0320481246933122
20171219,4703.6238,6742.8744,0.02978778852598374,0.5627586206896552,0.0320481281224807
20171220,4690.5537,6724.1378,0.02987077679385069,0.5656670113753878,0.032048110412340236
20171221,4716.3107,6761.0618,0.029707656927924937,0.5592694693314956,0.03204812302298654
20171222,4716.9027,6761.9103,0.02970392843615399,0.5587323458491216,0.03204812302298654
20171225,4710.8021,6753.1649,0.029742399224772034,0.5602617079889807,0.03204812455227812
20171226,4730.7611,6781.7771,0.029616916552200126,0.5549053356282272,0.03204812455227812
20171227,4696.6756,6732.9139,0.02983185979696804,0.5643496214728149,0.03204812670217572
20171228,4718.5551,6764.2791,0.02969353224486893,0.5583075335397317,0.03204812670217572
20171229,4750.7874,6810.4858,0.029492091089301082,0.5471114167812929,0.03204814554439506
20180102,4836.0789,6932.7553,0.028971949260055477,0.5170161567548985,0.03204813984774013
20180103,4859.7024,6966.6207,0.028831113713552688,0.5099656357388316,0.03204813984774013
20180104,4877.6333,6992.3255,0.02872511603118266,0.505668155273102,0.03204812708247684
20180105,4912.4328,7042.2123,0.02852161992505065,0.49690934065934067,0.03204811593913659
20180108,4952.7185,7099.9638,0.02828962341165813,0.4888431170614487,0.03204811593913659
20180109,4949.1642,7094.8686,0.028309948757774962,0.4907343857240906,0.03204812504497756
20180110,4963.9949,7116.1291,0.028225367411102553,0.48644939965694683,0.03204812377660593
20180111,4950.7494,7097.1411,0.028300870159508613,0.4893689986282579,0.03204810565036409
20180112,4974.829,7131.6604,0.02816388823188054,0.48405896468974974,0.03204810813297687
20180115,4956.6748,7105.6353,0.02826704062342723,0.4876627827278958,0.03204810813297687
20180116,5027.2277,7206.7765,0.02787035018922101,0.473107228502912,0.03204811984886069
20180117,5020.7802,7197.5336,0.027906133462333553,0.4743150684931507,0.03204811128678342
20180118,5061.0466,7255.2575,0.027684112019302203,0.46490927764464224,0.032048114325373245
20180119,5058.976,7252.2892,0.027695443773365615,0.4657768651608487,0.03204811521268547
20180122,5108.8981,7323.855,0.027424819285016125,0.4519329456038317,0.03204811961231124
20180123,5169.5701,7410.8312,0.027102948339719844,0.43433652530779754,0.03204811560422316
20180124,5177.3544,7421.9903,0.027062198283907383,0.4304273504273504,0.03204811560422316
20180125,5156.2794,7391.7783,0.027172808509094072,0.4395078605604921,0.03204811446068123
20180126,5190.2866,7440.5294,0.026994785146840766,0.42500854116843184,0.03204812994785455
20180129,5139.4613,7367.6688,0.027261742707845017,0.444672131147541,0.03204812994785455
20180130,5077.6357,7279.0387,0.02759367346538034,0.46159098668487536,0.03204811741496827
20180131,5071.8098,7270.687,0.027625371505264264,0.4621160409556314,0.03204811913384087
20180201,5020.1774,7196.6695,0.027909495477457125,0.476287956328898,0.032048114275749606
20180202,5061.5215,7255.9383,0.02768152377201523,0.465893587994543,0.03204811616865899
20180205,5098.9372,7309.5755,0.027478398385611842,0.4551653596999659,0.03204811616865899
20180206,4952.9174,7100.249,0.02828850688239724,0.49147920927062033,0.032048118300933126
20180207,4852.4933,6956.2861,0.028873947261920444,0.5155025553662692,0.03204811772234528
20180208,4807.1596,6891.2981,0.02914624538324433,0.5303133514986376,0.0320481204154095
20180209,4620.225,6623.3182,0.030325499709778936,0.5907388491658154,0.03204811513108363
20180212,4672.7103,6698.5584,0.02998486674090959,0.5745405037440435,0.03204810624119547
20180213,4724.1045,6772.2346,0.029658672577641397,0.5610751956447771,0.03204812217241648
20180214,4736.5591,6790.0888,0.029580686238679536,0.5551020408163265,0.03204812217241648
20180222,4839.2449,6937.2939,0.02895299846277806,0.5188711322679361,0.03204811766940785
20180223,4853.3542,6957.5203,0.02886882959224188,0.5142760027192386,0.03204811831176846
20180226,4899.0698,7023.0559,0.028599448279863746,0.5018688413183826,0.03204812631986553
20180227,4822.355,6913.0814,0.029054397563681826,0.5254755434782609,0.03204810853014006
20180228,4789.7758,6866.3776,0.02925203120430922,0.5392190152801358,0.03204811969144106
20180301,4796.3818,6875.8476,0.02921172866034243,0.5339443312966734,0.03204810358972199
20180302,4783.9146,6857.9752,0.02928785637038855,0.5422463522225992,0.03204810358972199
20180305,4777.4004,6848.6368,0.02932779515576867,0.5434192672998643,0.032048107179073915
20180306,4841.2609,6940.184,0.028940938733322447,0.517124448965751,0.03204810965592375
20180307,4822.2031,6912.8636,0.02905531604401513,0.5250847457627119,0.03204810965592375
20180308,4867.4048,6977.6625,0.02878547643183182,0.5099966113181972,0.032048091888740915
20180309,4884.4115,7002.0424,0.028685245989759342,0.5047425474254743,0.03204808685596938
20180312,4894.363,7016.3084,0.0286269270298178,0.5015238740264139,0.03204809256317498
20180313,4864.3836,6973.3315,0.028803360869036815,0.5104942450914015,0.03204809760796978
20180314,4845.202,6945.8336,0.028917389446863655,0.516751269035533,0.032048096872686394
20180315,4851.2768,6954.5422,0.028881190069874673,0.5148849797023004,0.03204810839447059
20180316,4813.0802,6899.7856,0.029110404413144702,0.528576259722692,0.03204812206465091
20180319,4791.6057,6869.0008,0.029240864779329964,0.5382014874915484,0.03204811799321572
20180320,4790.3361,6867.1808,0.029248619485022918,0.5397093612706996,0.03204812304423088
20180321,4781.544,6854.5768,0.029302395360294775,0.5445945945945946,0.032048117003338206
20180322,4743.8208,6800.4987,0.0295353951331475,0.5558932792975346,0.03204809996651359
20180323,4607.2898,6604.775,0.03041066115521562,0.5968939905469277,0.03204812397582235
20180326,4568.444,6549.0875,0.030669245141602068,0.6139048261896727,0.03204812397582235
20180327,4586.7743,6583.9001,0.031844730480212774,0.6771255060728745,0.03338777329750875
20180328,4521.3011,6489.9192,0.03230587031973947,0.7001686340640809,0.03338776748940897
20180329,4599.4342,6602.0722,0.03175707286193928,0.6709372892784895,0.03338776748940897
20180330,4601.8686,6605.5666,0.03174026425826316,0.6693629929221436,0.033387757135644236
20180402,4578.5139,6572.043,0.03190216927064555,0.6795822102425876,0.033387757135644236
20180403,4533.2156,6507.0214,0.03222095274962914,0.6948467497473897,0.03338775706801633
20180404,4529.7562,6502.0558,0.032245545255109836,0.6966329966329966,0.03338774061889449
20180409,4520.9159,6489.3663,0.032308593198585665,0.7007741501178054,0.03338773443629939
20180410,4597.2046,6598.8718,0.031772445520070566,0.67092866756393,0.03338773443629939
20180411,4622.6088,6635.3372,0.03159782729073006,0.6612848974100235,0.03338772530610101
20180412,4580.8123,6575.3421,0.03188613392760253,0.6785474108944183,0.03338772530610101
20180413,4559.8496,6545.2521,0.032032727236382307,0.6850420168067227,0.03338773058551214
20180416,4483.7867,6436.0707,0.032576108609462896,0.7258064516129032,0.03338770803267943
20180417,4432.0503,6361.8078,0.03295638181674077,0.7544507893852872,0.03338771255531636
20180418,4450.4956,6388.2843,0.0328197924558785,0.7447951645399598,0.03338771255531636
20180419,4492.1984,6450.3596,0.03285856655321444,0.7479019805303794,0.03374263230597396
20180420,4429.9219,6360.9367,0.03332051155677662,0.776510067114094,0.0337426471865121
20180423,4431.9247,6363.8126,0.03330545088169009,0.7745722911774572,0.033742643929555616
20180424,4521.8823,6492.9829,0.03264287670630421,0.7283702213279678,0.033742642982749205
20180425,4508.5838,6473.8875,0.03273915999949237,0.7371773382500838,0.033742642982749205
20180426,4440.7429,6376.4746,0.032856574143201873,0.7473190348525469,0.033338642839646715
20180427,4440.9043,6383.4004,0.03390514257105593,0.809715242881072,0.034423403012294074
20180502,4461.7128,6413.3108,0.03374700353615609,0.8024112525117214,0.034423389620843015
20180503,4494.8965,6461.0093,0.03349786533214122,0.7884164713759625,0.034423389620843015
20180504,4482.6043,6444.7888,0.033814517329925985,0.8055555555555556,0.03465592189447109
20180507,4549.2201,6540.5645,0.033319359682234484,0.775175644028103,0.03465592189447109
20180508,4586.6751,6594.4147,0.03304727174786294,0.7612040133779264,0.03465592133606932
20180509,4581.5762,6587.0839,0.03273074248577367,0.73386827148111,0.0342668349464339
20180510,4608.9421,6626.4289,0.032536422485707074,0.7179144385026738,0.034266856623137665
20180511,4588.7785,6597.439,0.03267937375069765,0.7283661877714668,0.034266837243149384
20180514,4608.9631,6626.459,0.03241525578899284,0.7040748162992652,0.03413119704851164
20180515,4628.1632,6654.0637,0.03228079195214799,0.6941569282136895,0.03413120946552661
20180516,4601.8813,6617.0945,0.03258865884103055,0.7229639519359146,0.034258932308614654
20180517,4585.0769,6594.4643,0.03267289836058122,0.7283950617283951,0.034196626495916815
20180518,4628.8163,6658.1894,0.0319315472541796,0.6751167444963309,0.033682935453703156
20180521,4650.2242,6688.9831,0.030605317582647534,0.6035345115038346,0.032325549049369684
20180522,4637.4246,6670.5718,0.030491044911992064,0.5943333333333334,0.03209917465659706
20180523,4591.5073,6604.5234,0.03014505889760236,0.5798067310896368,0.031370288065119434
20180524,4561.8194,6561.8196,0.030341240161167096,0.5872751499000666,0.031370288065119434
20180525,4551.3759,6551.6359,0.03114991168941412,0.6350316350316351,0.0321325230022218
20180528,4564.4349,6572.212,0.03123259447077152,0.640479360852197,0.03230216650354145
20180529,4551.2635,6555.5519,0.03167472492615945,0.6599001663893511,0.0326652715943776
20180530,4466.2814,6433.859,0.03238835210681162,0.7019294743845642,0.0327798322203785
20180531,4559.6164,6571.4366,0.03220108676451845,0.6887263052876621,0.033271147289440695
20180601,4527.0924,6524.5622,0.032432422931045306,0.707779255319149,0.033271140266314614
20180604,4559.6793,6571.5272,0.03142437204186541,0.6480558325024925,0.0324262498223693
20180605,4579.5284,6606.4085,0.031592881961665306,0.6554817275747509,0.03270243317802568
20180606,4578.864,6607.5083,0.03182403723965602,0.6692128860843574,0.032931524139551804
20180607,4549.3562,6574.9221,0.0335529095324903,0.7934926958831341,0.03450411721549851
20180608,4486.994,6500.5686,0.03645185508180907,0.8898108197809492,0.03702066494060019
20180611,4480.9762,6491.9416,0.03521085308525646,0.8553417385534173,0.0356333038570944
20180612,4535.4677,6570.8877,0.034677955160161936,0.8381426202321725,0.035514391903001874
20180613,4501.3921,6521.5196,0.034522280034470894,0.8338859416445623,0.03507130563423133
20180614,4481.2387,6492.3219,0.0346775535140807,0.8379184620483925,0.03507132323654294
20180615,4460.9917,6475.6664,0.03629872209084177,0.882703777335984,0.03658452083301378
20180619,4291.9818,6230.3281,0.036924055871636254,0.9016230539913879,0.03578349249806667
20180620,4315.1399,6266.9548,0.037163211430081236,0.909933774834437,0.03623805640192246
20180621,4276.1777,6213.4644,0.035832760199937336,0.8695796094008607,0.03458171465961435
20180622,4291.5,6241.0452,0.035602979120844494,0.8639973527465254,0.03449901886279694
20180625,4252.127,6183.7858,0.03311334060308783,0.7638107839894145,0.03166426037911352
20180626,4202.3565,6112.5431,0.033387113599275854,0.7804232804232805,0.03155579945360776
20180627,4151.267,6042.1116,0.03420784547465276,0.8231404958677686,0.03199142862259041
20180628,4096.8811,5967.8271,0.03507317559409162,0.8489755452742895,0.032447937942117644
20180629,4187.0214,6101.2093,0.03464118576979387,0.8358110340270896,0.03278251851776681
20180702,4076.2311,5939.7688,0.035461656812969415,0.8583223249669749,0.032668642357144506
20180703,4082.4669,5952.7439,0.03606114043457782,0.8735556289204358,0.03334364605147977
20180704,4042.2912,5899.0451,0.03724787611019021,0.9115511551155115,0.03419959620402069
20180705,4003.2056,5842.7651,0.03762445444615104,0.9188386671065655,0.034226536831721166
20180706,4014.8838,5863.5877,0.03710655223882942,0.9073218997361477,0.03392724644446954
20180709,4108.5541,6010.5295,0.03637675353850629,0.884272997032641,0.03419746509925825
20180710,4121.3817,6030.8812,0.03652654616474956,0.8909030982201714,0.034469473377953586
20180711,4052.9546,5934.6087,0.03724977255232951,0.9113673805601318,0.03463367466651479
20180712,4128.1795,6049.9572,0.03523092818751015,0.852437417654809,0.03344419868723736
20180713,4133.1423,6072.9099,0.03761286290701353,0.9183404675666776,0.035963517575511306
20180716,4107.222,6044.265,0.03874519761783791,0.9466754443712969,0.03695302226019215
20180717,4079.3265,6018.1939,0.038602746345322854,0.9424152681803225,0.03681608138723513
20180718,4087.3551,6030.0385,0.03742392712829559,0.9118421052631579,0.03578451597305854
20180719,4081.9136,6022.0106,0.0374309327566967,0.9118710950345281,0.0357442793042928
20180720,4154.6853,6130.1377,0.03598899626257165,0.8685075608152532,0.0350062487924101
20180723,4195.7148,6193.4437,0.03434828612056003,0.8228721656260269,0.03381214661893295
20180724,4250.7613,6276.4581,0.03418370419591422,0.8180026281208935,0.03410184294817231
20180725,4244.1339,6266.6724,0.03369699916896724,0.7934318555008211,0.03357413723010727
20180726,4216.1812,6225.3989,0.033455316943295364,0.7787261982928431,0.03312887495025163
20180727,4201.0621,6209.1308,0.03453364559978905,0.8280275680997703,0.03412012079635529
20180730,4204.8687,6214.7569,0.0340200415682082,0.8097112860892388,0.03366292760362155
20180731,4207.7815,6222.3876,0.034531235902714175,0.8278123975073794,0.03421567307723272
20180801,4129.2559,6106.2654,0.035001597744959916,0.8426229508196721,0.03404244093472131
20180802,4046.94,5984.5382,0.035713534620048976,0.8626679777122255,0.034042435909660496
20180803,3995.2183,5910.5068,0.036591187908024445,0.8915465268676278,0.034471883463276676
20180806,3943.2896,5833.6838,0.037073064771522946,0.9050114641336391,0.034471895846854395
20180807,4043.7615,5983.8882,0.036005109087845995,0.8690242305173543,0.03437115635307553
20180808,3988.7085,5905.7566,0.03703916241872853,0.9037643207855974,0.03493069300089102
20180809,4059.2482,6010.6755,0.03626516879118519,0.8772905759162304,0.03482159625634118
20180810,4049.1519,6000.8588,0.037211746300261445,0.9093882891723912,0.035707561499632945
20180813,4025.8968,5966.3946,0.03742669075668117,0.9120340091563113,0.035707557245723276
20180814,4023.0395,5962.1601,0.03745327182646526,0.9136972866949984,0.03570755728338382
20180815,3942.0715,5843.6856,0.0382560988827601,0.9326797385620915,0.035774656514003134
20180816,3919.1037,5809.6384,0.038480293286917086,0.9382554720679517,0.03577465329499385
20180817,3875.7509,5745.9869,0.03901763048695889,0.9526453298497713,0.03588538800303387
20180820,3912.0039,5799.7339,0.03865606628737437,0.9438459027097617,0.035885407418647874
20180821,3961.2622,5872.7617,0.03809627933117661,0.9288511749347258,0.03581374330984777
20180822,3935.273,5834.2314,0.03834784471314002,0.935073409461664,0.035813717540661205
20180823,3945.7335,5851.7616,0.03859183849227584,0.9412915851272016,0.036171754236851594
20180824,3956.0101,5871.4713,0.039253285116032134,0.9566351483534399,0.03696100351669562
20180827,4039.0327,5994.6926,0.03844640834879107,0.9357887874837028,0.036960982692787026
20180828,4034.7187,5988.2898,0.03848751599915011,0.9374389051808406,0.036960982692787026
20180829,4010.281,5952.0196,0.03872204679229392,0.9456026058631922,0.03696097998705428
20180830,3990.2266,5922.255,0.03891665915220135,0.950504721589059,0.03696097998705428
20180831,3970.5239,5893.0124,0.03891797217682994,0.9505208333333334,0.03678889627209214
20180903,3960.5335,5878.1848,0.038445599763326274,0.9342661893914741,0.0362849434269108
20180904,3999.4185,5935.8976,0.038071799201967405,0.9251789199739753,0.036284938963582425
20180905,3934.8711,5841.8223,0.03860502088588047,0.9411382113821138,0.036253888774738785
20180906,3897.0319,5785.6451,0.038979857201937695,0.9515604681404422,0.03625388124252904
20180907,3910.1316,5805.0934,0.03884928613699225,0.9476763080922977,0.0362539009567413
20180910,3874.4183,5752.0724,0.03920736444854805,0.9564652371669915,0.036253880725429344
20180911,3865.6747,5739.0914,0.039296045865996936,0.9577784995128289,0.036253880725429344
20180912,3858.468,5730.3867,0.03971763229912519,0.9639610389610389,0.036614694763088984
20180913,3893.639,5782.6208,0.039358843634432844,0.9578059071729957,0.0366146772678313
20180914,3902.8405,5796.2863,0.03926604957848764,0.9561972744970798,0.0366146772678313
20180917,3866.8479,5742.8321,0.03963152286301973,0.9620499513460915,0.03661466596109508
20180918,3925.443,5829.8543,0.03903993661703761,0.9516861219195849,0.03661466038774752
20180919,3980.147,5911.0977,0.038503363296329,0.9341977309562399,0.03661466038774752
20180920,3977.7148,5910.1567,0.03897904625916552,0.9491250810110174,0.037083359440272856
20180921,4082.4489,6065.7725,0.03797905889802968,0.9180434078393263,0.037083369662716636
20180925,4049.1204,6016.2524,0.03826013317316321,0.9255181347150259,0.03705499699270676
20180926,4076.5325,6056.9818,0.038002863384430464,0.9184202007122046,0.03705500257454908
20180927,4065.0344,6040.5144,0.03821243915148623,0.9239482200647249,0.03716087076598673
20180928,4108.7303,6105.4451,0.03761543882305136,0.9090909090909091,0.03698755239822438
20181008,3963.2507,5889.2669,0.03899618290465476,0.9498706338939198,0.03698754264656978
20181009,3954.8607,5876.7996,0.03907890836042747,0.9518267054639509,0.03698754036463403
20181010,3960.9608,5885.8642,0.039018719326543196,0.9502262443438914,0.0369875367807464
20181011,3770.5396,5602.9042,0.04085429203068986,0.9744749596122778,0.03687446121189142
20181012,3812.2711,5664.9159,0.040407075439016005,0.9715762273901809,0.03687446121189142
20181015,3737.9712,5554.5087,0.04121025002470179,0.9770745883112689,0.036874466540162354
20181016,3700.2303,5498.4268,0.041630578436465046,0.9803098773402195,0.036874466540162354
20181017,3728.1697,5539.9438,0.04131857285331695,0.9777347531461762,0.03687444976153231
20181018,3651.0906,5425.4067,0.042190866471990406,0.9829032258064516,0.03687445675415835
20181019,3752.4192,5575.9778,0.04105155735031133,0.9751693002257337,0.03687445150580548
20181022,3904.4123,5801.8349,0.03945349610327761,0.9571244358478401,0.03687446847289211
20181023,3812.2202,5666.1804,0.04064417143481059,0.9716403480502739,0.0371197512360002
20181024,3811.7329,5666.7088,0.04087047547337375,0.9732603092783505,0.03734906692836781
20181025,3821.6018,5681.3803,0.04076493160551207,0.9723027375201289,0.03734906692836781
20181026,3823.6392,5684.4093,0.04074321485171784,0.9719896973599484,0.03734907432565748
20181029,3729.1335,5543.9124,0.041775751241153083,0.9810106211779852,0.03734907432565748
20181030,3765.1615,5597.4735,0.041376015603443825,0.9781209781209781,0.037349084611665084
20181031,3808.4147,5661.7758,0.040906095837696776,0.9729816661305886,0.03734908367942058
20181101,3815.7336,5672.6564,0.040827634483679154,0.9713826366559486,0.03734908367942058
20181102,3916.0266,5821.7569,0.03978197980400282,0.9607843137254902,0.037349065634810996
20181105,3903.1469,5802.6093,0.039913253357986046,0.9617609254498715,0.037349065634810996
20181106,3894.7942,5790.1917,0.03999885054597695,0.962415676196595,0.037349065634810996
20181107,3876.5488,5763.0673,0.04018711103415235,0.9637122671804753,0.037349070504486104
20181108,3871.1788,5755.084,0.040242858432492576,0.965008025682183,0.037349071404951584
20181109,3830.2306,5694.2083,0.040673078215297295,0.9698331193838254,0.03734906448715991
20181112,3891.6365,5785.4974,0.040031313855281025,0.9615014436958614,0.03734907883797489
20181113,3925.0682,5835.1986,0.039690341256179484,0.9567030147530469,0.03734907316618474
20181114,3893.8333,5788.7633,0.040008716484502965,0.961205514588009,0.037349069020508496
20181115,3929.0841,5842.0161,0.039794813191414286,0.9586538461538462,0.03749953164148301
20181116,3957.7398,5884.6232,0.039506680325359124,0.9519384812560077,0.037499530193551234
20181119,3999.46,5946.6555,0.039094568000445126,0.9439461883408071,0.03749953050177357
20181120,3911.2148,5815.4469,0.039976634390102433,0.9606147934678194,0.03749954194671923
20181121,3924.0408,5834.5174,0.03984595489006842,0.9590268886043534,0.03749953099646697
20181122,3911.1234,5815.311,0.0399775597653189,0.96064,0.03749953544488083
20181123,3822.9826,5684.2576,0.04089925882068365,0.972808701215611,0.037499533676466745
20181126,3822.0758,5682.9092,0.040908954924257016,0.9731371921969939,0.03749952761474962
20181127,3813.2116,5669.7294,0.04100406346524112,0.97346547314578,0.03749953954097873
20181128,3855.168,5732.1128,0.0405577924549934,0.9677213167146053,0.037499525266530664
20181129,3813.6279,5670.3483,0.04099957057628759,0.9731629392971246,0.03749952597783879
20181130,3846.9489,5719.8922,0.04064444180007109,0.9680613222612584,0.03749952607860507
20181203,3945.492,5866.4125,0.0396293099226301,0.9514687100893997,0.037499535174687404
20181204,3957.1168,5883.697,0.03951288649411065,0.949569103096074,0.03749953121736649
20181205,3943.3657,5863.2508,0.039650673779086314,0.9521378430121251,0.03749953121736649
20181206,3879.0123,5767.5661,0.04030848800997617,0.9642743221690591,0.037499537271684424
20181207,3901.0377,5805.9293,0.041048854394418854,0.9744897959183674,0.038503784498691074
20181210,3864.7407,5751.9084,0.04143436331804541,0.9786420146636914,0.038503773794110074
20181211,3880.9981,5776.1043,0.04126079584884031,0.9754620777565328,0.038503773794110074
20181212,3907.6491,5815.769,0.04097936866006871,0.9719655941382606,0.0385037568161235
20181213,3956.9631,5889.1632,0.04011421853539475,0.9589171974522293,0.038196281433745316
20181214,3898.8762,5802.7124,0.04071188149655192,0.967844635466412,0.03819630893902737
20181217,3924.7503,5841.2209,0.04044347567438247,0.9646721833227244,0.03819629946372416
20181218,3896.4885,5799.1588,0.040736822848950006,0.9681832643970728,0.03819630491251913
20181219,3870.4618,5760.4231,0.04101075529474827,0.97264631043257,0.03819630491251913
20181220,3867.2801,5755.6878,0.0410444798124362,0.9732909379968203,0.03819629233763289
20181221,3839.9327,5714.9865,0.04133679217697911,0.9767959313413859,0.03819629233763289
20181224,3867.2356,5755.6214,0.041044952108293134,0.9733079122974261,0.03819629233763289
20181225,3843.1058,5719.7091,0.04130269223713035,0.9761753494282084,0.038196323701115587
20181226,3841.5328,5717.3679,0.04131960453185005,0.9765004763416958,0.038196323701115587
20181227,3823.9246,5691.1616,0.04150987569733289,0.9787301587301588,0.0381963295798573
20181228,3836.87,5710.4283,0.041369820749729176,0.9774674706442399,0.038196327602456615
20190102,3779.2468,5624.6675,0.042000587525916434,0.9819162436548223,0.03819632027194886
20190103,3756.7586,5591.1982,0.042252005759816344,0.9838249286393911,0.03819632027194886
20190104,3830.9277,5701.5843,0.04143396146983732,0.9774889029803424,0.038196303679083776
20190107,3883.3566,5779.6144,0.04087456472978364,0.9670364500792393,0.038196303679083776
20190108,3890.5271,5790.2863,0.040799228011919646,0.9651457541191382,0.038196302346285904
20190109,3923.412,5839.2291,0.04045727410405898,0.9604054482103263,0.03819631623006203
20190110,3907.759,5815.9326,0.0406193083993898,0.9616846105129829,0.03819629727559626
20190111,3923.1416,5838.8266,0.040460043543043916,0.9601139601139601,0.03819630044856637
20190114,3917.0738,5829.796,0.04052274103796865,0.9607594936708861,0.03819632357695091
20190115,3954.3081,5885.2119,0.04014117342652481,0.9531793736159443,0.03819632357695091
20190116,3959.031,5892.241,0.04009328418280909,0.9519291587602783,0.038196320987508026
20190117,3950.5375,5879.6001,0.04017948462355142,0.9535251343661081,0.03819632250240157
20190118,3994.5564,5945.1136,0.039736707363266004,0.9456384323640961,0.038196313769519596
20190121,4000.7156,5954.2803,0.03967553172558963,0.9437598736176935,0.038196313769519596
20190122,3962.7089,5897.7148,0.040056053663339516,0.9510423246999369,0.03819630631141524
20190123,3979.6255,5922.8919,0.039885790361253705,0.9479002210293653,0.0381963142558468
20190124,3994.1647,5944.5305,0.03974060168557883,0.9450757575757576,0.0381963142558468
20190125,4013.5691,5973.4102,0.03954844731727134,0.9397286210160934,0.03819629928264945
20190128,4014.5273,5974.8363,0.03953900898882493,0.9394321766561514,0.03819630054854595
20190129,4025.0184,5990.4502,0.039435943112835894,0.9366130558183539,0.0381962935021567
20190130,4000.7395,5954.3158,0.0396752631109874,0.9426229508196722,0.03819629260955826
20190131,4012.0687,5971.177,0.03956322346169298,0.939489442168295,0.03819628818372145
20190201,4065.2377,6050.3088,0.03904580760390192,0.9278512917454317,0.03819631846626792
20190211,4126.9981,6142.2269,0.038461488290563735,0.9074015748031496,0.03819631846626792
20190212,4163.6749,6196.8132,0.038122696308541634,0.8979848866498741,0.038196325997465586
20190213,4216.6085,6275.5944,0.03764409981693656,0.8854265029902424,0.03819630949980923
20190214,4216.8263,6275.9187,0.03764217898315349,0.8851478917558213,0.03819633388932431
20190215,4159.9385,6191.2523,0.03815694158110002,0.8983957219251337,0.03819633388932431
20190218,4260.3113,6340.6375,0.037257963256907244,0.8754716981132076,0.03819633216020968
20190219,4255.2193,6333.0591,0.03730254379783105,0.8758252121974222,0.038196329599445855
20190220,4258.2487,6337.5677,0.037276003870826586,0.8752357008170961,0.03819632769525927
20190221,4230.3796,6296.0901,0.0375215864022736,0.882186616399623,0.03819634208922795
20190222,4287.4095,6380.9679,0.037022482560340166,0.8668341708542714,0.038196339944251756
20190225,4470.2635,6653.1102,0.03550809553906313,0.820094191522763,0.038196339944251756
20190226,4453.7772,6628.5735,0.03563952250599534,0.8254865034526051,0.03819632899750869
20190227,4444.2202,6614.3498,0.03571616585455361,0.8267963602133668,0.038196332034682534
20190228,4440.8664,6609.3583,0.03574313916702322,0.8281053952321205,0.038196332034682534
20190301,4502.0344,6700.395,0.03525750995177298,0.814989024772656,0.03819633672333045
20190304,4555.7983,6780.4119,0.03484142892393289,0.8018808777429467,0.03819633672333045
20190305,4608.0176,6858.1301,0.034446599011589585,0.7881541836414917,0.03819633939188205
20190306,4664.2342,6941.7975,0.03403142318216306,0.7734962406015038,0.03819633809514422
20190307,4658.764,6933.6561,0.034071373837989374,0.7770122142186032,0.038196330039339754
20190308,4469.6472,6652.1929,0.03551298704360044,0.8199749530369442,0.03819633775932152
20190311,4562.2607,6790.03,0.03479207633911448,0.8012519561815337,0.03819633819414303
20190312,4598.8543,6844.4923,0.034515231881414865,0.7900500625782227,0.03819633819414303
20190313,4557.1027,6782.3533,0.03483146561503213,0.801689083515796,0.03819634809195627
20190314,4493.9759,6688.4014,0.03532073889936472,0.8161350844277674,0.03819634448122389
20190315,4574.0335,6807.5514,0.034702524913392596,0.7961863082213192,0.03819633635462827
20190318,4703.4712,7000.194,0.03374752491063245,0.758125,0.03819633635462827
20190319,4679.0672,6963.8735,0.03392353855110211,0.7660106216807248,0.03819633781116538
20190320,4685.0497,6972.7773,0.03388022365406215,0.7635852592129919,0.03819634116260917
20190321,4705.451,7003.1406,0.033733324308480965,0.7555416796753044,0.03819633542140499
20190322,4734.3988,7046.2237,0.033527061730178234,0.7453183520599251,0.03819633034655756
20190325,4662.4456,6939.1356,0.034044485550396276,0.7731669266770671,0.038196348390971524
20190326,4592.3513,6834.8139,0.03456410394802723,0.7916406737367436,0.03819633680054735
20190327,4659.7669,6935.1488,0.03406403185434314,0.7748674773932024,0.038196323977757185
20190328,4612.9753,6865.5086,0.03440955951258047,0.7864713216957606,0.038196323977757185
20190329,4742.9552,7058.9583,0.033466583703218936,0.740417575568713,0.038196336961986876
20190401,4881.1092,7264.5733,0.03251935179024831,0.6725856697819315,0.038196336961986876
20190402,4885.6086,7271.2698,0.032489406669945806,0.669884771099346,0.03819634066676336
20190403,4954.0193,7373.0858,0.032040747572053385,0.6382316313823163,0.03819633001168565
20190404,5021.842,7474.0265,0.03160801989755564,0.6150015561780268,0.03819633001168565
20190408,5071.9967,7549.8552,0.03027833556654849,0.5466708151835719,0.03701296404768706
20190409,5066.9395,7542.3274,0.03030855964828517,0.5477449455676516,0.03701296813991051
20190410,5080.5407,7562.5733,0.03022742132548963,0.5450870646766169,0.03701296941158505
20190411,5018.3902,7470.06,0.03060177224678651,0.5645010879701585,0.037012966766814204
20190412,4993.3498,7432.7864,0.0307552324785869,0.5736482287134866,0.037012966766814204
20190415,4940.2172,7353.6965,0.031086006173516662,0.5908667287977633,0.03701296412048838
20190416,5011.6597,7460.0414,0.03064287133618916,0.5661490683229814,0.03701296760296824
20190417,5032.0236,7490.3538,0.03051886389560342,0.558211735485874,0.03701296760296824
20190418,4968.6238,7395.9809,0.03090829291494247,0.5794537554314091,0.03701297520566693
20190419,4993.6784,7433.2755,0.030753217867324927,0.5730685696556004,0.03701297520566693
20190422,4891.7212,7286.2257,0.03204204414274827,0.6395781637717122,0.03768479669497449
20190423,4854.2647,7230.4342,0.032289279689516434,0.6533333333333333,0.037684788399580116
20190424,4897.1929,7295.5913,0.032172866027219145,0.6460012399256044,0.03785769780159076
20190425,4769.5611,7105.4519,0.03303380042709719,0.7164549116826774,0.037857697136599144
20190426,4705.7223,7010.348,0.03348194378198776,0.7425650557620818,0.037857697136599144
20190429,4672.4299,6960.7507,0.03339030358784625,0.7367606069990709,0.03750135987171754
20190430,4735.7371,7059.9074,0.03363064521232823,0.7523219814241486,0.038213813426865695
20190506,4475.7656,6672.349,0.03558404531115018,0.8251315382234602,0.038213802100758976
20190507,4534.7066,6760.2167,0.03512154278374654,0.812190594059406,0.03821381262120127
20190508,4471.7038,6682.6822,0.03807476818836651,0.8979276214042685,0.040766147499384786
20190509,4400.1224,6575.7083,0.03869417088876106,0.9180581323438466,0.04076614813116963
20190510,4521.1071,6756.5125,0.03662759037646307,0.8571870170015456,0.039674751623549165
20190513,4480.7915,6700.3861,0.037572815257732047,0.8838071693448702,0.04031484893120263
20190514,4455.7918,6663.0026,0.0377836215861603,0.888476984862527,0.04031484893120263
20190515,4535.7319,6787.6887,0.03765440954820554,0.8866584311303274,0.040870328262167854
20190516,4556.4264,6818.6578,0.03748338973794473,0.8802099413399197,0.040870328262167854
20190517,4441.8247,6647.1573,0.0384504955350482,0.9083333333333333,0.040870340970415864
20190520,4406.0276,6593.5872,0.038762880393325705,0.9203949398333847,0.04087033189971123
20190521,4490.1695,6719.5049,0.038036475966414955,0.8948180135718692,0.04087031008460684
20190522,4460.095,6683.8889,0.03969984326978811,0.9451125501079247,0.04233469664767564
20190523,4403.7754,6599.4884,0.040207562008808526,0.9553020961775586,0.04233469664767564
20190524,4399.022,6597.6039,0.041045693360179505,0.9719568567026194,0.04316302476089007
20190527,4449.3151,6679.8822,0.041480399143227056,0.9784349969192853,0.04410478376811189
20190528,4489.7334,6742.3627,0.04113645897626492,0.9722821065599014,0.04414071367874439
20190529,4477.0117,6726.4856,0.041606491202231165,0.979371921182266,0.044513741758017256
20190530,4468.9045,6718.3956,0.0422911990111199,0.9846106494305941,0.04515008946671362
20190531,4469.5125,6723.688,0.04293705372995554,0.988,0.04583111731916012
20190603,4425.7077,6664.7915,0.044413584281017875,0.9913872654567826,0.04693085903344496
20190604,4377.4695,6599.2266,0.04597675286941803,0.9944649446494465,0.04805499711679162
20190605,4358.3891,6577.9429,0.04654480623656003,0.9947740547187212,0.04847338456690187
20190606,4303.8016,6501.7874,0.04780749484279586,0.9953902888752305,0.04919529532700051
20190610,4341.986,6559.473,0.0470183871178402,0.9950844854070661,0.04882639753093332
20190611,4460.8018,6743.2034,0.046283302901376874,0.9938574938574939,0.049369012180004335
20190612,4416.9965,6679.1405,0.04657407697408369,0.9941664108074916,0.04920866411099767
20190613,4402.203,6663.4158,0.04772884894890638,0.9950890116635973,0.0502560481929637
20190614,4357.2443,6601.2468,0.04911330546453982,0.9993863148204971,0.051192858834269384
20190617,4355.131,6602.3723,0.048793354006474075,0.9984662576687117,0.05088325888490908
20190618,4350.5059,6597.3986,0.04882626754860302,0.9984667279975468,0.050880523624377005
20190619,4373.7491,6645.8253,0.0489702098820664,0.9984671980380135,0.051367962639405906
20190620,4446.1375,6755.818,0.04571795032592359,0.9911124731841864,0.04881659819308948
20190621,4449.9508,6768.271,0.04664939546373156,0.9926470588235294,0.04983469148568198
20190624,4465.8858,6792.5077,0.0464829429053803,0.9917304747320062,0.04983469148568198
20190625,4413.8151,6715.4191,0.047345570486619006,0.9935701163502756,0.05016461104575187
20190626,4416.4573,6721.4909,0.04762258292900966,0.9935720844811754,0.05048526595318581
20190627,4438.9167,6760.3588,0.04610397010214819,0.9905140758873929,0.049155959492109824
20190628,4406.9071,6727.8996,0.04886607649937176,0.9981645763230346,0.0517025022000519
20190701,4486.7653,6849.8168,0.04753419176030516,0.9929663608562691,0.05119738417144659
20190702,4511.8725,6888.1474,0.04679735910789045,0.9914399266279426,0.05067377682908725
20190703,4501.2198,6874.7535,0.04651273080102218,0.9902200488997555,0.05021701147474911
20190704,4491.0135,6859.1653,0.04661843586834707,0.9908340971585701,0.05021701147474911
20190705,4508.1218,6890.3043,0.0469955465978299,0.9920586438607208,0.05078549576031377
20190708,4391.9857,6727.7777,0.04986204179389886,1.0,0.05245367918030386
20190709,4404.0334,6749.5969,0.04946402870626144,0.9993894993894994,0.05211863039725384
20190710,4367.0151,6696.7959,0.05014446508040956,1.0,0.052378524418022154
20190711,4360.9748,6688.5248,0.050362205549799054,1.0,0.0525345778007722
20190712,4374.9531,6727.1612,0.052154334033864824,1.0,0.05454291132231526
20190715,4400.4132,6766.3099,0.05109165206729213,0.9996951219512196,0.05367011586056614
20190716,4399.2023,6765.8024,0.05118773936836732,0.9996952148735142,0.05374421211437164
20190717,4394.8238,6763.2543,0.05126903778774765,0.9996953077391835,0.05371742478007935
20190718,4330.7755,6670.8912,0.05135464116844462,0.999695400548279,0.0529186550082541
20190719,4356.663,6722.2787,0.05251609869459016,1.0,0.054447517216704266
20190722,4303.8912,6644.6481,0.05311901291549236,1.0,0.054364339157343844
20190723,4324.948,6682.2695,0.052805078499106095,0.9996956786366403,0.05426484384057462
20190724,4348.9616,6719.3717,0.05005339140455005,0.9969577121995741,0.05154284818302712
20190725,4361.7969,6739.2029,0.04843309369178274,0.9914841849148418,0.04990048071399977
20190726,4372.9903,6756.6998,0.04601126708079173,0.9838856795378534,0.047318467361992855
20190729,4368.1196,6749.174,0.04606256010246195,0.9838905775075988,0.04731845377512678
20190730,4393.8581,6789.8114,0.04592071900452992,0.9829838954725008,0.04745249568962939
20190731,4350.9547,6728.47,0.046991206482198254,0.9872417982989065,0.04809348567151539
20190801,4320.2128,6680.9296,0.04689135441230398,0.9869419981779533,0.04762507325672405
20190802,4253.1394,6577.2049,0.047350781656815825,0.9884638737097754,0.04733158849000496
20190805,4184.1586,6475.0224,0.04882561553172082,0.9936267071320182,0.048058646364542934
20190806,4109.8134,6359.9726,0.049708857702827916,0.9963592233009708,0.04805864916323577
20190807,4099.1431,6343.4602,0.048837689533323785,0.9936305732484076,0.047036438831251415
20190808,4129.1967,6389.9684,0.048482233377370086,0.990600363856883,0.047036438831251415
20190809,4091.6853,6334.394,0.04876763635852446,0.9924219460442558,0.04688585542823365
20190812,4151.9734,6427.7269,0.0480595237868124,0.9881818181818182,0.04688586641545989
20190813,4117.793,6381.371,0.04948738119408577,0.9957588609512269,0.0479630404031095
20190814,4138.5042,6413.4673,0.048838793213281564,0.9933373712901272,0.04752799488459658
20190815,4146.7767,6430.6481,0.04941994808778168,0.9951559188616409,0.04823883052541644
20190816,4151.9481,6438.6677,0.049103322524069945,0.9942493946731235,0.04796437342471904
20190819,4232.7618,6563.9902,0.0476333965893454,0.9860816944024205,0.04737260662388265
20190820,4230.3766,6560.2913,0.04758417921984081,0.985480943738657,0.047289575961256824
20190821,4222.6847,6548.363,0.04684988822540169,0.9827638342908981,0.04639370322801328
20190822,4220.3955,6545.9412,0.04704768037222461,0.9842805320435308,0.0465740807099424
20190823,4229.0487,6559.3625,0.04695140978976221,0.9827742520398912,0.046574075508649004
20190826,4181.7443,6485.9921,0.047237201370881395,0.9842900302114803,0.04630178161548959
20190827,4236.4421,6570.8297,0.04662730538741963,0.9806704922983993,0.04630177680251757
20190828,4240.3692,6576.9209,0.046486431193479005,0.9791666666666666,0.04618995528627745
20190829,4219.5649,6544.6528,0.04671559990759128,0.9809840024147298,0.04618992175094139
20190830,4196.7733,6509.3024,0.04696930010747442,0.9824984912492456,0.046189921475801476
20190902,4257.8691,6604.0636,0.04629535016427289,0.9779788838612368,0.0461899304017126
20190903,4265.1451,6615.3489,0.04589660821218596,0.9755729794933655,0.04582843811208526
20190904,4319.3989,6699.4979,0.0446225078242216,0.9728670485378353,0.04503243967162307
20190905,4343.921,6737.5322,0.04437060692659562,0.9713682941531043,0.04503243967162307
20190906,4373.7625,6783.8173,0.04406789866536507,0.9710756251883097,0.04503246629468216
20190909,4401.274,6826.4882,0.043792438879373057,0.9698795180722891,0.04503246629468216
20190910,4381.2487,6795.4285,0.04399260773839487,0.9704908160192713,0.04503247412472455
20190911,4365.5175,6771.029,0.04415113568172673,0.971101745936183,0.04503247412472455
20190912,4393.2915,6814.1071,0.04387200796375109,0.9699067108034908,0.04503246468154942
20190916,4393.7295,6814.7866,0.04386764646780965,0.9696149217809867,0.04503247617298323
20190917,4320.9414,6703.9155,0.044639754250641546,0.9729323308270676,0.045039520395995014
20190918,4346.5862,6743.7032,0.04437638030218359,0.9711365003006615,0.045039520395995014
20190919,4355.5272,6757.5751,0.04428526765694945,0.9705440336639616,0.045039500514641784
20190920,4367.6231,6776.3417,0.044162621962303396,0.9702524038461539,0.045039500514641784
20190923,4309.9999,6686.9398,0.04475308446733595,0.9729648543106038,0.04503952518334198
20190924,4312.8502,6691.362,0.04441200082284158,0.9708708708708709,0.04467577871852413
20190925,4255.694,6609.8487,0.04609351549136607,0.9771840288201741,0.045809291179351064
20190926,4227.6949,6566.3612,0.046398794297398085,0.9780912364945978,0.045809303226752585
20190927,4216.9991,6549.7487,0.04651646995180336,0.978997899789979,0.04580929400549261
20190930,4193.8942,6513.8626,0.04677273735754513,0.9808038392321535,0.04580929400549261
20191008,4225.8166,6563.4438,0.04641941619072681,0.9775112443778111,0.04580930083080803
20191009,4262.8558,6620.9723,0.04559417075634211,0.9733213429256595,0.04533664073936139
20191010,4287.3174,6658.9655,0.045334016969975105,0.9724303266406953,0.04533662653141457
20191011,4312.5793,6698.2017,0.04506846280305374,0.9715398442180947,0.04533662653141457
20191014,4360.7759,6773.0596,0.04457035044084277,0.9697514225816113,0.04533662383698589
20191015,4330.1878,6725.5509,0.044789351591796256,0.9706586826347305,0.04522991401592291
20191016,4312.4909,6698.0644,0.04497315086107352,0.9712660879976055,0.04522991401592291
20191017,4298.5442,6676.4027,0.04511906738589949,0.971573907839617,0.0452299144021473
20191018,4241.1916,6587.3239,0.04572920153408477,0.9739754711337122,0.0452299144021473
20191021,4257.1807,6612.1578,0.04555744540844534,0.9727870813397129,0.0452299069904849
20191022,4276.5637,6642.2631,0.04535097063179964,0.971898355754858,0.045229916138605386
20191023,4258.8274,6614.7154,0.04553983915002528,0.972504482964734,0.045229916138605386
20191024,4265.6799,6625.3586,0.045466669376362616,0.9722139229160442,0.04522989905442798
20191025,4289.3986,6663.4468,0.04540270895212328,0.9716248506571087,0.04542583002321243
20191028,4311.2341,6697.3676,0.04517275857044579,0.9698417438041206,0.04542583509717546
20191029,4282.0576,6652.0428,0.04548054480098833,0.9722388059701492,0.04542582804688089
20191030,4246.2945,6596.486,0.04586359959945874,0.9740376007162042,0.045425837454610596
20191031,4220.2214,6555.9821,0.04614693553415471,0.9764319809069213,0.04542581982462557
20191101,4273.9833,6639.4996,0.04535546564410294,0.9701759618252311,0.04517858113515327
20191104,4283.2711,6653.9279,0.045060349763651794,0.9677996422182469,0.044947533727212274
20191105,4301.9492,6682.9438,0.04486471603298087,0.9669150521609537,0.0449475423132184
20191106,4270.6687,6634.3505,0.04519331153417512,0.9687127532777116,0.04494752366746457
20191107,4283.1935,6656.1231,0.045409186900838165,0.9711051534107834,0.04531119512488213
20191108,4274.701,6642.9258,0.04549940208134411,0.9717093508040501,0.0453111939606512
20191111,4197.0067,6522.1879,0.04634167955379336,0.9770765108663293,0.0453111939606512
20191112,4208.5153,6540.0724,0.046214957839537045,0.9761904761904762,0.04531119832717789
20191113,4188.0214,6508.2248,0.04644112367087661,0.9776852127343053,0.045311213774900105
20191114,4189.982,6511.2716,0.046419394074116146,0.9770969660916121,0.045311215233795554
20191115,4146.2589,6443.3255,0.04690889714463064,0.9821587867975022,0.04531121691124529
20191118,4188.182,6508.4744,0.046439330013939586,0.9771105826397146,0.04531119897074509
20191119,4232.6081,6577.513,0.04595189809961599,0.9726597325408618,0.0453112013753636
20191120,4198.8019,6524.9777,0.04632187484406188,0.9756387403446227,0.0453112013753636
20191121,4195.5942,6519.9929,0.04635727642988591,0.975942975942976,0.045311186336255416
20191122,4180.0869,6495.8944,0.04652925280501369,0.9786223277909739,0.045311186336255416
20191125,4235.1345,6581.439,0.04592448486712649,0.9715048975957258,0.04531119824658836
20191126,4226.1661,6567.5021,0.04588710448256871,0.9706231454005935,0.04515961520142464
20191127,4204.7601,6534.2369,0.046120710998801086,0.9735983387718777,0.04515961520142464
20191128,4191.528,6513.6741,0.04626630741480379,0.9741992882562278,0.045159614508446966
20191129,4183.4148,6501.066,0.04635602470978025,0.9753928253780018,0.045159602979001345
20191202,4197.9521,6523.6572,0.04619551125198616,0.973325429756965,0.0451596188210901
20191203,4214.6489,6549.6042,0.04601250093472809,0.9712592592592593,0.04515961675751545
20191204,4193.2539,6516.3562,0.04624726689391591,0.9736374407582938,0.04515961511534061
20191205,4212.4806,6546.2345,0.046036184063910884,0.9709801599052413,0.04515961511534061
20191206,4219.0519,6556.4464,0.045964476724099625,0.9698046181172292,0.04515960915086081
20191209,4237.0992,6584.4921,0.0457687017200669,0.967741935483871,0.04515961324255513
20191210,4234.7072,6580.7749,0.04579455383090397,0.9677514792899409,0.04515961252599565
20191211,4261.1683,6621.8957,0.04551016455660618,0.9653948535936113,0.04515959721169138
20191212,4266.6722,6630.4488,0.04545144947976871,0.9642223536369012,0.04515958804844833
20191213,4306.3384,6693.848,0.04529542187924945,0.9618681643511676,0.045434079520635606
20191216,4338.6284,6744.0402,0.04495832170850401,0.9592198581560284,0.04543408838747598
20191217,4372.2936,6796.3699,0.044612143606961106,0.9568685376661743,0.04543407183795978
20191218,4363.925,6783.3616,0.04383241742826891,0.9518606024808033,0.04442312292922135
20191219,4369.5944,6792.1743,0.043775549107390496,0.9506938293475051,0.044423124464681774
20191220,4349.8548,6761.4907,0.04397420213579968,0.9524793388429752,0.044423124464681774
20191223,4295.5499,6677.0781,0.04453012971321285,0.9563293006786663,0.044423124464681774
20191224,4319.6452,6714.5323,0.04428174377875469,0.9536873156342183,0.04442313116814378
20191225,4313.7281,6705.3348,0.04434248216841007,0.9539958714243586,0.0444231259387462
20191226,4362.7269,6781.4994,0.04384446200527623,0.9507665094339622,0.04442312652594538
20191227,4354.5524,6768.7928,0.04392676121289036,0.9513704686118479,0.04442311839284385
20191230,4412.5709,6858.9778,0.04334919552216247,0.9466705951679434,0.044423121999018766
20191231,4440.5917,6902.5338,0.043075650103918436,0.9463917525773196,0.044423115415891834
20200102,4503.087,6999.6775,0.042477832278959814,0.9434628975265018,0.044423115415891834
20200103,4501.6374,6997.4241,0.042491510827496755,0.9434795407712687,0.044423115415891834
20200106,4485.7783,6972.7726,0.042641733575226104,0.9443790464979399,0.0444231082930886
20200107,4522.2214,7029.4203,0.042298097821157246,0.9414533686378347,0.0444231082930886
20200108,4469.4776,6947.4345,0.04279725791046974,0.945,0.044423112178178625
20200109,4525.8725,7035.0957,0.04226397842968232,0.9406057042046457,0.044423110039507385
20200110,4508.7979,7008.5547,0.042424034044109764,0.9423868312757202,0.04442311331234783
20200113,4540.4434,7057.745,0.042128351519063224,0.9379958859829562,0.04442311331234783
20200114,4545.1634,7065.0819,0.042084609581503764,0.9374265569917744,0.04442312056572151
20200115,4521.7278,7028.653,0.042302729318014286,0.9412628487518355,0.04442312056572151
20200116,4498.1032,6991.9307,0.04252493345834155,0.9433352906635349,0.044423146165253335
20200117,4499.9952,6994.8715,0.04250704240774556,0.942764895802759,0.04442313219820626
20200120,4505.3943,7003.264,0.04245610983494075,0.9419014084507042,0.04442313879325144
20200121,4422.5625,6874.5088,0.04325128383098605,0.946611909650924,0.04442313623587757
20200122,4438.0485,6898.5805,0.04310034437102037,0.9463343108504398,0.044423112968774436
20200123,4318.0388,6712.0353,0.04429821674721644,0.9539724420990912,0.044423112968774436
20200203,3933.3853,6114.1233,0.048630251481680715,0.9903282532239156,0.044423138891736436
20200204,4015.7101,6242.0903,0.04763329667370255,0.9859361265748608,0.04442313736775749
20200205,4062.176,6314.3177,0.0470884345988883,0.9838898652606912,0.044423136937990826
20200206,4113.1138,6393.4963,0.04650527999132279,0.9771595900439238,0.044423136937990826
20200207,4127.115,6415.2601,0.04634752239468818,0.9742388758782201,0.04442314845676609
20200210,4189.8881,6512.8357,0.04565313208775056,0.9651741293532339,0.04442313795230146
20200211,4204.2317,6535.1315,0.04549737705041191,0.9634289057928613,0.04442313795230146
20200212,4231.0031,6576.7455,0.0452094962258526,0.9593448376718339,0.04442313837609424
20200213,4205.112,6536.4999,0.045487852353520125,0.9631578947368421,0.04442313710260537
20200214,4236.9137,6585.9331,0.04514643874618801,0.9581993569131833,0.04442314968521943
20200217,4324.7986,6722.5428,0.0442290109948553,0.9503214494447692,0.04442314968521943
20200218,4333.7472,6736.4527,0.04413768990735327,0.9494595384165936,0.04442315576330835
20200219,4316.4548,6709.5732,0.04431450139453258,0.9512266355140186,0.044423142425324746
20200220,4377.5907,6804.6039,0.043695620573672385,0.9451094890510949,0.044423142425324746
20200221,4394.1839,6830.3966,0.04353060615412312,0.9436660828955049,0.04442312899667922
20200224,4363.5993,6782.8554,0.04383571927291393,0.9466005252407353,0.0444231350317672
20200225,4320.0839,6715.2143,0.044277245688966696,0.9501166861143524,0.04442311082609174
20200226,4318.0416,6712.0397,0.04429818745545421,0.9507144940215806,0.04442311082609174
20200227,4323.5345,6720.578,0.044241914068661785,0.9495626822157435,0.044423117006496815
20200228,4189.4146,6512.0996,0.04565826761604727,0.9653162343340134,0.04442310992282272
20200302,4354.6481,6768.9415,0.043925809558579366,0.9463869463869464,0.04442311715974978
20200303,4353.8437,6767.6911,0.043933911656855326,0.9466938537722109,0.044423102679449045
20200304,4409.942,6854.8912,0.04337503406701407,0.9405940594059405,0.044423102679449045
20200305,4464.6084,6939.8657,0.04284394611087145,0.9382823871906841,0.04442311606331728
20200306,4411.6368,6857.5256,0.04335838383063266,0.9403376018626309,0.04442311606331728
20200309,4274.9411,6645.0435,0.0447448243321262,0.9549025312772766,0.04442312763132561
20200310,4351.1167,6763.4522,0.043961471996101634,0.9464805119255381,0.04442312916974611
20200311,4313.0862,6704.3369,0.0443490800465028,0.95114858970631,0.04442310833072938
20200312,4235.8481,6584.2766,0.04515775840291973,0.958139534883721,0.04442310833072938
20200313,4169.3959,6480.9821,0.0458774839028703,0.967160709096193,0.044423105646171024
20200316,4040.0484,6279.9222,0.04734632833105701,0.9846019755955839,0.044423122860803854
20200317,4025.3744,6257.1126,0.04751892346206642,0.9848968922451351,0.044423122860803854
20200318,3967.0998,6166.5296,0.04821695281836106,0.9875145180023229,0.04442312538807203
20200319,3927.0576,6104.2872,0.04870858340148014,0.9912917271407837,0.04442311365550844
20200320,3981.6434,6189.1364,0.048040831842463924,0.9863609982588508,0.044423126352350684
20200323,3866.5652,6010.2568,0.04947063031296565,0.9956483899042646,0.04442311639517427
20200324,3962.0932,6158.7473,0.04827788558493615,0.9872389791183295,0.04442313342300275
20200325,4044.2634,6286.474,0.04729698915912686,0.9823137141200348,0.04442313342300275
20200326,4004.6053,6224.8288,0.04776538455726439,0.9852173913043478,0.04442314123884983
20200327,4033.9435,6270.4326,0.047417983931111206,0.9829035062300783,0.044423131396872595
20200330,3982.0273,6189.7332,0.04803620680483659,0.9855156431054461,0.04442313692916966
20200331,3975.1352,6179.02,0.04811949232427798,0.9860990443092963,0.04442313715487889
20200401,3950.9549,6141.4336,0.048413989171166495,0.9881297046902142,0.04442313715487889
20200402,4005.2169,6230.9399,0.048586955877742144,0.9890014471780029,0.04528883240847237
20200403,3984.0784,6198.0546,0.04884474582655983,0.9927662037037037,0.04528883240847237
20200407,4057.7078,6312.6003,0.047958429607353824,0.9840902516632919,0.04528883179821874
20200408,4054.2861,6307.2773,0.04799893036683584,0.9840948525159051,0.045288858175492
20200409,4065.4533,6324.65,0.047867064091087874,0.9835212489158717,0.04528883998674371
20200410,4023.0803,6258.7302,0.04837124350657854,0.9867052023121388,0.04528886159554668
20200413,4012.5881,6242.4074,0.04849772130950894,0.9881537127997688,0.04528885786546044
20200414,4063.7087,6321.936,0.047887614335648296,0.9829578278451762,0.04528884427599156
20200415,4041.3918,6287.2175,0.04815205930304323,0.9846953508518625,0.04528885012718287
20200416,4029.002,6267.9426,0.04810280357152638,0.984122401847575,0.04512502464842938
20200417,4040.9176,6286.4797,0.04796095614528523,0.9826839826839827,0.04512502052419576
20200420,4064.3126,6322.8754,0.047684881711636914,0.98066935949221,0.04512501924257384
20200421,4039.7047,6284.5929,0.047975375499855304,0.9826939717334872,0.0451250418977287
20200422,4056.4417,6312.9555,0.04814581372790663,0.9844290657439446,0.04551005139922215
20200423,4043.8565,6293.3694,0.04829565205548538,0.9858748918996829,0.04551005139922215
20200424,4019.4197,6255.3388,0.04858925938801203,0.9887608069164265,0.04551003886273719
20200427,4042.9854,6292.0137,0.048306057899785475,0.9855949294151541,0.04551005448927725
20200428,4018.5063,6253.9175,0.04860032750415848,0.9890552995391705,0.045510065521368714
20200429,4053.9494,6315.1359,0.04913579098485918,0.9945292254534984,0.04651414118193098
20200430,4090.1243,6378.1165,0.048966707495956725,0.9928036845135291,0.04692459239208624
20200506,4094.1991,6384.4708,0.04891798368948386,0.9925179856115108,0.046924604062915876
20200507,4100.4833,6394.2703,0.04864400499207561,0.9887802071346375,0.046750180782795026
20200508,4132.8085,6444.6781,0.048263536872711524,0.9830313488639632,0.04675018779638451
20200511,4134.9394,6448.001,0.04823866473777236,0.9827487061529615,0.04675018779638451
20200512,4121.5079,6427.0559,0.04839586221576098,0.9850531762000575,0.046750181752578834
20200513,4125.9122,6441.4153,0.04872033928435445,0.9899425287356322,0.04724980573012605
20200514,4082.3725,6373.4408,0.049239973089162344,0.9945417983338122,0.0472498237100587
20200515,4067.6979,6350.5306,0.04941759959331931,0.9948305571510626,0.047249813098053206
20200518,4064.5841,6351.6782,0.04769775663870547,0.9761699684180304,0.04567081677823781
20200519,4089.5434,6390.682,0.047406672292955324,0.9735935706084959,0.04567084290068424
20200520,4057.0651,6342.9156,0.0482573116763368,0.981635581061693,0.04616349345113502
20200521,4034.8766,6308.2256,0.04783897387641434,0.9767641996557659,0.0455197967733636
20200522,3965.2171,6203.9419,0.049425228605077386,0.9951247490679668,0.046299584055608856
20200525,3985.3853,6235.4967,0.048311449007094553,0.9827981651376146,0.04550618260562511
20200526,4016.3524,6283.9477,0.047938981516557025,0.9767841788478074,0.04550620987933374
20200527,4033.7463,6311.162,0.0477322505969756,0.9750716332378223,0.04550619711448456
20200528,4026.004,6311.2425,0.04975989601393243,0.996562589515898,0.04753014322377669
20200529,4002.1808,6285.1727,0.05185336883787838,0.9988545246277205,0.049412842252435585
20200601,4082.1947,6411.9727,0.04947820533522674,0.9951331233896364,0.04812538548265044
20200602,4091.5298,6430.229,0.049924474690467624,0.996565540927304,0.04871145234196428
20200603,4091.7063,6434.8704,0.04974657872770472,0.9957081545064378,0.04858984067385208
20200604,4104.4761,6454.9529,0.048479162806054854,0.9834096109839817,0.04751466044813779
20200605,4088.8884,6434.2568,0.04896461126335987,0.9902773806119531,0.04785690230407802
20200608,4092.0723,6439.267,0.048401318900758876,0.9819897084048027,0.04735413318406656
20200609,4107.684,6465.3406,0.04778770146598856,0.973135181480423,0.046960476474859014
20200610,4080.9793,6439.4927,0.049906385241985755,0.9962857142857143,0.04891493800612556
20200611,4043.1587,6387.8685,0.050484591040026894,0.9974293059125964,0.049135884734596846
20200612,4035.6883,6378.7529,0.04983478627134651,0.9954311821816105,0.048452245658682
20200615,4001.99,6334.1073,0.05037680367814209,0.9971453040251214,0.04868660554796489
20200616,4070.1585,6442.0003,0.048518703206934646,0.9825913242009132,0.04768156113003519
20200617,4076.7745,6455.2841,0.04887580803919754,0.9885877318116976,0.04813818757832622
20200618,4108.186,6514.0767,0.04921177593359012,0.9911580148317171,0.048938052430900436
20200619,4115.0278,6527.9536,0.04924752231295673,0.9914456800684346,0.04908617704237539
20200622,4083.9572,6484.7112,0.04947951831244758,0.9934435575826682,0.04901817314588097
20200623,4083.4126,6483.8464,0.04853431828185809,0.981761185522941,0.04808330055873822
20200624,4082.3144,6497.3985,0.05020743124204265,0.9965811965811966,0.049867943123334424
20200629,4060.7957,6466.9939,0.05073727848133419,0.9974366277413842,0.05016794064567165
20200630,4089.5372,6526.151,0.050310784815374654,0.9962984054669703,0.05023940215225875
20200701,4162.9478,6643.301,0.04942361310191417,0.991175633361799,0.05023942621169475
20200702,4256.9824,6799.8688,0.048260114550225316,0.974957313602732,0.05021097654292239
20200703,4298.9479,6875.065,0.048977728893799,0.9877667140825036,0.051459383619509635
20200706,4526.0218,7238.2114,0.04621401194005779,0.9516496018202503,0.05112905729387762
20200707,4503.7753,7210.2039,0.047193866989973646,0.9633210122263293,0.05191260266996567
20200708,4556.2766,7298.812,0.04659901788960117,0.9579306424104604,0.051840165868620725
20200709,4592.6054,7368.6078,0.04547802024360463,0.9411764705882353,0.05094771107846796
20200710,4487.6148,7220.1623,0.049320657855618975,0.9900568181818182,0.05386792738608448
20200713,4608.9599,7417.8835,0.04835763816555839,0.9764271513774496,0.05422149842722379
20200714,4584.5846,7383.2776,0.04883159328653721,0.9846678023850085,0.05444200751580053
20200715,4498.9915,7254.4193,0.05100080423058196,0.9974453590689754,0.05574971826546715
20200716,4355.2638,7025.2863,0.0523040757727565,0.9991486946651532,0.05537597287048768
20200717,4378.3546,7070.5404,0.0509237785814782,0.9968794326241135,0.05422026955195114
20200720,4568.2735,7377.2375,0.04832595656058469,0.9750425411230856,0.053694820170937074
20200721,4558.6545,7363.8926,0.04816229029790591,0.9713637652395803,0.05338906966423784
20200722,4553.9856,7358.2623,0.04832953423665632,0.9750566893424036,0.05350659100645294
20200723,4499.9809,7274.6558,0.046920236496679105,0.9583451402663644,0.051341373896174325
20200724,4331.9042,7002.9436,0.04874074251128451,0.9824362606232294,0.051341388248615116
20200727,4320.2699,6984.1355,0.04866811112594352,0.9807419994335882,0.05113092046403067
20200728,4361.5218,7050.8232,0.04758377682894033,0.9629105322763307,0.05048036246025034
20200729,4433.8222,7170.7103,0.046318393386768276,0.9490517973393716,0.049943979841923225
20200730,4431.1343,7167.1532,0.04477013073448114,0.9298245614035088,0.048261507305919826
20200731,4468.8955,7230.281,0.044125098783507434,0.9219236209335219,0.04795995048738688
20200803,4555.7665,7370.8306,0.042556836584596844,0.9095022624434389,0.04715818208330802
20200804,4568.5499,7391.513,0.042437756991136444,0.90754877014419,0.04715818208330802
20200805,4565.9072,7387.2374,0.04246232721495283,0.9078575466365179,0.04715819013356981
20200806,4564.0939,7392.5449,0.0435665300948084,0.9157954224357163,0.048295451218048235
20200807,4529.1729,7335.9827,0.04390243840103377,0.9194915254237288,0.048295451218048235
20200810,4587.9794,7431.2326,0.04321714755383291,0.9127365151087263,0.048161301430994286
20200811,4541.7668,7356.3812,0.04295058672028389,0.911914172783738,0.047389091545369855
20200812,4513.0017,7309.7899,0.04322435307211604,0.9127857747671465,0.04738909852853834
20200813,4529.9908,7337.3074,0.04306224615199217,0.9116817155756207,0.04738909852853834
20200814,4563.8757,7395.0987,0.04249938028040975,0.9069111424541608,0.04707415331204401
20200817,4658.8365,7548.9688,0.04163311035743297,0.8979131415679639,0.0470741444497067
20200818,4666.2255,7563.5123,0.04190718101420553,0.8996334930927544,0.04743014648809862
20200819,4621.7577,7491.4342,0.04231038935536503,0.9041713641488163,0.04743014900631315
20200820,4586.651,7434.5297,0.04228558784924351,0.9027895181741336,0.047020944113801866
20200821,4582.3947,7430.4003,0.042697741093555994,0.9090140845070422,0.04741135290190934
20200824,4608.7511,7473.1375,0.04153424355070286,0.8952407772458463,0.046334749533179176
20200825,4605.1796,7467.3463,0.04156645591260272,0.8955518018018018,0.046334750203937514
20200826,4528.4295,7342.8951,0.04164954079525743,0.8969884604559527,0.045625193248103324
20200827,4555.3381,7386.5277,0.04140351747277546,0.893359594822735,0.045625195741459734
20200828,4635.4796,7516.4781,0.040687721212678676,0.880168776371308,0.04562521402032482
20200831,4610.9184,7476.6518,0.040904454447048835,0.8838582677165354,0.04562521402032482
20200901,4619.7309,7490.9414,0.040826431356268345,0.8816418330053416,0.0456252196383804
20200902,4615.7821,7484.5384,0.040703746932134376,0.879707700955593,0.04544500848827049
20200903,4608.6977,7473.0508,0.040766315936121345,0.8811463894352346,0.04544500848827049
20200904,4595.5079,7451.6635,0.04088333436571517,0.8834269662921348,0.04544502203858625
20200907,4542.9461,7366.434,0.041356353943974834,0.8921651221566975,0.04544502222361002
20200908,4569.3497,7409.2476,0.0411173560833432,0.8879842784952274,0.0454449955533307
20200909,4500.0898,7296.9421,0.04175020368560269,0.8981195621667134,0.04544501578096005
20200910,4458.3036,7229.1853,0.04214151448849358,0.9003928170594837,0.04544501578096005
20200911,4476.8604,7259.2754,0.04196683567623811,0.8990182328190743,0.04544501511083765
20200914,4496.2244,7290.6742,0.04178609057186308,0.8982052720134605,0.04544500904612847
20200915,4516.8913,7324.1859,0.04159491441096821,0.894869638351556,0.0454450245574447
20200916,4515.3066,7321.6163,0.041609513649099886,0.8951793721973094,0.045445025616808854
20200917,4532.6955,7349.8126,0.0414498639710068,0.8926870271784814,0.04544500168631438
20200918,4602.2442,7465.171,0.041169800195921986,0.8865546218487395,0.04580706316566552
20200921,4574.1727,7419.637,0.041422450302272616,0.8919070288434612,0.04580705532981777
20200922,4508.2597,7312.7213,0.04202806713636355,0.8994960806270996,0.04580705532981777
20200923,4514.7264,7323.2109,0.041967888116126374,0.8989644556395187,0.045807076430308236
20200924,4429.3824,7187.2741,0.043124073633169495,0.912982652490207,0.04617055793271785
20200925,4403.5915,7145.425,0.0430801638730232,0.9124475524475525,0.04585455336262134
20200928,4399.771,7139.2256,0.04311757213042499,0.912751677852349,0.04585455336262134
20200929,4417.6347,7168.212,0.0429432335758918,0.9110986860497624,0.0458545711955165
20200930,4395.7497,7132.7006,0.043157033890047165,0.9130799329234209,0.0458545711955165
20201009,4492.4739,7289.6488,0.04222783602607051,0.9005308745459626,0.04585455446131381
20201012,4603.8462,7470.3654,0.04120629642245684,0.8849162011173184,0.04585455446131381
20201013,4612.9617,7485.1566,0.0401238687377607,0.8637252164199944,0.044720993769818085
20201014,4612.2124,7483.9406,0.04013037670194289,0.8637632607481853,0.0447209817349532
20201015,4593.67,7453.8531,0.04029237154625688,0.8677086240580519,0.04472099023148779
20201016,4605.4378,7473.6414,0.040282210935601075,0.8674665178571429,0.044817934414563165
20201019,4572.3537,7422.2005,0.04087657698628938,0.8783821478382148,0.04513440586165851
20201020,4576.6986,7429.2535,0.04083776732603802,0.8767428890128277,0.045134401859084905
20201021,4561.5778,7404.7082,0.0409731370904611,0.880122665179816,0.045134401859084905
20201022,4524.9512,7346.9645,0.04153778917123739,0.8918617614269788,0.045377918816341456
20201023,4488.6403,7289.5338,0.0420831525263144,0.898300362217888,0.045596761281535336
20201026,4495.5415,7300.7412,0.042018542231421395,0.8977715877437326,0.045596753069296
20201027,4479.0469,7276.42,0.042512293111013115,0.9067112225006961,0.04595122376833638
20201028,4478.5753,7275.6539,0.0425167743242773,0.9067371937639198,0.04595122857635725
20201029,4502.0625,7313.81,0.042294971862633424,0.9020317283607013,0.04595123588000982
20201030,4433.7703,7202.8662,0.042946438034547715,0.9112409571508069,0.045951244062879315
20201102,4476.9854,7273.071,0.042531879603356484,0.9070931849791377,0.0459512349084481
20201103,4532.8826,7363.8786,0.0420073981220658,0.896273637374861,0.0459512349084481
20201104,4558.1244,7404.8852,0.04177478057787942,0.8938003892132332,0.04595124418238883
20201105,4636.8434,7532.7678,0.04089216990160348,0.8760422456920511,0.04575521474186006
20201106,4644.214,7544.7417,0.040827269787149255,0.87329813837177,0.045755212082827956
20201109,4720.2692,7668.297,0.040169453247432034,0.8605555555555555,0.0457552242717032
20201110,4705.1057,7643.6632,0.04029890376167951,0.8644820883088031,0.04575521643023195
20201111,4726.2945,7678.0852,0.04011823676938238,0.8586896168795114,0.04575521643023195
20201112,4752.8383,7721.2069,0.039894182084883344,0.8545656397446573,0.04575521420081752
20201113,4721.1943,7669.7998,0.04016158100144858,0.8601553829078802,0.04575522101042173
20201116,4819.8287,7830.0359,0.03933969519606779,0.8413314840499306,0.045755212417778246
20201117,4852.2649,7882.7301,0.039076729701555644,0.8358291735995563,0.04575522362096951
20201118,4870.8953,7912.9961,0.03862123674560711,0.8231217077904075,0.04539140407035669
20201119,4850.4348,7879.757,0.03878413540156504,0.8278824833702882,0.045391384382686306
20201120,4875.3424,7920.2205,0.03858599142486137,0.8204488778054863,0.045391384382686306
20201123,4943.5634,8031.0488,0.03805351653248326,0.8047091412742382,0.04539139463052577
20201124,4924.3242,7999.7937,0.038202175742249045,0.808640265854334,0.045391376390918836
20201125,4856.1272,7890.5519,0.03893481284041116,0.8319490586932448,0.04559642450168444
20201126,4837.0044,7859.4798,0.03908873785758265,0.8367008026570717,0.04559642282377596
20201127,4871.0568,7914.8105,0.03881549492638433,0.8281682346430548,0.045596440599596555
20201130,4817.8177,7828.3041,0.03924442120253029,0.8395573997233748,0.04559643728669682
20201201,4883.2179,7934.5706,0.03871882659502164,0.8246681415929203,0.04559643728669682
20201202,4891.2809,7947.6719,0.03865500234269054,0.8225048382637545,0.04559643890116494
20201203,4856.698,7891.4793,0.038930251510029545,0.8311221669430625,0.04559643890116494
20201204,4849.947,7880.5099,0.038984434835914024,0.8328267477203647,0.04559642978895595
20201207,4800.9369,7800.8751,0.03938239529988681,0.8430939226519337,0.045596417848802195
20201208,4786.7612,7777.8415,0.03949902398377237,0.8445180889257111,0.0455964179881152
20201209,4727.4821,7681.5209,0.03999431115173398,0.8567090005521811,0.04559641664810821
20201210,4735.4139,7694.4091,0.03992733313254238,0.8553684791609164,0.045596429506411074
20201211,4706.9426,7648.147,0.04016883160525117,0.8609271523178808,0.045596413657701396
20201214,4674.2224,7594.9811,0.04045001854351362,0.8675862068965517,0.04559641299074313
20201215,4664.899,7579.8318,0.040530858676507686,0.8690016547159404,0.04559640784229102
20201216,4645.7717,7548.7526,0.040697740973710976,0.8715191618417425,0.04559641935666359
20201217,4692.568,7625.0652,0.04032793681997068,0.8649393605292172,0.045634113718003855
20201218,4713.2918,7658.7398,0.04015061669019904,0.8591898594654175,0.04563411032798781
20201221,4728.4945,7683.443,0.040021527446179386,0.8559228650137741,0.04563411032798781
20201222,4620.2651,7507.5785,0.04095903182607613,0.8782704489121455,0.04563411322466826
20201223,4622.761,7511.6341,0.040936917412734246,0.8780286343612335,0.04563411322466826
20201224,4580.1054,7442.3221,0.04107125273212096,0.8821910266996972,0.04535958287649944
20201225,4612.8617,7495.5485,0.040779594503150184,0.8728673637864612,0.045359574010293446
20201228,4582.1406,7445.6291,0.041053008543283795,0.881980742778542,0.045359580300786684
20201229,4543.6309,7383.0538,0.04140095828443486,0.8880638063806381,0.0453595840170018
20201230,4562.0025,7412.9062,0.04123422084288273,0.8839703051965906,0.0453595709117145
20201231,4595.5919,7467.4864,0.0409328379595201,0.8768554150632215,0.0453595709117145
20210104,4611.3054,7493.0197,0.04079336318691923,0.871942841439956,0.04535957938494062
20210105,4621.5191,7509.616,0.04070320259480325,0.8695054945054945,0.04535957267546786
20210106,4632.2019,7526.9748,0.04060932134210746,0.8670694864048338,0.04535955922827051
20210107,4600.7744,7475.9075,0.04088671964132683,0.8753432180120813,0.04535955864054442
20210108,4614.1771,7497.6859,0.04076796150573889,0.8712599505901729,0.045359563481471854
20210111,4562.9926,7414.515,0.041225266227793204,0.8839187705817783,0.04535956114873785
20210112,4600.2092,7474.9892,0.04089175413855511,0.8751714677640604,0.04535956997977664
20210113,4593.3933,7463.9139,0.040952433695065564,0.8771256171146462,0.0453595724743352
20210114,4576.9088,7437.1278,0.041099930711664685,0.8818206745270085,0.0453595724743352
20210115,4603.7158,7480.6871,0.04086058692684672,0.8728070175438597,0.04535954802364173
20210118,4638.6807,7537.5024,0.04055259333250122,0.8646204439572486,0.04535954856315216
20210119,4663.3179,7577.536,0.040338337851432565,0.8605479452054795,0.04535953925344627
20210120,4656.5359,7566.5157,0.04039708852214218,0.8611339359079704,0.04535953925344627
20210121,4676.9502,7599.6874,0.040220754868781614,0.8565169769989047,0.04535953325761133
20210122,4626.2076,7517.2346,0.040661923933281,0.8664111689022721,0.045359540941103615
20210125,4559.4781,7408.8042,0.041257017983096965,0.8845101258894362,0.04535953368122558
20210126,4530.2734,7361.3488,0.04152298541366089,0.8908344733242134,0.045359535144838814
20210127,4533.9075,7367.254,0.041489684600108476,0.8903172866520788,0.045359515520712046
20210128,4469.6817,7262.8919,0.04208585863755496,0.8990976210008204,0.045359515520712046
20210129,4431.6174,7201.0403,0.042447338466448346,0.905686167304538,0.045359508919755154
20210201,4482.1023,7283.0745,0.04196923729718423,0.896966384257994,0.04535952087305328
20210202,4512.3273,7332.1878,0.041688114029085434,0.8937158469945355,0.04535952087305328
20210203,4475.7413,7272.7383,0.042028884694241646,0.8981152690521715,0.04535952087305328
20210204,4431.3025,7200.5286,0.04245034442828028,0.905789186237029,0.04535949492684832
20210205,4447.2495,7226.4414,0.04229814502344286,0.9030849030849031,0.04535951535699945
20210208,4492.1841,7299.4566,0.04187504343520421,0.8951965065502183,0.04535951535699945
20210209,4548.4678,7390.9133,0.041356872814716575,0.8851296043656207,0.04535951535699945
20210210,4581.2664,7444.2084,0.04106077461546249,0.8786142935079105,0.04535950086810758
20210218,4692.4479,7624.8699,0.04008789835265831,0.8481047177529315,0.04535950695800506
20210219,4774.448,7758.1139,0.0393994093809553,0.8326063249727372,0.04535951941175376
20210222,4826.0832,7842.0172,0.038977863437114256,0.820932134096484,0.04535951390807624
20210223,4789.9579,7783.3162,0.03927182990601052,0.8294277929155314,0.04535951390807624
20210224,4737.7627,7698.5031,0.03970448620303592,0.8406428766003814,0.045359517397719484
20210225,4805.2054,7808.0924,0.039147227274964724,0.8265250544662309,0.04535952482506311
20210226,4705.6248,7646.2814,0.039975656936388576,0.8459025319901987,0.045359518741526994
20210301,4801.196,7801.5774,0.03917990992772459,0.8268916712030484,0.04535951355969092
20210302,4759.4813,7733.7942,0.039523304973348786,0.8351020408163266,0.04535951446229003
20210303,4870.2766,7913.828,0.03862417812878442,0.808759521218716,0.04535951446229003
20210304,4832.9155,7853.1191,0.038922763908682996,0.8180581996192549,0.045359513456575185
20210305,4802.386,7803.511,0.03917020273949769,0.8262642740619902,0.04535951434986263
20210308,4760.4053,7735.2956,0.039515638580662905,0.8350095134547432,0.045359519198281184
20210309,4721.3376,7671.8136,0.03984261796031736,0.84375,0.04535951755367873
20210310,4696.0511,7630.7249,0.040057155736333803,0.8484107579462102,0.04535951755367873
20210311,4803.3034,7805.0016,0.039162718741570186,0.825366648560565,0.04535951031026353
20210312,4843.1182,7869.6978,0.038840789671386586,0.8140103176758078,0.0453595351917675
20210315,4854.5476,7888.2697,0.03874934409127318,0.8116178067318133,0.0453595351917675
20210316,4886.4327,7940.0805,0.03849648397852211,0.8016282225237449,0.045359521795898416
20210317,4863.2756,7902.4519,0.038679789841167246,0.8087357569180683,0.045359521795898416
20210318,4880.9697,7931.2036,0.038539575995440785,0.8030919446704637,0.045359525233690245
20210319,4832.374,7852.2392,0.038927139388520014,0.8172451193058569,0.0453595236938904
20210322,4898.5712,7959.8047,0.038401107038653286,0.7969639468690702,0.045359536649929755
20210323,4828.3428,7845.6888,0.03895965236512707,0.8181571815718157,0.045359536649929755
20210324,4753.1943,7723.5782,0.039575608551845706,0.8363587103765917,0.045359536649929755
20210325,4735.6196,7695.0207,0.039722469964589224,0.8410075839653305,0.045359522699566446
20210326,4794.539,7790.7603,0.03923433501762804,0.8269699431356621,0.04535953186916952
20210329,4848.197,7877.9505,0.03880010150477774,0.8123984840281537,0.04535952705015056
20210330,4841.7385,7867.4558,0.03885185780172946,0.8138024357239513,0.04535952705015056
20210331,4827.1964,7843.826,0.03896889080766926,0.8179112554112554,0.045359514798349654
20210401,4865.1097,7905.4323,0.038665220237310345,0.8065999459020827,0.045359525243200416
20210402,4836.8336,7859.4858,0.03889124434800991,0.8150351541373716,0.04535950905927999
20210406,4857.8954,7893.7095,0.03872262819991234,0.8088672614220059,0.04535950905927999
20210407,4899.5453,7961.3875,0.03839346119875219,0.7945945945945946,0.04535951295555041
20210408,4888.8475,7944.0043,0.03847747395824449,0.7973520670089165,0.04535951295555041
20210409,4893.5398,7951.6289,0.03844057187800633,0.7952458130740141,0.045359504043726684
20210412,4871.1468,7915.242,0.038617287811911705,0.8039427491223332,0.04535950604730821
20210413,4828.8053,7846.4404,0.03895591821367094,0.8174946004319654,0.0453595204190087
20210414,4864.066,7905.0534,0.038157620672226965,0.7875843454790823,0.0446677992886384
20210415,4869.2945,7913.5506,0.038116648182334484,0.7865623313545602,0.0446677992886384
20210416,4928.3477,8009.5236,0.0376599288775326,0.7752899919072026,0.0446678073949347
20210419,4958.2629,8058.1417,0.037432700797869194,0.767259978425027,0.04466779157948331
20210420,4955.3885,8054.1553,0.0375394776826327,0.7713669452682663,0.04475665503697446
20210421,4950.1738,8045.6797,0.03757900921606057,0.7719676549865229,0.04475663639692806
20210422,4971.0541,8079.6172,0.037421171158281086,0.7655618431689571,0.04475664469055207
20210423,4956.2111,8055.4922,0.03753324113114853,0.7710129310344828,0.04475664469055207
20210426,4921.2913,7998.7361,0.037799583886656274,0.7772690546727713,0.04475666423987823
20210427,4922.7051,8001.034,0.037788728416408665,0.777059773828756,0.04475666482838725
20210428,4952.5541,8052.6638,0.03794798432498166,0.7808882907133243,0.0451609942689406
20210429,4981.2588,8099.3366,0.03772931426255571,0.7758342303552207,0.04516100126280409
20210430,4956.5014,8061.4828,0.038215647671285324,0.7896152811407049,0.045472326843581046
20210506,5029.4069,8180.0596,0.03736455974348583,0.7641204948897257,0.045087331234171746
20210507,5037.8662,8196.5487,0.037635058790202874,0.7730572734606077,0.045435595616226676
20210510,5080.8989,8266.5624,0.0373163092184811,0.7629032258064516,0.04543559640758521
20210511,5033.7481,8189.8487,0.03766584817187407,0.7753292125772642,0.045435592752645304
20210512,5080.3761,8265.7118,0.03732013458732566,0.7627619559376679,0.04543557405689014
20210513,5016.7159,8171.435,0.03815676209423233,0.787805533172173,0.045622259299598955
20210514,5051.4249,8227.9705,0.03705225498452133,0.755907626208378,0.044535628862064414
20210517,5043.012,8216.7084,0.0374112443273006,0.763758389261745,0.044846039075166155
20210518,5070.8467,8262.0601,0.03720588793928809,0.75979602791197,0.044846039075166155
20210519,5068.8477,8258.8032,0.03722056705096213,0.7601287899114569,0.044846043577647654
20210520,4994.9079,8139.7513,0.03794604055781047,0.7808476394849786,0.045028365162151696
20210521,5009.7341,8175.7223,0.03928035997014409,0.830249396621078,0.04654012399209617
20210524,5042.4622,8229.1334,0.03807269787126304,0.7855227882037533,0.045322998848355445
20210525,5105.8706,8332.6139,0.03759987700223266,0.7711069418386491,0.045322988274730136
20210526,5136.1392,8392.6578,0.03864845581913789,0.8062700964630225,0.046650720572806614
20210527,5152.8065,8432.928,0.0393246354913992,0.8312349316903295,0.04727938230152118
20210528,5160.2055,8450.4471,0.039908852729190855,0.8468130690948045,0.04795026621421772
20210531,5204.7303,8527.1836,0.039648584781897464,0.8393574297188755,0.04792643525513718
20210601,5236.0795,8588.1766,0.04053399284855602,0.8637580299785867,0.04910303488963508
20210602,5209.298,8544.9989,0.040262339079445014,0.8573722237088574,0.04841306851945859
20210603,5205.2785,8538.4055,0.04029342953347736,0.8584804708400214,0.04841306851945859
20210604,5179.9914,8513.5797,0.04245005794935044,0.9074618882054025,0.05046787695265653
20210607,5170.731,8498.3598,0.04252608748636547,0.910427807486631,0.050467881781144364
20210608,5142.3618,8452.9918,0.04139396817972902,0.8877305533279871,0.04859434259090345
20210609,5157.3776,8481.9901,0.040387774916024376,0.8594334580438269,0.0472459207352105
20210610,5169.6907,8502.2405,0.040150767058957836,0.8519903820464868,0.04705920358639437
20210611,5147.6327,8474.4772,0.040884051360807035,0.8731303418803419,0.047526471958180716
20210615,5105.4489,8405.0307,0.04067797896154188,0.865954606141522,0.04681607229627671
20210616,5038.7454,8295.2175,0.041216478797167874,0.8828083288841431,0.04681607229627671
20210617,5029.8193,8292.2374,0.04222168875901574,0.9020549773151855,0.047674990303883336
20210618,5009.934,8287.499,0.045784750277684846,0.9447705442902882,0.05123234501107077
20210621,5036.6107,8331.6281,0.045352110856139424,0.9386503067484663,0.050987317417265476
20210622,5096.1971,8430.1967,0.04280415481101539,0.9125333333333333,0.048345884128353944
20210623,5168.7381,8550.195,0.04121591352909868,0.8816315649160223,0.04702410386146627
20210624,5163.1286,8544.3345,0.04133157731702817,0.884594882729211,0.04700197966685393
20210625,5185.6348,8586.021,0.040618381686684975,0.8622435385025313,0.046118704544504396
20210628,5143.8309,8516.805,0.04094848967938471,0.8740010655301013,0.046118706211435656
20210629,5136.9878,8508.735,0.04104045418481392,0.8766977363515313,0.046063766091180236
20210630,5153.3965,8539.4014,0.0402087153315726,0.8514376996805112,0.04503651765354699
20210701,5129.8208,8501.2171,0.040124924874824934,0.8477508650519031,0.044660066998802206
20210702,5095.1268,8443.7217,0.039650006760639095,0.83448642895157,0.04368591625735729
20210705,5102.9435,8462.0634,0.04022637052182117,0.8520883213620644,0.044350848270876986
20210706,5093.2563,8453.6862,0.039321652382422266,0.825,0.04284052392093596
20210707,5097.0188,8473.665,0.04044212550737476,0.8582823717096517,0.04391252075729546
20210708,4999.3961,8323.0796,0.040959569743186104,0.8745348219032429,0.043239226057829816
20210709,5041.7975,8408.2716,0.04235465796566068,0.9051288865267074,0.04505399621338402
20210712,5077.1501,8478.092,0.042539644601412505,0.9104675876726886,0.04539352456617607
20210713,5110.6191,8542.6151,0.04227294360503339,0.902523240371846,0.04520880802824134
20210714,5076.1542,8495.125,0.043752583955876716,0.9211364843335104,0.0464553504721299
20210715,5102.5826,8547.5708,0.04356053975019356,0.9195646402973188,0.0463625522056057
20210716,5107.8824,8567.0263,0.044194220213815624,0.9270169851380042,0.04700190332868992
20210719,5096.5915,8548.0891,0.04287135206723892,0.9127089413637569,0.045353704335749034
20210720,5079.3166,8523.7652,0.0411080140858623,0.8779840848806366,0.043026068288956276
20210721,5078.7577,8526.4013,0.041227399119235564,0.8806682577565632,0.043113470351022753
20210722,5134.3525,8619.7358,0.04022131012142618,0.8494167550371156,0.04246006344913811
20210723,5054.1009,8504.0936,0.04200549328487189,0.8961038961038961,0.043510929729829506
20210726,4951.1313,8335.9332,0.043162626484795116,0.9162692103868575,0.04375983272411754
20210727,4803.4369,8092.816,0.04414226464508179,0.9263576158940398,0.04329291917244449
20210728,4750.0305,8002.8371,0.04463857812107439,0.9327330508474576,0.04329292459884737
20210729,4799.0508,8093.0796,0.04484674838428875,0.9343394228223457,0.043970072749477396
20210730,4858.4323,8196.4721,0.0444519488251202,0.930651138168343,0.04411311085795111
20210802,4870.7121,8219.0986,0.04410805630896434,0.9248478433448002,0.04383127096889683
20210803,4812.4302,8120.7505,0.044642223472527644,0.9328042328042329,0.04383125671898225
20210804,4886.6957,8246.0702,0.04396379176922254,0.9233007140967998,0.043831275465114894
20210805,4856.8873,8195.7699,0.04423361267893666,0.9264939185616076,0.04383127533565978
20210806,4882.5564,8239.0854,0.04362017508173886,0.9183187946074544,0.043393636792534274
20210809,4950.7131,8354.0965,0.0429209895595432,0.9106765327695561,0.04327863246813113
20210810,4959.3887,8373.5022,0.04315974823407158,0.9138705416116248,0.043576696876257204
20210811,5036.9275,8504.4198,0.04249534417299029,0.9043845747490755,0.043576696876257204
20210812,5101.5779,8615.0435,0.04212713458845067,0.8951676789015052,0.043754436889756665
20210813,5108.1028,8626.0622,0.042073326518169085,0.8938753959873285,0.043754439754049024
20210816,5108.3711,8629.3964,0.04140796094544609,0.882818685669042,0.04293906411547943
20210817,5011.6733,8466.0481,0.04220690742224668,0.8965699208443272,0.04293906411547943
20210818,5043.6715,8521.3668,0.04208763734900632,0.8944869427591664,0.04309394072740225
20210819,5014.928,8472.8042,0.04232886879432662,0.9008438818565401,0.043093943291073966
20210820,5022.0882,8484.9015,0.042268515497271696,0.8982335881887688,0.04309393917675841
20210823,5080.2207,8583.1172,0.04178484074724654,0.8890353189246178,0.04309393917675841
20210824,5122.6226,8654.756,0.041088584157525955,0.8722002635046113,0.04268386615811193
20210825,5184.7879,8762.1232,0.04086282373665982,0.8622233930453108,0.04296214729491399
20210826,5205.1769,8796.58,0.04039797423984688,0.8493547537529629,0.04260767001375121
20210827,5240.6388,8857.1101,0.04019242966679978,0.8422854133754608,0.04267837617359871
20210830,5271.5155,8909.2942,0.03995699339265248,0.8341668860226376,0.04267835426469824
20210831,5385.9776,9102.7447,0.03879059688404088,0.7981578947368421,0.042289715764193936
20210901,5361.02,9060.5642,0.03897117903969054,0.8050513022888713,0.042289712224262255
20210902,5448.119,9207.7687,0.038348148425119646,0.7798527091004734,0.04228971281167282
20210903,5431.9273,9180.4035,0.03846246932072887,0.7833289508282935,0.04228972453163404
20210906,5482.7048,9266.2216,0.038106250035743104,0.7720820189274448,0.042289720608129855
20210907,5592.5496,9451.8682,0.037357780241566274,0.7479632063074901,0.04228970238757479
20210908,5639.6195,9531.4202,0.037045981650330115,0.7396216500262743,0.042289702676808316
20210909,5746.5065,9712.068,0.03635690931358407,0.7202521670606777,0.04228969707667374
20210910,5668.778,9580.7005,0.03685542681045682,0.7331932773109243,0.04228969968349339
20210913,5772.5134,9756.0219,0.03619311886603062,0.7148857967970595,0.042289705273335976
20210914,5670.9439,9584.3611,0.0368413455964967,0.7330708661417323,0.042289691763916615
20210915,5687.3106,9612.0221,0.03673532500128096,0.7299921280503805,0.04228969157945217
20210916,5601.5444,9467.0702,0.03729778827714543,0.7465897166841553,0.04228969414389416
20210917,5496.1389,9292.4804,0.038395695835337286,0.7807500655651718,0.04268847766290085
20210922,5574.2948,9424.6208,0.03785735865156706,0.7642894598846356,0.04268847766290085
20210923,5581.6786,9437.1048,0.0378072721971145,0.7622542595019659,0.04268846943522209
20210924,5404.9915,9138.6822,0.039076812490439844,0.8100104821802935,0.04272354032397252
20210927,5251.9312,8879.8902,0.04021565791089747,0.8438564317526853,0.042723543946752596
20210928,5335.0436,9020.4154,0.03958915423584268,0.8247773703509691,0.042723542890146016
20210929,5166.0006,8734.5999,0.040884596919274825,0.864624247185127,0.04272354019410862
20210930,5245.3479,8878.0538,0.04101028449744703,0.8693717277486911,0.04345496109070379
20211008,5244.4434,8876.5229,0.04101735954354421,0.869667626275844,0.04345496325473097
20211011,5275.2232,8928.6196,0.040778044721450746,0.859497645211931,0.04345497651181773
20211012,5187.6337,8780.3693,0.04146653540223449,0.8835992675908972,0.04345495545878397
20211013,5151.1249,8718.576,0.041461549280047055,0.8833682008368201,0.043092394377954424
20211014,5130.9031,8684.3494,0.04162494032016971,0.886797385620915,0.04309237458413806
20211015,5143.6428,8711.2964,0.0421403116977113,0.8957135389440669,0.04373749324110787
20211018,5220.437,8841.3554,0.04152040061676478,0.8839822315129344,0.04373747546552709
20211019,5257.3297,8903.8369,0.041229036032224047,0.8753918495297806,0.04373747546552709
20211020,5205.6618,8816.332,0.04163825076697835,0.8874379733611909,0.04373747754633839
20211021,5243.4528,8880.3351,0.041338163095695456,0.8783289817232376,0.043737488612722863
20211022,5149.8551,8722.2771,0.04214215124315825,0.896110676063691,0.04379246591860486
20211025,5155.3052,8731.5079,0.04209759928636038,0.894572025052192,0.04379246591940267
20211026,5132.1961,8692.3681,0.04228714782526883,0.8998173754239499,0.04379245743041871
20211027,5054.6222,8560.9818,0.04285160025541846,0.9107981220657277,0.043695623535725536
20211028,4940.0066,8366.8579,0.043565462293351793,0.9183833116036506,0.04337958094899852
20211029,4964.6733,8408.6358,0.043349015151955106,0.9157977059436914,0.04337958637066941
20211101,4990.2494,8451.9539,0.04312684462646384,0.9139953088350273,0.04337958896642147
20211102,4888.5758,8279.75,0.043808140275177966,0.9210526315789473,0.0431365418398959
20211103,4952.7069,8388.3683,0.04305115183296744,0.911956238603803,0.04291821137122054
20211104,4954.035,8390.6178,0.04303962305329052,0.91171875,0.04291822447743998
20211105,4881.9479,8268.5244,0.04336412187633417,0.9161676646706587,0.04256478999203406
20211108,4912.0163,8319.4509,0.04309866835896801,0.9125455491931286,0.042564784814339784
20211109,4937.5171,8362.6416,0.04287608897036511,0.9091855321363518,0.04256479704932481
20211110,4932.4344,8354.033,0.04292026423813121,0.9094693028095734,0.04256478889294657
20211111,5005.169,8477.2232,0.04229655931226042,0.8977893368010403,0.04256479716051631
20211112,4970.9613,8419.2859,0.04258763117357315,0.905876235049402,0.04256480532872553
20211115,4979.0,8432.9009,0.0425188574726109,0.9040811021575254,0.04256478815903919
20211116,4951.6303,8386.5449,0.042753876709278896,0.9072245322245323,0.04256478815903919
20211117,4992.9592,8456.5435,0.0423999943395348,0.8994544037412315,0.042564798527459535
20211118,4989.2881,8450.3258,0.04243118331170372,0.9,0.04256478870900682
20211119,5059.4292,8569.7441,0.041915381309891,0.8865229810438847,0.04264031222159437
20211122,5067.4266,8583.2903,0.04184923904228039,0.885773624091381,0.04264032106574289
20211123,5095.6041,8632.3149,0.0417680971663308,0.8839865040228393,0.04279700289230104
20211124,5120.1412,8673.8823,0.04156792715543347,0.8798650752464972,0.04279699610196053
20211125,5097.9714,8636.3252,0.0417487087866435,0.8835278858625162,0.04279700979751366
20211126,5061.096,8573.8556,0.0420528817076086,0.8890041493775933,0.04279699862601305
20211129,5029.2862,8519.9675,0.04231885662751257,0.8981073373087892,0.04279699225427813
20211130,5044.1175,8545.0929,0.04219444055219955,0.8926905132192846,0.04279700762618899
20211201,5103.4783,8645.6543,0.041703658462123656,0.8820938066856698,0.04279700762618899
20211202,5114.324,8664.0277,0.041615207717861216,0.8797927461139896,0.04279699482492805
20211203,5150.0489,8724.5482,0.0413265310153546,0.8704998704998705,0.04279699482492805
20211206,5092.9239,8627.7743,0.04160304547013698,0.8790781978249611,0.042592494245029755
20211207,5119.5989,8672.9637,0.04138628494436,0.8728967123996894,0.042592501227807444
20211208,5124.2078,8680.7716,0.04134905459934762,0.8713768115942029,0.04259249403853693
20211209,5130.746,8691.8477,0.04129636277075555,0.8688227684346701,0.04259249403853693
20211210,5118.5648,8671.2119,0.04139464212665004,0.8732540093119503,0.04259249607490512
20211213,5117.0872,8668.7088,0.04140660051804906,0.874062580811999,0.04259250158824379
20211214,5064.5912,8579.7767,0.04183579229581692,0.8852119958634953,0.04259250158824379
20211215,5087.3927,8618.4041,0.04164828290660704,0.8811062289997416,0.04259249809897825
20211216,5162.8637,8746.2573,0.04103946575792749,0.8596899224806202,0.04259249757830119
20211217,5129.7383,8690.1406,0.04130448777786994,0.8682510979075174,0.04259250669206671
20211220,5084.1384,8612.8912,0.04167495747945525,0.8814566115702479,0.04259251463303482
20211221,5186.4851,8786.2736,0.04085255993612064,0.8502452878905241,0.04259250181167551
20211222,5166.8515,8753.013,0.04100780888566686,0.857769747031492,0.0425925150179054
20211223,5186.9166,8787.0047,0.04084917251642267,0.8498064516129032,0.04259251327120617
20211224,5156.0637,8734.7376,0.04109360615961678,0.8622291021671826,0.04259251327120617
20211227,5186.5718,8786.4205,0.04085187996644758,0.8496259994841372,0.042592503548752436
20211228,5160.6195,8742.4555,0.04102453851380643,0.8589479112944817,0.04255491720487603
20211229,5145.0328,8716.0506,0.04114882898164175,0.8633668471255478,0.04255492552678097
20211230,5158.3534,8738.6166,0.0410425688926504,0.8592783505154639,0.04255492552678097
20211231,5209.9023,8825.9441,0.040636475075129554,0.841793352228807,0.04255492321040433
20220104,5272.7556,8932.422,0.04015207246810569,0.8274085522926327,0.04255492321040433
20220105,5258.0069,8907.4367,0.0402646925263012,0.8328611898016998,0.04255491474844053
20220106,5281.6173,8947.4344,0.04008469820821393,0.8236354273944387,0.042554915615413025
20220107,5296.2818,8972.2771,0.03997370531691992,0.8205920205920206,0.0425549093417974
20220110,5347.8286,9059.6011,0.03958840968539248,0.8103448275862069,0.04255491299448222
20220111,5371.9026,9100.3841,0.0394109955649715,0.8052482634422434,0.04255491299448222
20220112,5347.7161,9059.4105,0.03958924767868661,0.8106995884773662,0.04255491838574832
20220113,5331.4973,9031.9346,0.0397096740199008,0.8148624325019285,0.04255490993525646
20220114,5235.9777,8870.1177,0.04043410378619643,0.837789203084833,0.04255491907916076
20220117,5251.1609,8895.8391,0.04031718506323367,0.8347468517090723,0.0425549100895668
20220118,5303.1783,8983.9602,0.03992172501575454,0.8193730729701952,0.0425549100895668
20220119,5338.3387,9043.5245,0.039658790596865306,0.8119702029283329,0.04255491545684631
20220120,5318.1383,9009.3035,0.03980942937602205,0.8168977914740626,0.04255491418359836
20220121,5276.7259,8939.1479,0.04012185135557239,0.8251604621309371,0.042554905376252616
20220124,5252.3922,8897.925,0.040307741731117966,0.8344455852156057,0.0425549161923795
20220125,5070.7303,8590.1769,0.04175179567629915,0.8840133435976392,0.042554921773887644
20220126,5102.6572,8644.2633,0.04149055817726088,0.8763468445356594,0.042554921773887644
20220127,5033.8934,8527.7725,0.04205732545333493,0.8897153116183637,0.04255492123582494
20220128,5009.7414,8486.8572,0.042260080591017025,0.8956410256410257,0.04255491727491556
20220207,5140.6036,8708.5472,0.04118430093354083,0.8636247116124071,0.04255493559623247
20220208,5254.5345,8901.5541,0.04029132431944292,0.8321373654536135,0.0425549329312489
20220209,5278.9268,8942.8764,0.04010514559005746,0.8227004868050217,0.0425549268856682
20220210,5336.1947,9039.8923,0.03967473997359939,0.8101946721311475,0.04255492870220756
20220211,5325.3022,9021.4396,0.039755890440948134,0.8138284250960307,0.0425549272425223
20220214,5242.9059,8881.8545,0.04038068579282464,0.8351254480286738,0.04255492699217078
20220215,5221.0933,8844.9024,0.040549387575442575,0.8397747632454569,0.04255492699217078
20220216,5268.1763,8924.6644,0.040186994153956296,0.8267656090071648,0.04255493379603181
20220217,5244.6059,8884.7344,0.04036759295783551,0.8347403427986697,0.04255492124131366
20220218,5345.1594,9055.0792,0.03960819933663938,0.8063938618925831,0.04255492568951591
20220221,5379.5403,9113.3229,0.03935506324365347,0.798517003323958,0.042554927574602885
20220222,5334.1764,9036.4732,0.039689753928700694,0.8100715746421268,0.042554927574602885
20220223,5319.447,9011.5205,0.03979963740831486,0.8142090467671863,0.042554907199263026
20220224,5216.4932,8837.1095,0.04058513580613537,0.8405723045477772,0.04255491182417037
20220225,5215.192,8834.9053,0.04059527603165095,0.8408684546615581,0.042554926586179764
20220228,5219.1452,8841.6021,0.04056452746286074,0.8401430030643514,0.042554926586179764
20220301,5263.5754,8916.8701,0.04022212444514669,0.8284401327546592,0.04255493107047248
20220302,5298.648,8976.2856,0.03995588011295998,0.8167432363450741,0.04255492186975651
20220303,5355.0094,9071.7658,0.03953534069305378,0.8025006379178362,0.04255491685683643
20220304,5329.2221,9028.0803,0.03972664794746657,0.8107142857142857,0.042554918648229245
20220307,5271.5195,8930.3279,0.040161486134497375,0.8247895944912013,0.04255490260784067
20220308,5090.0852,8622.9654,0.04159302983848564,0.8788883222845487,0.04255490389267358
20220309,5024.8136,8512.3906,0.042133317264551697,0.8924292633188886,0.04255490389267358
20220310,5087.3541,8618.3387,0.0416153545668562,0.8799694189602446,0.042554898933505614
20220311,5120.3066,8674.1626,0.04134753510174969,0.870063694267516,0.042554901353436314
20220314,5009.3136,8486.1326,0.04226368779071801,0.8963321446765156,0.04255490326004918
20220315,4699.8654,7961.9054,0.04504640592376114,0.9378660555131143,0.04255489864606887
20220316,4811.543,8151.0952,0.04400086471385502,0.9261710794297352,0.04255490037986909
20220317,4896.5771,8295.1489,0.04323673991142696,0.9162636803257826,0.04255489554445879
20220318,5025.4993,8513.5523,0.04212756315175989,0.8910941475826972,0.04255489705462456
20220321,5046.455,8549.0528,0.041952632727188084,0.886034088018316,0.042554904091009815
20220322,5131.9307,8693.8547,0.041253883882196994,0.8644455747711088,0.042554904091009815
20220323,5145.7513,8717.2677,0.041143060667165415,0.8609204169844902,0.04255487927626023
20220324,5128.4379,8687.9376,0.04128196116962668,0.8657854600915099,0.04255488259690354
20220325,5124.2886,8680.9084,0.04131538947470089,0.866581956797967,0.04255488362253912
20220328,5187.1653,8787.4259,0.04081458119134353,0.8447662601626016,0.04255488362253912
20220329,5177.7105,8771.4089,0.04088910628732726,0.8496316992633985,0.04255487769045496
20220330,5244.3886,8884.3663,0.040369234835021646,0.8311325545962418,0.04255487769045496
20220331,5303.2837,8984.1388,0.0399209093311359,0.8121350596598121,0.04255486742263992
20220401,5357.4278,9075.8628,0.039517460116150385,0.7977157360406092,0.042554873584969455
20220406,5447.7716,9228.9115,0.038862117386062094,0.7759451915757422,0.042554873584969455
20220407,5342.5239,9050.6145,0.03962770315308501,0.8013698630136986,0.04255487516096568
20220408,5399.535,9147.1952,0.0392092854553399,0.7887395384225209,0.042554866015964254
20220411,5280.0061,8944.7048,0.04009690504128752,0.8176977687626775,0.042554864397405634
20220412,5264.8159,8918.9717,0.0402126135441792,0.8240811153358681,0.04255488498364968
20220413,5254.4667,8901.4393,0.04029181592497197,0.8281804358844399,0.04255488452844802
20220414,5379.7854,9113.7382,0.03935324911088336,0.7917405624524956,0.04255488933573792
20220415,5347.8981,9059.7188,0.039587895482512694,0.7993920972644377,0.042554888478868014
20220418,5276.5601,8938.8671,0.040123115632460675,0.818688275512788,0.042554888478868014
20220419,5338.5267,9043.843,0.039657388190348385,0.8022784810126582,0.04255488647740413
20220420,5182.9115,8781.6881,0.041015315119104265,0.8552265249303974,0.042729229795173795
20220421,5062.8475,8578.2572,0.04198798734473417,0.8873987854251012,0.042729235634342944
20220422,5128.399,8689.3246,0.04145129237591866,0.8737667594232229,0.04272923341045898
20220425,4859.1573,8233.1339,0.04374807309514052,0.9215983813859383,0.04272923382988214
20220426,4766.7064,8076.4892,0.044426532675161876,0.9327433628318584,0.04255550599186986
20220427,4820.5909,8167.7887,0.04392994193452327,0.9249241658240647,0.04255551479294173
20220428,4883.1703,8273.8203,0.04336695743597373,0.9173616376042456,0.04255550637896599
20220429,5019.2283,8512.3459,0.04313150876248197,0.9143506821627084,0.04353562811095779
20220505,5052.006,8567.9351,0.04276823206676674,0.9078050012629452,0.043446868509875225
20220506,4921.834,8347.1702,0.043899357637117956,0.923989898989899,0.04344686555582933
20220509,4934.0392,8370.7782,0.04413835157082777,0.927796011108306,0.04380955375650175
20220510,4930.6719,8374.9001,0.04534417585232994,0.9414437152953054,0.04503674072328945
20220511,4923.273,8368.1253,0.046104981675483776,0.9520565228362352,0.045760596580531665
20220512,4911.5352,8348.1745,0.04621516835385342,0.9533299697275479,0.04576059971082236
20220513,5028.3112,8562.9709,0.04666920665003441,0.9601513240857503,0.047351103567067065
20220516,5078.7809,8651.3737,0.04648932105220619,0.9573877962682804,0.047648428967236756
20220517,5040.8226,8593.8682,0.04737962648154072,0.9657171666246533,0.04820901510382569
20220518,5006.19,8534.8247,0.04770740106368174,0.9684979838709677,0.04820901974861913
20220519,5024.2502,8571.3643,0.047873009923895433,0.9702695893172084,0.04856319770126816
20220520,5070.655,8663.4259,0.048925560944851725,0.9871536523929471,0.05012625676893734
20220523,5084.9867,8687.9122,0.048787656139827495,0.9843868043314027,0.05012624474473992
20220524,4951.5297,8463.5757,0.05053765033615001,0.9967270896273918,0.050583087537410254
20220525,5031.2878,8603.7833,0.04905165971772509,0.9884218474704254,0.049860956003440204
20220526,5081.9916,8710.7481,0.05089336680004359,0.9969803724207348,0.05230828990181258
20220527,5074.4263,8704.2372,0.0514161918113777,0.9984905660377359,0.05277654359425665
20220530,5072.0614,8706.5476,0.05217198296422526,0.9989939637826962,0.05354698424265236
20220531,5070.5271,8712.258,0.05314641952298165,1.0,0.05455696676905464
20220601,5093.2163,8756.9034,0.05338535397255185,1.0,0.05505497074548149
20220602,5054.2338,8693.2848,0.05275506525176266,0.9989947222920331,0.0539437293817111
20220606,5073.1216,8725.7718,0.0525586522342899,0.9987437185929648,0.0539437293817111
20220607,5087.4234,8761.0376,0.05362989052597438,1.0,0.05522847789115226
20220608,5125.1709,8831.9656,0.05263311462887137,0.9984932194876946,0.054597127205241014
20220609,5100.7594,8789.8985,0.05132108354174479,0.9962339944765253,0.05296699878473832
20220610,5134.1267,8870.748,0.05298276429195227,0.998995983935743,0.05506998150805664
20220613,5071.6427,8762.788,0.053175359949573404,0.9994981179422836,0.054597100651082586
20220614,5143.2939,8886.5871,0.051291534606052444,0.9954841946813848,0.05341434355689434
20220615,5137.3642,8884.6311,0.052195704419264626,0.9969902182091799,0.0543056595724305
20220616,5058.3695,8760.0929,0.05439129434817173,1.0,0.05576109560890674
20220617,5056.8537,8761.3232,0.05284016090239791,0.9982451742291301,0.054159782046281135
20220620,5035.0745,8723.5892,0.05306871614323901,0.9984962406015038,0.054159777200823545
20220621,5037.4703,8738.3291,0.05410476574692032,0.9997494362315209,0.05528164595509755
20220622,4970.5763,8622.2902,0.054304747078136054,0.999749498997996,0.05474474886444036
20220623,5039.9466,8742.6246,0.05355730198038604,0.9989982469321312,0.0547447600015627
20220624,5033.9618,8738.7306,0.05333554351479921,0.9984977466199298,0.054467932701032895
20220627,5079.5629,8817.892,0.05285671736595725,0.9969962453066333,0.054467918638323676
20220628,5125.1371,8897.0066,0.05238670016220681,0.9952452452452453,0.054467918638323676
20220629,5091.243,8865.5969,0.0544412435761238,1.0,0.05624610341677849
20220630,5106.4698,8903.1898,0.052193421435177,0.9942471235617809,0.053983200212051496
20220701,5125.9429,8937.1415,0.051995138220213594,0.9934983745936484,0.05398319561928511
20220704,5143.8105,8968.2938,0.051814527303138895,0.993,0.05398319561928511
20220705,5151.2179,8981.2086,0.05174001646484486,0.9927518120469883,0.05398319345076685
20220706,5050.6118,8811.0081,0.052952814109314315,0.9967516241879061,0.054184503141305074
20220707,5081.066,8879.0034,0.053784382097463584,0.9990007494379216,0.055406304094195225
20220708,5070.861,8890.5168,0.05720440384901119,1.0,0.058901579580829866
20220711,4997.901,8780.2223,0.05965665789335675,1.0,0.06062464600602224
20220712,4997.9361,8796.3576,0.06106560440528636,1.0,0.062132316980025415
20220713,5004.2743,8810.9497,0.061272160423135394,1.0,0.062436587627207274
20220714,4937.89,8714.6002,0.0644575397193248,1.0,0.06494568574508097
20220715,4813.9362,8537.7911,0.07037960188203277,1.0,0.06952267182137972
20220718,4932.1107,8751.401,0.06821308539344927,0.9997506234413965,0.06904132278731567
20220719,4951.3882,8785.6064,0.06627635724195055,0.99950137122912,0.06730865081561466
20220720,4968.2179,8815.4685,0.06463410827858572,0.9992522432701895,0.06580703734407845
20220721,4896.2076,8697.8813,0.06496585233194486,0.9992524296037877,0.06520363959173237
20220722,4874.2956,8658.9558,0.06392165043935026,0.9985052316890882,0.06383888230470558
20220725,4869.8414,8651.043,0.06291827508175299,0.9982565379825654,0.0627635626881784
20220726,4938.786,8778.8028,0.06141629999735823,0.99800796812749,0.062136774948031714
20220727,4943.2277,8786.6982,0.060367872698954314,0.9972616380383371,0.061115745719390935
20220728,4962.8899,8833.0039,0.060143632578037974,0.9970134395221503,0.061169842751859216
20220729,4921.7183,8760.5064,0.06073580177302217,0.9972630007464544,0.061264340605621914
20220801,4937.8859,8789.2844,0.05997551321117238,0.9965174129353234,0.060685424306266667
20220802,4798.7797,8541.6795,0.0612702615875361,0.9975130564536185,0.06024081723183583
20220803,4736.1082,8430.1262,0.062081036429575916,0.9980109398309299,0.06024082130136965
20220804,4762.2823,8476.7152,0.05935248196147206,0.9955257270693513,0.05786115605482767
20220805,4797.1442,8542.9748,0.05878225966701259,0.9952783300198808,0.05773507974469605
20220808,4873.2309,8678.4735,0.05718837414723097,0.9947826086956522,0.05701004427203893
20220809,4883.649,8697.0264,0.05706637133607724,0.994535519125683,0.05701003877429023
20220810,4862.6151,8659.5684,0.05637906033059054,0.994288552272163,0.05601049039483419
20220811,4923.7214,8768.3893,0.05528770883936321,0.9940417080436942,0.05559150806186519
20220812,4957.3534,8828.2827,0.05468427781463767,0.99379498634897,0.05534623885174739
20220815,4969.8452,8850.5286,0.05454682784706024,0.9935483870967742,0.05534623885174739
20220816,4996.1046,8898.7078,0.054419179261579735,0.9930538327958323,0.05551408932006785
20220817,5012.0491,8927.1069,0.054246059129189915,0.9923115079365079,0.05551408932006785
20220818,4969.3372,8851.0316,0.054712310059589625,0.9938011405901315,0.055514090346469036
20220819,5006.9979,8918.1101,0.05430078524240102,0.9920674268715914,0.055514090346469036
20220822,5050.9213,8996.3434,0.05326940110169369,0.990086741016109,0.05491331856328041
20220823,5075.6273,9040.348,0.053010110700075865,0.9888503468780971,0.0549133211368551
20220824,4984.4626,8877.9718,0.053805333783718476,0.9913301956898687,0.05473368088689767
20220825,5073.6245,9040.223,0.053240694553547414,0.9895988112927192,0.05513544456354058
20220826,5051.2158,9000.295,0.05313912269453475,0.9888586283733597,0.054783163467512885
20220829,5090.8457,9070.9079,0.052725463466305696,0.9863861386138614,0.05478316819463802
20220830,5060.863,9017.4845,0.052889836304907144,0.9873793615441723,0.054626556542576754
20220831,5009.623,8926.1846,0.05343080772866247,0.9903513112320633,0.0546265539505586
20220901,5043.0279,8985.7058,0.05307689099333682,0.9881276279990107,0.05462656205659511
20220902,5040.1258,8980.5348,0.05310745262045965,0.9881305637982196,0.05462656205659511
20220905,5115.8301,9115.4254,0.05232156673933962,0.9841779975278121,0.0546265628703102
20220906,5201.739,9268.4985,0.051191434584078564,0.9804745427582798,0.0543451694567727
20220907,5187.116,9242.4431,0.051335742434082045,0.9812206572769953,0.054345163219991166
20220908,5168.4662,9209.2126,0.051452215317204814,0.9817193675889329,0.0542736633767118
20220909,5222.8554,9306.1239,0.050916430166152445,0.9787601877006669,0.054273686885044636
20220913,5187.6275,9243.3545,0.051262174099113426,0.98,0.05427366962517488
20220914,5144.5946,9166.6781,0.0516909659055251,0.9817329054554431,0.05427366962517488
20220915,5134.2684,9149.6833,0.05194845075576961,0.9824777887462981,0.05443552446665234
20220916,4975.1508,8866.1227,0.05360987812979233,0.9906242289661978,0.05443551261011903
20220919,4975.774,8871.1712,0.05404726013085787,0.9913665515540208,0.05490378369828597
20220920,4980.3913,8879.4033,0.0539971579027403,0.9911220715166461,0.05490378872100732
20220921,5020.6196,8951.1251,0.05356449906671868,0.9898915187376726,0.05490378842827415
20220922,5015.0548,8941.2037,0.05362393525162467,0.9901404979048558,0.05490378842827415
20220923,4962.2136,8846.9946,0.05419495837658368,0.9916214884179398,0.05490378615049929
20220926,4872.4905,8687.0298,0.05519291615784098,0.9938408474993841,0.05490378722554534
20220927,4930.363,8790.2091,0.054545063466576185,0.9928571428571429,0.05490378788922623
20220928,4869.6435,8681.9539,0.05522518491307608,0.9938438808175326,0.05490378788922623
20220929,4846.587,8640.8471,0.05548790312952833,0.9940915805022157,0.05490378551109498
20220930,4869.9909,8690.3367,0.055683564372226046,0.9940930347034211,0.055443179719932845
20221010,4856.0239,8665.413,0.05584372263330603,0.9940944881889764,0.055443179719932845
20221011,4856.6655,8666.5579,0.05583634528099681,0.993849938499385,0.055443179719932845
20221012,4924.6696,8787.909,0.05502839848940448,0.9923757993113625,0.05540768672384089
20221013,4878.2975,8708.005,0.055878339059883896,0.9940988443570199,0.055752650152588235
20221014,4934.5125,8808.3517,0.05524177422518388,0.9926253687315634,0.05575266378060206
20221017,4935.9049,8810.8373,0.05522620166438823,0.9923814204964365,0.055752675323797574
20221018,4941.3127,8820.4904,0.05405325991258182,0.9884520884520884,0.05464738573799455
20221019,4901.7465,8749.8627,0.05448956791338767,0.9904200442151806,0.054647383550753936
20221020,4855.4973,8667.3057,0.05500858947903572,0.9914047151277013,0.0546473866392001
20221021,4878.474,8708.3201,0.054749509312187854,0.9911613061625337,0.0546473866392001
20221024,4772.9081,8519.8797,0.055960445629714056,0.9941089837997055,0.05464738808285641
20221025,4753.564,8485.3496,0.056188180585453856,0.9941104294478528,0.05464739878357072
20221026,4741.7555,8464.2707,0.05565722166166046,0.992639842983317,0.05399553687587333
20221027,4754.4951,8487.0116,0.055508097989779605,0.9923963698798136,0.053995546404583594
20221028,4628.8304,8262.6938,0.057015046371698345,0.9943599803825405,0.053995546404583594
20221031,4561.9989,8143.3963,0.057850292203290264,0.9950968374601618,0.05399554540456841
20221101,4622.1442,8250.7586,0.05709750764625379,0.9943627450980392,0.053995534229421605
20221102,4679.5331,8353.2007,0.05633930294702494,0.99338397451605,0.053940015933931384
20221103,4654.3345,8308.22,0.05664433175633369,0.9936305732484076,0.053940023757934163
20221104,4750.5437,8479.9582,0.055497156572404435,0.9909380357580211,0.053940023757934163
20221107,4784.9273,8541.3347,0.05509835525275722,0.9892262487757101,0.05394001508465274
20221108,4790.0193,8550.4241,0.05503978329148203,0.988984088127295,0.05394001508465274
20221109,4795.2336,8559.7319,0.05497992687299748,0.9882525697503671,0.05394000844059432
20221110,4793.4693,8556.5826,0.0550001678281692,0.9882554440910203,0.05394001367389345
20221111,4900.0226,8746.7854,0.053804159127859345,0.9833659491193738,0.05394000930196574
20221114,4914.2351,8772.1556,0.05364857181809124,0.9828808999755442,0.05394003053263541
20221115,4961.8809,8857.2056,0.053133406010735205,0.9794621026894865,0.05394001728790654
20221116,4943.7381,8824.8199,0.05332840194427394,0.9806893180151552,0.05394002146068333
20221117,4924.1986,8789.9409,0.053540012075065604,0.9814271749755621,0.05394002146068333
20221118,4891.5442,8732.2512,0.0539661292208827,0.9836305888101637,0.054012428357632425
20221121,4894.16,8736.9209,0.05393729091924178,0.9833903273082559,0.05401243381455423
20221122,4899.1869,8745.8946,0.05388193947738089,0.9831501831501831,0.054012425456202884
20221123,4910.7696,8766.5719,0.053754864441832674,0.982177734375,0.05401243889017682
20221124,4945.974,8829.4177,0.05337224865174642,0.9797412741030022,0.05401243889017682
20221125,5007.6149,8939.4575,0.052715283186087224,0.9743777452415813,0.054012456441695944
20221128,4986.3839,8901.5564,0.05293972177856512,0.9758477677482312,0.05401244352381385
20221129,5129.6265,9157.2691,0.05146140078253355,0.97,0.05401244116495696
20221130,5120.0521,9140.1772,0.051486055009986084,0.9700073152889539,0.05393609894315432
20221201,5093.5771,9092.9149,0.05175367296871967,0.9705021940516821,0.05393610704964691
20221202,5077.2213,9063.7168,0.05176956634068258,0.9705093833780161,0.05377774301972571
20221205,5151.1459,9195.685,0.05102661872309275,0.966374269005848,0.053777745660671616
20221206,5125.573,9150.033,0.05128119623506733,0.9676004872107187,0.05377773674646846
20221207,5095.9529,9097.1561,0.05157927724427781,0.9695567462250365,0.05377774762817222
20221208,5106.7151,9116.3684,0.05147057595848289,0.9690771852934015,0.05377774762817222
20221209,5151.5545,9196.4145,0.05102256188326888,0.9654333008763388,0.05377773519830198
20221212,5077.8586,9064.8545,0.0517630617503375,0.970309077634461,0.05377773519830198
20221213,5101.5963,9107.2305,0.05152221845863704,0.9690997566909976,0.053777745692873635
20221214,5082.2494,9072.6929,0.05171835114120422,0.9695937728046704,0.053777745692873635
20221215,5030.6117,8980.5107,0.052249225687163545,0.9725194552529183,0.05377774715948069
20221216,5083.3404,9074.6405,0.05170724584354036,0.9691222951616825,0.05377774010178782
20221219,4978.9303,8888.2505,0.052791562161041077,0.9747204666990763,0.053777735503348856
20221220,4928.7312,8798.6364,0.05332924392954132,0.9793438639125152,0.053777735503348856
20221221,4930.9022,8802.5119,0.053305761860471666,0.9788629737609329,0.05377773344513326
20221222,4896.1758,8740.5194,0.05368384260626055,0.9820257469030848,0.05377774078399433
20221223,4890.0072,8729.5074,0.053751565065090975,0.982030111704711,0.053777742757892044
20221226,4877.9674,8708.0142,0.05388422962932928,0.9832483612527313,0.05377773764712579
20221227,4928.713,8798.6039,0.05332944690476204,0.9786407766990292,0.05377774250823997
20221228,4936.895,8813.2101,0.05324105388457887,0.9774326619752487,0.05377773315629719
20221229,4892.7946,8734.4834,0.05372094028016767,0.9815623483745755,0.05377774074812258
20221230,4925.8579,8793.5071,0.05336035505809595,0.9786563182148921,0.05377774074812258
20230103,4957.7815,8850.4962,0.05301674974232979,0.9745392822502424,0.05377772740021225
20230104,4996.9112,8920.3495,0.05260159047364053,0.9711515151515151,0.05377773067166203
20230105,5010.5086,8944.6232,0.05245884151871282,0.9704314105671352,0.05377773067166203
20230106,5000.1082,8926.0567,0.05256795713956787,0.9709231887569664,0.053777730100488474
20230109,4997.3119,8921.0647,0.0525973677467539,0.9709302325581395,0.05377772564875616
20230110,4968.9988,8870.5211,0.05289707535846314,0.9733591668684911,0.053777737048340546
20230111,4995.8475,8918.4505,0.052612795722790366,0.9709443099273608,0.053777737048340546
20230112,4976.5391,8883.9817,0.05281692974482027,0.9724037763253449,0.05377773963336452
20230113,5019.2458,8960.2207,0.052367550653860014,0.9687802516940949,0.053777759086804044
20230116,5038.5611,8994.7018,0.05216679474596277,0.9670941204935882,0.0537777538846651
20230117,5030.9612,8981.1346,0.05224559838119621,0.9678277697145622,0.05377775300835941
20230118,5036.7192,8991.4137,0.05218587938447611,0.9671100362756953,0.05377776186629646
20230119,5057.0592,9027.7241,0.051975975071982664,0.9659090909090909,0.05377775442814947
20230120,5106.6742,9116.2954,0.05147099122100653,0.9625332366449117,0.05377775442814947
20230130,5088.4584,9083.777,0.051655243022641094,0.9632672788786854,0.05377774897884824
20230131,5099.7113,9103.8654,0.051541265122788026,0.9627929451558347,0.05377775247105432
20230201,5115.4126,9131.8949,0.051383054856601225,0.9608695652173913,0.05377774322871898
20230202,5123.7449,9146.7695,0.05129949567712714,0.9599130644771794,0.053777743867989836
20230203,5078.3412,9065.7161,0.05175815182978555,0.9645098985997103,0.053777749164496846
20230206,5049.7994,9014.7641,0.05205068668280864,0.9662080617909727,0.05377774380754996
20230207,5076.7373,9062.8528,0.051774498235399154,0.9647683397683398,0.05377774380754996
20230208,5054.0931,9022.429,0.05200646790322751,0.9659831121833534,0.05377774468421648
20230209,5091.4248,9089.0726,0.051625136824723014,0.962132175590931,0.05377773917916051
20230210,5093.7288,9093.1856,0.0516017803668125,0.9619001687967205,0.05377773353757087
20230213,5111.8712,9125.5729,0.05141864192229793,0.9597396335583414,0.05377773353757087
20230214,5138.1849,9172.5475,0.051155327529646924,0.9566160520607375,0.05377774516227718
20230215,5106.61,9116.1808,0.051471628236224455,0.9607228915662651,0.05377774516227718
20230216,5062.7955,9037.9643,0.051917056718782585,0.9650686581546615,0.05377772664373359
20230217,5069.2342,9049.4586,0.05185112613986831,0.9645953757225434,0.053777739284249115
20230220,5182.7456,9252.096,0.0507154921413879,0.9537683602215266,0.0537777376495403
20230221,5241.1907,9356.4306,0.05014995654918087,0.9520943668753009,0.053777736099168916
20230222,5244.3046,9361.9894,0.05012017911220696,0.9516245487364621,0.053777736099168916
20230223,5251.396,9374.6489,0.0500525025904195,0.9511549566891242,0.053777741306437976
20230224,5230.0646,9336.5686,0.050256647287553316,0.9523694972335819,0.053777741306437976
20230227,5222.782,9326.8419,0.050677871113376904,0.9535834535834535,0.05414777163589046
20230228,5245.9443,9368.2051,0.050454114247698904,0.9528732868477999,0.05414777163589046
20230301,5281.4776,9431.6604,0.050114659246763754,0.9507211538461539,0.054147767138226666
20230302,5304.9916,9473.6519,0.04989254979564048,0.9495313626532084,0.05414778849142521
20230303,5327.927,9514.6098,0.049677774783410976,0.9481018740989908,0.05414778849142521
20230306,5302.978,9470.056,0.049911506563362754,0.9497958203218833,0.054147801150775665
20230307,5271.2937,9413.4742,0.0502115076398779,0.9517291066282421,0.05414779762997002
20230308,5267.1538,9406.0811,0.05025095907495888,0.9517406962785114,0.05414778270381304
20230309,5250.3011,9375.9855,0.05041225731707352,0.9527124339894383,0.05414778270381304
20230310,5156.6232,9208.6956,0.05132806819272017,0.9580033597312215,0.05414777826603889
20230313,5219.0596,9320.1945,0.05071401986936689,0.9534548944337812,0.05414777528598491
20230314,5175.8748,9243.0751,0.05113715120269331,0.955624850083953,0.05414777528598491
20230315,5238.4384,9354.801,0.050526409377412373,0.9525179856115108,0.05414777347467448
20230316,5189.8522,9268.0359,0.050999438348666715,0.9544473747302805,0.05414778651800933
20230317,5220.7732,9323.2546,0.05069737656373604,0.9527804410354745,0.054147777729104174
20230320,5196.1273,9279.2419,0.050937840740403174,0.954229571052001,0.054147777729104174
20230321,5195.3517,9277.8568,0.05094543856777108,0.9542405366554864,0.05414777068316523
20230322,5219.8761,9321.6526,0.05070609460999828,0.9523353293413174,0.05414778283880217
20230323,5224.2042,9329.3818,0.05066409300396496,0.9516283524904214,0.05414779004007109
20230324,5181.6082,9253.3137,0.05108058259294923,0.9552310270529087,0.0541477896282454
20230327,5139.553,9178.2117,0.05149857206051187,0.9607467687888942,0.05414780480097803
20230328,5141.399,9181.5082,0.05148008169164073,0.9602775783680306,0.05414780480097803
20230329,5126.5222,9154.9412,0.05162946752040583,0.9619617224880382,0.05414779869449604
20230330,5158.6573,9212.3281,0.051307848342767,0.9569480985410189,0.05414779751458476
20230331,5175.8851,9243.0935,0.0511370716875987,0.9545671927307509,0.054147797719220625
20230403,5199.3675,9285.0283,0.05090611644694743,0.9519483624193162,0.054147797719220625
20230404,5217.9849,9318.2752,0.05072448390390656,0.9512428298279159,0.05414779436165196
20230406,5185.4373,9260.1517,0.05104286692074157,0.9538829151732378,0.054147793324611504
20230407,5205.3899,9295.7831,0.05084722224349564,0.9512661251791686,0.05414779961856642
20230410,5206.9005,9298.4808,0.050832466818139896,0.9510389300214951,0.054147795456892744
20230411,5240.3212,9358.1634,0.050508277410859094,0.9484240687679083,0.054147795456892744
20230412,5292.2625,9450.9201,0.050012557652595886,0.9443781332060157,0.054147792773921344
20230413,5293.2456,9452.6758,0.05000327148483466,0.9441527446300716,0.05414779551385296
20230414,5287.0289,9441.574,0.050062067330993124,0.9448818897637795,0.05414779551385296
20230417,5359.7568,9571.4514,0.049382754837041035,0.9386927480916031,0.05414778747688276
20230418,5379.556,9606.8088,0.04920100395656511,0.9375149057953732,0.05414778747688276
20230419,5374.9389,9598.5636,0.04924326582622875,0.938006676204101,0.05414778525309738
20230420,5383.531,9613.9073,0.04916465440500043,0.9370679380214542,0.05414776443794089
20230421,5318.818,9498.343,0.049762846449843384,0.94232602478551,0.054147780756099495
20230424,5314.8677,9491.2885,0.04979981813456316,0.9423397664998808,0.054147765362694056
20230425,5332.1421,9522.1372,0.0496384917743356,0.940924249642687,0.05414777463490905
20230426,5345.3802,9545.7777,0.049515559579922604,0.9404620147654204,0.05414777463490905
20230427,5357.9061,9571.3427,0.04973384255611164,0.9414285714285714,0.05449990441758401
20230428,5414.9459,9679.2825,0.049674725703160144,0.940728398000476,0.05498236527181288
20230504,5523.839,9873.9304,0.048695482175984475,0.9290813898143742,0.0549823745740452
20230505,5537.914,9899.0895,0.04857171916492526,0.926481084939329,0.0549823745740452
20230508,5653.0053,10116.3986,0.048729004624772754,0.9298287345385348,0.05619156398926717
20230509,5607.7164,10036.9396,0.04928081465469002,0.9369797859690844,0.05635872325854496
20230510,5499.4512,9850.0638,0.050952179656164366,0.9529243937232525,0.05709943662911399
20230511,5495.8546,9845.1444,0.0511401892499654,0.9550748752079867,0.05726293338085431
20230512,5463.1357,9786.5327,0.05058275163706242,0.9486692015209125,0.05626992581613699
20230515,5461.7814,9785.4951,0.05073720395918562,0.950344499881207,0.0564198209268163
20230516,5423.5172,9716.9397,0.0510951669651359,0.9543942992874109,0.0564198209268163
20230517,5396.7055,9671.6492,0.05131524128987055,0.9572548088340062,0.05635268301540508
20230518,5426.5123,9729.8531,0.05045724754120009,0.9468186134852802,0.05563145560082261
20230519,5360.5872,9611.6479,0.050441600320864866,0.9463565155471161,0.05490074167609338
20230522,5355.0149,9612.2241,0.05159467185800155,0.9615567157095396,0.05606174741450731
20230523,5287.3933,9490.8436,0.05043954058669134,0.9459074733096086,0.054050089531355816
20230524,5211.9924,9355.4994,0.05089260842081547,0.950426944971537,0.05375094310324591
20230525,5188.2419,9312.8675,0.050316121179189696,0.9447474507944036,0.05287375788978532
20230526,5233.144,9393.4665,0.04988438803978364,0.9402560455192034,0.05287375322432042
20230529,5268.174,9469.8498,0.05034062980478897,0.9447736430433752,0.0536700985811458
20230530,5262.09,9466.8128,0.04979751745433435,0.9390995260663507,0.05298039698149459
20230531,5214.2105,9392.0084,0.05146297647883503,0.9592513622364368,0.05425260074220195
20230601,5195.6708,9359.9289,0.051372510793620714,0.9578398863098058,0.05394221309209524
20230602,5225.2303,9417.7418,0.05113229022557131,0.953587497040019,0.0539776717990077
20230605,5252.5754,9467.0275,0.04861069222333236,0.9230587121212122,0.051526451130798234
20230606,5209.3483,9398.0017,0.04923729497673716,0.9320710059171597,0.05174081014622711
20230607,5247.881,9470.6326,0.04849753255950588,0.9204921911973497,0.05131752667909506
20230608,5295.1971,9570.1137,0.04862082665030817,0.9228767447362195,0.05185946232141392
20230609,5284.1484,9552.8541,0.04838269512436455,0.9181646168401135,0.05147771072083551
20230612,5252.3151,9499.6921,0.04876091540759901,0.9257507685031923,0.05155149998838349
20230613,5243.4003,9483.5681,0.04884381844452252,0.9276595744680851,0.05155149998838349
20230614,5214.8935,9442.2127,0.04900345654863829,0.9298038288820609,0.0514074455068243
20230615,5216.5775,9464.1315,0.0503260952629895,0.9439981096408318,0.05280141087918455
20230616,5197.7652,9437.8727,0.05134293449956734,0.9574769666902906,0.05368017740469622
20230619,5132.5413,9326.4926,0.0501120225019747,0.9411903637222485,0.05170178405594439
20230620,5090.2633,9257.2456,0.05134746582239537,0.9574970484061394,0.05256336956440011
20230621,5040.6996,9188.5261,0.054188729166610064,0.9851274787535411,0.055022556721969096
20230626,4974.2752,9073.5075,0.054616650763292265,0.9874911493981591,0.054743158751966
20230627,5060.8202,9231.373,0.052302852071271666,0.9683813119395942,0.053289126008329246
20230628,5084.6346,9292.609,0.05353885083229382,0.9794762915782024,0.05484579096079378
20230629,5067.4507,9277.8653,0.05551945214843576,0.9915094339622641,0.0567435104661238
20230630,5072.5473,9311.9462,0.056923721887491646,0.993869370431502,0.05827568664610605
20230703,5125.9614,9410.0013,0.05633055913498425,0.9929278642149929,0.05827568664610605
20230704,5100.7727,9363.761,0.056608720978530196,0.993400895592741,0.05827567547169954
20230705,5086.7693,9352.2056,0.05754477498208191,0.9950518378887842,0.05909258931858119
20230706,5054.0354,9314.4894,0.06033527811010434,0.9964664310954063,0.061653261263060255
20230707,5072.59,9350.6661,0.06032647689320805,0.9962317475270843,0.061878219344975616
20230710,5093.4076,9389.0407,0.05697777241044607,0.9931716505768778,0.058592919531154086
20230711,5103.3483,9407.365,0.05562022064438596,0.9898775894538606,0.057275761147928206
20230712,5064.7159,9359.4238,0.05853720984424869,0.994822311132031,0.05991126632063826
20230713,5113.901,9459.9153,0.05898994707466172,0.9950588235294118,0.06098786434036785
20230714,5111.7184,9475.3024,0.061069366697819975,0.9971771347918137,0.06316737968293218
20230717,5060.9423,9423.949,0.06565076473952934,0.9992944496707432,0.06738298844808877
20230718,5056.1214,9424.2059,0.06500868310275053,0.9990594874206442,0.06664090347287077
20230719,5076.3131,9475.1186,0.06284508533179814,0.997649271274095,0.06461185995372776
20230720,5048.749,9442.7324,0.06322018553557851,0.9978848413631022,0.06462432971602561
20230721,5046.854,9449.1045,0.06248156652336889,0.9971804511278195,0.06379533274736637
20230724,5048.471,9452.1319,0.06207474870322301,0.9967112990368804,0.06338037889261994
20230725,5132.8386,9610.0914,0.05878249110296963,0.9931892907468295,0.06087497158749189
20230726,5141.997,9632.6398,0.05461617183721201,0.9828598262502934,0.05625470843236835
20230727,5147.4536,9642.8619,0.054117873135984734,0.9800469483568075,0.05576944359416536
20230728,5241.7957,9819.5955,0.05314386020342468,0.9711335367284675,0.0557694470177037
20230731,5278.6579,9895.1618,0.053431211121242474,0.9744251525105584,0.056464637311119725
20230801,5283.4628,9904.169,0.052296118151595725,0.9627023223082336,0.05522744965904347
20230802,5235.2922,9813.8702,0.05277728730299838,0.9664634146341463,0.05522743357747495
20230803,5264.085,9867.8441,0.05248861953583322,0.9638921453692849,0.05522744043608996
20230804,5248.909,9840.5668,0.05219281883011772,0.9610876699484294,0.05471792846346424
20230807,5203.1077,9754.6994,0.05265224766594017,0.9655495664401219,0.054717919032356566
20230808,5195.8537,9741.0997,0.05149621851683505,0.9533739456419869,0.053361975070513656
20230809,5172.8763,9701.3659,0.051985019525611714,0.9590067931599906,0.053631333435016915
20230810,5185.8257,9740.9762,0.053430880220635975,0.9742388758782201,0.05529150899722679
20230811,5105.884,9590.8149,0.05426743573136321,0.9808007492390541,0.05529150899722679
20230814,5103.1855,9585.746,0.05429612810334655,0.9808052434456929,0.05529150494669066
20230815,5137.0411,9649.34,0.05393830637753951,0.9782354317809502,0.05529152201418852
20230816,5134.5093,9644.5842,0.053504636853919534,0.9737950397753861,0.054771904440932495
20230817,5134.9776,9645.4638,0.053499756375150184,0.9735672514619883,0.054771903374368325
20230818,5112.6633,9603.549,0.05373326124448029,0.9761459307764265,0.05477190794654008
20230821,5059.3748,9503.4526,0.05429919857693838,0.9808276829553425,0.05477189150146611
20230822,5099.7647,9579.3204,0.05386915423283519,0.9770920991117344,0.0547718944456792
20230823,5085.6213,9552.7537,0.054018972345441646,0.9784996494508063,0.05477189966986851
20230824,5061.5614,9507.5599,0.05427574905326427,0.9803738317757009,0.05477189966986851
20230825,5071.8677,9530.0566,0.05433809855265329,0.9813127773884607,0.05495146136640683
20230828,5141.9299,9661.7039,0.053597725508202125,0.9733769266697805,0.054951481972092875
20230829,5151.0754,9680.1627,0.05363421838838818,0.9740835862713052,0.05509036924367683
20230830,5113.6297,9609.7929,0.054026973497557605,0.9780578898225957,0.05509037612259848
20230831,5060.8994,9510.6993,0.054589883383389035,0.982730455075846,0.055090370228297214
20230901,5114.916,9612.2101,0.054013385157937875,0.9773681754549697,0.05509037431291164
20230904,5194.1615,9761.1323,0.05318932485279334,0.9675763937485421,0.055090377441698424
20230905,5153.7671,9685.2211,0.05323121350403792,0.9675839552238806,0.05468862097358351
20230906,5152.7007,9683.2171,0.053242233622386,0.968057822336209,0.05468862457718182
20230907,5125.6082,9632.3034,0.05352365240098823,0.9713286713286713,0.05468861985048057
20230908,5092.095,9569.3237,0.05387591423615482,0.9757632253553951,0.05468862023272236
20230911,5129.3779,9641.877,0.05374256778500806,0.9741379310344828,0.05496099442028535
20230912,5122.7665,9629.4493,0.05381191725068421,0.9753086419753086,0.054960983439151345
20230913,5136.9986,9656.2018,0.0536628308585829,0.9729855612482534,0.054960983439151345
20230914,5188.4465,9752.9102,0.05313070726335484,0.9646100116414436,0.0549609721283606
20230915,5176.4278,9736.6457,0.05390435230019551,0.9762569832402235,0.05564699789138072
20230918,5182.1694,9747.4454,0.05384462881273738,0.9750989062136374,0.05564699789138072
20230919,5216.8452,9812.6691,0.053486729448618875,0.9692880409492788,0.05564699789138072
20230920,5223.7886,9825.7294,0.05341561860481517,0.9683647359851129,0.05564698005160906
20230921,5189.7566,9761.7167,0.0537659013334607,0.9739534883720931,0.0556469885481341
20230922,5211.9694,9803.4979,0.05353675739160642,0.9697744710532434,0.0556469885481341
20230925,5201.5588,9783.9161,0.053492378465229445,0.9688516968851697,0.055484955185422624
20230926,5178.0539,9739.7044,0.05373520226234142,0.9730420636765048,0.05548495960933453
20230927,5160.2086,9706.138,0.053492808406386025,0.9686338289962825,0.05501643053756622
20230928,5161.125,9707.8619,0.05348332526359552,0.9679442508710802,0.05501644612709833
20231009,5142.7127,9673.229,0.05367481000855335,0.972131908964236,0.05501644612709833
20231010,5091.6277,9577.1404,0.05421335380243588,0.9793359647086138,0.05501646411866279
20231011,5075.7901,9547.3505,0.05438250863971962,0.9811977715877437,0.055016460937223455
20231012,5127.166,9643.9864,0.053837571841786946,0.9744720352750058,0.05501645420396861
20231013,5120.7103,9631.8434,0.05390544447864685,0.9758700696055684,0.055016453540216004
20231016,5130.5163,9652.5245,0.05403416111891671,0.9774994200881466,0.05526094999586362
20231017,5140.4928,9671.2943,0.05392930033306799,0.9756493506493507,0.05526095731078917
20231018,5093.106,9582.141,0.053576094975733596,0.968931138418734,0.054318250136603075
20231019,5008.1936,9422.3874,0.05448447327259178,0.9819193324061196,0.05431826267629214
20231020,4982.368,9373.7993,0.05476689220996487,0.9840092699884125,0.05431826709115395
20231023,4915.646,9248.2687,0.0555102594023888,0.98725671918443,0.05431826139294649
20231024,4953.0429,9318.6272,0.05476922178529655,0.9837850359045633,0.053973768038886316
20231025,4997.211,9401.7246,0.054285128525856645,0.9789254284390921,0.05397375443383545
20231026,5021.195,9446.8481,0.05402583659671183,0.9759203519333179,0.05397375826499351
20231027,5041.4708,9484.9949,0.053808557843354345,0.9719907407407408,0.05397376089229278
20231030,4989.67,9387.5372,0.054367180917940405,0.9800971997222865,0.05397376479023386
20231031,4998.8946,9404.8922,0.054266840453656824,0.9780194354465526,0.05397374831303092
20231101,4992.9413,9393.6918,0.05433155635029252,0.9796437659033079,0.053973760111386326
20231102,5001.1963,9409.2227,0.054241875101212755,0.9773358001850139,0.053973758668652616
20231103,4977.7857,9365.1781,0.054496965755357195,0.9815028901734104,0.05397374797477217
20231106,4969.887,9350.3175,0.05458357842550682,0.9819694868238558,0.05397374797477217
20231107,4967.4888,9345.8056,0.05460992798821516,0.9822047608042523,0.053973745193154565
20231108,4961.33,9335.4214,0.05480659193584697,0.9838262476894639,0.05410957429953256
20231109,4993.8853,9396.6787,0.054449303146477425,0.9801339801339801,0.05410957051562981
20231110,4975.8006,9362.6498,0.05464720080994351,0.9824480369515012,0.05410957051562981
20231113,4984.6953,9379.3866,0.054549705240221895,0.9810667282382821,0.05410958810625188
20231114,4977.8441,9366.495,0.05462477717451227,0.9822253000923361,0.05410958028018387
20231115,5002.0913,9412.1194,0.05435998834566666,0.9780752365566582,0.05410958028018387
20231116,4995.8553,9400.3855,0.054427836359432054,0.9790032302722658,0.05410957366504321
20231117,4982.9461,9376.0952,0.054568854764171705,0.9808535178777393,0.05410958789870035
20231120,4995.5161,9399.7473,0.054431543999368434,0.9787822878228782,0.0541095862210228
20231121,5014.0273,9434.5787,0.054230586615189105,0.9744062716163246,0.05410958322374171
20231122,4998.8014,9405.9291,0.054395769706762194,0.9781005071461503,0.05410958490664486
20231123,5037.9512,9479.5948,0.05397304181338889,0.9709610509333948,0.05410956367255815
20231124,5041.0734,9485.4696,0.053939613490137386,0.9705069124423963,0.05410956367255815
20231127,5027.7528,9460.4051,0.054082513515527016,0.97281732319742,0.054109554653670955
20231128,5027.3766,9459.6972,0.054086560525171086,0.9728235836020267,0.054109554653670955
20231129,4992.1274,9393.371,0.054401128155143266,0.9781257195486991,0.054037121354759465
20231130,5008.6145,9424.3938,0.05422205511924567,0.9737569060773481,0.05403712313160458
20231201,5023.6238,9452.6357,0.054060053519543606,0.971921749136939,0.05403712313160458
20231204,5024.1428,9453.6123,0.05405445215826918,0.9716981132075472,0.05403710483661084
20231205,4959.3167,9331.6333,0.054761048432849416,0.9832068092937658,0.05403712510913783
20231206,4957.1893,9327.6302,0.054784532560667384,0.983670653173873,0.054037107557208586
20231207,4964.688,9341.7401,0.05470179305778491,0.9822947804092895,0.05403711540347955
20231208,4963.7549,9339.9842,0.05471207604800713,0.9822988505747127,0.05403711540347955
20231211,5039.6988,9482.8832,0.05388762271727504,0.9669041599632269,0.05403712637838809
20231212,5078.0651,9555.0745,0.05348046939357387,0.9574908088235294,0.05403710933029782
20231213,5036.1163,9476.1422,0.053925951403360185,0.9673788192051459,0.05403712140589034
20231214,5031.5238,9467.5007,0.0539751694995111,0.9687643546164446,0.05403711876429296
20231215,5001.821,9411.6108,0.054295690707020595,0.97451205510907,0.05403711383751397
20231218,4990.6419,9390.5758,0.054417303900505164,0.9772727272727273,0.05403710370622594
20231219,4981.9427,9374.2071,0.054512328247414935,0.979114069313748,0.05403710769251191
20231220,4959.6461,9332.2529,0.05475739097559399,0.9827902707664066,0.054037104587839835
20231221,4954.7063,9322.9581,0.05481199539989688,0.9839412709337004,0.05403711699561531
20231222,4943.319,9301.5313,0.05493824683827315,0.9839449541284404,0.0540371047021313
20231225,4951.0593,9316.0958,0.054852365545721114,0.9837193304288008,0.05403711218309004
20231226,4921.8706,9261.1732,0.05517766102195596,0.9853278312700596,0.05403711071612327
20231227,4950.1365,9314.3594,0.054862593991074515,0.9834975933990373,0.05403711528118493
20231228,4943.7964,9302.4296,0.05493294493262977,0.9835013748854262,0.05403710816796292
20231229,4969.6698,9351.114,0.05464695570703244,0.9798396334478808,0.05403711453923332
20240102,5020.9933,9447.6861,0.0540883664272519,0.9690792487402657,0.05403711453923332
20240103,5074.1832,9547.7703,0.05352138712311592,0.9558049003892832,0.054037113601509645
20240104,5096.1593,9589.1212,0.05329058575956009,0.9512362637362637,0.0540371116271261
20240105,5099.2457,9594.9287,0.053258332446383866,0.950789654383154,0.05403711338315609
20240108,5046.0217,9494.7805,0.053820085939228886,0.9622425629290617,0.054037113025475314
20240109,5074.4042,9548.1861,0.05351906013973502,0.9553877831159918,0.05403711759687968
20240110,5046.523,9495.7238,0.05381472967372998,0.9620311070448307,0.05403710197504785
20240111,5020.5794,9446.9073,0.054092814673394246,0.9691287445689458,0.05403710197504785
20240112,5032.4176,9469.1825,0.05396556805049125,0.965249199817101,0.0540371026901143
20240115,5057.5149,9516.4065,0.053697767442740414,0.9586285714285714,0.05403709941786139
20240116,5075.1494,9549.5882,0.05351118509701301,0.9542961608775137,0.05403709941786139
20240117,5004.1065,9415.9114,0.05427089279091218,0.9716700936714645,0.05403711383217158
20240118,4971.3035,9354.1879,0.0546289976815551,0.9796710826861581,0.05403711383217158
20240119,4942.0795,9299.199,0.0549520217425718,0.9837862525690797,0.05403709960352132
20240122,4778.6825,8991.7453,0.056831003879211375,0.9906392694063927,0.05403711362244068
20240123,4835.9292,9099.4627,0.056158247281313085,0.9890435973522027,0.054037110266133004
20240124,4943.458,9301.7928,0.05493668909291826,0.9828845276129621,0.0540370908079042
20240125,5085.8927,9569.8032,0.05339814281994177,0.9502623773671002,0.054037092791591634
20240126,5152.4047,9694.9547,0.05270883735405444,0.9404653284671532,0.05403710026932096
20240129,5166.2084,9720.9282,0.05256799531673394,0.9391106043329532,0.05403709140920365
20240130,5098.2721,9593.0968,0.05326848754742454,0.9477884176926584,0.05403709655625244
20240131,5079.3378,9557.4692,0.05346705703885888,0.9512195121951219,0.05403709655625244
20240201,5028.7856,9462.3484,0.05400454689560447,0.9649042844120328,0.05403710575581866
20240202,5024.7982,9454.8455,0.05404739853289271,0.9662793347003873,0.05403710226275393
20240205,5020.678,9447.093,0.054091775628787864,0.9676537585421412,0.05403712682934092
20240206,5139.1514,9670.0168,0.05284479160744093,0.9412434525165111,0.054037126189912854
20240207,5240.3177,9860.375,0.05182459820084671,0.9310109289617486,0.054037120892102664
20240208,5244.2155,9874.4628,0.05247048437075726,0.9367175051217846,0.05475850915643665
20240219,5348.8828,10071.5433,0.0514437383876934,0.9242148384160218,0.05475850915643665
20240220,5410.1912,10186.9826,0.050860795927723544,0.9149032992036406,0.05475852920341007
20240221,5411.4537,10189.3597,0.050848922939121285,0.914695177434031,0.05475852125386593
20240222,5490.3956,10338.0013,0.0501178079371772,0.9067546054127814,0.05475852125386593
20240223,5470.9763,10301.4362,0.0502957017342449,0.9083674397453388,0.05475852125386593
20240226,5374.6779,10120.1136,0.051196845234674535,0.9202091384405546,0.054758512980871865
20240227,5402.8901,10173.235,0.05092951134292469,0.9159090909090909,0.054758512980871865
20240228,5352.3587,10078.0882,0.051410336677889676,0.923653715064758,0.0547585149821197
20240229,5414.0184,10194.1887,0.05082481839740234,0.9134484325306679,0.05475850232984025
20240301,5414.2425,10194.6107,0.05082271830465476,0.9132409720645015,0.054758506115111016
20240304,5439.7557,10242.6501,0.05058435252698732,0.9109900090826522,0.054758505829123116
20240305,5469.1493,10297.9961,0.05031249650440369,0.9073779795686719,0.05475851258850062
20240306,5467.6202,10295.117,0.05032656196922571,0.9078529278256923,0.054758506582762045
20240307,5493.8044,10344.4198,0.05008669890385801,0.9042432493759928,0.054758506582762045
20240308,5524.1934,10401.64,0.04947917510659705,0.8981397459165155,0.054388255234131266
20240311,5482.4938,10323.1228,0.04985551198979119,0.901564980721252,0.054388255776191885
20240312,5379.1772,10128.5854,0.05081307516321564,0.9131519274376417,0.054388255776191885
20240313,5356.5324,10085.947,0.051027871337913436,0.917479029698481,0.0543882379831897
20240314,5370.8322,10112.8725,0.05089201533824003,0.914324569356301,0.054388243593344265
20240315,5370.6004,10112.4359,0.05089420002605287,0.9147971901200997,0.05438823093110501
20240318,5357.7926,10088.3199,0.05101587363346471,0.9168554599003171,0.05438824256632868
20240319,5338.3232,10051.6605,0.05120193500342889,0.9202718006795017,0.054388244003785724
20240320,5359.2121,10090.9926,0.0510023623647395,0.9164402173913043,0.054388244003785724
20240321,5365.8258,10103.4458,0.05093950324458683,0.9153271451211229,0.05438824832629341
20240322,5347.7352,10069.3825,0.051111823821351474,0.9182888184698959,0.05438824805086129
20240325,5352.3645,10078.0991,0.051067616823487975,0.9174021271780946,0.05438824805086129
20240326,5348.7607,10071.3135,0.051102032651459184,0.9180995475113122,0.054388256833013626
20240327,5330.6982,10037.3032,0.051275177053590235,0.920832390861796,0.05438824661594044
20240328,5325.6544,10027.8061,0.051323738548309614,0.9222071460877431,0.05438824661594044
20240329,5380.7251,10131.5001,0.05079845179065283,0.910468008139272,0.05438824868658387
20240401,5396.8299,10161.8241,0.05064686300213123,0.9082278481012658,0.05438824868658387
20240402,5416.8936,10199.6026,0.050459263597130766,0.9066666666666666,0.054388239839754826
20240403,5470.4836,10300.5085,0.04996494584091215,0.8996836873023045,0.05438823070859011
20240408,5461.6517,10283.8787,0.050045743130250536,0.900158120623447,0.054388230949423244
20240409,5441.7507,10246.4066,0.050228748903550655,0.9028906955736224,0.05438821278547734
20240410,5454.4099,10270.2429,0.05011217244710945,0.9011063445473019,0.05438821278547734
20240411,5502.4367,10360.6739,0.049674794312771234,0.8952595936794583,0.05438822845738711
20240412,5483.8509,10325.6782,0.04984314621846638,0.8973143759873617,0.05438822252131703
20240415,5585.2625,10516.6285,0.04893814413274263,0.8867328519855595,0.05438822231663365
20240416,5566.742,10481.7558,0.0491009614833097,0.8885630498533724,0.05438822293890122
20240417,5669.0568,10674.4069,0.04821479397613668,0.8721244925575101,0.05438822686728928
20240418,5693.4158,10720.2731,0.04800851289008541,0.8698985343855693,0.054388230603010346
20240419,5710.2691,10752.0065,0.047866815023361646,0.8678990081154193,0.05438822430762125
20240422,5594.3976,10533.8292,0.0488582286997454,0.8855082262790174,0.054388216706462655
20240423,5501.328,10358.5861,0.049684795630819824,0.8954484001802614,0.054388216706462655
20240424,5509.2218,10373.4496,0.04961361225893969,0.894345573327326,0.05438822376010877
20240425,5536.7855,10425.35,0.04936661621452214,0.890990990990991,0.05438821776801328
20240426,5502.1408,10360.1166,0.04967745733453986,0.8950686782256249,0.05438821776801328
20240429,5495.3081,10350.8131,0.050083466870823205,0.9007203962179199,0.05475118256891931
20240430,5499.6595,10369.9765,0.05110255352233807,0.9180733738465001,0.05586786169786695
20240506,5554.3174,10473.0377,0.0505996778354823,0.9081908190819082,0.05586786679222988
20240507,5556.497,10477.1475,0.05057983125865618,0.9075365579302587,0.05586786861897175
20240508,5563.1492,10489.6907,0.050519338001099465,0.9068825910931174,0.05586785540036221
20240509,5602.7265,10564.3163,0.05016247264351492,0.9017315043849786,0.05586785540036221
20240510,5628.2981,10621.453,0.05077504681645909,0.9105215827338129,0.056755293111256266
20240513,5644.1629,10651.3923,0.05063232793027029,0.9080692290402338,0.05675529448181149
20240514,5627.962,10620.8187,0.05046005829603019,0.9058426966292135,0.0564024017405107
20240515,5621.3279,10613.672,0.05042419680218414,0.9045158391372725,0.056277451649276555
20240516,5633.5526,10639.2081,0.05054552441606077,0.9070080862533693,0.05652118435446729
20240517,5689.0775,10749.0048,0.05051157620284222,0.9061306984055693,0.05700652028144915
20240520,5742.413,10849.7776,0.0489140980250866,0.8828019757521329,0.05579639529378899
20240521,5757.0172,10887.3174,0.04955027099431786,0.891358024691358,0.05659461164354318
20240522,5754.615,10882.7746,0.04890085225839253,0.8824057450628366,0.0558542521273655
20240523,5675.4423,10744.6784,0.05051685193786596,0.9062149427866277,0.056834921803273764
20240524,5650.8707,10719.1948,0.05270272832428417,0.939883355764917,0.058912885512912405
20240527,5732.4452,10873.9344,0.051817550875980424,0.9313747477012783,0.05876264554527788
20240528,5705.0825,10822.2575,0.05208711734354223,0.9336322869955157,0.058784921150734526
20240529,5716.2082,10846.3639,0.05199439820785755,0.9327505043712172,0.05877728436795371
20240530,5664.7676,10758.3838,0.05289077552153816,0.942626624831914,0.059204320907154884
20240531,5669.4873,10767.3473,0.05284674533326541,0.9419672865785346,0.059204320907154884
20240603,5634.7944,10701.4596,0.052126194646226295,0.9332437275985663,0.05803987441602376
20240604,5663.5283,10756.0302,0.05186173249736668,0.9310190369540874,0.05803987441602376
20240605,5591.3914,10619.0296,0.05253082008893561,0.9375279892521272,0.05803987157286383
20240606,5596.0987,10651.8968,0.054737963951380024,0.9805238415043653,0.06042186899016744
20240607,5629.323,10735.6255,0.05632695117668006,0.9894807520143241,0.062449449722551176
20240611,5535.7516,10557.1763,0.05591997825246466,0.9885880510181249,0.06093432671073562
20240612,5597.6489,10680.1487,0.05497826448726413,0.9832214765100671,0.06053847451042693
20240613,5528.935,10565.2323,0.05605663552052568,0.9888168195034668,0.06088413607870824
20240614,5514.7118,10570.8797,0.05918389102298083,0.9937388193202147,0.0640393455149948
20240617,5442.6937,10435.9783,0.05980335474149857,0.9941873463000224,0.06384469414817451
20240618,5460.8694,10474.259,0.05993189233379723,0.994188645507376,0.06419319288626513
20240619,5438.202,10443.6642,0.060510270751752054,0.9953072625698324,0.0645001866834447
20240620,5421.5287,10421.2519,0.061300608033411225,0.9964253798033958,0.065131977975732
20240621,5417.796,10425.8684,0.06103383525707538,0.9953093589457226,0.06476783867483715
20240624,5347.6185,10301.0793,0.0625513811953175,0.9973202322465387,0.06552704157692402
20240625,5360.9035,10334.1414,0.06266717945993022,0.9973208305425318,0.0658054944402302
20240626,5368.9598,10375.8266,0.0651002959789491,0.9991071428571429,0.06849894551385027
20240627,5334.2483,10323.2418,0.0658725889953674,0.999330506583352,0.06884525618528481
20240628,5354.8331,10382.4177,0.06553925808451262,0.99888442659527,0.0687047834088359
20240701,5471.4649,10608.5537,0.06334925789304433,0.9973232210573277,0.06781348459447689
20240702,5464.4834,10595.0174,0.06271960907963298,0.9964317573595004,0.0670062502672395
20240703,5419.5076,10511.8341,0.0628531953598927,0.9966555183946488,0.06654068568904159
20240704,5384.2881,10446.7172,0.06138304387910112,0.9946500222915737,0.06438025371170042
20240705,5365.1284,10417.5344,0.06174986730274817,0.9948740806775128,0.06448544305963089
20240708,5326.1849,10361.6769,0.06411199277216835,0.9975490196078431,0.06651927936164492
20240709,5382.263,10478.0651,0.06232779071049323,0.9950991312096236,0.06521814680990623
20240710,5273.2027,10288.9757,0.06415054010031708,0.9975501113585746,0.0657109790996655
20240711,5283.2287,10321.3624,0.06271418060845588,0.995546648853262,0.06420074461443948
20240712,5254.1366,10312.1044,0.06769647688484486,0.9995547640249333,0.06913336668706194
20240715,5300.0384,10402.1942,0.0671101811058043,0.9993322946806142,0.06913336668706194
20240716,5263.4867,10352.7803,0.06827271337627182,0.9997774810858923,0.06982256852104385
20240717,5227.974,10295.1769,0.06759009751758424,0.9991101223581758,0.06851325206885983
20240718,5235.4347,10320.7641,0.06834525266080768,0.9997775800711743,0.06941582935130142
20240719,5199.048,10254.5228,0.06935912698515537,0.9997776295307983,0.0699885493409389
20240722,5151.023,10159.7991,0.07000579669284236,0.9997776789684304,0.06998855733086495
20240723,5087.1029,10033.724,0.06840365263368534,0.9993331851522561,0.06732798000690199
20240724,5075.7172,10017.894,0.06819566113037372,0.9984444444444445,0.06695075182380994
20240725,5063.5377,9993.8554,0.06628591588728083,0.9975560986447456,0.06476348048930469
20240726,5062.3531,10000.6248,0.06265536650622025,0.9928920479786761,0.06089755989983181
20240729,5067.1545,10010.1098,0.06161736846301385,0.9913391072618255,0.05985808900413225
20240730,5035.2247,9950.1065,0.060902442316628426,0.9893428063943162,0.05870000776909534
20240731,5114.863,10107.4797,0.05795743719376959,0.9855715871254163,0.05656268368135198
20240801,5105.844,10089.6572,0.05702140099955041,0.9840213049267643,0.05545387651885836
20240802,5092.7985,10063.8781,0.057167475536642774,0.9844686043931662,0.05545388802022777
20240805,5034.1085,9947.9007,0.05783395509324376,0.9851375332741792,0.0554538821108399
20240806,5018.3054,9916.6722,0.057441202642136126,0.9846972721224219,0.05486205379183273
20240807,5031.8537,9943.445,0.057286531307088176,0.9844789356984479,0.054862042971908664
20240808,5055.4244,9990.023,0.05701943194327913,0.9829306140545334,0.05486203955131219
20240809,5034.2404,9948.1614,0.056568941381969,0.9813829787234043,0.05416791415993649
20240812,5062.3355,10003.6802,0.05625498799903431,0.98027919344117,0.05416790906225066
20240813,5070.0426,10018.9102,0.056169473487051653,0.9798404962339389,0.054167909186865426
20240814,5047.3326,9977.7012,0.056789973659505326,0.9818383167220377,0.054555601749469274
20240815,5092.5403,10067.0692,0.0561631887441009,0.979406554472985,0.05443013264175045
20240816,5092.8593,10067.6997,0.056159659223146904,0.979189727695373,0.05443012062510166
20240819,5135.8034,10152.5928,0.055690074442025665,0.9774236387782205,0.05443012697043814
20240820,5076.7441,10035.8427,0.055986608268260164,0.978535074131445,0.05406668829895889
20240821,5036.835,9956.9495,0.054807933195217075,0.9707964601769912,0.05240843698528708
20240822,5028.8785,9941.2209,0.05489465033060827,0.9714664897146649,0.05240843920719751
20240823,5034.1147,9951.5719,0.05483755203523945,0.9708093763821318,0.05240843920719751
20240826,5028.4443,9940.3624,0.05489937389381877,0.9714791067875304,0.052408422186327686
20240827,5027.4893,9938.4745,0.05490980234009485,0.9714854111405835,0.052408422186327686
20240828,5001.4171,9896.1035,0.05612345269044702,0.9787845303867403,0.05338443376331936
20240829,4928.9106,9752.6378,0.05694904999437262,0.9823243482103402,0.05338442969773971
20240830,4946.0986,9786.6471,0.05675115805861015,0.9814446653412856,0.053384439759613045
20240902,4964.3011,9822.6637,0.056543071238537,0.980565371024735,0.05338444139410692
20240903,4928.7821,9752.3836,0.05695054069406458,0.9823360565246191,0.053384436176789896
20240904,4922.3766,9739.7092,0.05702465056375961,0.9832229580573951,0.053384436176789896
20240905,4922.9052,9746.08,0.057225891916616034,0.9843301699404106,0.053613292463439155
20240906,4875.41,9652.0518,0.05778335588946872,0.9849955869373345,0.0536132741919475
20240909,4793.0864,9489.0724,0.05863431951503392,0.985881314802559,0.05347457390704058
20240910,4797.0928,9497.0039,0.05858534279370084,0.9856638729598588,0.05347456703865294
20240911,4703.9782,9315.2069,0.060018405840115016,0.9878721058434399,0.053762559871080695
20240912,4717.8606,9342.698,0.05984179605869159,0.9872134038800705,0.05376255578225342
20240913,4696.5703,9305.4873,0.060645304735707416,0.9889795018734847,0.05432340679508596
20240918,4750.4738,9412.2884,0.05995717519963909,0.9872190392243279,0.05432341861420964
20240919,4765.3502,9444.5382,0.06006386709081235,0.9876624807226261,0.0546332479913656
20240920,4759.7892,9435.5389,0.06034839965190779,0.9883259911894273,0.05485931727632365
20240923,4810.4077,9535.8823,0.059713383666688956,0.985906188064303,0.05485933041883917
20240924,5025.9754,9966.3896,0.05720764193536745,0.9819462791721708,0.054923366415225106
20240925,5093.9793,10104.8027,0.05679665551883372,0.9786484701738939,0.05529546687199027
20240926,5279.0662,10471.9551,0.05480533645668954,0.9654489436619719,0.05529546922003181
20240927,5355.8896,10624.3478,0.054019223859307616,0.9489548954895489,0.05529546922003181
20240930,5699.2907,11305.5441,0.050173759977445886,0.8829740431148262,0.05460967190243249
20241008,5753.6297,11413.3351,0.049699908330024835,0.8755223224103804,0.054609676490558146
20241009,5313.8236,10540.9025,0.05381339590624016,0.9434916446789797,0.054609681354509165
20241010,5478.7381,10868.0393,0.05219356350703278,0.9180039569136074,0.05460967566092756
20241011,5382.6171,10677.3664,0.05312561118089841,0.9283516483516484,0.054609667172751175
20241014,5524.007,10957.8382,0.051765842021654664,0.9123269611074489,0.05460967681357043
20241015,5400.9686,10715.164,0.05307521928240834,0.9275043936731108,0.05474689147327583
20241016,5474.8487,10862.7955,0.05245642558782544,0.9196134416867999,0.05484965255359775
20241017,5383.4212,10681.4515,0.05335289783923482,0.932806324110672,0.05485555593273239
20241018,5430.0753,10774.7825,0.05296528378363197,0.9262349066959386,0.0549302209264968
20241021,5394.9871,10705.1578,0.05330976835941688,0.9317383669885865,0.05493022745203335
20241022,5429.9226,10774.4796,0.05296676646077485,0.9260478384902348,0.054930212663794054
20241023,5439.0771,10793.8526,0.052989538951872146,0.926283457656867,0.055048281246344644
20241024,5411.0452,10741.6552,0.05358365018091955,0.9385830225926738,0.055385473743335245
20241025,5416.0412,10752.5053,0.05362094120254957,0.9390350877192982,0.055476995706298604
20241028,5469.8608,10859.3538,0.052875985273851546,0.9239201929401447,0.05523245536478427
20241029,5386.3328,10693.5252,0.0536959600924343,0.9405962297238053,0.05523246128276682
20241030,5339.5949,10601.2927,0.05421846982642582,0.953101030024107,0.05528786596026647
20241031,5319.4112,10561.2198,0.05442418699204117,0.9583698510078879,0.05528785825578253
20241101,5360.4175,10647.1211,0.05442944608212192,0.9585980284775466,0.05573276207444411
20241104,5406.5488,10738.7494,0.0539650346543696,0.9465615418309242,0.05573276950612405
20241105,5475.9018,10876.5016,0.05328154279683484,0.9297131596233852,0.055732748778605234
20241106,5455.843,10836.6599,0.05347744184994058,0.9334500875656743,0.055732754712810584
20241107,5564.8524,11053.1797,0.05242986784476044,0.9163930838257824,0.05573274355995195
20241108,5489.2792,10903.0725,0.053151689449580646,0.9273522975929979,0.05573274092826774
20241111,5449.7675,10826.1864,0.053684297504129605,0.9396193393130606,0.05588819689420954
20241112,5421.2598,10769.5546,0.05396659643545153,0.947069116360455,0.05588819689420954
20241113,5443.0658,10815.7781,0.054019045430803256,0.9483927399956265,0.056171860143342967
20241114,5372.7974,10676.1496,0.054725541536836605,0.9639265413205073,0.05617186575556721
20241115,5356.6248,10644.0134,0.0548907676495669,0.9669945355191257,0.05617186575556721
20241118,5444.9964,10819.6143,0.05399989746232114,0.9471153846153846,0.05617186575556721
20241119,5449.5065,10828.5762,0.053955200417306406,0.9453790692593402,0.05617185897313304
20241120,5465.7674,10860.8879,0.05367770890888964,0.9379641764962866,0.05603577170068319
20241121,5461.1526,10851.7178,0.05372306318467538,0.9390696658659096,0.056035766356954175
20241122,5312.3291,10557.4431,0.05536534036177012,0.9713973799126637,0.05618069640706591
20241125,5320.6061,10573.8924,0.05527919330352435,0.9709670377646802,0.0561806759665886
20241126,5322.6275,10577.9096,0.05525819965680687,0.9707551287647316,0.0561806759665886
20241127,5380.4305,10692.7842,0.054664550186794676,0.9620336024438141,0.0561806759665886
20241128,5358.4271,10654.2698,0.05537864086794698,0.9714223385689355,0.05669780390160173
20241129,5392.2418,10721.5044,0.055031362757191386,0.9688113413304253,0.05669780371652822
20241202,5420.6133,10777.916,0.05474332850312171,0.9629306585259485,0.05669780371652822
20241203,5475.9073,10887.8581,0.0541905432650928,0.9502943100065402,0.056697798845292136
20241204,5483.936,10905.8734,0.05429936553276675,0.9535745422842197,0.05689662629229986
20241205,5474.808,10887.7204,0.05438989740321464,0.9551100457616039,0.05689662629229986
20241206,5549.6856,11036.6292,0.05365606859408767,0.9350762527233115,0.05689663882474205
20241209,5558.7796,11054.7144,0.05356828687817825,0.9329122195600087,0.05689663640455822
20241210,5559.8859,11056.9144,0.05355762791919254,0.9324912891986062,0.05689663640455822
20241211,5587.8027,11117.6669,0.05376110292947263,0.9381667755279773,0.057394487818037465
20241212,5609.6793,11161.1933,0.053551442460629435,0.9318676534610362,0.05739448367626654
20241213,5511.5625,10965.977,0.054504764893173935,0.958215451577802,0.05739448367626654
20241216,5557.6935,11057.7607,0.05405235327613621,0.9471279373368147,0.05739448224670873
20241217,5537.6366,11017.8549,0.05424811276740464,0.9512725690667827,0.05739446528227643
20241218,5571.9799,11086.1853,0.053913750611646535,0.9414963027403219,0.05739446528227643
20241219,5518.3695,10979.5205,0.05443752208632683,0.9569471624266145,0.05739446962681449
20241220,5472.4159,10888.0897,0.054894651105878545,0.966304347826087,0.05739446962681449
20241223,5475.1306,10893.491,0.05486742208395107,0.9656596392088677,0.05739445664735365
20241224,5537.9309,11018.4404,0.05424522389670053,0.950239026510213,0.05739445664735365
20241225,5559.4571,11061.2695,0.05403517618628838,0.9454703454268955,0.05739444453329923
20241226,5533.8031,11010.2276,0.05428568537602772,0.9517810599478714,0.05739445411035393
20241227,5545.5551,11033.6098,0.054170649374978036,0.948099891422367,0.05739445923801001
20241230,5612.2925,11166.3927,0.05352649720612362,0.9287885366912723,0.057394466296733615
20241231,5581.4952,11105.1173,0.053821839707016206,0.937920555676145,0.05739446229774958
20250102,5470.1941,10883.6693,0.05491695696978341,0.966796875,0.05739447660709107
20250103,5424.4086,10792.5728,0.05538048068150746,0.9715773486656542,0.05739446415979366
20250106,5444.2594,10832.0688,0.05517857403757918,0.96941431670282,0.0573944864373932
20250107,5428.6272,10803.4825,0.055570402447613,0.9726740403383214,0.05764079202141059
20250108,5416.2977,10784.3381,0.05619717962941382,0.9763660017346054,0.0581699068224284
20250109,5336.2342,10624.9244,0.057040343794152314,0.9809234771298504,0.05816990223946794
20250110,5255.7158,10471.1597,0.058540580366512086,0.9841785869094062,0.05883270754403913
20250113,5214.9822,10390.0045,0.05899782805272163,0.9852654387865656,0.05883270114378214
20250114,5310.8584,10581.0224,0.05793276281448506,0.983318890814558,0.05883271647442001
20250115,5312.6242,10584.5403,0.05791349490460274,0.9831059129304743,0.05883270280821917
20250116,5355.6674,10670.297,0.05744805857450204,0.9820268514508446,0.05883271466329165
20250117,5340.4342,10640.5667,0.05767013567259002,0.9822472396622646,0.05889434996725207
20250120,5328.874,10624.8315,0.05848258832073043,0.9835497835497835,0.05962217637318146
20250121,5295.8678,10559.0231,0.0588470850319707,0.9848517636875135,0.05962218386217932
20250122,5242.8423,10461.0144,0.06018027936264054,0.9878840328861964,0.06040420805526181
20250123,5296.1683,10574.1725,0.0602137576682365,0.9878866536880814,0.06108225259169364
20250124,5330.3763,10650.4671,0.060578653674790775,0.9889705882352942,0.06187946624762475
20250127,5397.8404,10785.2651,0.05982152044251117,0.9857297297297297,0.06187946624762475
20250205,5291.4642,10572.7181,0.06102414675209037,0.9896238651102465,0.061879479901787215
20250206,5295.7993,10581.3799,0.06097417885754957,0.989409984871407,0.061879464164416476
20250207,5331.4266,10652.5657,0.06056671842990126,0.9883318928262749,0.061879464164416476
20250210,5325.3482,10640.4206,0.06063584427952447,0.988550442860229,0.06187945782108062
20250211,5345.533,10680.7514,0.060406884592074155,0.9876889848812095,0.06187945847372811
20250212,5346.7393,10683.1615,0.06039325594463226,0.9874757071906716,0.06187945847372811
20250213,5348.7055,10687.0903,0.060371073356611446,0.9872625215889465,0.061879477748881584
20250214,5359.117,10707.8932,0.06025378481787416,0.986186056550831,0.06187947575043373
20250217,5336.5732,10662.849,0.06050831383306894,0.9876996115666811,0.061879468217068245
20250218,5318.6352,10627.0075,0.06071238839218471,0.9887810140237324,0.061879468217068245
20250219,5303.698,10597.162,0.06088337978957751,0.9889991371872304,0.06187947074805522
20250220,5291.0318,10571.854,0.061029128500649475,0.9896484796204442,0.06187947074805522
20250221,5257.0009,10503.8579,0.06142419200571204,0.9913755929279862,0.06187946489847329
20250224,5261.4535,10512.7546,0.061372219399979576,0.9907307609398577,0.06187947416393835
20250225,5226.6236,10443.1619,0.06178117772765596,0.9918103448275862,0.0618794494145698
20250226,5292.164,10574.1163,0.0610160597823279,0.9885800474035769,0.06187945612730261
20250227,5350.6692,10691.0139,0.060348907484886194,0.9851357173632055,0.0618794651632919
20250228,5311.6501,10613.0509,0.06011650666509619,0.9834158948955417,0.06115320163173177
20250303,5305.0725,10601.5675,0.060347564284917395,0.9847114556416882,0.06131929435956329
20250304,5305.5876,10602.5969,0.060341688229672216,0.9844994617868676,0.06131927659211556
20250305,5330.7352,10652.8514,0.06005702793761259,0.9825656478691347,0.06131927659211556
20250306,5329.4738,10650.3306,0.06007124246195091,0.982784592210028,0.06131927659211556
20250307,5336.689,10664.7494,0.05999003236584048,0.9819277108433735,0.06131928315529911
20250310,5352.3357,10696.0174,0.059814657870234746,0.9806409980640998,0.06131927977185203
20250311,5386.4321,10764.1551,0.05943603064044831,0.9797849462365591,0.06131928265569586
20250312,5364.7665,10720.8591,0.05967607688870502,0.9800043001505052,0.06131929744994613
20250313,5402.2814,10795.8281,0.059261670105513,0.9791487532244196,0.06131929744994613
20250314,5443.3782,10877.9552,0.05881424860641759,0.9780786589297228,0.06131929364112976
20250317,5463.4737,10918.1138,0.058597929114538407,0.9772238934250107,0.061319302553300314
20250318,5454.0976,10899.3768,0.058698661663214524,0.9774436090225563,0.06131929967437455
20250319,5462.3245,10915.8173,0.05861024696506361,0.9770189003436426,0.06131929157000093
20250320,5447.2799,10885.7523,0.058772119998518446,0.9774532961133777,0.06131929157000093
20250321,5424.09,10839.4101,0.05902340102725129,0.9787462430227566,0.061319301618077526
20250324,5454.4541,10900.0892,0.058694826391399155,0.9768190598840953,0.061319301072453536
20250325,5489.0255,10969.1761,0.058325150149030155,0.975107296137339,0.061319301072453536
20250326,5481.3787,10953.8949,0.05840651492197494,0.9751126367732247,0.06131929908343037
20250327,5476.233,10943.6118,0.05846139093380374,0.9751179751179752,0.06131929343639819
20250328,5436.4717,10864.1534,0.05888896621269947,0.9781256701694189,0.06131929343639819
20250331,5407.9902,10807.2366,0.059199110245828954,0.9789879931389366,0.06131929524025126
20250401,5460.5135,10912.1981,0.058629687625601216,0.9759914255091104,0.06131929379334666
20250402,5480.3406,10951.8203,0.058417578946069006,0.9742820402914703,0.06131929938457703
20250403,5487.7522,10966.6315,0.05833867205308553,0.9738590100707092,0.061319288753743484
20250407,5121.6285,10234.976,0.06250905857470893,0.9927163667523564,0.061319288753743484
20250408,5252.4983,10496.5041,0.060951609556131485,0.9880059970014993,0.06131929879035103
20250409,5268.1457,10527.7735,0.060770563165184,0.9873661670235546,0.06131928995046931
20250410,5317.9582,10627.3182,0.06020135452647544,0.9828730464568615,0.06131931109801303
20250411,5294.0132,10579.4667,0.06047364728051248,0.985445205479452,0.06131931109801303
20250414,5341.428,10674.2196,0.05993683269498837,0.9803124331264712,0.06131930901375893
20250415,5367.0496,10725.4215,0.05965071383923139,0.9783910997004707,0.06131932156324149
20250416,5391.4484,10774.1796,0.059380760388401836,0.9779679144385027,0.06131931485002995
20250417,5380.304,10751.9088,0.05950375770343692,0.9781864841745082,0.06131931485002995
20250418,5382.3435,10759.2999,0.05978944754280582,0.9790463972632029,0.06164645300145133
20250421,5375.0356,10744.6915,0.059870745264082155,0.9799059427105601,0.06164646146343067
20250422,5395.8835,10786.3665,0.0596394307262728,0.9777730284248771,0.061646467958642814
20250423,5371.8464,10738.3162,0.0599062807193753,0.9799145299145299,0.06164645217885023
20250424,5400.7061,10796.0068,0.05958616801240522,0.9773552659688101,0.061646460560918825
20250425,5392.2779,10781.8385,0.05992789877014742,0.9799231097821444,0.061910382481784376
20250428,5391.3773,10780.0376,0.05993790878749724,0.9803544736280162,0.06191038185507769
20250429,5377.2308,10757.0261,0.06058614962489262,0.986336464560205,0.06243130781439299
20250430,5341.7697,10690.89,0.06143780836234601,0.9910352187833511,0.06290882873815273
20250506,5355.2618,10717.8927,0.06128302133508889,0.9897567221510883,0.06290882873815273
20250507,5391.5036,10790.4262,0.06087107785997681,0.9869852784296992,0.06290883117554835
20250508,5394.128,10807.3916,0.06192643242877756,0.9916808873720137,0.06406205549426414
20250509,5421.8433,10868.1581,0.06209202312707073,0.9921091917253145,0.06457508816501378
20250512,5440.6068,10905.7697,0.06187787801951991,0.9912579957356077,0.0645750851554805
20250513,5478.6417,10982.0113,0.0614483091294357,0.9904071626518866,0.06457509776030768
20250514,5509.5627,11043.9927,0.06076009489107579,0.9857203751065644,0.06420875231808965
20250515,5486.9433,11005.7606,0.06059573870476644,0.9846580012784999,0.06377035776044782
20250516,5456.4608,10944.6186,0.06093425690412939,0.9865786109927567,0.06377035821020516
20250519,5470.9617,10980.0417,0.06135022470947271,0.9891373801916933,0.06438465939295623
20250520,5486.8581,11014.5321,0.061407391742912744,0.9895655877342419,0.06463469350800399
20250521,5528.7956,11102.3755,0.061271045494813596,0.9880774962742176,0.06498543360357423
20250522,5519.0537,11085.2563,0.06074254766843008,0.9846743295019157,0.06432568323649179
20250523,5464.7734,10980.657,0.061749032657192164,0.9906363055969355,0.06475475941983078
20250526,5427.8603,10907.9381,0.062302148532558284,0.9921276595744681,0.06489656444913927
20250527,5413.7524,10879.5867,0.06193861931631757,0.9912784513933206,0.06435750434992071
20250528,5431.0191,10917.3168,0.06178000439800484,0.9904296044236495,0.06440742236869745
20250529,5440.6604,10939.3601,0.06143363144511227,0.9891558579630023,0.06417770204787465
20250530,5445.7952,10956.0598,0.06195793187110271,0.9912840136054422,0.06479729437284054
20250603,5465.689,10996.0829,0.060769262000135764,0.983634431455898,0.06382451390751576
20250604,5480.8722,11036.3896,0.06148608939684002,0.9893752656183595,0.06476618136731283
20250605,5449.4941,10973.2061,0.06071159913844928,0.982366687911621,0.06361365213962245
20250606,5448.3034,10981.2887,0.059640814047900184,0.9721750212404418,0.0625405029727919
20250609,5458.8793,11010.5876,0.06025078866211045,0.9779146315565937,0.06331139915559203
20250610,5454.5726,11010.9076,0.06109499821440057,0.9861995753715499,0.06415948309745523
20250611,5471.4803,11055.1792,0.0615351476064916,0.9893865421354278,0.0648417642811201
20250612,5471.5999,11061.6409,0.06116915270227588,0.9859932088285229,0.0644874574200276
20250613,5416.3064,10994.1709,0.0658405962762621,0.9970294928920008,0.06879542266966077
20250616,5428.601,11019.1269,0.06569147097312597,0.9968179889690284,0.06879541194113803
20250617,5426.0202,11018.0532,0.06610086412320045,0.9972428419936373,0.06919957484119843
20250618,5419.9498,11017.703,0.06726308835220382,0.9978795589482612,0.07036306774185452
20250619,5384.7423,10952.0771,0.0659062002108358,0.9968200127199491,0.0685386605747873
20250620,5393.71,10987.2442,0.06534408582258372,0.9955489614243324,0.06814510805856111
20250623,5407.4346,11025.5794,0.06612034649748025,0.9970332697605425,0.06915141865349406
20250624,5424.751,11060.8869,0.06543287439962774,0.9953389830508474,0.06865802609943339
20250625,5443.2012,11133.0376,0.06676374883855654,0.9974581656428723,0.0703405410001181
20250626,5444.7023,11141.265,0.06405334982469155,0.9932232105040237,0.06751087853951643
20250627,5416.1974,11096.4568,0.0653072889087725,0.9947067541816642,0.06849088698113448
20250630,5410.2588,11090.508,0.06560929226079469,0.9953429297205758,0.06874017278417432
20250701,5454.3266,11180.8426,0.0638478055490938,0.9923809523809524,0.06742185042908533
20250702,5493.4691,11261.0812,0.06248221058511264,0.9898434193821414,0.06643779948844064
20250703,5493.1321,11267.0079,0.0619569889653714,0.9881531626824624,0.06585769198656743
20250704,5520.9383,11329.1283,0.061128570418464236,0.9826565143824028,0.06527453781029924
20250707,5545.0804,11386.5839,0.060858590703778755,0.9796997251004441,0.06524487066205698
20250708,5542.3522,11380.9818,0.05844047170013617,0.961522198731501,0.06255963558439781
20250709,5560.319,11422.3823,0.057297196367958984,0.9583597548087085,0.06148624221750354
20250710,5594.9169,11508.4167,0.05645855176567042,0.9528740490278952,0.06088824854827313
20250711,5553.971,11444.1059,0.05861778985399273,0.9630255651806465,0.06273738197808165
20250714,5581.2078,11512.0098,0.059356205099962485,0.966624419095902,0.06382613016368421
20250715,5516.3349,11385.294,0.060301841134161344,0.9740232312565998,0.06408229054252002
20250716,5492.5995,11344.8807,0.06101884394105768,0.9812077702702703,0.06456138902814357
20250717,5487.8946,11342.1925,0.060940809694649226,0.980367321089297,0.06440446477749662
20250718,5506.7441,11395.8797,0.06017844766684868,0.972351203039257,0.06374960675160457
20250721,5575.8675,11538.9264,0.05876012984880338,0.9628613631567842,0.06300924705170763
20250722,5667.6115,11728.7852,0.05570386875841013,0.9472573839662447,0.060609579362274735
20250723,5647.0878,11690.2543,0.05507973279434877,0.9422062855937566,0.059649074850483874
20250724,5670.7501,11741.6786,0.050763232029155336,0.8563897089835513,0.0549794473445846
20250725,5633.8343,11672.826,0.05174600465148231,0.8749736453721273,0.055665337629044354
20250728,5572.5303,11553.3318,0.05092558389086693,0.8596121416526138,0.05407521194178644
20250729,5570.4572,11549.0338,0.04982679163639162,0.8406743940990516,0.052821335058271135
20250730,5581.4768,11579.487,0.0493944982867773,0.8343868520859671,0.052401242270482706
20250731,5484.7119,11378.7358,0.049758293286478315,0.8396882241415631,0.05183793192940467
20250801,5484.5934,11378.49,0.049759365163632385,0.8397219882055602,0.051837928086456264
20250804,5510.342,11431.9087,0.04952685074077945,0.8365971783533376,0.051837928086456264
20250805,5567.8825,11556.3598,0.048851012434117186,0.8271578947368421,0.0516040254428376
20250806,5603.2021,11629.6669,0.04854308168523913,0.820669332772048,0.0516040254428376
20250807,5612.6762,11649.3308,0.04763900221059954,0.8082912457912458,0.050646346773508766
20250808,5615.6102,11655.4204,0.04761411215813722,0.8074900063118031,0.050646346773508766
20250811,5591.6955,11605.7845,0.047539496209766254,0.806899453092133,0.05032179263077485
20250812,5623.0435,11670.8485,0.04727446747093758,0.8048370136698212,0.05032179263077485
20250813,5593.7015,11610.6892,0.047586287610662734,0.8074011774600505,0.05038884507168606
20250814,5540.1311,11499.4946,0.04804641408044351,0.8129072945133488,0.050388833625511165
20250815,5553.4158,11527.0692,0.04793147901703002,0.8110550651534258,0.050388833625511165
20250818,5542.7569,11504.9448,0.048023652572265915,0.8123555368774953,0.0503888333675544
20250819,5537.4535,11493.9367,0.04806964732258236,0.8132352941176471,0.05038883427402263
20250820,5579.2691,11580.7322,0.047709377017518075,0.8084436042848141,0.05038883731713972
20250821,5609.1951,11642.8489,0.04745484286885303,0.8053338933221336,0.05038883984126108
20250822,5599.4007,11625.1201,0.04776164672834655,0.8089439428931345,0.05062391234588537
20250825,5640.4806,11710.4075,0.047413796179800585,0.8047858942065491,0.05062391222169049
20250826,5634.0366,11697.029,0.047138557949247976,0.8027282266526757,0.050237669346028024
20250827,5532.4293,11486.0783,0.048004273780110504,0.8120016785564415,0.050237646666649205
20250828,5544.1885,11510.4921,0.04790246525213978,0.8105726872246696,0.05023765541572889
20250829,5538.0382,11503.5708,0.04846424239630977,0.8196308724832215,0.05077178354673517
20250901,5524.751,11475.9708,0.04858080658614703,0.8215558817362131,0.0507717900214546
20250902,5542.1747,11512.1631,0.048428060892547004,0.8190775681341719,0.0507717720972749
20250903,5495.4712,11415.1509,0.04883962693343763,0.8272898763361979,0.05077176987882015
20250904,5493.0759,11410.1756,0.04886094127867801,0.8281642917015927,0.05077178819634631
20250905,5510.0368,11445.4066,0.048710538374121454,0.8244290802430337,0.05077178819634631
20250908,5552.5865,11533.7904,0.04833726750393197,0.8167155425219942,0.05077178819634631
20250909,5565.0272,11559.6323,0.04739574136415399,0.8029319371727749,0.049798213044200734
20250910,5537.7853,11503.0454,0.04762889372280619,0.8054857621440537,0.04979821254532668
20250911,5559.8135,11552.7325,0.04778049789423569,0.8078291814946619,0.050155470074277675
20250912,5529.9497,11494.0357,0.048330691113067224,0.8166596902469653,0.05046228369095984
20250915,5511.138,11457.6398,0.048731747925294534,0.8250680058589663,0.05071028207182526
20250916,5508.9665,11458.4144,0.04921276455278924,0.8330543933054393,0.051195508236823395
20250917,5522.2891,11488.7014,0.04883103165383708,0.8263961514327547,0.050856850639099616
20250918,5424.126,11284.4806,0.04971475305425038,0.8400250941028858,0.05085685249498506
20250919,5468.7315,11377.2788,0.049309251735070246,0.8339954003763328,0.050856846702522995
20250922,5434.0415,11305.1091,0.04962405126932061,0.8382107023411371,0.05085686522689681
20250923,5454.0584,11346.7527,0.04920614847581324,0.832183908045977,0.05056966651950412
20250924,5467.0362,11375.7611,0.049265980966275,0.8334726284997911,0.05075523815521921
20250925,5440.5069,11320.5591,0.04904675348736834,0.8301650302903697,0.05019628212786165
20250926,5455.0131,11354.8086,0.04927445310139057,0.8335421888053467,0.050572383902920404
20250929,5474.3919,11403.6778,0.049592917128506976,0.8377531843808729,0.051050074135854606
20250930,5461.0845,11376.9082,0.04961052793970168,0.8379958246346555,0.05091266527152705
20251009,5502.3826,11462.9433,0.049238168877662795,0.8321853475266124,0.050912655585208855
20251010,5559.0517,11581.0003,0.04844785058686984,0.8167779632721202,0.050577552235631096
20251013,5534.3194,11529.9592,0.04838158339798558,0.814938451909034,0.050251105329497836
20251014,5596.2901,11659.0663,0.04784583069193314,0.8057989153108052,0.050251107641493764
20251015,5620.1955,11712.1498,0.04792245173666668,0.8068821689259645,0.050545317026922554
20251016,5639.6007,11757.6421,0.048187506516812625,0.8110925771476231,0.050996999277157284
20251017,5596.3198,11667.4085,0.048560175287347275,0.8188451115280384,0.0509969947047495
20251020,5637.9361,11754.9347,0.048266641884294026,0.8122134222592747,0.051065217217131975
20251021,5640.3589,11759.9862,0.0482459117775942,0.8114190456345072,0.051065220045535265
20251022,5645.9038,11771.5472,0.048198532614287554,0.810625,0.05106522387271051
20251023,5691.9018,11867.9118,0.0478477858567967,0.8048323265986252,0.051105963225838824
20251024,5655.0767,11806.3816,0.04932861000192528,0.8342357351103706,0.0523286596486261
20251027,5681.4978,11861.5421,0.04900532579779625,0.8292733708099105,0.05222613974750723
20251028,5651.6502,11799.2279,0.0492588113836516,0.8330557868442964,0.052220260089602455
20251029,5653.7533,11804.4653,0.049244215726048306,0.8326742976066597,0.05222123508236676
20251030,5630.5531,11756.0258,0.04944713090639037,0.8360382854764877,0.052221243975260734
20251031,5627.6697,11750.0054,0.04947246277274101,0.8364884543374246,0.05222124078162649
20251103,5678.4308,11855.9896,0.048923024356852446,0.826955074875208,0.052103502316909855
20251104,5699.4485,11899.8725,0.04843919108856224,0.8155541692659597,0.051767364288776596
20251105,5723.3919,11949.8637,0.04815448709096389,0.8085239085239085,0.051676163993410684
20251106,5745.9004,11996.8592,0.04796584753089766,0.8054458532529619,0.05167616024767385
20251107,5752.944,12011.5656,0.047907115015165216,0.8042394014962594,0.05167615342840581
20251110,5795.3924,12103.6809,0.04779604822385978,0.8022023685850821,0.051924020345162525
20251111,5782.5897,12078.7169,0.04804879337182527,0.8072289156626506,0.052078573172166465
20251112,5786.4201,12086.7179,0.047626429072649225,0.7989615784008307,0.051635207640639225
20251113,5801.9877,12119.2356,0.047498633686964595,0.7971345514950167,0.05163520023780266
20251114,5767.5602,12047.3231,0.047782160716514796,0.8017438239568196,0.05163520023780266
20251117,5739.3217,11988.3383,0.04801725223934281,0.8063511830635118,0.05163519432663177
20251118,5659.7759,11822.1825,0.048692116328497605,0.8211247146710936,0.051635195884500495
20251119,5668.6614,11840.7426,0.04861579258569891,0.8195020746887967,0.051635195948491086
20251120,5656.0404,11818.542,0.04893469487379509,0.8276291225886746,0.05185080179381485
20251121,5554.5184,11610.3657,0.05017013921525755,0.848610535047698,0.052209532050673024
20251124,5527.1668,11553.1939,0.050153841795302655,0.8482272444536596,0.05192692553347733
20251125,5554.2173,11611.4432,0.050056591231426376,0.8459784411276948,0.05208157106827427
20251126,5530.7929,11562.4731,0.050268602395053985,0.8499481865284975,0.05208157948046188
20251127,5539.999,11581.719,0.05018506848457691,0.8487360132615002,0.05208157948046188
20251128,5545.8415,11593.933,0.050132198913273585,0.8473171742282991,0.05208157948046188
20251201,5591.822,11690.0581,0.049719964266153806,0.8403065451532725,0.052081571935642224
20251202,5584.8627,11675.5094,0.049781933824800326,0.8415821080969145,0.05208158612624558
20251203,5573.9,11652.5911,0.049749045158275884,0.8405797101449275,0.05193721855967537
20251204,5552.9572,11610.1719,0.050054084895908416,0.845373628648313,0.05206072935479589
20251205,5557.9653,11620.6428,0.05000898280385915,0.8443708609271523,0.05206072935479589
20251208,5527.4237,11556.7863,0.05028531846952471,0.8501965652803641,0.052060742670300364
20251209,5476.8405,11451.0264,0.05027071067275645,0.8500206868018204,0.051545884025420374
20251210,5481.5776,11460.9307,0.05022725434174723,0.8490175801447777,0.051545870010549555
20251211,5435.6228,11369.8732,0.05109406493232202,0.8655913978494624,0.05201083256018091
20251212,5426.7244,11354.2729,0.05144325942023987,0.8724415960305975,0.052290050612535
20251215,5457.0324,11421.4861,0.05130128605322116,0.8693675072343944,0.05244225337576669
20251216,5414.3168,11332.0832,0.05170603931284766,0.8766274023558587,0.05244227226164866
20251217,5429.6808,11364.8691,0.05161509184130746,0.8756198347107438,0.05250053743096417
20251218,5473.7057,11457.0178,0.051199964498885045,0.8673827721545135,0.052500549823746745
20251219,5483.3469,11477.1978,0.05110994117795917,0.8653448988021478,0.052500549823746745
20251222,5458.2256,11424.6163,0.050862940095115265,0.8593846789180261,0.05200500261553498
20251223,5459.1338,11426.5174,0.050854488102193,0.8590008257638315,0.05200501294560289
20251224,5472.2364,11453.9423,0.050732723257419884,0.8565531475748194,0.05200501294560289
20251225,5486.4444,11486.2462,0.050824712332507925,0.858027238959967,0.052239998638704765
20251226,5513.7509,11543.4143,0.05057300961530704,0.8535176397771818,0.05224000226465053
20251229,5501.7422,11518.2732,0.05068339575818508,0.8551980198019802,0.05224000226465053
20251230,5499.2122,11512.9764,0.05070670186719229,0.8556403382140647,0.05223999010839386
20251231,5503.9812,11522.9608,0.05066278133932376,0.8544329896907217,0.05224000588086786
20260105,5525.1164,11567.2086,0.05046897688642848,0.8511647083075654,0.05224000124056838
20260106,5591.0408,11705.2259,0.049873898810144576,0.8394476504534213,0.05224000711548449
20260107,5592.9103,11710.7672,0.0499962110634099,0.8407170822171852,0.05238625082595627
20260108,5574.5975,11672.4228,0.050160444108068546,0.8448702101359703,0.052386243678034905
20260109,5592.677,11712.4367,0.05018256521438307,0.8455200823892894,0.05258017237213419
20260112,5611.1655,11753.4362,0.050211236455156925,0.8459637561779242,0.05278439418427583
20260113,5591.9684,11713.225,0.050383613404983006,0.8494955733992177,0.05278439725848427
20260114,5552.3081,11634.1275,0.05108544832038013,0.8645533141210374,0.0531443895965622
20260115,5541.7041,11611.9082,0.05118319985749113,0.8670508335048364,0.0531443895965622
20260116,5493.3899,11513.7667,0.05190217271200442,0.8804526748971193,0.05342749370957689
20260119,5538.8923,11609.1365,0.05124748649923958,0.8679284097922239,0.05318216185232516
20260120,5611.8413,11762.0326,0.05009847004102188,0.8416289592760181,0.05265554320460031
20260121,5577.5405,11690.1406,0.050406575634170774,0.8488587291795188,0.05265555336265382
20260122,5618.1484,11775.252,0.049456279234159496,0.8291529605263158,0.05199661834131941
20260123,5611.477,11770.1417,0.05026945948109493,0.8462487153134635,0.05279022610213513
20260126,5648.09,11846.9378,0.04994358071236196,0.8384710234278668,0.052790210858985054
20260127,5599.9241,11745.9092,0.05037315394786948,0.8483665502362852,0.052790210858985054
20260128,5687.3191,11929.2215,0.04959909559402047,0.8309367296631059,0.05279021848848475
20260129,5757.6384,12076.7169,0.04893933680438251,0.8198808790306018,0.052728936735242815
20260130,5700.0072,11955.8348,0.04879155693699981,0.8151950718685832,0.052005844684893665
20260202,5521.8717,11582.1934,0.050365560909821076,0.848285772941901,0.05200583268713088
20260203,5563.8039,11670.1466,0.04929052835937908,0.8257389162561576,0.051230002106512185
20260204,5712.025,11983.0873,0.047589319322845214,0.7892468705109789,0.050737580893984946
20260205,5686.5133,11932.8387,0.047372799907628375,0.7864177267131719,0.050236675646316176
20260206,5671.1173,11903.9969,0.047792644436839234,0.793025641025641,0.050542542824345116
20260209,5709.0636,11984.8503,0.047575270589361784,0.7883511074651354,0.05064789907474365
20260210,5730.0051,12028.8121,0.047401396829799665,0.7865491080582325,0.05064789907474365
20260211,5770.1328,12116.305,0.04734039634299642,0.7851578515785158,0.05093015234532983
20260212,5751.6415,12077.4765,0.04749260287442093,0.7874564459930313,0.05093016183422283
20260213,5668.2221,11902.3098,0.048191539857508334,0.8008196721311476,0.050930147210708654
20260224,5754.4118,12083.2937,0.04746973225729939,0.7871337840606433,0.050930153820262
20260225,5785.569,12148.7184,0.04721407528887082,0.7839000409668169,0.05093013474385977
20260226,5768.9179,12113.754,0.04735035972419977,0.7851730493549047,0.050930143384129156
20260227,5826.709,12235.1055,0.046880724227754494,0.780917280917281,0.050930143384129156
20260302,5905.2525,12400.0336,0.04625718217960134,0.7740020470829069,0.05093014390461925
20260303,5952.0941,12498.393,0.04589314240996427,0.7695456406058125,0.05093013626785203
20260304,5856.1523,12296.9315,0.04664502039233791,0.779414773889912,0.0509301436768117
20260305,5849.5206,12283.0061,0.046697903878608844,0.7798690671031097,0.05093014463856593
20260306,5860.5058,12306.0732,0.04661036610993895,0.7786868480261813,0.05093013835964233
20260309,5864.5076,12314.4762,0.04657856030869849,0.7783231083844581,0.05093013835964233
20260310,5820.4882,12222.0429,0.04693082147518155,0.7818442036393376,0.050930132644172454
20260311,5905.1798,12399.8809,0.04625773580703746,0.7733033524121014,0.050930123701354635
20260312,5976.5321,12549.7087,0.04570547746550148,0.7668097281831188,0.05093012478049164
20260313,5954.4609,12503.3629,0.045735441495267454,0.7672660400490396,0.050765657921073126
20260316,5912.3653,12414.9692,0.04606107164845155,0.770582226762002,0.05076565466659799
20260317,5868.4806,12322.8189,0.04640553114248407,0.775531045751634,0.05076566855161979
20260318,5833.4001,12249.1557,0.0466846015315088,0.7798652236062895,0.05076566855161979
20260319,5799.1901,12177.3206,0.04696000332970655,0.782360146998775,0.050765672955147334
20260320,5772.6458,12121.582,0.047175939047845485,0.784037558685446,0.050765672955147334
20260323,5626.1198,11813.902,0.048404581034596925,0.8071428571428572,0.050765670099979676
20260324,5712.7877,11995.89,0.04767023021693952,0.7912670883493165,0.05076565677565448
20260325,5726.7812,12025.2741,0.04755375638461153,0.7886576907384741,0.05076566653937298
20260326,5729.3351,12030.6368,0.04753255889200359,0.7880889251478687,0.05076566653937298
20260327,5742.4535,12059.7518,0.04755404848648901,0.7887438825448614,0.050902345273142524
20260330,5795.5141,12171.1845,0.04711866579925666,0.7828746177370031,0.05090234138914451
20260331,5727.8494,12029.0816,0.04767529443207759,0.7914798206278026,0.05090234405985661
20260401,5731.251,12036.2253,0.04764699829192596,0.7911147340533932,0.05090234405985661
20260402,5744.6375,12064.3383,0.047535959231437094,0.7878973105134475,0.050902333867162364
20260403,5649.4273,11864.387,0.048337090919369614,0.8054593603585252,0.05090233889769702
20260407,5677.9813,11924.3534,0.04809401016961965,0.79979633401222,0.05090234062686849
20260408,5723.6461,12020.2542,0.04771029994555421,0.7920993687639992,0.050902337142908705
20260409,5680.3388,11929.3043,0.04807404660672732,0.7996742671009772,0.050902337142908705
20260410,5692.53,11954.9073,0.04797110794415262,0.7970690006106249,0.050902355399460086
20260413,5688.0892,11945.581,0.04800854675559471,0.797924297924298,0.05090234086458012
20260414,5700.236,11971.0907,0.04790625665055614,0.7953204476093592,0.05090235422644307
20260415,5720.5908,12013.8377,0.04773579328786647,0.7919039869812856,0.05090234869009236
20260416,5734.5086,12043.0666,0.04761994289286345,0.7884889160056945,0.050902354579564824
20260417,5695.3235,11963.4625,0.04817237189903761,0.8013420089467264,0.051138590224078184
20260420,5702.5138,11978.5663,0.048111624733111404,0.8001626346818459,0.051138582481890404
20260421,5752.8395,12084.2795,0.047690763517778685,0.7902439024390244,0.05113860151532856
20260422,5752.3753,12083.3043,0.0476945911224626,0.7902865271286323,0.05113857775012187
20260423,5781.3231,12144.1114,0.04745578103650665,0.7844372206420155,0.051138580517082755
20260424,5776.3372,12133.6381,0.04749674294203216,0.7848872638634978,0.051138580517082755
20260427,5763.8706,12107.4512,0.04759947413990795,0.7875710804224207,0.05113858083502154
20260428,5828.8751,12243.9979,0.04706863757819681,0.779492385786802,0.05113858083502154
20260429,5884.2729,12364.0514,0.04692373358021184,0.7775071051563135,0.05145205789173568
20260430,5865.0714,12328.6459,0.047195402262501907,0.7805967119951289,0.05154947294536538
20260506,5881.8356,12363.8851,0.047060887736516115,0.7792207792207793,0.05154947237245655
20260507,5787.1972,12164.951,0.04783048052654008,0.7936701156421181,0.051549475230187936
20260508,5767.6711,12123.9061,0.04799240771164071,0.7973630831643002,0.051549475230187936
20260511,5783.4605,12177.1531,0.04951119196429464,0.8318799432163861,0.0532843295227563
20260512,5774.7235,12158.7574,0.04935398216565925,0.828264395782644,0.05302256618811563
20260513,5748.0787,12110.0069,0.05019010347022516,0.846138252584634,0.05366211366917106
20260514,5694.3058,12001.034,0.050560535824729184,0.8544791244426428,0.05352431763570009
20260515,5680.3708,11971.6653,0.05026189893584568,0.8474164133738602,0.053051009826210915
20260518,5654.2014,11916.5119,0.050494526613029535,0.8529173419773096,0.053051009826210915
20260519,5662.3624,11933.7117,0.05042175480748624,0.8509216123151712,0.053051014430003596
20260520,5643.5763,11896.0699,0.04971660018707576,0.8347509113001215,0.05208225548783241
20260521,5554.6741,11715.3603,0.05061280057412815,0.8556387932779915,0.052175803144416166
20260522,5545.1377,11695.247,0.050699843301921024,0.857085020242915,0.052175803144416166
20260525,5572.2261,11756.2097,0.05077930321113729,0.8591378263509412,0.05251873680862129
20260526,5577.2612,11766.8326,0.05073346012428341,0.858154593282072,0.05251873680862129
20260527,5527.1603,11666.683,0.05102786800890619,0.865264009710702,0.05233974744831471
20260528,5513.8769,11646.7965,0.05185121590185715,0.8818770226537217,0.05307682444272577
20260529,5578.6947,11797.2013,0.05182742103895708,0.8814964610717897,0.05367410343519685
20260601,5726.102,12111.5369,0.0504840912567565,0.8513950667205823,0.053654141938185074
20260602,5708.5511,12074.4141,0.05032023168871074,0.8473822518698201,0.0533071336667279
20260603,5706.4679,12070.008,0.05012537915773857,0.8417542441390461,0.05307496915867049
20260604,5681.5155,12017.23,0.049957757069378224,0.8377449989896949,0.05265059834635655
20260605,5683.8457,12026.0905,0.05013713828403789,0.842020202020202,0.05285464246323368
20260608,5633.6247,11922.7509,0.05082903244118085,0.8598262977176327,0.05311253471201405
20260609,5629.9739,11915.0246,0.050594141161028984,0.8542003231017771,0.05282020417053257
20260610,5588.9842,11842.744,0.05195139228915755,0.8831011508176863,0.05385143475036269
20260611,5566.7432,11801.9939,0.052130020237083255,0.884739604360113,0.05380763536312139
20260612,5649.5033,11982.7613,0.05180957712184661,0.8805247225025227,0.05427469808855201
20260615,5590.6994,11863.6648,0.051961366543097895,0.8829701372074253,0.0538422575624129
20260616,5493.6702,11660.0721,0.053076976067372245,0.8967117207988703,0.054050779078377076
20260617,5434.1544,11551.092,0.05420388987646719,0.9253731343283582,0.05462794542797167
20260618,5316.6517,11316.8677,0.05603240023067051,0.950796531558782,0.0553129201378495
20260622,5373.3271,11437.5051,0.05461037443320849,0.9352822580645161,0.05444970161709639
20260623,5342.6871,11372.2857,0.053983300486828985,0.9191695222737352,0.05348246938466783
20260624,5262.823,11209.8039,0.05488836711228534,0.9409512293430069,0.05359637273161533
20260625,5198.5078,11074.2707,0.051482578474224855,0.8742695950030224,0.04948784796298278
20260626,5085.7304,10863.3873,0.055334551869851555,0.9466156325543916,0.052332310784749536
20260629,5120.7122,10943.0387,0.055006418414624184,0.9434038267875126,0.05240849904956302
20260630,5022.4598,10737.0853,0.05528210770545643,0.9462343938783729,0.05165762552319486
20260701,5108.2124,10920.4084,0.05378164758566469,0.9120193275619086,0.05108685228593801
20260702,5154.9399,11024.1477,0.052028493426944655,0.8822463768115942,0.04983360633314837
20260703,5207.4591,11141.6278,0.050989237217318406,0.8609378144495874,0.049331890635632814
20260706,5314.9215,11372.1954,0.050015115612475486,0.8354124748490945,0.049391523960761186
20260707,5239.3719,11213.4557,0.04776365330367971,0.7855562261114464,0.04640834223275325
20260708,5264.7879,11276.4381,0.047816162649862694,0.7870072405470635,0.04672098593044782
20260709,5200.4369,11138.6073,0.047137327624217795,0.7729740599235874,0.0454456396798828
20260710,5184.0974,11129.6171,0.04904264264446618,0.8166465621230398,0.04730676223483976
20260713,5198.1145,11173.9688,0.05018809152319156,0.8408040201005025,0.048644901885148695
20260714,5307.4975,11409.1004,0.0491537341585459,0.8179260450160771,0.04864487800262096
20260715,5378.8412,11568.9902,0.04846618681622591,0.802692384970866,0.048620672257565944
20260716,5321.0747,11455.8511,0.049496750627405744,0.825431900361591,0.049167051020120534
20260717,5281.8147,11385.0089,0.05033751806833649,0.8449487848965656,0.04969916272906416
20260720,5450.5115,11748.6368,0.04877953718645729,0.809437751004016,0.04969916015696829
20260721,5391.0897,11621.1479,0.04896136307840928,0.8144950813089741,0.0493387897529356
20260722,5452.5882,11760.6645,0.04766468589587175,0.781413087113609,0.048594230147364526
20260723,5505.6897,11875.1989,0.04544666924939648,0.7501505117399158,0.04676969668809816
20260724,5404.2835,11666.9003,0.04613568130742066,0.7584269662921348,0.04663353426527572
20260727,5433.9958,11731.0439,0.04525054332535994,0.7476429287863591,0.045981439913183486
20260728,5437.9221,11744.5784,0.044884747020447424,0.7448856799037304,0.04564121046969283
20260729,5519.1242,11919.9551,0.043607711948403606,0.73069981953078,0.04499314620393213
20260730,5579.5974,12059.1219,0.04256805952364536,0.718925421010425,0.044383743689304644
