code,trade_date,fd_share
510300.SH,20211231,1134048.769
510300.SH,20211230,1135308.77
510300.SH,20211229,1116948.77
510300.SH,20211228,1102818.77
510300.SH,20211227,1062678.77
510300.SH,20211224,1030458.77
510300.SH,20211223,1024968.77
510300.SH,20211222,1020378.77
510300.SH,20211221,1059978.77
510300.SH,20211220,1053318.77
510300.SH,20211217,985368.77
510300.SH,20211216,945498.77
510300.SH,20211215,929298.77
510300.SH,20211214,928038.77
510300.SH,20211213,903738.77
510300.SH,20211210,894648.77
510300.SH,20211209,867558.77
510300.SH,20211208,837048.77
510300.SH,20211207,829128.77
510300.SH,20211206,826428.77
510300.SH,20211203,840918.77
510300.SH,20211202,845958.77
510300.SH,20211201,845688.77
510300.SH,20211130,833988.77
510300.SH,20211129,834528.77
510300.SH,20211126,822738.77
510300.SH,20211125,822648.77
510300.SH,20211124,825168.77
510300.SH,20211123,823548.77
510300.SH,20211122,844338.77
510300.SH,20211119,864228.77
510300.SH,20211118,860898.77
510300.SH,20211117,875748.77
510300.SH,20211116,880248.77
510300.SH,20211115,865848.77
510300.SH,20211112,846588.77
510300.SH,20211111,836868.77
510300.SH,20211110,841368.77
510300.SH,20211109,845958.77
510300.SH,20211108,846948.77
510300.SH,20211105,838848.77
510300.SH,20211104,824538.77
510300.SH,20211103,831828.77
510300.SH,20211102,822378.77
510300.SH,20211101,811758.77
510300.SH,20211029,810768.77
510300.SH,20211028,792408.77
510300.SH,20211027,762618.77
510300.SH,20211026,764328.77
510300.SH,20211025,773328.77
510300.SH,20211022,766308.77
510300.SH,20211021,757668.77
510300.SH,20211020,757848.77
510300.SH,20211019,757578.77
510300.SH,20211018,773778.77
510300.SH,20211015,776568.77
510300.SH,20211014,770808.77
510300.SH,20211013,778098.77
510300.SH,20211012,782328.77
510300.SH,20211011,784308.77
510300.SH,20211008,787278.77
510300.SH,20210930,787458.769
510300.SH,20210929,798168.77
510300.SH,20210928,777468.77
510300.SH,20210927,777918.77
510300.SH,20210924,776478.77
510300.SH,20210923,756048.77
510300.SH,20210922,768918.77
510300.SH,20210917,778728.77
510300.SH,20210916,760728.77
510300.SH,20210915,739668.77
510300.SH,20210914,732378.77
510300.SH,20210913,732648.77
510300.SH,20210910,750558.77
510300.SH,20210909,733458.77
510300.SH,20210908,735438.77
510300.SH,20210907,738048.77
510300.SH,20210906,738138.77
510300.SH,20210903,755508.77
510300.SH,20210902,736698.77
510300.SH,20210901,730398.77
510300.SH,20210831,721128.77
510300.SH,20210830,717708.77
510300.SH,20210827,720858.77
510300.SH,20210826,710418.77
510300.SH,20210825,705378.77
510300.SH,20210824,715908.77
510300.SH,20210823,731478.77
510300.SH,20210820,736338.77
510300.SH,20210819,718878.77
510300.SH,20210818,728148.77
510300.SH,20210817,715908.77
510300.SH,20210816,700068.77
510300.SH,20210813,696918.77
510300.SH,20210812,690978.77
510300.SH,20210811,687828.77
510300.SH,20210810,700608.77
510300.SH,20210809,713298.77
510300.SH,20210806,715548.77
510300.SH,20210805,713568.77
510300.SH,20210804,724638.77
510300.SH,20210803,736968.77
510300.SH,20210802,745428.77
510300.SH,20210730,755688.77
510300.SH,20210729,761538.77
510300.SH,20210728,804918.77
510300.SH,20210727,803478.77
510300.SH,20210726,808788.77
510300.SH,20210723,792858.77
510300.SH,20210722,795648.77
510300.SH,20210721,799518.77
510300.SH,20210720,829848.77
510300.SH,20210719,819228.77
510300.SH,20210716,817788.77
510300.SH,20210715,831198.77
510300.SH,20210714,827868.77
510300.SH,20210713,846138.77
510300.SH,20210712,856128.77
510300.SH,20210709,881868.77
510300.SH,20210708,888798.77
510300.SH,20210707,890058.77
510300.SH,20210706,888978.77
510300.SH,20210705,878268.77
510300.SH,20210702,877998.77
510300.SH,20210701,878448.77
510300.SH,20210630,918678.769
510300.SH,20210629,932898.77
510300.SH,20210628,936408.77
510300.SH,20210625,956388.77
510300.SH,20210624,927498.77
510300.SH,20210623,927948.77
510300.SH,20210622,931728.77
510300.SH,20210621,964668.77
510300.SH,20210618,952248.77
510300.SH,20210617,965388.77
510300.SH,20210616,967008.77
510300.SH,20210615,964578.77
510300.SH,20210611,976638.77
510300.SH,20210610,970518.77
510300.SH,20210609,964128.77
510300.SH,20210608,961158.77
510300.SH,20210607,966198.77
510300.SH,20210604,975108.77
510300.SH,20210603,981408.77
510300.SH,20210602,1001658.77
510300.SH,20210601,1033608.77
510300.SH,20210531,1055658.77
510300.SH,20210528,1044318.77
510300.SH,20210527,1047378.77
510300.SH,20210526,1034148.77
510300.SH,20210525,1024068.77
510300.SH,20210524,910578.77
510300.SH,20210521,917598.77
510300.SH,20210520,929118.77
510300.SH,20210519,929298.77
510300.SH,20210518,949368.77
510300.SH,20210517,939558.77
510300.SH,20210514,910938.77
510300.SH,20210513,866838.77
510300.SH,20210512,859278.77
510300.SH,20210511,858468.77
510300.SH,20210510,846138.77
510300.SH,20210507,831468.77
510300.SH,20210506,829848.77
510300.SH,20210430,821928.77
510300.SH,20210429,812838.77
510300.SH,20210428,791238.77
510300.SH,20210427,799608.77
510300.SH,20210426,799248.77
510300.SH,20210423,816258.77
510300.SH,20210422,816978.77
510300.SH,20210421,849918.77
510300.SH,20210420,873678.77
510300.SH,20210419,888168.77
510300.SH,20210416,875928.77
510300.SH,20210415,877098.77
510300.SH,20210414,894018.77
510300.SH,20210413,868908.77
510300.SH,20210412,845058.77
510300.SH,20210409,787998.77
510300.SH,20210408,780618.77
510300.SH,20210407,782148.77
510300.SH,20210406,782508.77
510300.SH,20210402,794298.77
510300.SH,20210401,803118.77
510300.SH,20210331,813018.769
510300.SH,20210330,816618.77
510300.SH,20210329,828678.77
510300.SH,20210326,863868.77
510300.SH,20210325,864138.77
510300.SH,20210324,860088.77
510300.SH,20210323,814188.77
510300.SH,20210322,799158.77
510300.SH,20210319,814548.77
510300.SH,20210318,798078.77
510300.SH,20210317,805188.77
510300.SH,20210316,818058.77
510300.SH,20210315,815358.77
510300.SH,20210312,808608.77
510300.SH,20210311,840918.77
510300.SH,20210310,873048.77
510300.SH,20210309,868908.77
510300.SH,20210308,822018.77
510300.SH,20210305,823818.77
510300.SH,20210304,798078.77
510300.SH,20210303,771708.77
510300.SH,20210302,768198.77
510300.SH,20210301,780618.77
510300.SH,20210226,806358.77
510300.SH,20210225,792678.77
510300.SH,20210224,830658.77
510300.SH,20210223,806628.77
510300.SH,20210222,798078.77
510300.SH,20210219,776298.77
510300.SH,20210218,764058.77
510300.SH,20210210,752268.77
510300.SH,20210209,745608.77
510300.SH,20210208,757938.77
510300.SH,20210205,761448.77
510300.SH,20210204,777558.77
510300.SH,20210203,764598.77
510300.SH,20210202,778008.77
510300.SH,20210201,819138.77
510300.SH,20210129,834798.77
510300.SH,20210128,818328.77
510300.SH,20210127,812118.77
510300.SH,20210126,802218.77
510300.SH,20210125,798888.77
510300.SH,20210122,824718.77
510300.SH,20210121,854238.77
510300.SH,20210120,866748.77
510300.SH,20210119,874578.77
510300.SH,20210118,880968.77
510300.SH,20210115,882498.77
510300.SH,20210114,884478.77
510300.SH,20210113,849468.77
510300.SH,20210112,850278.77
510300.SH,20210111,865308.77
510300.SH,20210108,884748.77
510300.SH,20210107,849288.77
510300.SH,20210106,837048.77
510300.SH,20210105,838578.77
510300.SH,20210104,864498.77
510300.SH,20201231,865758.769
510300.SH,20201230,845418.77
510300.SH,20201229,842988.77
510300.SH,20201228,841188.77
510300.SH,20201225,846408.77
510300.SH,20201224,826608.77
510300.SH,20201223,841548.77
510300.SH,20201222,844338.77
510300.SH,20201221,860178.77
510300.SH,20201218,850368.77
510300.SH,20201217,870798.77
510300.SH,20201216,874308.77
510300.SH,20201215,884748.77
510300.SH,20201214,892398.77
510300.SH,20201211,899418.77
510300.SH,20201210,899868.77
510300.SH,20201209,892578.77
510300.SH,20201208,866928.77
510300.SH,20201207,848658.77
510300.SH,20201204,861168.77
510300.SH,20201203,850548.77
510300.SH,20201202,846138.77
510300.SH,20201201,847578.77
510300.SH,20201130,833808.77
510300.SH,20201127,838848.77
510300.SH,20201126,848658.77
510300.SH,20201125,831738.77
510300.SH,20201124,828228.77
510300.SH,20201123,819228.77
510300.SH,20201120,814188.77
510300.SH,20201119,813648.77
510300.SH,20201118,809328.77
510300.SH,20201117,791598.77
510300.SH,20201116,791958.77
510300.SH,20201113,799608.77
510300.SH,20201112,813198.77
510300.SH,20201111,819678.77
510300.SH,20201110,801408.77
510300.SH,20201109,796728.77
510300.SH,20201106,767928.77
510300.SH,20201105,781428.77
510300.SH,20201104,782058.77
510300.SH,20201103,794568.77
510300.SH,20201102,801408.77
510300.SH,20201030,800688.77
510300.SH,20201029,803118.77
510300.SH,20201028,808608.77
510300.SH,20201027,826248.77
510300.SH,20201026,836778.77
510300.SH,20201023,834348.77
510300.SH,20201022,787278.77
510300.SH,20201021,786468.77
510300.SH,20201020,808338.77
510300.SH,20201019,803208.77
510300.SH,20201016,822468.77
510300.SH,20201015,819228.77
510300.SH,20201014,818148.77
510300.SH,20201013,806538.77
510300.SH,20201012,820578.77
510300.SH,20201009,823458.77
510300.SH,20200930,820308.769
510300.SH,20200929,845958.77
510300.SH,20200928,842898.77
510300.SH,20200925,839028.77
510300.SH,20200924,824808.77
510300.SH,20200923,827688.77
510300.SH,20200922,856668.77
510300.SH,20200921,857928.77
510300.SH,20200918,851628.77
510300.SH,20200917,792858.77
510300.SH,20200916,769638.77
510300.SH,20200915,774948.77
510300.SH,20200914,786738.77
510300.SH,20200911,792948.77
510300.SH,20200910,792318.77
510300.SH,20200909,809508.77
510300.SH,20200908,798348.77
510300.SH,20200907,772158.77
510300.SH,20200904,761808.77
510300.SH,20200903,742548.77
510300.SH,20200902,746958.77
510300.SH,20200901,768648.77
510300.SH,20200831,762618.77
510300.SH,20200828,762258.77
510300.SH,20200827,758298.77
510300.SH,20200826,759198.77
510300.SH,20200825,756948.77
510300.SH,20200824,760458.77
510300.SH,20200821,777918.77
510300.SH,20200820,776118.77
510300.SH,20200819,773418.77
510300.SH,20200818,792318.77
510300.SH,20200817,780618.77
510300.SH,20200814,757848.77
510300.SH,20200813,733458.77
510300.SH,20200812,741468.77
510300.SH,20200811,741648.77
510300.SH,20200810,747948.77
510300.SH,20200807,750918.77
510300.SH,20200806,761358.77
510300.SH,20200805,763878.77
510300.SH,20200804,778638.77
510300.SH,20200803,781158.77
510300.SH,20200731,799068.77
510300.SH,20200730,805908.77
510300.SH,20200729,810228.77
510300.SH,20200728,792588.77
510300.SH,20200727,809148.77
510300.SH,20200724,806808.77
510300.SH,20200723,826068.77
510300.SH,20200722,822558.77
510300.SH,20200721,805638.77
510300.SH,20200720,822198.77
510300.SH,20200717,858828.77
510300.SH,20200716,878628.77
510300.SH,20200715,915528.77
510300.SH,20200714,923268.77
510300.SH,20200713,947838.77
510300.SH,20200710,962418.77
510300.SH,20200709,947208.77
510300.SH,20200708,970698.77
510300.SH,20200707,958908.77
510300.SH,20200706,891228.77
510300.SH,20200703,839298.77
510300.SH,20200702,822108.77
510300.SH,20200701,801498.77
510300.SH,20200630,816978.769
510300.SH,20200629,845238.77
510300.SH,20200624,846138.77
510300.SH,20200623,868818.77
510300.SH,20200622,886728.77
510300.SH,20200619,900408.77
510300.SH,20200618,904638.77
510300.SH,20200617,906978.77
510300.SH,20200616,918318.77
510300.SH,20200615,912378.77
510300.SH,20200612,926868.77
510300.SH,20200611,924888.77
510300.SH,20200610,941268.77
510300.SH,20200609,961968.77
510300.SH,20200608,968898.77
510300.SH,20200605,982218.77
510300.SH,20200604,988968.77
510300.SH,20200603,1004358.77
510300.SH,20200602,1020198.77
510300.SH,20200601,1020918.77
510300.SH,20200529,1015878.77
510300.SH,20200528,1023708.77
510300.SH,20200527,1016328.77
510300.SH,20200526,1017408.77
510300.SH,20200525,1049718.77
510300.SH,20200522,1044318.77
510300.SH,20200521,1044138.77
510300.SH,20200520,1045488.77
510300.SH,20200519,1044498.77
510300.SH,20200518,1053228.77
510300.SH,20200515,1049628.77
510300.SH,20200514,1023888.77
510300.SH,20200513,1015698.77
510300.SH,20200512,1030728.77
510300.SH,20200511,1069968.77
510300.SH,20200508,1066548.77
510300.SH,20200507,1061778.77
510300.SH,20200506,1075188.77
510300.SH,20200430,1080948.77
510300.SH,20200429,1048188.77
510300.SH,20200428,1052868.77
510300.SH,20200427,1067718.77
510300.SH,20200424,1066908.77
510300.SH,20200423,1061058.77
510300.SH,20200422,1057818.77
510300.SH,20200421,1064748.77
510300.SH,20200420,1066818.77
510300.SH,20200417,1092018.77
510300.SH,20200416,1099938.77
510300.SH,20200415,1098048.77
510300.SH,20200414,1095708.77
510300.SH,20200413,1103628.77
510300.SH,20200410,1097508.77
510300.SH,20200409,1094448.77
510300.SH,20200408,1106328.77
510300.SH,20200407,1108488.77
510300.SH,20200403,1104798.77
510300.SH,20200402,1117848.77
510300.SH,20200401,1107318.77
510300.SH,20200331,1110918.769
510300.SH,20200330,1107138.77
510300.SH,20200327,1080678.77
510300.SH,20200326,1073388.77
510300.SH,20200325,1086258.77
510300.SH,20200324,1143138.77
510300.SH,20200323,1117128.77
510300.SH,20200320,1079418.77
510300.SH,20200319,1070058.77
510300.SH,20200318,984648.77
510300.SH,20200317,1007958.77
510300.SH,20200316,944868.77
510300.SH,20200313,941538.77
510300.SH,20200312,907518.77
510300.SH,20200311,902928.77
510300.SH,20200310,947838.77
510300.SH,20200309,896898.77
510300.SH,20200306,905538.77
510300.SH,20200305,903738.77
510300.SH,20200304,908418.77
510300.SH,20200303,914358.77
510300.SH,20200302,913368.77
510300.SH,20200228,914988.77
510300.SH,20200227,917238.77
510300.SH,20200226,928128.77
510300.SH,20200225,954498.77
510300.SH,20200224,964758.77
510300.SH,20200221,971868.77
510300.SH,20200220,975918.77
510300.SH,20200219,998328.77
510300.SH,20200218,1014708.77
510300.SH,20200217,1045578.77
510300.SH,20200214,1038648.77
510300.SH,20200213,1033518.77
510300.SH,20200212,1040808.77
510300.SH,20200211,1042608.77
510300.SH,20200210,1058178.77
510300.SH,20200207,1077168.77
510300.SH,20200206,1070688.77
510300.SH,20200205,1060068.77
510300.SH,20200204,1073298.77
510300.SH,20200203,1055298.77
510300.SH,20200123,999498.77
510300.SH,20200122,1022178.77
510300.SH,20200121,1053588.77
510300.SH,20200120,1062138.77
510300.SH,20200117,1061958.77
510300.SH,20200116,1062228.77
510300.SH,20200115,1062318.77
510300.SH,20200114,1063218.77
510300.SH,20200113,1048278.77
510300.SH,20200110,1046945.94
510300.SH,20200109,1046298.77
510300.SH,20200108,1045848.77
510300.SH,20200107,1044138.26
510300.SH,20200106,1036398.77
510300.SH,20200103,1014798.68
510300.SH,20200102,1004178.77
510300.SH,20191231,985008.769
510300.SH,20191230,979847.07
510300.SH,20191227,963678.77
510300.SH,20191226,955128.77
510300.SH,20191225,950448.77
510300.SH,20191224,945948.7
510300.SH,20191223,933798.77
510300.SH,20191220,922818.77
510300.SH,20191219,913458.77
510300.SH,20191218,913359.17
510300.SH,20191217,901758.77
510300.SH,20191216,885918.77
510300.SH,20191213,885466.98
510300.SH,20191212,874038.77
510300.SH,20191211,874038.77
510300.SH,20191210,875208.77
510300.SH,20191209,874128.77
510300.SH,20191206,865578.77
510300.SH,20191205,865038.77
510300.SH,20191204,863958.77
510300.SH,20191203,866388.77
510300.SH,20191202,864588.77
510300.SH,20191129,866748.77
510300.SH,20191128,853698.77
510300.SH,20191127,852168.77
510300.SH,20191126,851448.77
510300.SH,20191125,862698.77
510300.SH,20191122,862878.77
510300.SH,20191121,861978.77
510300.SH,20191120,853608.77
510300.SH,20191119,854578.59
510300.SH,20191118,852747.88
510300.SH,20191115,847758.77
510300.SH,20191114,847308.77
510300.SH,20191113,857208.77
510300.SH,20191112,857658.77
510300.SH,20191111,852798.77
510300.SH,20191108,842988.77
510300.SH,20191107,847443.19
510300.SH,20191106,841008.77
510300.SH,20191105,840847.22
510300.SH,20191104,833346.41
510300.SH,20191101,832998.77
510300.SH,20191031,828768.77
510300.SH,20191030,832548.77
510300.SH,20191029,837138.77
510300.SH,20191028,840288.77
510300.SH,20191025,840918.77
510300.SH,20191024,835248.77
510300.SH,20191023,835698.77
510300.SH,20191022,836688.77
510300.SH,20191021,839208.77
510300.SH,20191018,843708.77
510300.SH,20191017,850368.77
510300.SH,20191016,850008.77
510300.SH,20191015,857388.77
510300.SH,20191014,858198.77
510300.SH,20191011,856382.42
510300.SH,20191010,859188.77
510300.SH,20191009,866028.77
510300.SH,20191008,873138.77
510300.SH,20190930,889518.769
510300.SH,20190927,895730.95
510300.SH,20190926,891583.93
510300.SH,20190925,883758.77
510300.SH,20190924,880068.77
510300.SH,20190923,880461.93
510300.SH,20190920,879978.77
510300.SH,20190919,890418.77
510300.SH,20190918,895278.77
510300.SH,20190917,897239.42
510300.SH,20190916,891228.77
510300.SH,20190912,892893.77
510300.SH,20190911,892078.77
510300.SH,20190910,880158.77
510300.SH,20190909,880338.77
510300.SH,20190906,880170.35
510300.SH,20190905,870258.77
510300.SH,20190904,854598.77
510300.SH,20190903,857478.77
510300.SH,20190902,863868.77
510300.SH,20190830,864858.77
510300.SH,20190829,872238.77
510300.SH,20190828,881508.77
510300.SH,20190827,882048.77
510300.SH,20190826,881148.77
510300.SH,20190823,878628.77
510300.SH,20190822,889068.77
510300.SH,20190821,903468.77
510300.SH,20190820,903828.77
510300.SH,20190819,902928.77
510300.SH,20190816,897078.77
510300.SH,20190815,904278.77
510300.SH,20190814,898968.77
510300.SH,20190813,900858.77
510300.SH,20190812,900948.77
510300.SH,20190809,903872.25
510300.SH,20190808,897888.77
510300.SH,20190807,914268.77
510300.SH,20190806,925158.77
510300.SH,20190805,901915.96
510300.SH,20190802,901128.77
510300.SH,20190801,912608.77
510300.SH,20190731,911838.77
510300.SH,20190730,911388.77
510300.SH,20190729,911658.77
510300.SH,20190726,923538.77
510300.SH,20190725,931908.77
510300.SH,20190724,930918.77
510300.SH,20190723,928398.77
510300.SH,20190722,926868.77
510300.SH,20190719,931997.88
510300.SH,20190718,927588.77
510300.SH,20190717,932088.77
510300.SH,20190716,939648.77
510300.SH,20190715,939606.29
510300.SH,20190712,929118.77
510300.SH,20190711,926688.77
510300.SH,20190710,929028.77
510300.SH,20190709,931548.77
510300.SH,20190708,934698.77
510300.SH,20190705,944958.77
510300.SH,20190704,948468.77
510300.SH,20190703,936769.07
510300.SH,20190702,933798.77
510300.SH,20190701,947368.77
510300.SH,20190630,946218.769
510300.SH,20190628,946218.77
510300.SH,20190627,943228.77
510300.SH,20190626,936408.77
510300.SH,20190625,935868.77
510300.SH,20190624,936048.77
510300.SH,20190621,942348.77
510300.SH,20190620,942168.77
510300.SH,20190619,936857.7
510300.SH,20190618,926328.77
510300.SH,20190617,918028.36
510300.SH,20190614,914718.77
510300.SH,20190613,928938.77
510300.SH,20190612,934518.77
510300.SH,20190611,934518.77
510300.SH,20190610,929478.77
510300.SH,20190606,930018.77
510300.SH,20190605,927318.77
510300.SH,20190604,924978.77
510300.SH,20190603,911028.77
510300.SH,20190531,904278.77
510300.SH,20190530,901938.77
510300.SH,20190529,910848.77
510300.SH,20190528,919465.6
510300.SH,20190527,932088.77
510300.SH,20190524,926238.77
510300.SH,20190523,920506.58
510300.SH,20190522,912918.77
510300.SH,20190521,921198.77
510300.SH,20190520,920478.77
510300.SH,20190517,903648.77
510300.SH,20190516,901848.77
510300.SH,20190515,911478.77
510300.SH,20190514,919359.91
510300.SH,20190513,905538.77
510300.SH,20190510,923988.77
510300.SH,20190509,909498.77
510300.SH,20190508,890868.77
510300.SH,20190507,881148.77
510300.SH,20190506,888347.94
510300.SH,20190430,882695.43
510300.SH,20190429,876108.77
510300.SH,20190426,869448.77
510300.SH,20190425,852618.77
510300.SH,20190424,847488.77
510300.SH,20190423,841548.77
510300.SH,20190422,834078.77
510300.SH,20190419,853428.77
510300.SH,20190418,856038.77
510300.SH,20190417,874938.77
510300.SH,20190416,888528.73
510300.SH,20190415,862158.77
510300.SH,20190412,890418.77
510300.SH,20190411,887718.77
510300.SH,20190410,895405.87
510300.SH,20190409,906978.77
510300.SH,20190408,910488.77
510300.SH,20190404,923624.98
510300.SH,20190403,903828.77
510300.SH,20190402,883758.78
510300.SH,20190401,878308.78
510300.SH,20190331,847938.769
510300.SH,20190329,847938.41
510300.SH,20190328,826068.77
510300.SH,20190327,835788.77
510300.SH,20190326,848658.77
510300.SH,20190325,851718.77
510300.SH,20190322,867630.43
510300.SH,20190321,867738.77
510300.SH,20190320,872427.07
510300.SH,20190319,876018.77
510300.SH,20190318,872668.77
510300.SH,20190315,864948.77
510300.SH,20190314,874275.54
510300.SH,20190313,866838.77
510300.SH,20190312,889698.77
510300.SH,20190311,903228.77
510300.SH,20190308,908868.77
510300.SH,20190307,914448.77
510300.SH,20190306,938388.77
510300.SH,20190305,949098.77
510300.SH,20190304,949908.77
510300.SH,20190301,965658.77
510300.SH,20190228,985728.75
510300.SH,20190227,992118.77
510300.SH,20190226,992477.88
510300.SH,20190225,992118.77
510300.SH,20190222,1018848.77
510300.SH,20190221,1024428.77
510300.SH,20190220,1046298.77
510300.SH,20190219,1056108.77
510300.SH,20190218,1085808.77
510300.SH,20190215,1089138.77
510300.SH,20190214,1084188.77
510300.SH,20190213,1082478.77
510300.SH,20190212,1085358.77
510300.SH,20190211,1099128.77
510300.SH,20190201,1100928.77
510300.SH,20190131,1099308.77
510300.SH,20190130,1099308.77
510300.SH,20190129,1098654.96
510300.SH,20190128,1092589.27
510300.SH,20190125,1089588.77
510300.SH,20190124,1089048.76
510300.SH,20190123,1091821.94
510300.SH,20190122,1087428.77
510300.SH,20190121,1086708.77
510300.SH,20190118,1083378.77
510300.SH,20190117,1068967.29
510300.SH,20190116,1069788.77
510300.SH,20190115,1071228.77
510300.SH,20190114,1065918.77
510300.SH,20190111,1065648.77
510300.SH,20190110,1057638.77
510300.SH,20190109,1061958.77
510300.SH,20190108,1063398.77
510300.SH,20190107,1066458.77
510300.SH,20190104,1080645.79
510300.SH,20190103,1076448.77
510300.SH,20190102,1077258.77
510300.SH,20181231,1084728.769
510300.SH,20181228,1084728.76
510300.SH,20181227,1074918.77
510300.SH,20181226,1073748.68
510300.SH,20181225,1075278.77
510300.SH,20181224,1074828.77
510300.SH,20181221,1075458.77
510300.SH,20181220,1068438.77
510300.SH,20181219,1064838.77
510300.SH,20181218,1064838.77
510300.SH,20181217,1063390.94
510300.SH,20181214,1046118.77
510300.SH,20181213,1046208.77
510300.SH,20181212,1036398.77
510300.SH,20181211,1038018.77
510300.SH,20181210,1038018.77
510300.SH,20181207,1037568.77
510300.SH,20181206,1037028.77
510300.SH,20181205,1046252.77
510300.SH,20181204,1042788.77
510300.SH,20181203,1042941.26
510300.SH,20181130,1032258.77
510300.SH,20181129,1022358.77
510300.SH,20181128,1023078.77
510300.SH,20181127,1026408.77
510300.SH,20181126,1038918.77
510300.SH,20181123,1054398.77
510300.SH,20181122,1057188.77
510300.SH,20181121,1069428.77
510300.SH,20181120,1072398.77
510300.SH,20181119,1076088.77
510300.SH,20181116,1088868.77
510300.SH,20181115,1089948.77
510300.SH,20181114,1087968.77
510300.SH,20181113,1094988.77
510300.SH,20181112,1099128.77
510300.SH,20181109,1092828.77
510300.SH,20181108,1090938.77
510300.SH,20181107,1095078.74
510300.SH,20181106,1095348.77
510300.SH,20181105,1094988.77
510300.SH,20181102,1083828.77
510300.SH,20181101,1063938.77
510300.SH,20181031,1075278.77
510300.SH,20181030,1076448.77
510300.SH,20181029,1057548.76
510300.SH,20181026,1048008.77
510300.SH,20181025,1045668.77
510300.SH,20181024,1047896.95
510300.SH,20181023,1027472.95
510300.SH,20181022,980958.77
510300.SH,20181019,961968.77
510300.SH,20181018,935418.77
510300.SH,20181017,906168.77
510300.SH,20181016,861668.77
510300.SH,20181015,831648.77
510300.SH,20181012,827033.6
510300.SH,20181011,812657.78
510300.SH,20181010,794478.77
510300.SH,20181009,788988.77
510300.SH,20181008,794147.29
510300.SH,20180930,791238.769
510300.SH,20180928,791208.77
510300.SH,20180927,790098.77
510300.SH,20180926,786468.77
510300.SH,20180925,786918.77
510300.SH,20180921,786108.77
510300.SH,20180920,769728.77
510300.SH,20180919,759558.77
510300.SH,20180918,750648.77
510300.SH,20180917,746688.77
510300.SH,20180914,747678.77
510300.SH,20180913,752238.77
510300.SH,20180912,742818.77
510300.SH,20180911,734268.77
510300.SH,20180910,719444.8
510300.SH,20180907,716088.77
510300.SH,20180906,715458.77
510300.SH,20180905,704298.77
510300.SH,20180904,706398.77
510300.SH,20180903,702313.71
510300.SH,20180831,701148.77
510300.SH,20180830,699618.77
510300.SH,20180829,702588.77
510300.SH,20180828,702588.77
510300.SH,20180827,699168.77
510300.SH,20180824,694398.77
510300.SH,20180823,692418.77
510300.SH,20180822,680088.77
510300.SH,20180821,682518.77
510300.SH,20180820,684828.77
510300.SH,20180817,677478.77
510300.SH,20180816,676128.77
510300.SH,20180815,668208.77
510300.SH,20180814,668478.77
510300.SH,20180813,669288.77
510300.SH,20180810,665238.77
510300.SH,20180809,668118.77
510300.SH,20180808,659928.77
510300.SH,20180807,665058.77
510300.SH,20180806,663070.91
510300.SH,20180803,655788.77
510300.SH,20180802,657498.77
510300.SH,20180801,662178.77
510300.SH,20180731,669828.77
510300.SH,20180730,669517.37
510300.SH,20180727,668748.77
510300.SH,20180726,667848.77
510300.SH,20180725,667500.0
510300.SH,20180724,667900.0
510300.SH,20180723,665100.0
510300.SH,20180720,666900.0
510300.SH,20180719,665800.0
510300.SH,20180718,663900.0
510300.SH,20180717,664900.0
510300.SH,20180716,663300.0
510300.SH,20180713,663900.0
510300.SH,20180712,664500.0
510300.SH,20180711,658800.0
510300.SH,20180710,658600.0
510300.SH,20180709,659200.0
510300.SH,20180706,660100.0
510300.SH,20180705,653000.0
510300.SH,20180704,651800.0
510300.SH,20180703,654100.0
510300.SH,20180702,630300.0
510300.SH,20180630,632478.769
510300.SH,20180629,632500.0
510300.SH,20180628,632000.0
510300.SH,20180627,631700.0
510300.SH,20180626,629900.0
510300.SH,20180625,620100.0
510300.SH,20180622,621200.0
510300.SH,20180621,613300.0
510300.SH,20180620,601500.0
510300.SH,20180619,591500.0
510300.SH,20180615,570900.0
510300.SH,20180614,566400.0
510300.SH,20180613,563700.0
510300.SH,20180612,563800.0
510300.SH,20180611,560900.0
510300.SH,20180608,559700.0
510300.SH,20180607,562500.0
510300.SH,20180606,564200.0
510300.SH,20180605,566000.0
510300.SH,20180604,567100.0
510300.SH,20180601,565700.0
510300.SH,20180531,568100.0
510300.SH,20180530,571600.0
510300.SH,20180529,571700.0
510300.SH,20180528,575200.0
510300.SH,20180525,576300.0
510300.SH,20180524,577900.0
510300.SH,20180523,579700.0
510300.SH,20180522,581000.0
510300.SH,20180521,581100.0
510300.SH,20180518,581600.0
510300.SH,20180517,584700.0
510300.SH,20180516,584400.0
510300.SH,20180515,585900.0
510300.SH,20180514,591000.0
510300.SH,20180511,593600.0
510300.SH,20180510,593600.0
510300.SH,20180509,593100.0
510300.SH,20180508,592700.0
510300.SH,20180507,592200.0
510300.SH,20180504,590600.0
510300.SH,20180503,592400.0
510300.SH,20180502,588500.0
510300.SH,20180427,588400.0
510300.SH,20180426,585500.0
510300.SH,20180425,584400.0
510300.SH,20180424,583100.0
510300.SH,20180423,580100.0
510300.SH,20180420,578700.0
510300.SH,20180419,583100.0
510300.SH,20180418,585000.0
510300.SH,20180417,577800.0
510300.SH,20180416,572900.0
510300.SH,20180413,573700.0
510300.SH,20180412,578300.0
510300.SH,20180411,577500.0
510300.SH,20180410,576400.0
510300.SH,20180409,575300.0
510300.SH,20180404,571800.0
510300.SH,20180403,574300.0
510300.SH,20180402,571900.0
510300.SH,20180331,568668.769
510300.SH,20180330,568700.0
510300.SH,20180329,565400.0
510300.SH,20180328,561900.0
510300.SH,20180327,561100.0
510300.SH,20180326,561500.0
510300.SH,20180323,556600.0
510300.SH,20180322,555300.0
510300.SH,20180321,555200.0
510300.SH,20180320,558900.0
510300.SH,20180319,559900.0
510300.SH,20180316,561800.0
510300.SH,20180315,565900.0
510300.SH,20180314,568100.0
510300.SH,20180313,575400.0
510300.SH,20180312,580000.0
510300.SH,20180309,582400.0
510300.SH,20180308,580300.0
510300.SH,20180307,579600.0
510300.SH,20180306,577600.0
510300.SH,20180305,574400.0
510300.SH,20180302,573500.0
510300.SH,20180301,574300.0
510300.SH,20180228,574300.0
510300.SH,20180227,565200.0
510300.SH,20180226,554700.0
510300.SH,20180223,552100.0
510300.SH,20180222,559800.0
510300.SH,20180214,570200.0
510300.SH,20180213,572100.0
510300.SH,20180212,579000.0
510300.SH,20180209,582900.0
510300.SH,20180208,570000.0
510300.SH,20180207,557800.0
510300.SH,20180206,545100.0
510300.SH,20180205,534600.0
510300.SH,20180202,533800.0
510300.SH,20180201,525200.0
510300.SH,20180131,508500.0
510300.SH,20180130,511400.0
510300.SH,20180129,507400.0
510300.SH,20180126,507400.0
510300.SH,20180125,506900.0
510300.SH,20180124,503700.0
510300.SH,20180123,497800.0
510300.SH,20180122,492300.0
510300.SH,20180119,493300.0
510300.SH,20180118,485700.0
510300.SH,20180117,483000.0
510300.SH,20180116,482300.0
510300.SH,20180115,477000.0
510300.SH,20180112,477500.0
510300.SH,20180111,477900.0
510300.SH,20180110,476300.0
510300.SH,20180109,481900.0
510300.SH,20180108,485500.0
510300.SH,20180105,486000.0
510300.SH,20180104,492100.0
510300.SH,20180103,494600.0
510300.SH,20180102,495300.0
510300.SH,20251231,8882958.77
510300.SH,20251230,8902848.77
510300.SH,20251229,8902218.77
510300.SH,20251226,8931288.77
510300.SH,20251225,8915178.77
510300.SH,20251224,8914098.77
510300.SH,20251223,8904018.77
510300.SH,20251222,8954238.77
510300.SH,20251219,9003468.77
510300.SH,20251218,9024888.77
510300.SH,20251217,9016068.77
510300.SH,20251216,8972238.77
510300.SH,20251215,8977998.77
510300.SH,20251212,9000858.77
510300.SH,20251211,8950098.77
510300.SH,20251210,8970168.77
510300.SH,20251209,8990778.77
510300.SH,20251208,9023718.77
510300.SH,20251205,9004278.77
510300.SH,20251204,8990688.77
510300.SH,20251203,8981778.77
510300.SH,20251202,8976108.77
510300.SH,20251201,8981958.77
510300.SH,20251128,9012288.77
510300.SH,20251127,9018228.77
510300.SH,20251126,9026958.77
510300.SH,20251125,9081048.77
510300.SH,20251124,9102918.77
510300.SH,20251121,9022548.77
510300.SH,20251120,8938308.77
510300.SH,20251119,8946948.77
510300.SH,20251118,8972598.77
510300.SH,20251117,8961078.77
510300.SH,20251114,8925888.77
510300.SH,20251113,8913738.77
510300.SH,20251112,8922198.77
510300.SH,20251111,8920578.77
510300.SH,20251110,8920218.77
510300.SH,20251107,8920128.77
510300.SH,20251106,8936598.77
510300.SH,20251105,8955588.77
510300.SH,20251104,8970708.77
510300.SH,20251103,9036858.77
510300.SH,20251031,9050718.77
510300.SH,20251030,8944428.77
510300.SH,20251029,8958738.77
510300.SH,20251028,8946408.77
510300.SH,20251027,8915538.77
510300.SH,20251024,8927598.77
510300.SH,20251023,8944068.77
510300.SH,20251022,8963148.77
510300.SH,20251021,8979348.77
510300.SH,20251020,8995458.77
510300.SH,20251017,8974758.77
510300.SH,20251016,8970528.77
510300.SH,20251015,8997438.77
510300.SH,20251014,8970078.77
510300.SH,20251013,9018858.77
510300.SH,20251010,9029478.77
510300.SH,20251009,8996088.77
510300.SH,20250930,8971608.77
510300.SH,20250929,8965758.77
510300.SH,20250926,8959818.77
510300.SH,20250925,8944878.77
510300.SH,20250924,8957838.77
510300.SH,20250923,8966298.77
510300.SH,20250922,8995188.77
510300.SH,20250919,9008148.77
510300.SH,20250918,9010668.77
510300.SH,20250917,9028578.77
510300.SH,20250916,9021378.77
510300.SH,20250915,9023808.77
510300.SH,20250912,9043338.77
510300.SH,20250911,9011208.77
510300.SH,20250910,8997618.77
510300.SH,20250909,9022818.77
510300.SH,20250908,9047208.77
510300.SH,20250905,9097608.77
510300.SH,20250904,9077808.77
510300.SH,20250903,9039378.77
510300.SH,20250902,9064218.77
510300.SH,20250901,9088518.77
510300.SH,20250829,9139818.77
510300.SH,20250828,9143418.77
510300.SH,20250827,9156468.77
510300.SH,20250826,9181038.77
510300.SH,20250825,9169788.77
510300.SH,20250822,9148728.77
510300.SH,20250821,9087168.77
510300.SH,20250820,9103548.77
510300.SH,20250819,9168438.77
510300.SH,20250818,9176988.77
510300.SH,20250815,9178338.77
510300.SH,20250814,9140988.77
510300.SH,20250813,9155028.77
510300.SH,20250812,9140718.77
510300.SH,20250811,9140898.77
510300.SH,20250808,9131538.77
510300.SH,20250807,9145938.77
510300.SH,20250806,9161328.77
510300.SH,20250805,9152508.77
510300.SH,20250804,9158088.77
510300.SH,20250801,9158358.77
510300.SH,20250731,9167628.77
510300.SH,20250730,9184548.77
510300.SH,20250729,9216318.77
510300.SH,20250728,9255108.77
510300.SH,20250725,9275448.77
510300.SH,20250724,9272568.77
510300.SH,20250723,9242328.77
510300.SH,20250722,9230628.77
510300.SH,20250721,9240438.77
510300.SH,20250718,9245298.77
510300.SH,20250717,9248178.77
510300.SH,20250716,9256368.77
510300.SH,20250715,9262668.77
510300.SH,20250714,9293178.77
510300.SH,20250711,9324948.77
510300.SH,20250710,9295428.77
510300.SH,20250709,9305058.77
510300.SH,20250708,9319188.77
510300.SH,20250707,9305868.77
510300.SH,20250704,9306138.77
510300.SH,20250703,9330528.77
510300.SH,20250702,9352308.77
510300.SH,20250701,9367518.77
510300.SH,20250630,9404238.769
510300.SH,20250627,9471648.77
510300.SH,20250626,9501888.77
510300.SH,20250625,9536898.77
510300.SH,20250624,9573168.77
510300.SH,20250623,9545538.77
510300.SH,20250620,9515928.77
510300.SH,20250619,9521688.77
510300.SH,20250618,9533658.77
510300.SH,20250617,9538068.77
510300.SH,20250616,9543378.77
510300.SH,20250613,9500898.77
510300.SH,20250612,9517998.77
510300.SH,20250611,9546618.77
510300.SH,20250610,9520608.77
510300.SH,20250609,9548238.77
510300.SH,20250606,9532848.77
510300.SH,20250605,9545718.77
510300.SH,20250604,9555348.77
510300.SH,20250603,9561108.77
510300.SH,20250530,9540768.77
510300.SH,20250529,9567768.77
510300.SH,20250528,9531498.77
510300.SH,20250527,9542208.77
510300.SH,20250526,9536988.77
510300.SH,20250523,9496218.77
510300.SH,20250522,9492978.77
510300.SH,20250521,9503688.77
510300.SH,20250520,9519978.77
510300.SH,20250519,9517458.77
510300.SH,20250516,9523308.77
510300.SH,20250515,9540498.77
510300.SH,20250514,9562278.77
510300.SH,20250513,9543378.77
510300.SH,20250512,9582168.77
510300.SH,20250509,9588198.77
510300.SH,20250508,9619968.77
510300.SH,20250507,9604218.77
510300.SH,20250506,9650658.77
510300.SH,20250430,9645618.77
510300.SH,20250429,9651018.77
510300.SH,20250428,9658218.77
510300.SH,20250425,9688728.77
510300.SH,20250424,9697818.77
510300.SH,20250423,9694758.77
510300.SH,20250422,9712128.77
510300.SH,20250421,9751188.77
510300.SH,20250418,9718878.77
510300.SH,20250417,9666948.77
510300.SH,20250416,9604308.77
510300.SH,20250415,9470028.77
510300.SH,20250414,9430608.77
510300.SH,20250411,9475338.77
510300.SH,20250410,9481458.77
510300.SH,20250409,9523308.77
510300.SH,20250408,9475698.77
510300.SH,20250407,9031368.77
510300.SH,20250403,8557428.77
510300.SH,20250402,8530608.77
510300.SH,20250401,8520978.77
510300.SH,20250331,8506038.769
510300.SH,20250328,8497668.77
510300.SH,20250327,8516748.77
510300.SH,20250326,8519538.77
510300.SH,20250325,8509368.77
510300.SH,20250324,8518818.77
510300.SH,20250321,8529798.77
510300.SH,20250320,8532768.77
510300.SH,20250319,8548068.77
510300.SH,20250318,8556618.77
510300.SH,20250317,8566518.77
510300.SH,20250314,8561928.77
510300.SH,20250313,8548608.77
510300.SH,20250312,8545728.77
510300.SH,20250311,8543658.77
510300.SH,20250310,8514318.77
510300.SH,20250307,8602518.77
510300.SH,20250306,8646978.77
510300.SH,20250305,8632758.77
510300.SH,20250304,8693418.77
510300.SH,20250303,8712948.77
510300.SH,20250228,8708898.77
510300.SH,20250227,8705388.77
510300.SH,20250226,8738778.77
510300.SH,20250225,8794038.77
510300.SH,20250224,8795208.77
510300.SH,20250221,8872428.77
510300.SH,20250220,8855148.77
510300.SH,20250219,8904378.77
510300.SH,20250218,8880078.77
510300.SH,20250217,8905188.77
510300.SH,20250214,8957118.77
510300.SH,20250213,8934258.77
510300.SH,20250212,8967108.77
510300.SH,20250211,8980068.77
510300.SH,20250210,9019758.77
510300.SH,20250207,9078078.77
510300.SH,20250206,9099498.77
510300.SH,20250205,9022638.77
510300.SH,20250127,9015618.77
510300.SH,20250124,9084288.77
510300.SH,20250123,9052878.77
510300.SH,20250122,9051708.77
510300.SH,20250121,9079428.77
510300.SH,20250120,9085458.77
510300.SH,20250117,9088338.77
510300.SH,20250116,9095808.77
510300.SH,20250115,9106248.77
510300.SH,20250114,9112908.77
510300.SH,20250113,9100848.77
510300.SH,20250110,9048468.77
510300.SH,20250109,9047388.77
510300.SH,20250108,9056838.77
510300.SH,20250107,9059448.77
510300.SH,20250106,9054678.77
510300.SH,20250103,9043788.77
510300.SH,20250102,9011028.77
510300.SH,20241231,8938668.769
510300.SH,20241230,9008418.77
510300.SH,20241227,9026958.77
510300.SH,20241226,9018408.77
510300.SH,20241225,9017688.77
510300.SH,20241224,9079338.77
510300.SH,20241223,9055218.77
510300.SH,20241220,9092928.77
510300.SH,20241219,9092568.77
510300.SH,20241218,9101928.77
510300.SH,20241217,9137568.77
510300.SH,20241216,9118218.77
510300.SH,20241213,9108678.77
510300.SH,20241212,9172848.77
510300.SH,20241211,9144048.77
510300.SH,20241210,9071418.77
510300.SH,20241209,8971068.77
510300.SH,20241206,9020568.77
510300.SH,20241205,8973678.77
510300.SH,20241204,8967378.77
510300.SH,20241203,8998338.77
510300.SH,20241202,9006618.77
510300.SH,20241129,9010218.77
510300.SH,20241128,8990058.77
510300.SH,20241127,9030918.77
510300.SH,20241126,8994648.77
510300.SH,20241125,9007248.77
510300.SH,20241122,9043428.77
510300.SH,20241121,9102918.77
510300.SH,20241120,9145758.77
510300.SH,20241119,9237018.77
510300.SH,20241118,9248088.77
510300.SH,20241115,9270948.77
510300.SH,20241114,9256818.77
510300.SH,20241113,9287238.77
510300.SH,20241112,9330618.77
510300.SH,20241111,9426108.77
510300.SH,20241108,9531048.77
510300.SH,20241107,9587118.77
510300.SH,20241106,9525918.77
510300.SH,20241105,9534918.77
510300.SH,20241104,9492618.77
510300.SH,20241101,9487848.77
510300.SH,20241031,9476418.77
510300.SH,20241030,9526278.77
510300.SH,20241029,9514128.77
510300.SH,20241028,9559578.77
510300.SH,20241025,9574518.77
510300.SH,20241024,9611508.77
510300.SH,20241023,9655158.77
510300.SH,20241022,9737148.77
510300.SH,20241021,9773058.77
510300.SH,20241018,9857028.77
510300.SH,20241017,9861438.77
510300.SH,20241016,10004448.77
510300.SH,20241015,10033878.77
510300.SH,20241014,10084908.77
510300.SH,20241011,10108128.77
510300.SH,20241010,10008498.77
510300.SH,20241009,9970158.77
510300.SH,20241008,9909498.77
510300.SH,20240930,9692238.769
510300.SH,20240927,9455718.77
510300.SH,20240926,9432858.77
510300.SH,20240925,9195978.77
510300.SH,20240924,9094368.77
510300.SH,20240923,8877108.77
510300.SH,20240920,8867928.77
510300.SH,20240919,8831478.77
510300.SH,20240918,8770818.77
510300.SH,20240913,8727708.77
510300.SH,20240912,8707998.77
510300.SH,20240911,8698638.77
510300.SH,20240910,8668308.77
510300.SH,20240909,8657508.77
510300.SH,20240906,8624118.77
510300.SH,20240905,8613408.77
510300.SH,20240904,8538618.77
510300.SH,20240903,8530248.77
510300.SH,20240902,8524488.77
510300.SH,20240830,8526198.77
510300.SH,20240829,8488578.77
510300.SH,20240828,8376168.77
510300.SH,20240827,8266638.77
510300.SH,20240826,8194998.77
510300.SH,20240823,8134338.77
510300.SH,20240822,8085018.77
510300.SH,20240821,8011758.77
510300.SH,20240820,7944978.77
510300.SH,20240819,7885668.77
510300.SH,20240816,7866948.77
510300.SH,20240815,7805658.77
510300.SH,20240814,7740948.77
510300.SH,20240813,7742388.77
510300.SH,20240812,7735998.77
510300.SH,20240809,7719168.77
510300.SH,20240808,7722498.77
510300.SH,20240807,7694418.77
510300.SH,20240806,7694508.77
510300.SH,20240805,7652028.77
510300.SH,20240802,7557708.77
510300.SH,20240801,7535748.77
510300.SH,20240731,7528548.77
510300.SH,20240730,7469058.77
510300.SH,20240729,7383738.77
510300.SH,20240726,7346838.77
510300.SH,20240725,7283118.77
510300.SH,20240724,7148658.77
510300.SH,20240723,7083678.77
510300.SH,20240722,7017978.77
510300.SH,20240719,6905748.77
510300.SH,20240718,6662568.77
510300.SH,20240717,6551868.77
510300.SH,20240716,6393828.77
510300.SH,20240715,6312558.77
510300.SH,20240712,6281868.77
510300.SH,20240711,6292758.77
510300.SH,20240710,6298248.77
510300.SH,20240709,6296358.77
510300.SH,20240708,6271338.77
510300.SH,20240705,6228768.77
510300.SH,20240704,6148398.77
510300.SH,20240703,6061908.77
510300.SH,20240702,6052008.77
510300.SH,20240701,6063618.77
510300.SH,20240630,6073968.769
510300.SH,20240628,6073968.77
510300.SH,20240627,6031578.77
510300.SH,20240626,5973888.77
510300.SH,20240625,5962098.77
510300.SH,20240624,5870388.77
510300.SH,20240621,5719638.77
510300.SH,20240620,5631708.77
510300.SH,20240619,5634228.77
510300.SH,20240618,5637198.77
510300.SH,20240617,5634498.77
510300.SH,20240614,5632878.77
510300.SH,20240613,5633688.77
510300.SH,20240612,5640978.77
510300.SH,20240611,5648178.77
510300.SH,20240607,5602548.77
510300.SH,20240606,5604078.77
510300.SH,20240605,5570058.77
510300.SH,20240604,5576898.77
510300.SH,20240603,5591028.77
510300.SH,20240531,5601828.77
510300.SH,20240530,5588328.77
510300.SH,20240529,5565738.77
510300.SH,20240528,5558088.77
510300.SH,20240527,5564028.77
510300.SH,20240524,5581218.77
510300.SH,20240523,5551518.77
510300.SH,20240522,5552328.77
510300.SH,20240521,5561778.77
510300.SH,20240520,5566098.77
510300.SH,20240517,5589408.77
510300.SH,20240516,5560608.77
510300.SH,20240515,5611098.77
510300.SH,20240514,5642238.77
510300.SH,20240513,5653488.77
510300.SH,20240510,5669688.77
510300.SH,20240509,5703528.77
510300.SH,20240508,5706498.77
510300.SH,20240507,5719188.77
510300.SH,20240506,5743668.77
510300.SH,20240430,5744478.77
510300.SH,20240429,5738088.77
510300.SH,20240426,5676078.77
510300.SH,20240425,5621088.77
510300.SH,20240424,5614608.77
510300.SH,20240423,5600568.77
510300.SH,20240422,5553768.77
510300.SH,20240419,5534868.77
510300.SH,20240418,5530818.77
510300.SH,20240417,5528478.77
510300.SH,20240416,5505618.77
510300.SH,20240415,5514348.77
510300.SH,20240412,5519388.77
510300.SH,20240411,5543958.77
510300.SH,20240410,5545038.77
510300.SH,20240409,5549628.77
510300.SH,20240408,5547108.77
510300.SH,20240403,5566368.77
510300.SH,20240402,5566818.77
510300.SH,20240401,5563848.77
510300.SH,20240331,5532888.769
510300.SH,20240329,5532888.77
510300.SH,20240328,5551068.77
510300.SH,20240327,5541528.77
510300.SH,20240326,5558088.77
510300.SH,20240325,5537658.77
510300.SH,20240322,5538018.77
510300.SH,20240321,5519208.77
510300.SH,20240320,5517678.77
510300.SH,20240319,5528658.77
510300.SH,20240318,5545218.77
510300.SH,20240315,5568708.77
510300.SH,20240314,5583648.77
510300.SH,20240313,5586798.77
510300.SH,20240312,5579508.77
510300.SH,20240311,5535678.77
510300.SH,20240308,5531268.77
510300.SH,20240307,5525328.77
510300.SH,20240306,5511738.77
510300.SH,20240305,5454768.77
510300.SH,20240304,5313918.77
510300.SH,20240301,5363058.77
510300.SH,20240229,5353608.77
510300.SH,20240228,5299068.77
510300.SH,20240227,5210598.77
510300.SH,20240226,5230758.77
510300.SH,20240223,5270178.77
510300.SH,20240222,5305368.77
510300.SH,20240221,5313918.77
510300.SH,20240220,5280348.77
510300.SH,20240219,5287368.77
510300.SH,20240208,5296458.77
510300.SH,20240207,5181528.77
510300.SH,20240206,4975248.77
510300.SH,20240205,4939518.77
510300.SH,20240202,4887408.77
510300.SH,20240201,4776798.77
510300.SH,20240131,4692648.77
510300.SH,20240130,4637298.77
510300.SH,20240129,4540098.77
510300.SH,20240126,4555218.77
510300.SH,20240125,4465488.77
510300.SH,20240124,4454508.77
510300.SH,20240123,4372248.77
510300.SH,20240122,4357038.77
510300.SH,20240119,4019268.77
510300.SH,20240118,3847998.77
510300.SH,20240117,3614628.77
510300.SH,20240116,3605448.77
510300.SH,20240115,3579168.77
510300.SH,20240112,3601218.77
510300.SH,20240111,3608058.77
510300.SH,20240110,3574218.77
510300.SH,20240109,3580608.77
510300.SH,20240108,3599418.77
510300.SH,20240105,3596898.77
510300.SH,20240104,3656028.77
510300.SH,20240103,3731448.77
510300.SH,20240102,3746208.77
510300.SH,20231231,3744408.769
510300.SH,20231229,3744408.77
510300.SH,20231228,3574668.77
510300.SH,20231227,3450648.77
510300.SH,20231226,3444348.77
510300.SH,20231225,3440208.77
510300.SH,20231222,3404748.77
510300.SH,20231221,3331938.77
510300.SH,20231220,3242838.77
510300.SH,20231219,3203058.77
510300.SH,20231218,3134568.77
510300.SH,20231215,3099918.77
510300.SH,20231214,3095868.77
510300.SH,20231213,3103698.77
510300.SH,20231212,3105318.77
510300.SH,20231211,3110628.77
510300.SH,20231208,3110448.77
510300.SH,20231207,3129708.77
510300.SH,20231206,3147438.77
510300.SH,20231205,3182538.77
510300.SH,20231204,3194688.77
510300.SH,20231201,3204228.77
510300.SH,20231130,3210528.77
510300.SH,20231129,3211248.77
510300.SH,20231128,3221238.77
510300.SH,20231127,3220968.77
510300.SH,20231124,3226638.77
510300.SH,20231123,3249678.77
510300.SH,20231122,3257958.77
510300.SH,20231121,3255708.77
510300.SH,20231120,3253188.77
510300.SH,20231117,3264528.77
510300.SH,20231116,3306288.77
510300.SH,20231115,3327528.77
510300.SH,20231114,3339768.77
510300.SH,20231113,3337608.77
510300.SH,20231110,3334908.77
510300.SH,20231109,3349488.77
510300.SH,20231108,3356868.77
510300.SH,20231107,3381798.77
510300.SH,20231106,3380448.77
510300.SH,20231103,3376488.77
510300.SH,20231102,3346698.77
510300.SH,20231101,3326178.77
510300.SH,20231031,3335898.77
510300.SH,20231030,3335898.77
510300.SH,20231027,3340398.77
510300.SH,20231026,3337788.77
510300.SH,20231025,3327168.77
510300.SH,20231024,3331938.77
510300.SH,20231023,3297738.77
510300.SH,20231020,3199008.77
510300.SH,20231019,3244638.77
510300.SH,20231018,3262278.77
510300.SH,20231017,3266958.77
510300.SH,20231016,3279648.77
510300.SH,20231013,3282438.77
510300.SH,20231012,3239958.77
510300.SH,20231011,3238878.77
510300.SH,20231010,3222048.77
510300.SH,20231009,3203058.77
510300.SH,20230930,3191628.769
510300.SH,20230928,3191628.77
510300.SH,20230927,3151038.77
510300.SH,20230926,3134478.77
510300.SH,20230925,3119088.77
510300.SH,20230922,3126468.77
510300.SH,20230921,3101988.77
510300.SH,20230920,3094158.77
510300.SH,20230919,3084438.77
510300.SH,20230918,3078408.77
510300.SH,20230915,3068958.77
510300.SH,20230914,3080028.77
510300.SH,20230913,3109368.77
510300.SH,20230912,3128088.77
510300.SH,20230911,3128808.77
510300.SH,20230908,3129978.77
510300.SH,20230907,3122958.77
510300.SH,20230906,3120978.77
510300.SH,20230905,3099918.77
510300.SH,20230904,3102258.77
510300.SH,20230901,3121788.77
510300.SH,20230831,3135648.77
510300.SH,20230830,3150858.77
510300.SH,20230829,3174528.77
510300.SH,20230828,3058338.77
510300.SH,20230825,2961678.77
510300.SH,20230824,2920998.77
510300.SH,20230823,2904888.77
510300.SH,20230822,2905968.77
510300.SH,20230821,2873298.77
510300.SH,20230818,2852778.77
510300.SH,20230817,2816148.77
510300.SH,20230816,2762238.77
510300.SH,20230815,2726598.77
510300.SH,20230814,2718318.77
510300.SH,20230811,2684838.77
510300.SH,20230810,2688258.77
510300.SH,20230809,2655318.77
510300.SH,20230808,2556948.77
510300.SH,20230807,2501508.77
510300.SH,20230804,2411328.77
510300.SH,20230803,2349048.77
510300.SH,20230802,2338068.77
510300.SH,20230801,2311338.77
510300.SH,20230731,2244828.77
510300.SH,20230728,2120358.77
510300.SH,20230727,2028288.77
510300.SH,20230726,2029008.77
510300.SH,20230725,2024418.77
510300.SH,20230724,2022078.77
510300.SH,20230721,2019918.77
510300.SH,20230720,1985538.77
510300.SH,20230719,1953588.77
510300.SH,20230718,1936218.77
510300.SH,20230717,1936128.77
510300.SH,20230714,1936308.77
510300.SH,20230713,1934508.77
510300.SH,20230712,1914798.77
510300.SH,20230711,1913898.77
510300.SH,20230710,1879518.77
510300.SH,20230707,1868538.77
510300.SH,20230706,1866108.77
510300.SH,20230705,1862958.77
510300.SH,20230704,1862598.77
510300.SH,20230703,1863678.77
510300.SH,20230630,1852158.769
510300.SH,20230629,1831818.77
510300.SH,20230628,1830378.77
510300.SH,20230627,1831188.77
510300.SH,20230626,1834158.77
510300.SH,20230621,1814088.77
510300.SH,20230620,1818318.77
510300.SH,20230619,1821558.77
510300.SH,20230616,1819308.77
510300.SH,20230615,1806348.77
510300.SH,20230614,1807878.77
510300.SH,20230613,1808148.77
510300.SH,20230612,1807158.77
510300.SH,20230609,1809048.77
510300.SH,20230608,1780788.77
510300.SH,20230607,1778358.77
510300.SH,20230606,1776558.77
510300.SH,20230605,1779618.77
510300.SH,20230602,1781418.77
510300.SH,20230601,1763868.77
510300.SH,20230531,1735428.77
510300.SH,20230530,1707438.77
510300.SH,20230529,1691148.77
510300.SH,20230526,1683498.77
510300.SH,20230525,1677018.77
510300.SH,20230524,1671978.77
510300.SH,20230523,1682868.77
510300.SH,20230522,1690338.77
510300.SH,20230519,1694208.77
510300.SH,20230518,1693938.77
510300.SH,20230517,1724898.77
510300.SH,20230516,1702218.77
510300.SH,20230515,1701498.77
510300.SH,20230512,1650918.77
510300.SH,20230511,1642368.77
510300.SH,20230510,1651998.77
510300.SH,20230509,1607988.77
510300.SH,20230508,1623558.77
510300.SH,20230505,1667298.77
510300.SH,20230504,1675398.77
510300.SH,20230428,1681248.77
510300.SH,20230427,1676928.77
510300.SH,20230426,1679718.77
510300.SH,20230425,1647498.77
510300.SH,20230424,1593498.77
510300.SH,20230421,1584678.77
510300.SH,20230420,1603938.77
510300.SH,20230419,1607898.77
510300.SH,20230418,1607268.77
510300.SH,20230417,1608078.77
510300.SH,20230414,1621668.77
510300.SH,20230413,1624728.77
510300.SH,20230412,1632378.77
510300.SH,20230411,1646958.77
510300.SH,20230410,1633998.77
510300.SH,20230407,1634178.77
510300.SH,20230406,1633278.77
510300.SH,20230404,1637058.77
510300.SH,20230403,1652088.77
510300.SH,20230331,1657668.769
510300.SH,20230330,1637418.77
510300.SH,20230329,1630758.77
510300.SH,20230328,1636248.77
510300.SH,20230327,1649298.77
510300.SH,20230324,1651458.77
510300.SH,20230323,1651278.77
510300.SH,20230322,1655868.77
510300.SH,20230321,1678368.77
510300.SH,20230320,1687638.77
510300.SH,20230317,1692948.77
510300.SH,20230316,1716708.77
510300.SH,20230315,1708518.77
510300.SH,20230314,1714278.77
510300.SH,20230313,1706088.77
510300.SH,20230310,1701768.77
510300.SH,20230309,1701408.77
510300.SH,20230308,1709508.77
510300.SH,20230307,1704918.77
510300.SH,20230306,1731018.77
510300.SH,20230303,1792488.77
510300.SH,20230302,1789788.77
510300.SH,20230301,1789788.77
510300.SH,20230228,1724268.77
510300.SH,20230227,1714098.77
510300.SH,20230224,1731738.77
510300.SH,20230223,1772688.77
510300.SH,20230222,1789158.77
510300.SH,20230221,1792938.77
510300.SH,20230220,1780428.77
510300.SH,20230217,1810128.77
510300.SH,20230216,1807968.77
510300.SH,20230215,1806348.77
510300.SH,20230214,1841718.77
510300.SH,20230213,1845948.77
510300.SH,20230210,1894638.77
510300.SH,20230209,1912098.77
510300.SH,20230208,1906698.77
510300.SH,20230207,1921188.77
510300.SH,20230206,1946838.77
510300.SH,20230203,1966998.77
510300.SH,20230202,2008218.77
510300.SH,20230201,2071938.77
510300.SH,20230131,2089398.77
510300.SH,20230130,2025138.77
510300.SH,20230120,2011098.77
510300.SH,20230119,2002098.77
510300.SH,20230118,1997148.77
510300.SH,20230117,1996428.77
510300.SH,20230116,1968078.77
510300.SH,20230113,1864398.77
510300.SH,20230112,1838748.77
510300.SH,20230111,1838478.77
510300.SH,20230110,1847208.77
510300.SH,20230109,1886178.77
510300.SH,20230106,1913538.77
510300.SH,20230105,1907688.77
510300.SH,20230104,1916958.77
510300.SH,20230103,1970688.77
510300.SH,20221231,1969158.769
510300.SH,20221230,1969158.77
510300.SH,20221229,1964928.77
510300.SH,20221228,1965828.77
510300.SH,20221227,1963938.77
510300.SH,20221226,1964028.77
510300.SH,20221223,1944678.77
510300.SH,20221222,1878348.77
510300.SH,20221221,1858638.77
510300.SH,20221220,1852608.77
510300.SH,20221219,1825788.77
510300.SH,20221216,1812108.77
510300.SH,20221215,1778088.77
510300.SH,20221214,1776738.77
510300.SH,20221213,1769538.77
510300.SH,20221212,1759188.77
510300.SH,20221209,1743168.77
510300.SH,20221208,1728678.77
510300.SH,20221207,1721118.77
510300.SH,20221206,1715358.77
510300.SH,20221205,1716618.77
510300.SH,20221202,1737408.77
510300.SH,20221201,1670358.77
510300.SH,20221130,1660908.77
510300.SH,20221129,1659018.77
510300.SH,20221128,1659558.77
510300.SH,20221125,1659918.77
510300.SH,20221124,1649118.77
510300.SH,20221123,1641198.77
510300.SH,20221122,1637868.77
510300.SH,20221121,1644618.77
510300.SH,20221118,1643268.77
510300.SH,20221117,1649568.77
510300.SH,20221116,1645428.77
510300.SH,20221115,1642098.77
510300.SH,20221114,1624818.77
510300.SH,20221111,1619418.77
510300.SH,20221110,1570638.77
510300.SH,20221109,1569378.77
510300.SH,20221108,1569468.77
510300.SH,20221107,1537518.77
510300.SH,20221104,1532298.77
510300.SH,20221103,1487748.77
510300.SH,20221102,1482168.77
510300.SH,20221101,1485228.77
510300.SH,20221031,1436178.77
510300.SH,20221028,1427538.77
510300.SH,20221027,1408278.77
510300.SH,20221026,1394148.77
510300.SH,20221025,1405758.77
510300.SH,20221024,1359318.77
510300.SH,20221021,1348068.77
510300.SH,20221020,1349148.77
510300.SH,20221019,1347978.77
510300.SH,20221018,1348428.77
510300.SH,20221017,1363098.77
510300.SH,20221014,1373808.77
510300.SH,20221013,1376598.77
510300.SH,20221012,1375428.77
510300.SH,20221011,1370838.77
510300.SH,20221010,1344738.77
510300.SH,20220930,1324398.769
510300.SH,20220929,1294788.77
510300.SH,20220928,1280478.77
510300.SH,20220927,1290198.77
510300.SH,20220926,1284978.77
510300.SH,20220923,1240968.77
510300.SH,20220922,1214598.77
510300.SH,20220921,1211448.77
510300.SH,20220920,1215498.77
510300.SH,20220919,1215408.77
510300.SH,20220916,1197318.77
510300.SH,20220915,1166268.77
510300.SH,20220914,1137468.77
510300.SH,20220913,1112718.77
510300.SH,20220909,1099308.77
510300.SH,20220908,1083198.77
510300.SH,20220907,1083648.77
510300.SH,20220906,1083648.77
510300.SH,20220905,1080138.77
510300.SH,20220902,1080858.77
510300.SH,20220901,1079598.77
510300.SH,20220831,1085808.77
510300.SH,20220830,1046208.77
510300.SH,20220829,1052148.77
510300.SH,20220826,1042968.77
510300.SH,20220825,1046658.77
510300.SH,20220824,1038648.77
510300.SH,20220823,1028298.77
510300.SH,20220822,1039728.77
510300.SH,20220819,1042788.77
510300.SH,20220818,1037028.77
510300.SH,20220817,1035588.77
510300.SH,20220816,1034598.77
510300.SH,20220815,1036128.77
510300.SH,20220812,1029918.77
510300.SH,20220811,1026768.77
510300.SH,20220810,1019208.77
510300.SH,20220809,1020558.77
510300.SH,20220808,1033068.77
510300.SH,20220805,1032978.77
510300.SH,20220804,1042698.77
510300.SH,20220803,1039548.77
510300.SH,20220802,1030818.77
510300.SH,20220801,1001748.77
510300.SH,20220729,1015518.77
510300.SH,20220728,1022628.77
510300.SH,20220727,1015428.77
510300.SH,20220726,1016598.77
510300.SH,20220725,1004898.77
510300.SH,20220722,1001568.77
510300.SH,20220721,989508.77
510300.SH,20220720,991938.77
510300.SH,20220719,992928.77
510300.SH,20220718,980688.77
510300.SH,20220715,966108.77
510300.SH,20220714,1009488.77
510300.SH,20220713,1009218.77
510300.SH,20220712,1012818.77
510300.SH,20220711,1007508.77
510300.SH,20220708,996708.77
510300.SH,20220707,999588.77
510300.SH,20220706,1021278.77
510300.SH,20220705,1018038.77
510300.SH,20220704,1035138.77
510300.SH,20220701,1053318.77
510300.SH,20220630,1079778.769
510300.SH,20220629,1092378.77
510300.SH,20220628,1070328.77
510300.SH,20220627,1056918.77
510300.SH,20220624,1057818.77
510300.SH,20220623,1065108.77
510300.SH,20220622,1048548.77
510300.SH,20220621,1052328.77
510300.SH,20220620,1047288.77
510300.SH,20220617,1099668.77
510300.SH,20220616,1125858.77
510300.SH,20220615,1124778.77
510300.SH,20220614,1115508.77
510300.SH,20220613,1089858.77
510300.SH,20220610,1120008.77
510300.SH,20220609,1091118.77
510300.SH,20220608,1095168.77
510300.SH,20220607,1113438.77
510300.SH,20220606,1131528.77
510300.SH,20220602,1148988.77
510300.SH,20220601,1158348.77
510300.SH,20220531,1180668.77
510300.SH,20220530,1193358.77
510300.SH,20220527,1219548.77
510300.SH,20220526,1201458.77
510300.SH,20220525,1206138.77
510300.SH,20220524,1184808.77
510300.SH,20220523,1178958.77
510300.SH,20220520,1206408.77
510300.SH,20220519,1195248.77
510300.SH,20220518,1188588.77
510300.SH,20220517,1192818.77
510300.SH,20220516,1199208.77
510300.SH,20220513,1223238.77
510300.SH,20220512,1225578.77
510300.SH,20220511,1228368.77
510300.SH,20220510,1263648.77
510300.SH,20220509,1249158.77
510300.SH,20220506,1258788.77
510300.SH,20220505,1268688.77
510300.SH,20220429,1314228.77
510300.SH,20220428,1309188.77
510300.SH,20220427,1351038.77
510300.SH,20220426,1351038.77
510300.SH,20220425,1264638.77
510300.SH,20220422,1174818.77
510300.SH,20220421,1152498.77
510300.SH,20220420,1104438.77
510300.SH,20220419,1101198.77
510300.SH,20220418,1089048.77
510300.SH,20220415,1094988.77
510300.SH,20220414,1113348.77
510300.SH,20220413,1126488.77
510300.SH,20220412,1133418.77
510300.SH,20220411,1082298.77
510300.SH,20220408,1047018.77
510300.SH,20220407,1033068.77
510300.SH,20220406,1036128.77
510300.SH,20220401,1051518.77
510300.SH,20220331,1060248.769
510300.SH,20220330,1069968.77
510300.SH,20220329,1053138.77
510300.SH,20220328,1055568.77
510300.SH,20220325,1053408.77
510300.SH,20220324,1054758.77
510300.SH,20220323,1055208.77
510300.SH,20220322,1051698.77
510300.SH,20220321,1056108.77
510300.SH,20220318,1074108.77
510300.SH,20220317,1077078.77
510300.SH,20220316,1134948.77
510300.SH,20220315,1086618.77
510300.SH,20220314,1078968.77
510300.SH,20220311,1079508.77
510300.SH,20220310,1067358.77
510300.SH,20220309,1095618.77
510300.SH,20220308,1057998.77
510300.SH,20220307,1072488.77
510300.SH,20220304,1087248.77
510300.SH,20220303,1065198.77
510300.SH,20220302,1066728.77
510300.SH,20220301,1065828.77
510300.SH,20220228,1082208.77
510300.SH,20220225,1091298.77
510300.SH,20220224,1086258.77
510300.SH,20220223,1065198.77
510300.SH,20220222,1084098.77
510300.SH,20220221,1078968.77
510300.SH,20220218,1093188.77
510300.SH,20220217,1100748.77
510300.SH,20220216,1139898.77
510300.SH,20220215,1165998.77
510300.SH,20220214,1203978.77
510300.SH,20220211,1199388.77
510300.SH,20220210,1212258.77
510300.SH,20220209,1228188.77
510300.SH,20220208,1245288.77
510300.SH,20220207,1234668.77
510300.SH,20220128,1259958.77
510300.SH,20220127,1261218.77
510300.SH,20220126,1263738.77
510300.SH,20220125,1268868.77
510300.SH,20220124,1266438.77
510300.SH,20220121,1251048.77
510300.SH,20220120,1194258.77
510300.SH,20220119,1178778.77
510300.SH,20220118,1151418.77
510300.SH,20220117,1186608.77
510300.SH,20220114,1194258.77
510300.SH,20220113,1192908.77
510300.SH,20220112,1190208.77
510300.SH,20220111,1171938.77
510300.SH,20220110,1171308.77
510300.SH,20220107,1143948.77
510300.SH,20220106,1135308.77
510300.SH,20220105,1137738.77
510300.SH,20220104,1117668.77
510300.SH,20260730,2648388.77
510300.SH,20260729,2594748.77
510300.SH,20260728,2533458.77
510300.SH,20260727,2464158.77
510300.SH,20260724,2438058.77
510300.SH,20260723,2402688.77
510300.SH,20260722,2404488.77
510300.SH,20260721,2435718.77
510300.SH,20260720,2442198.77
510300.SH,20260717,2171658.77
510300.SH,20260716,1970148.77
510300.SH,20260715,1839558.77
510300.SH,20260714,1848198.77
510300.SH,20260713,1832088.77
510300.SH,20260710,1715718.77
510300.SH,20260709,1721478.77
510300.SH,20260708,1720308.77
510300.SH,20260707,1709418.77
510300.SH,20260706,1682148.77
510300.SH,20260703,1706988.77
510300.SH,20260702,1853238.77
510300.SH,20260701,1839558.77
510300.SH,20260630,1891488.77
510300.SH,20260629,1993638.77
510300.SH,20260626,2080038.77
510300.SH,20260625,2074458.77
510300.SH,20260624,2288658.77
510300.SH,20260623,2467668.77
510300.SH,20260622,2638488.77
510300.SH,20260618,2652708.77
510300.SH,20260617,2708238.77
510300.SH,20260616,2797068.77
510300.SH,20260615,2838288.77
510300.SH,20260612,2862408.77
510300.SH,20260611,2873028.77
510300.SH,20260610,2851428.77
510300.SH,20260609,2833158.77
510300.SH,20260608,2848188.77
510300.SH,20260605,2790498.77
510300.SH,20260604,2785998.77
510300.SH,20260603,2804718.77
510300.SH,20260602,2824158.77
510300.SH,20260601,2819928.77
510300.SH,20260529,2795628.77
510300.SH,20260528,2796888.77
510300.SH,20260527,2789688.77
510300.SH,20260526,2802828.77
510300.SH,20260525,2845848.77
510300.SH,20260522,2979588.77
510300.SH,20260521,3049428.77
510300.SH,20260520,3102708.77
510300.SH,20260519,3166248.77
510300.SH,20260518,3218268.77
510300.SH,20260515,3216288.77
510300.SH,20260514,3209178.77
510300.SH,20260513,3272718.77
510300.SH,20260512,3337158.77
510300.SH,20260511,3394578.77
510300.SH,20260508,3526968.77
510300.SH,20260507,3615618.77
510300.SH,20260506,3793278.77
510300.SH,20260430,3820458.77
510300.SH,20260429,3937188.77
510300.SH,20260428,3986058.77
510300.SH,20260427,4036278.77
510300.SH,20260424,4092258.77
510300.SH,20260423,4111878.77
510300.SH,20260422,4181628.77
510300.SH,20260421,4244178.77
510300.SH,20260420,4282068.77
510300.SH,20260417,4325898.77
510300.SH,20260416,4368468.77
510300.SH,20260415,4392048.77
510300.SH,20260414,4380618.77
510300.SH,20260413,4385838.77
510300.SH,20260410,4407708.77
510300.SH,20260409,4476378.77
510300.SH,20260408,4516518.77
510300.SH,20260407,4505268.77
510300.SH,20260403,4486908.77
510300.SH,20260402,4471878.77
510300.SH,20260401,4481238.77
510300.SH,20260331,4482858.77
510300.SH,20260330,4491318.77
510300.SH,20260327,4516068.77
510300.SH,20260326,4515168.77
510300.SH,20260325,4523178.77
510300.SH,20260324,4567098.77
510300.SH,20260323,4574928.77
510300.SH,20260320,4491858.77
510300.SH,20260319,4482228.77
510300.SH,20260318,4457568.77
510300.SH,20260317,4433268.77
510300.SH,20260316,4409778.77
510300.SH,20260313,4398528.77
510300.SH,20260312,4400778.77
510300.SH,20260311,4409418.77
510300.SH,20260310,4452258.77
510300.SH,20260309,4462158.77
510300.SH,20260306,4460628.77
510300.SH,20260305,4461258.77
510300.SH,20260304,4496088.77
510300.SH,20260303,4457388.77
510300.SH,20260302,4476558.77
510300.SH,20260227,4561248.77
510300.SH,20260226,4559628.77
510300.SH,20260225,4597968.77
510300.SH,20260224,4590768.77
510300.SH,20260213,4612368.77
510300.SH,20260212,4694088.77
510300.SH,20260211,4702548.77
510300.SH,20260210,4712898.77
510300.SH,20260209,4745838.77
510300.SH,20260206,4746108.77
510300.SH,20260205,4722798.77
510300.SH,20260204,4698768.77
510300.SH,20260203,4754388.77
510300.SH,20260202,4750698.77
510300.SH,20260130,4868778.77
510300.SH,20260129,4926018.77
510300.SH,20260128,5150478.77
510300.SH,20260127,5753298.77
510300.SH,20260126,6051738.77
510300.SH,20260123,6441528.77
510300.SH,20260122,6853458.77
510300.SH,20260121,7197798.77
510300.SH,20260120,7553388.77
510300.SH,20260119,7786308.77
510300.SH,20260116,7976028.77
510300.SH,20260115,8410098.77
510300.SH,20260114,8824278.77
510300.SH,20260113,8881968.77
510300.SH,20260112,8915448.77
510300.SH,20260109,8950908.77
510300.SH,20260108,8914278.77
510300.SH,20260107,8902938.77
510300.SH,20260106,8934438.77
510300.SH,20260105,8905818.77
510050.SH,20211231,2120376.6757
510050.SH,20211230,2121096.68
510050.SH,20211229,2125056.68
510050.SH,20211228,2111016.68
510050.SH,20211227,2067096.68
510050.SH,20211224,1992126.68
510050.SH,20211223,2022816.68
510050.SH,20211222,1999146.68
510050.SH,20211221,2029026.68
510050.SH,20211220,2028486.68
510050.SH,20211217,1977546.68
510050.SH,20211216,1930206.68
510050.SH,20211215,1897086.68
510050.SH,20211214,1902396.68
510050.SH,20211213,1835886.68
510050.SH,20211210,1839126.68
510050.SH,20211209,1772076.68
510050.SH,20211208,1682076.68
510050.SH,20211207,1683966.68
510050.SH,20211206,1687116.68
510050.SH,20211203,1721046.68
510050.SH,20211202,1737876.68
510050.SH,20211201,1736886.68
510050.SH,20211130,1718886.68
510050.SH,20211129,1705116.68
510050.SH,20211126,1666686.68
510050.SH,20211125,1691616.68
510050.SH,20211124,1707276.68
510050.SH,20211123,1712676.68
510050.SH,20211122,1763346.68
510050.SH,20211119,1791876.68
510050.SH,20211118,1778646.68
510050.SH,20211117,1794486.68
510050.SH,20211116,1816446.68
510050.SH,20211115,1823556.68
510050.SH,20211112,1783146.68
510050.SH,20211111,1733466.68
510050.SH,20211110,1732926.68
510050.SH,20211109,1751736.68
510050.SH,20211108,1734456.68
510050.SH,20211105,1717536.68
510050.SH,20211104,1694046.68
510050.SH,20211103,1724016.68
510050.SH,20211102,1723476.68
510050.SH,20211101,1732026.68
510050.SH,20211029,1678386.68
510050.SH,20211028,1673166.68
510050.SH,20211027,1630506.68
510050.SH,20211026,1628346.68
510050.SH,20211025,1653996.68
510050.SH,20211022,1638696.68
510050.SH,20211021,1630326.68
510050.SH,20211020,1611696.68
510050.SH,20211019,1600716.68
510050.SH,20211018,1662456.68
510050.SH,20211015,1607286.68
510050.SH,20211014,1585776.68
510050.SH,20211013,1573266.68
510050.SH,20211012,1607736.68
510050.SH,20211011,1583886.68
510050.SH,20211008,1622406.68
510050.SH,20210930,1634286.6757
510050.SH,20210929,1654986.68
510050.SH,20210928,1633206.68
510050.SH,20210927,1616106.68
510050.SH,20210924,1694946.68
510050.SH,20210923,1711236.68
510050.SH,20210922,1717806.68
510050.SH,20210917,1717266.68
510050.SH,20210916,1697556.68
510050.SH,20210915,1657776.68
510050.SH,20210914,1620966.68
510050.SH,20210913,1613046.68
510050.SH,20210910,1615566.68
510050.SH,20210909,1620246.68
510050.SH,20210908,1605216.68
510050.SH,20210907,1600626.68
510050.SH,20210906,1599186.68
510050.SH,20210903,1587126.68
510050.SH,20210902,1562466.68
510050.SH,20210901,1529706.68
510050.SH,20210831,1456446.68
510050.SH,20210830,1436376.68
510050.SH,20210827,1436196.68
510050.SH,20210826,1402446.68
510050.SH,20210825,1384446.68
510050.SH,20210824,1430526.68
510050.SH,20210823,1464996.68
510050.SH,20210820,1525116.68
510050.SH,20210819,1408026.68
510050.SH,20210818,1396056.68
510050.SH,20210817,1361046.68
510050.SH,20210816,1324146.68
510050.SH,20210813,1323606.68
510050.SH,20210812,1310286.68
510050.SH,20210811,1300476.68
510050.SH,20210810,1307946.68
510050.SH,20210809,1308036.68
510050.SH,20210806,1316136.68
510050.SH,20210805,1304616.68
510050.SH,20210804,1314876.68
510050.SH,20210803,1363116.68
510050.SH,20210802,1391106.68
510050.SH,20210730,1445646.68
510050.SH,20210729,1463286.68
510050.SH,20210728,1544826.68
510050.SH,20210727,1543206.68
510050.SH,20210726,1550586.68
510050.SH,20210723,1569666.68
510050.SH,20210722,1577136.68
510050.SH,20210721,1572366.68
510050.SH,20210720,1599996.68
510050.SH,20210719,1584426.68
510050.SH,20210716,1558416.68
510050.SH,20210715,1558866.68
510050.SH,20210714,1546716.68
510050.SH,20210713,1578576.68
510050.SH,20210712,1563816.68
510050.SH,20210709,1574076.68
510050.SH,20210708,1564176.68
510050.SH,20210707,1549056.68
510050.SH,20210706,1534926.68
510050.SH,20210705,1511886.68
510050.SH,20210702,1493436.68
510050.SH,20210701,1480746.68
510050.SH,20210630,1547436.6757
510050.SH,20210629,1556166.68
510050.SH,20210628,1548966.68
510050.SH,20210625,1549416.68
510050.SH,20210624,1537356.68
510050.SH,20210623,1529436.68
510050.SH,20210622,1575246.68
510050.SH,20210621,1595496.68
510050.SH,20210618,1569846.68
510050.SH,20210617,1532946.68
510050.SH,20210616,1532496.68
510050.SH,20210615,1504236.68
510050.SH,20210611,1491816.68
510050.SH,20210610,1478586.68
510050.SH,20210609,1474086.68
510050.SH,20210608,1464996.68
510050.SH,20210607,1439796.68
510050.SH,20210604,1438536.68
510050.SH,20210603,1410636.68
510050.SH,20210602,1413876.68
510050.SH,20210601,1436196.68
510050.SH,20210531,1461036.68
510050.SH,20210528,1429536.68
510050.SH,20210527,1435116.68
510050.SH,20210526,1398846.68
510050.SH,20210525,1396056.68
510050.SH,20210524,1423056.68
510050.SH,20210521,1431966.68
510050.SH,20210520,1416486.68
510050.SH,20210519,1409106.68
510050.SH,20210518,1436556.68
510050.SH,20210517,1430976.68
510050.SH,20210514,1425216.68
510050.SH,20210513,1412796.68
510050.SH,20210512,1388496.68
510050.SH,20210511,1387596.68
510050.SH,20210510,1365636.68
510050.SH,20210507,1338996.68
510050.SH,20210506,1345656.68
510050.SH,20210430,1334766.68
510050.SH,20210429,1339626.68
510050.SH,20210428,1291746.68
510050.SH,20210427,1317576.68
510050.SH,20210426,1325676.68
510050.SH,20210423,1351416.68
510050.SH,20210422,1368426.68
510050.SH,20210421,1398666.68
510050.SH,20210420,1443756.68
510050.SH,20210419,1462746.68
510050.SH,20210416,1429086.68
510050.SH,20210415,1413606.68
510050.SH,20210414,1418106.68
510050.SH,20210413,1376706.68
510050.SH,20210412,1330716.68
510050.SH,20210409,1259706.68
510050.SH,20210408,1251156.68
510050.SH,20210407,1241976.68
510050.SH,20210406,1239636.68
510050.SH,20210402,1253136.68
510050.SH,20210401,1265826.68
510050.SH,20210331,1258356.6757
510050.SH,20210330,1260606.68
510050.SH,20210329,1280766.68
510050.SH,20210326,1315956.68
510050.SH,20210325,1336476.68
510050.SH,20210324,1330806.68
510050.SH,20210323,1326036.68
510050.SH,20210322,1336386.68
510050.SH,20210319,1325946.68
510050.SH,20210318,1281936.68
510050.SH,20210317,1271586.68
510050.SH,20210316,1291836.68
510050.SH,20210315,1274646.68
510050.SH,20210312,1281036.68
510050.SH,20210311,1347276.68
510050.SH,20210310,1354026.68
510050.SH,20210309,1364106.68
510050.SH,20210308,1303626.68
510050.SH,20210305,1343766.68
510050.SH,20210304,1312086.68
510050.SH,20210303,1290666.68
510050.SH,20210302,1279236.68
510050.SH,20210301,1332516.68
510050.SH,20210226,1341426.68
510050.SH,20210225,1305606.68
510050.SH,20210224,1330626.68
510050.SH,20210223,1305966.68
510050.SH,20210222,1317306.68
510050.SH,20210219,1295976.68
510050.SH,20210218,1263486.68
510050.SH,20210210,1254126.68
510050.SH,20210209,1246206.68
510050.SH,20210208,1262496.68
510050.SH,20210205,1265556.68
510050.SH,20210204,1272036.68
510050.SH,20210203,1306236.68
510050.SH,20210202,1330086.68
510050.SH,20210201,1375986.68
510050.SH,20210129,1393626.68
510050.SH,20210128,1347186.68
510050.SH,20210127,1348536.68
510050.SH,20210126,1375266.68
510050.SH,20210125,1348626.68
510050.SH,20210122,1427376.68
510050.SH,20210121,1451226.68
510050.SH,20210120,1466886.68
510050.SH,20210119,1491816.68
510050.SH,20210118,1500996.68
510050.SH,20210115,1512696.68
510050.SH,20210114,1538976.68
510050.SH,20210113,1531236.68
510050.SH,20210112,1493976.68
510050.SH,20210111,1476696.68
510050.SH,20210108,1501536.68
510050.SH,20210107,1472736.68
510050.SH,20210106,1446996.68
510050.SH,20210105,1487136.68
510050.SH,20210104,1552566.68
510050.SH,20201231,1556436.6757
510050.SH,20201230,1538346.68
510050.SH,20201229,1555536.68
510050.SH,20201228,1549416.68
510050.SH,20201225,1549866.68
510050.SH,20201224,1514856.68
510050.SH,20201223,1512426.68
510050.SH,20201222,1560126.68
510050.SH,20201221,1613406.68
510050.SH,20201218,1617186.68
510050.SH,20201217,1601796.68
510050.SH,20201216,1607556.68
510050.SH,20201215,1620876.68
510050.SH,20201214,1618446.68
510050.SH,20201211,1620336.68
510050.SH,20201210,1633566.68
510050.SH,20201209,1642566.68
510050.SH,20201208,1633566.68
510050.SH,20201207,1614756.68
510050.SH,20201204,1631676.68
510050.SH,20201203,1635906.68
510050.SH,20201202,1603596.68
510050.SH,20201201,1585056.68
510050.SH,20201130,1554276.68
510050.SH,20201127,1478226.68
510050.SH,20201126,1419006.68
510050.SH,20201125,1420806.68
510050.SH,20201124,1443756.68
510050.SH,20201123,1385526.68
510050.SH,20201120,1389486.68
510050.SH,20201119,1406226.68
510050.SH,20201118,1406046.68
510050.SH,20201117,1362846.68
510050.SH,20201116,1371396.68
510050.SH,20201113,1382286.68
510050.SH,20201112,1359336.68
510050.SH,20201111,1371126.68
510050.SH,20201110,1363566.68
510050.SH,20201109,1377966.68
510050.SH,20201106,1385166.68
510050.SH,20201105,1405506.68
510050.SH,20201104,1411626.68
510050.SH,20201103,1422876.68
510050.SH,20201102,1422606.68
510050.SH,20201030,1399206.68
510050.SH,20201029,1392276.68
510050.SH,20201028,1396686.68
510050.SH,20201027,1428636.68
510050.SH,20201026,1437546.68
510050.SH,20201023,1416216.68
510050.SH,20201022,1401726.68
510050.SH,20201021,1381386.68
510050.SH,20201020,1406316.68
510050.SH,20201019,1412976.68
510050.SH,20201016,1408836.68
510050.SH,20201015,1403346.68
510050.SH,20201014,1371576.68
510050.SH,20201013,1377246.68
510050.SH,20201012,1387506.68
510050.SH,20201009,1409286.68
510050.SH,20200930,1405596.6757
510050.SH,20200929,1411266.68
510050.SH,20200928,1396956.68
510050.SH,20200925,1394076.68
510050.SH,20200924,1392816.68
510050.SH,20200923,1382556.68
510050.SH,20200922,1405596.68
510050.SH,20200921,1420716.68
510050.SH,20200918,1411086.68
510050.SH,20200917,1392906.68
510050.SH,20200916,1390386.68
510050.SH,20200915,1400646.68
510050.SH,20200914,1410906.68
510050.SH,20200911,1424406.68
510050.SH,20200910,1416666.68
510050.SH,20200909,1426296.68
510050.SH,20200908,1417116.68
510050.SH,20200907,1423146.68
510050.SH,20200904,1428276.68
510050.SH,20200903,1425846.68
510050.SH,20200902,1424136.68
510050.SH,20200901,1455186.68
510050.SH,20200831,1437096.68
510050.SH,20200828,1433586.68
510050.SH,20200827,1440426.68
510050.SH,20200826,1447806.68
510050.SH,20200825,1464906.68
510050.SH,20200824,1481286.68
510050.SH,20200821,1508106.68
510050.SH,20200820,1495326.68
510050.SH,20200819,1501626.68
510050.SH,20200818,1519986.68
510050.SH,20200817,1511346.68
510050.SH,20200814,1453566.68
510050.SH,20200813,1430616.68
510050.SH,20200812,1448976.68
510050.SH,20200811,1448706.68
510050.SH,20200810,1438626.68
510050.SH,20200807,1435836.68
510050.SH,20200806,1447536.68
510050.SH,20200805,1475436.68
510050.SH,20200804,1505226.68
510050.SH,20200803,1456086.68
510050.SH,20200731,1463826.68
510050.SH,20200730,1494876.68
510050.SH,20200729,1502346.68
510050.SH,20200728,1489296.68
510050.SH,20200727,1499646.68
510050.SH,20200724,1498206.68
510050.SH,20200723,1505136.68
510050.SH,20200722,1525836.68
510050.SH,20200721,1520436.68
510050.SH,20200720,1553376.68
510050.SH,20200717,1570206.68
510050.SH,20200716,1567956.68
510050.SH,20200715,1586676.68
510050.SH,20200714,1605756.68
510050.SH,20200713,1617726.68
510050.SH,20200710,1630326.68
510050.SH,20200709,1648326.68
510050.SH,20200708,1667226.68
510050.SH,20200707,1682526.68
510050.SH,20200706,1567506.68
510050.SH,20200703,1390836.68
510050.SH,20200702,1357266.68
510050.SH,20200701,1332066.68
510050.SH,20200630,1334406.6757
510050.SH,20200629,1347996.68
510050.SH,20200624,1338546.68
510050.SH,20200623,1330716.68
510050.SH,20200622,1337106.68
510050.SH,20200619,1342326.68
510050.SH,20200618,1347906.68
510050.SH,20200617,1359426.68
510050.SH,20200616,1368336.68
510050.SH,20200615,1365906.68
510050.SH,20200612,1364106.68
510050.SH,20200611,1362216.68
510050.SH,20200610,1365906.68
510050.SH,20200609,1367436.68
510050.SH,20200608,1370676.68
510050.SH,20200605,1383006.68
510050.SH,20200604,1385436.68
510050.SH,20200603,1390836.68
510050.SH,20200602,1394886.68
510050.SH,20200601,1404336.68
510050.SH,20200529,1409376.68
510050.SH,20200528,1424496.68
510050.SH,20200527,1419816.68
510050.SH,20200526,1418736.68
510050.SH,20200525,1448976.68
510050.SH,20200522,1447266.68
510050.SH,20200521,1443666.68
510050.SH,20200520,1451226.68
510050.SH,20200519,1437726.68
510050.SH,20200518,1443756.68
510050.SH,20200515,1439076.68
510050.SH,20200514,1425036.68
510050.SH,20200513,1413606.68
510050.SH,20200512,1414326.68
510050.SH,20200511,1427196.68
510050.SH,20200508,1436286.68
510050.SH,20200507,1439346.68
510050.SH,20200506,1435476.68
510050.SH,20200430,1434486.68
510050.SH,20200429,1428996.68
510050.SH,20200428,1427916.68
510050.SH,20200427,1439166.68
510050.SH,20200424,1464006.68
510050.SH,20200423,1461306.68
510050.SH,20200422,1463826.68
510050.SH,20200421,1478136.68
510050.SH,20200420,1469046.68
510050.SH,20200417,1487586.68
510050.SH,20200416,1518726.68
510050.SH,20200415,1518456.68
510050.SH,20200414,1512966.68
510050.SH,20200413,1526286.68
510050.SH,20200410,1520796.68
510050.SH,20200409,1523766.68
510050.SH,20200408,1537626.68
510050.SH,20200407,1545996.68
510050.SH,20200403,1557336.68
510050.SH,20200402,1571826.68
510050.SH,20200401,1581276.68
510050.SH,20200331,1590726.6757
510050.SH,20200330,1602696.68
510050.SH,20200327,1588566.68
510050.SH,20200326,1596846.68
510050.SH,20200325,1598736.68
510050.SH,20200324,1623666.68
510050.SH,20200323,1620786.68
510050.SH,20200320,1601706.68
510050.SH,20200319,1558416.68
510050.SH,20200318,1504506.68
510050.SH,20200317,1521156.68
510050.SH,20200316,1476696.68
510050.SH,20200313,1453566.68
510050.SH,20200312,1425486.68
510050.SH,20200311,1420446.68
510050.SH,20200310,1445466.68
510050.SH,20200309,1390566.68
510050.SH,20200306,1407846.68
510050.SH,20200305,1399566.68
510050.SH,20200304,1387056.68
510050.SH,20200303,1396506.68
510050.SH,20200302,1387866.68
510050.SH,20200228,1392546.68
510050.SH,20200227,1400106.68
510050.SH,20200226,1402716.68
510050.SH,20200225,1400556.68
510050.SH,20200224,1378236.68
510050.SH,20200221,1381476.68
510050.SH,20200220,1377876.68
510050.SH,20200219,1416396.68
510050.SH,20200218,1421526.68
510050.SH,20200217,1433316.68
510050.SH,20200214,1446906.68
510050.SH,20200213,1441956.68
510050.SH,20200212,1441866.68
510050.SH,20200211,1453026.68
510050.SH,20200210,1464366.68
510050.SH,20200207,1486956.68
510050.SH,20200206,1495956.68
510050.SH,20200205,1499916.68
510050.SH,20200204,1518096.68
510050.SH,20200203,1527366.68
510050.SH,20200123,1483446.68
510050.SH,20200122,1444386.68
510050.SH,20200121,1453026.68
510050.SH,20200120,1432416.68
510050.SH,20200117,1454286.68
510050.SH,20200116,1465446.68
510050.SH,20200115,1479036.68
510050.SH,20200114,1488756.68
510050.SH,20200113,1487856.68
510050.SH,20200110,1493256.68
510050.SH,20200109,1492536.68
510050.SH,20200108,1495866.68
510050.SH,20200107,1477866.68
510050.SH,20200106,1490826.68
510050.SH,20200103,1510356.68
510050.SH,20200102,1509906.68
510050.SH,20191231,1510986.6757
510050.SH,20191230,1522956.68
510050.SH,20191227,1542756.68
510050.SH,20191226,1556256.68
510050.SH,20191225,1559136.68
510050.SH,20191224,1564356.68
510050.SH,20191223,1573446.68
510050.SH,20191220,1574976.68
510050.SH,20191219,1579206.68
510050.SH,20191218,1565256.68
510050.SH,20191217,1548696.68
510050.SH,20191216,1538616.68
510050.SH,20191213,1485966.68
510050.SH,20191212,1477596.68
510050.SH,20191211,1462296.68
510050.SH,20191210,1484796.68
510050.SH,20191209,1483086.68
510050.SH,20191206,1465896.68
510050.SH,20191205,1471746.68
510050.SH,20191204,1462746.68
510050.SH,20191203,1458876.68
510050.SH,20191202,1457976.68
510050.SH,20191129,1467426.68
510050.SH,20191128,1420806.68
510050.SH,20191127,1407576.68
510050.SH,20191126,1419636.68
510050.SH,20191125,1446996.68
510050.SH,20191122,1461126.68
510050.SH,20191121,1468506.68
510050.SH,20191120,1444026.68
510050.SH,20191119,1441956.68
510050.SH,20191118,1456896.68
510050.SH,20191115,1450776.68
510050.SH,20191114,1434216.68
510050.SH,20191113,1440246.68
510050.SH,20191112,1441686.68
510050.SH,20191111,1440336.68
510050.SH,20191108,1392906.68
510050.SH,20191107,1391286.68
510050.SH,20191106,1380486.68
510050.SH,20191105,1374906.68
510050.SH,20191104,1360146.68
510050.SH,20191101,1381746.68
510050.SH,20191031,1387596.68
510050.SH,20191030,1394796.68
510050.SH,20191029,1394526.68
510050.SH,20191028,1394346.68
510050.SH,20191025,1393266.68
510050.SH,20191024,1384806.68
510050.SH,20191023,1366806.68
510050.SH,20191022,1360956.68
510050.SH,20191021,1359516.68
510050.SH,20191018,1347726.68
510050.SH,20191017,1338816.68
510050.SH,20191016,1336386.68
510050.SH,20191015,1334856.68
510050.SH,20191014,1334586.68
510050.SH,20191011,1337916.68
510050.SH,20191010,1343406.68
510050.SH,20191009,1354026.68
510050.SH,20191008,1375986.68
510050.SH,20190930,1413426.6757
510050.SH,20190927,1415226.68
510050.SH,20190926,1403526.68
510050.SH,20190925,1420986.68
510050.SH,20190924,1433676.68
510050.SH,20190923,1463826.68
510050.SH,20190920,1439886.68
510050.SH,20190919,1448256.68
510050.SH,20190918,1459596.68
510050.SH,20190917,1517916.68
510050.SH,20190916,1502166.68
510050.SH,20190912,1504866.68
510050.SH,20190911,1517376.68
510050.SH,20190910,1459416.68
510050.SH,20190909,1416486.68
510050.SH,20190906,1400196.68
510050.SH,20190905,1388946.68
510050.SH,20190904,1389576.68
510050.SH,20190903,1395156.68
510050.SH,20190902,1392366.68
510050.SH,20190830,1411626.68
510050.SH,20190829,1440246.68
510050.SH,20190828,1465266.68
510050.SH,20190827,1463736.68
510050.SH,20190826,1460586.68
510050.SH,20190823,1405596.68
510050.SH,20190822,1437546.68
510050.SH,20190821,1445106.68
510050.SH,20190820,1441416.68
510050.SH,20190819,1450506.68
510050.SH,20190816,1445376.68
510050.SH,20190815,1460496.68
510050.SH,20190814,1457706.68
510050.SH,20190813,1463916.68
510050.SH,20190812,1466256.68
510050.SH,20190809,1475616.68
510050.SH,20190808,1478586.68
510050.SH,20190807,1508376.68
510050.SH,20190806,1552746.68
510050.SH,20190805,1525206.68
510050.SH,20190802,1491546.68
510050.SH,20190801,1501266.68
510050.SH,20190731,1503966.68
510050.SH,20190730,1478766.68
510050.SH,20190729,1473546.68
510050.SH,20190726,1480386.68
510050.SH,20190725,1501536.68
510050.SH,20190724,1524486.68
510050.SH,20190723,1556526.68
510050.SH,20190722,1592976.68
510050.SH,20190719,1612596.68
510050.SH,20190718,1606296.68
510050.SH,20190717,1594146.68
510050.SH,20190716,1600446.68
510050.SH,20190715,1594056.68
510050.SH,20190712,1591176.68
510050.SH,20190711,1613046.68
510050.SH,20190710,1618176.68
510050.SH,20190709,1623576.68
510050.SH,20190708,1643286.68
510050.SH,20190705,1647966.68
510050.SH,20190704,1675596.68
510050.SH,20190703,1648236.68
510050.SH,20190702,1620876.68
510050.SH,20190701,1631496.68
510050.SH,20190630,1669926.6757
510050.SH,20190628,1669926.68
510050.SH,20190627,1646976.68
510050.SH,20190626,1658046.68
510050.SH,20190625,1677216.68
510050.SH,20190624,1649586.68
510050.SH,20190621,1647786.68
510050.SH,20190620,1605216.68
510050.SH,20190619,1626816.68
510050.SH,20190618,1610076.68
510050.SH,20190617,1619076.68
510050.SH,20190614,1612506.68
510050.SH,20190613,1624836.68
510050.SH,20190612,1603416.68
510050.SH,20190611,1582266.68
510050.SH,20190610,1606656.68
510050.SH,20190606,1670826.68
510050.SH,20190605,1654536.68
510050.SH,20190604,1642656.68
510050.SH,20190603,1608456.68
510050.SH,20190531,1584336.68
510050.SH,20190530,1582356.68
510050.SH,20190529,1572996.68
510050.SH,20190528,1607286.68
510050.SH,20190527,1654806.68
510050.SH,20190524,1659486.68
510050.SH,20190523,1661016.68
510050.SH,20190522,1660026.68
510050.SH,20190521,1703226.68
510050.SH,20190520,1788186.68
510050.SH,20190517,1750656.68
510050.SH,20190516,1669746.68
510050.SH,20190515,1704486.68
510050.SH,20190514,1768206.68
510050.SH,20190513,1703856.68
510050.SH,20190510,1734276.68
510050.SH,20190509,1768296.68
510050.SH,20190508,1752456.68
510050.SH,20190507,1770186.68
510050.SH,20190506,1768116.68
510050.SH,20190430,1685856.68
510050.SH,20190429,1711146.68
510050.SH,20190426,1719966.68
510050.SH,20190425,1660746.68
510050.SH,20190424,1574706.68
510050.SH,20190423,1595226.68
510050.SH,20190422,1557066.68
510050.SH,20190419,1586766.68
510050.SH,20190418,1585506.68
510050.SH,20190417,1600896.68
510050.SH,20190416,1575426.68
510050.SH,20190415,1573356.68
510050.SH,20190412,1579296.68
510050.SH,20190411,1533216.68
510050.SH,20190410,1508196.68
510050.SH,20190409,1563096.68
510050.SH,20190408,1615386.68
510050.SH,20190404,1614036.68
510050.SH,20190403,1629876.68
510050.SH,20190402,1617636.68
510050.SH,20190401,1592976.68
510050.SH,20190331,1573356.6757
510050.SH,20190329,1573356.68
510050.SH,20190328,1535466.68
510050.SH,20190327,1541856.68
510050.SH,20190326,1583616.68
510050.SH,20190325,1570116.68
510050.SH,20190322,1659396.68
510050.SH,20190321,1658496.68
510050.SH,20190320,1680906.68
510050.SH,20190319,1647246.68
510050.SH,20190318,1621416.68
510050.SH,20190315,1648686.68
510050.SH,20190314,1695126.68
510050.SH,20190313,1669476.68
510050.SH,20190312,1643916.68
510050.SH,20190311,1696206.68
510050.SH,20190308,1704396.68
510050.SH,20190307,1673436.68
510050.SH,20190306,1687386.68
510050.SH,20190305,1702146.68
510050.SH,20190304,1662546.68
510050.SH,20190301,1663356.68
510050.SH,20190228,1650756.68
510050.SH,20190227,1650306.68
510050.SH,20190226,1622766.68
510050.SH,20190225,1532496.68
510050.SH,20190222,1562106.68
510050.SH,20190221,1556166.68
510050.SH,20190220,1613946.68
510050.SH,20190219,1634106.68
510050.SH,20190218,1685226.68
510050.SH,20190215,1726896.68
510050.SH,20190214,1713846.68
510050.SH,20190213,1683156.68
510050.SH,20190212,1692246.68
510050.SH,20190211,1705296.68
510050.SH,20190201,1726896.68
510050.SH,20190131,1740216.68
510050.SH,20190130,1765056.68
510050.SH,20190129,1749936.68
510050.SH,20190128,1735806.68
510050.SH,20190125,1742736.68
510050.SH,20190124,1797366.68
510050.SH,20190123,1800696.68
510050.SH,20190122,1790976.68
510050.SH,20190121,1754526.68
510050.SH,20190118,1761276.68
510050.SH,20190117,1788636.68
510050.SH,20190116,1798176.68
510050.SH,20190115,1822116.68
510050.SH,20190114,1871886.68
510050.SH,20190111,1884306.68
510050.SH,20190110,1893666.68
510050.SH,20190109,1915176.68
510050.SH,20190108,1943796.68
510050.SH,20190107,1942536.68
510050.SH,20190104,1943436.68
510050.SH,20190103,1975206.68
510050.SH,20190102,1973406.68
510050.SH,20181231,2000316.6757
510050.SH,20181228,2000316.68
510050.SH,20181227,2008866.68
510050.SH,20181226,2000496.68
510050.SH,20181225,2021646.68
510050.SH,20181224,2089326.68
510050.SH,20181221,2118216.68
510050.SH,20181220,2124426.68
510050.SH,20181219,2123256.68
510050.SH,20181218,2107056.68
510050.SH,20181217,2084106.68
510050.SH,20181214,2015076.68
510050.SH,20181213,2005536.68
510050.SH,20181212,2028396.68
510050.SH,20181211,2016066.68
510050.SH,20181210,1985466.68
510050.SH,20181207,1953606.68
510050.SH,20181206,1932726.68
510050.SH,20181205,1880976.68
510050.SH,20181204,1853256.68
510050.SH,20181203,1856316.68
510050.SH,20181130,1864596.68
510050.SH,20181129,1839306.68
510050.SH,20181128,1852446.68
510050.SH,20181127,1885026.68
510050.SH,20181126,1901496.68
510050.SH,20181123,1926786.68
510050.SH,20181122,1907796.68
510050.SH,20181121,1919046.68
510050.SH,20181120,1883856.68
510050.SH,20181119,1867206.68
510050.SH,20181116,1895196.68
510050.SH,20181115,1922196.68
510050.SH,20181114,1915356.68
510050.SH,20181113,1934166.68
510050.SH,20181112,1958556.68
510050.SH,20181109,1933356.68
510050.SH,20181108,1861536.68
510050.SH,20181107,1861806.68
510050.SH,20181106,1864416.68
510050.SH,20181105,1831476.68
510050.SH,20181102,1810776.68
510050.SH,20181101,1886916.68
510050.SH,20181031,1923096.68
510050.SH,20181030,1985646.68
510050.SH,20181029,1962516.68
510050.SH,20181026,1883676.68
510050.SH,20181025,1867296.68
510050.SH,20181024,1850646.68
510050.SH,20181023,1883586.68
510050.SH,20181022,1790346.68
510050.SH,20181019,1881156.68
510050.SH,20181018,1887456.68
510050.SH,20181017,1856586.68
510050.SH,20181016,1793496.68
510050.SH,20181015,1764426.68
510050.SH,20181012,1751196.68
510050.SH,20181011,1741386.68
510050.SH,20181010,1697466.68
510050.SH,20181009,1667496.68
510050.SH,20181008,1642386.68
510050.SH,20180930,1551846.6757
510050.SH,20180928,1551846.68
510050.SH,20180927,1527816.68
510050.SH,20180926,1509996.68
510050.SH,20180925,1515216.68
510050.SH,20180921,1495596.68
510050.SH,20180920,1472556.68
510050.SH,20180919,1480476.68
510050.SH,20180918,1551306.68
510050.SH,20180917,1539696.68
510050.SH,20180914,1548426.68
510050.SH,20180913,1562286.68
510050.SH,20180912,1527816.68
510050.SH,20180911,1494786.68
510050.SH,20180910,1441686.68
510050.SH,20180907,1403616.68
510050.SH,20180906,1403256.68
510050.SH,20180905,1390836.68
510050.SH,20180904,1404426.68
510050.SH,20180903,1394256.68
510050.SH,20180831,1385256.68
510050.SH,20180830,1357986.68
510050.SH,20180829,1362396.68
510050.SH,20180828,1355016.68
510050.SH,20180827,1350066.68
510050.SH,20180824,1358706.68
510050.SH,20180823,1358346.68
510050.SH,20180822,1343136.68
510050.SH,20180821,1378146.68
510050.SH,20180820,1397946.68
510050.SH,20180817,1378416.68
510050.SH,20180816,1391916.68
510050.SH,20180815,1374726.68
510050.SH,20180814,1370676.68
510050.SH,20180813,1362216.68
510050.SH,20180810,1341606.68
510050.SH,20180809,1369686.68
510050.SH,20180808,1359966.68
510050.SH,20180807,1374006.68
510050.SH,20180806,1382196.68
510050.SH,20180803,1360056.68
510050.SH,20180802,1358526.68
510050.SH,20180801,1332516.68
510050.SH,20180731,1337826.68
510050.SH,20180730,1317216.68
510050.SH,20180727,1300836.68
510050.SH,20180726,1285626.68
510050.SH,20180725,1289800.0
510050.SH,20180724,1287700.0
510050.SH,20180723,1316900.0
510050.SH,20180720,1340400.0
510050.SH,20180719,1351900.0
510050.SH,20180718,1353900.0
510050.SH,20180717,1366800.0
510050.SH,20180716,1356100.0
510050.SH,20180713,1360000.0
510050.SH,20180712,1376700.0
510050.SH,20180711,1371700.0
510050.SH,20180710,1371800.0
510050.SH,20180709,1371700.0
510050.SH,20180706,1366100.0
510050.SH,20180705,1346500.0
510050.SH,20180704,1347700.0
510050.SH,20180703,1358900.0
510050.SH,20180702,1333300.0
510050.SH,20180630,1361946.6757
510050.SH,20180629,1361900.0
510050.SH,20180628,1362800.0
510050.SH,20180627,1356700.0
510050.SH,20180626,1353900.0
510050.SH,20180625,1343600.0
510050.SH,20180622,1344000.0
510050.SH,20180621,1321300.0
510050.SH,20180620,1349700.0
510050.SH,20180619,1348300.0
510050.SH,20180615,1349800.0
510050.SH,20180614,1353000.0
510050.SH,20180613,1331200.0
510050.SH,20180612,1333100.0
510050.SH,20180611,1330300.0
510050.SH,20180608,1320300.0
510050.SH,20180607,1332500.0
510050.SH,20180606,1346100.0
510050.SH,20180605,1339400.0
510050.SH,20180604,1350500.0
510050.SH,20180601,1364800.0
510050.SH,20180531,1380900.0
510050.SH,20180530,1399600.0
510050.SH,20180529,1409600.0
510050.SH,20180528,1425500.0
510050.SH,20180525,1402900.0
510050.SH,20180524,1405500.0
510050.SH,20180523,1403700.0
510050.SH,20180522,1428600.0
510050.SH,20180521,1412800.0
510050.SH,20180518,1400300.0
510050.SH,20180517,1383000.0
510050.SH,20180516,1381100.0
510050.SH,20180515,1414500.0
510050.SH,20180514,1422100.0
510050.SH,20180511,1427300.0
510050.SH,20180510,1426200.0
510050.SH,20180509,1399500.0
510050.SH,20180508,1395400.0
510050.SH,20180507,1426300.0
510050.SH,20180504,1440800.0
510050.SH,20180503,1457300.0
510050.SH,20180502,1447000.0
510050.SH,20180427,1426800.0
510050.SH,20180426,1371000.0
510050.SH,20180425,1356500.0
510050.SH,20180424,1328800.0
510050.SH,20180423,1311700.0
510050.SH,20180420,1295500.0
510050.SH,20180419,1331700.0
510050.SH,20180418,1340600.0
510050.SH,20180417,1301100.0
510050.SH,20180416,1293500.0
510050.SH,20180413,1282700.0
510050.SH,20180412,1286000.0
510050.SH,20180411,1263400.0
510050.SH,20180410,1265700.0
510050.SH,20180409,1261800.0
510050.SH,20180404,1244400.0
510050.SH,20180403,1247700.0
510050.SH,20180402,1232700.0
510050.SH,20180331,1237746.6757
510050.SH,20180330,1237700.0
510050.SH,20180329,1232500.0
510050.SH,20180328,1223300.0
510050.SH,20180327,1234300.0
510050.SH,20180326,1224400.0
510050.SH,20180323,1192300.0
510050.SH,20180322,1214400.0
510050.SH,20180321,1219000.0
510050.SH,20180320,1237700.0
510050.SH,20180319,1244200.0
510050.SH,20180316,1252200.0
510050.SH,20180315,1250100.0
510050.SH,20180314,1245900.0
510050.SH,20180313,1257900.0
510050.SH,20180312,1277100.0
510050.SH,20180309,1252100.0
510050.SH,20180308,1238500.0
510050.SH,20180307,1233500.0
510050.SH,20180306,1240400.0
510050.SH,20180305,1224600.0
510050.SH,20180302,1225300.0
510050.SH,20180301,1218200.0
510050.SH,20180228,1211100.0
510050.SH,20180227,1231000.0
510050.SH,20180226,1235200.0
510050.SH,20180223,1223300.0
510050.SH,20180222,1216900.0
510050.SH,20180214,1230100.0
510050.SH,20180213,1228000.0
510050.SH,20180212,1257600.0
510050.SH,20180209,1290700.0
510050.SH,20180208,1362200.0
510050.SH,20180207,1341800.0
510050.SH,20180206,1361700.0
510050.SH,20180205,1323600.0
510050.SH,20180202,1311000.0
510050.SH,20180201,1269900.0
510050.SH,20180131,1284900.0
510050.SH,20180130,1277800.0
510050.SH,20180129,1280000.0
510050.SH,20180126,1266400.0
510050.SH,20180125,1244000.0
510050.SH,20180124,1244900.0
510050.SH,20180123,1254700.0
510050.SH,20180122,1235100.0
510050.SH,20180119,1244900.0
510050.SH,20180118,1245700.0
510050.SH,20180117,1238000.0
510050.SH,20180116,1249900.0
510050.SH,20180115,1231600.0
510050.SH,20180112,1256200.0
510050.SH,20180111,1253500.0
510050.SH,20180110,1253500.0
510050.SH,20180109,1275500.0
510050.SH,20180108,1283700.0
510050.SH,20180105,1285300.0
510050.SH,20180104,1303200.0
510050.SH,20180103,1318900.0
510050.SH,20180102,1320100.0
510050.SH,20251231,5666466.68
510050.SH,20251230,5725146.68
510050.SH,20251229,5746656.68
510050.SH,20251226,5765106.68
510050.SH,20251225,5721906.68
510050.SH,20251224,5727126.68
510050.SH,20251223,5709306.68
510050.SH,20251222,5750886.68
510050.SH,20251219,5748546.68
510050.SH,20251218,5711016.68
510050.SH,20251217,5716236.68
510050.SH,20251216,5716776.68
510050.SH,20251215,5750256.68
510050.SH,20251212,5762496.68
510050.SH,20251211,5734146.68
510050.SH,20251210,5714706.68
510050.SH,20251209,5742066.68
510050.SH,20251208,5754756.68
510050.SH,20251205,5753316.68
510050.SH,20251204,5736486.68
510050.SH,20251203,5722446.68
510050.SH,20251202,5739546.68
510050.SH,20251201,5745846.68
510050.SH,20251128,5795076.68
510050.SH,20251127,5781666.68
510050.SH,20251126,5760516.68
510050.SH,20251125,5761686.68
510050.SH,20251124,5769156.68
510050.SH,20251121,5719746.68
510050.SH,20251120,5703186.68
510050.SH,20251119,5697516.68
510050.SH,20251118,5734866.68
510050.SH,20251117,5746656.68
510050.SH,20251114,5709936.68
510050.SH,20251113,5713176.68
510050.SH,20251112,5703186.68
510050.SH,20251111,5729376.68
510050.SH,20251110,5738106.68
510050.SH,20251107,5739006.68
510050.SH,20251106,5742066.68
510050.SH,20251105,5773026.68
510050.SH,20251104,5764746.68
510050.SH,20251103,5824146.68
510050.SH,20251031,5862126.68
510050.SH,20251030,5813706.68
510050.SH,20251029,5854206.68
510050.SH,20251028,5852316.68
510050.SH,20251027,5807586.68
510050.SH,20251024,5791026.68
510050.SH,20251023,5780496.68
510050.SH,20251022,5778336.68
510050.SH,20251021,5813976.68
510050.SH,20251020,5811996.68
510050.SH,20251017,5763756.68
510050.SH,20251016,5786436.68
510050.SH,20251015,5777256.68
510050.SH,20251014,5773386.68
510050.SH,20251013,5774376.68
510050.SH,20251010,5784726.68
510050.SH,20251009,5784636.68
510050.SH,20250930,5772396.68
510050.SH,20250929,5803716.68
510050.SH,20250926,5781216.68
510050.SH,20250925,5773476.68
510050.SH,20250924,5776176.68
510050.SH,20250923,5796426.68
510050.SH,20250922,5805876.68
510050.SH,20250919,5798226.68
510050.SH,20250918,5787606.68
510050.SH,20250917,5831076.68
510050.SH,20250916,5824056.68
510050.SH,20250915,5809206.68
510050.SH,20250912,5816496.68
510050.SH,20250911,5832876.68
510050.SH,20250910,5770416.68
510050.SH,20250909,5784636.68
510050.SH,20250908,5830806.68
510050.SH,20250905,5833866.68
510050.SH,20250904,5833506.68
510050.SH,20250903,5812536.68
510050.SH,20250902,5831346.68
510050.SH,20250901,5834586.68
510050.SH,20250829,5877156.68
510050.SH,20250828,5949426.68
510050.SH,20250827,5979666.68
510050.SH,20250826,5973366.68
510050.SH,20250825,5965536.68
510050.SH,20250822,5960046.68
510050.SH,20250821,5941326.68
510050.SH,20250820,5949516.68
510050.SH,20250819,5940696.68
510050.SH,20250818,5913606.68
510050.SH,20250815,5890926.68
510050.SH,20250814,5807316.68
510050.SH,20250813,5839446.68
510050.SH,20250812,5811096.68
510050.SH,20250811,5812896.68
510050.SH,20250808,5747376.68
510050.SH,20250807,5754396.68
510050.SH,20250806,5767356.68
510050.SH,20250805,5773746.68
510050.SH,20250804,5816856.68
510050.SH,20250801,5824416.68
510050.SH,20250731,5785086.68
510050.SH,20250730,5775456.68
510050.SH,20250729,5780676.68
510050.SH,20250728,5780676.68
510050.SH,20250725,5810916.68
510050.SH,20250724,5823426.68
510050.SH,20250723,5806056.68
510050.SH,20250722,5821716.68
510050.SH,20250721,5833776.68
510050.SH,20250718,5835846.68
510050.SH,20250717,5843406.68
510050.SH,20250716,5834766.68
510050.SH,20250715,5830806.68
510050.SH,20250714,5856816.68
510050.SH,20250711,5880936.68
510050.SH,20250710,5863296.68
510050.SH,20250709,5863836.68
510050.SH,20250708,5865636.68
510050.SH,20250707,5841156.68
510050.SH,20250704,5850336.68
510050.SH,20250703,5849706.68
510050.SH,20250702,5845206.68
510050.SH,20250701,5868336.68
510050.SH,20250630,5895246.6757
510050.SH,20250627,5947986.68
510050.SH,20250626,5944566.68
510050.SH,20250625,5969946.68
510050.SH,20250624,5998566.68
510050.SH,20250623,5976426.68
510050.SH,20250620,5938356.68
510050.SH,20250619,5978946.68
510050.SH,20250618,5963196.68
510050.SH,20250617,5961126.68
510050.SH,20250616,5953746.68
510050.SH,20250613,5922156.68
510050.SH,20250612,5945286.68
510050.SH,20250611,5951766.68
510050.SH,20250610,5943936.68
510050.SH,20250609,5996946.68
510050.SH,20250606,5943126.68
510050.SH,20250605,5949426.68
510050.SH,20250604,5953746.68
510050.SH,20250603,5942406.68
510050.SH,20250530,5926656.68
510050.SH,20250529,5960856.68
510050.SH,20250528,5944296.68
510050.SH,20250527,5937816.68
510050.SH,20250526,5931786.68
510050.SH,20250523,5907306.68
510050.SH,20250522,5921706.68
510050.SH,20250521,5921706.68
510050.SH,20250520,5923506.68
510050.SH,20250519,5918376.68
510050.SH,20250516,5935926.68
510050.SH,20250515,5966796.68
510050.SH,20250514,6003966.68
510050.SH,20250513,6004776.68
510050.SH,20250512,6038526.68
510050.SH,20250509,6009546.68
510050.SH,20250508,6031236.68
510050.SH,20250507,5977596.68
510050.SH,20250506,6040956.68
510050.SH,20250430,6020436.68
510050.SH,20250429,5993526.68
510050.SH,20250428,5994606.68
510050.SH,20250425,6022776.68
510050.SH,20250424,6044916.68
510050.SH,20250423,6064266.68
510050.SH,20250422,6077676.68
510050.SH,20250421,6108186.68
510050.SH,20250418,6069846.68
510050.SH,20250417,6009816.68
510050.SH,20250416,5947176.68
510050.SH,20250415,5801646.68
510050.SH,20250414,5756466.68
510050.SH,20250411,5774736.68
510050.SH,20250410,5729106.68
510050.SH,20250409,5747286.68
510050.SH,20250408,5701566.68
510050.SH,20250407,5465046.68
510050.SH,20250403,5362536.68
510050.SH,20250402,5369016.68
510050.SH,20250401,5362896.68
510050.SH,20250331,5349036.6757
510050.SH,20250328,5341566.68
510050.SH,20250327,5345256.68
510050.SH,20250326,5335626.68
510050.SH,20250325,5304036.68
510050.SH,20250324,5301336.68
510050.SH,20250321,5322936.68
510050.SH,20250320,5331666.68
510050.SH,20250319,5320056.68
510050.SH,20250318,5296116.68
510050.SH,20250317,5298816.68
510050.SH,20250314,5310966.68
510050.SH,20250313,5257326.68
510050.SH,20250312,5252736.68
510050.SH,20250311,5251836.68
510050.SH,20250310,5245266.68
510050.SH,20250307,5316546.68
510050.SH,20250306,5337786.68
510050.SH,20250305,5273796.68
510050.SH,20250304,5288196.68
510050.SH,20250303,5306826.68
510050.SH,20250228,5288916.68
510050.SH,20250227,5324736.68
510050.SH,20250226,5309976.68
510050.SH,20250225,5329236.68
510050.SH,20250224,5362536.68
510050.SH,20250221,5420496.68
510050.SH,20250220,5412216.68
510050.SH,20250219,5407626.68
510050.SH,20250218,5401596.68
510050.SH,20250217,5438226.68
510050.SH,20250214,5490876.68
510050.SH,20250213,5449296.68
510050.SH,20250212,5477646.68
510050.SH,20250211,5466216.68
510050.SH,20250210,5520936.68
510050.SH,20250207,5539026.68
510050.SH,20250206,5512836.68
510050.SH,20250205,5471796.68
510050.SH,20250127,5456136.68
510050.SH,20250124,5500326.68
510050.SH,20250123,5484846.68
510050.SH,20250122,5498796.68
510050.SH,20250121,5515806.68
510050.SH,20250120,5522466.68
510050.SH,20250117,5521476.68
510050.SH,20250116,5510586.68
510050.SH,20250115,5533716.68
510050.SH,20250114,5562336.68
510050.SH,20250113,5578356.68
510050.SH,20250110,5547306.68
510050.SH,20250109,5562426.68
510050.SH,20250108,5553426.68
510050.SH,20250107,5565216.68
510050.SH,20250106,5575566.68
510050.SH,20250103,5541996.68
510050.SH,20250102,5555856.68
510050.SH,20241231,5533266.6757
510050.SH,20241230,5564946.68
510050.SH,20241227,5585016.68
510050.SH,20241226,5561526.68
510050.SH,20241225,5523456.68
510050.SH,20241224,5577906.68
510050.SH,20241223,5567466.68
510050.SH,20241220,5602206.68
510050.SH,20241219,5639016.68
510050.SH,20241218,5628576.68
510050.SH,20241217,5649366.68
510050.SH,20241216,5640546.68
510050.SH,20241213,5673666.68
510050.SH,20241212,5694276.68
510050.SH,20241211,5682126.68
510050.SH,20241210,5641356.68
510050.SH,20241209,5619126.68
510050.SH,20241206,5634876.68
510050.SH,20241205,5606166.68
510050.SH,20241204,5611656.68
510050.SH,20241203,5669796.68
510050.SH,20241202,5700576.68
510050.SH,20241129,5681586.68
510050.SH,20241128,5704896.68
510050.SH,20241127,5746296.68
510050.SH,20241126,5759436.68
510050.SH,20241125,5749266.68
510050.SH,20241122,5746836.68
510050.SH,20241121,5777796.68
510050.SH,20241120,5769066.68
510050.SH,20241119,5808576.68
510050.SH,20241118,5784366.68
510050.SH,20241115,5775276.68
510050.SH,20241114,5760516.68
510050.SH,20241113,5762046.68
510050.SH,20241112,5746566.68
510050.SH,20241111,5751516.68
510050.SH,20241108,5751606.68
510050.SH,20241107,5784006.68
510050.SH,20241106,5726316.68
510050.SH,20241105,5705256.68
510050.SH,20241104,5657286.68
510050.SH,20241101,5645406.68
510050.SH,20241031,5626056.68
510050.SH,20241030,5616606.68
510050.SH,20241029,5574486.68
510050.SH,20241028,5565576.68
510050.SH,20241025,5562066.68
510050.SH,20241024,5572956.68
510050.SH,20241023,5609316.68
510050.SH,20241022,5643156.68
510050.SH,20241021,5641176.68
510050.SH,20241018,5692116.68
510050.SH,20241017,5645496.68
510050.SH,20241016,5706876.68
510050.SH,20241015,5706246.68
510050.SH,20241014,5764926.68
510050.SH,20241011,5800656.68
510050.SH,20241010,5793726.68
510050.SH,20241009,5778066.68
510050.SH,20241008,5823876.68
510050.SH,20240930,5757186.6757
510050.SH,20240927,5587896.68
510050.SH,20240926,5564406.68
510050.SH,20240925,5456406.68
510050.SH,20240924,5477106.68
510050.SH,20240923,5543256.68
510050.SH,20240920,5542806.68
510050.SH,20240919,5500596.68
510050.SH,20240918,5507796.68
510050.SH,20240913,5522016.68
510050.SH,20240912,5523366.68
510050.SH,20240911,5516436.68
510050.SH,20240910,5491776.68
510050.SH,20240909,5499426.68
510050.SH,20240906,5466666.68
510050.SH,20240905,5477646.68
510050.SH,20240904,5477466.68
510050.SH,20240903,5479536.68
510050.SH,20240902,5436336.68
510050.SH,20240830,5433186.68
510050.SH,20240829,5398086.68
510050.SH,20240828,5385756.68
510050.SH,20240827,5339856.68
510050.SH,20240826,5327886.68
510050.SH,20240823,5335266.68
510050.SH,20240822,5311686.68
510050.SH,20240821,5317176.68
510050.SH,20240820,5261556.68
510050.SH,20240819,5270466.68
510050.SH,20240816,5268486.68
510050.SH,20240815,5267856.68
510050.SH,20240814,5252646.68
510050.SH,20240813,5254266.68
510050.SH,20240812,5261646.68
510050.SH,20240809,5252826.68
510050.SH,20240808,5278566.68
510050.SH,20240807,5239956.68
510050.SH,20240806,5236986.68
510050.SH,20240805,5199096.68
510050.SH,20240802,5077506.68
510050.SH,20240801,5049606.68
510050.SH,20240731,5053116.68
510050.SH,20240730,5030976.68
510050.SH,20240729,4962036.68
510050.SH,20240726,4928466.68
510050.SH,20240725,4850796.68
510050.SH,20240724,4845486.68
510050.SH,20240723,4839996.68
510050.SH,20240722,4762956.68
510050.SH,20240719,4739916.68
510050.SH,20240718,4504566.68
510050.SH,20240717,4496466.68
510050.SH,20240716,4495746.68
510050.SH,20240715,4488276.68
510050.SH,20240712,4543446.68
510050.SH,20240711,4586826.68
510050.SH,20240710,4582416.68
510050.SH,20240709,4570716.68
510050.SH,20240708,4535526.68
510050.SH,20240705,4515546.68
510050.SH,20240704,4532556.68
510050.SH,20240703,4551366.68
510050.SH,20240702,4558746.68
510050.SH,20240701,4614546.68
510050.SH,20240630,4627596.6757
510050.SH,20240628,4627596.68
510050.SH,20240627,4622916.68
510050.SH,20240626,4641276.68
510050.SH,20240625,4640196.68
510050.SH,20240624,4662696.68
510050.SH,20240621,4641276.68
510050.SH,20240620,4698606.68
510050.SH,20240619,4746126.68
510050.SH,20240618,4747926.68
510050.SH,20240617,4718766.68
510050.SH,20240614,4656936.68
510050.SH,20240613,4670526.68
510050.SH,20240612,4667916.68
510050.SH,20240611,4634076.68
510050.SH,20240607,4580526.68
510050.SH,20240606,4567836.68
510050.SH,20240605,4567836.68
510050.SH,20240604,4562076.68
510050.SH,20240603,4555146.68
510050.SH,20240531,4528236.68
510050.SH,20240530,4524276.68
510050.SH,20240529,4505916.68
510050.SH,20240528,4482876.68
510050.SH,20240527,4486566.68
510050.SH,20240524,4520496.68
510050.SH,20240523,4468746.68
510050.SH,20240522,4413036.68
510050.SH,20240521,4420146.68
510050.SH,20240520,4414836.68
510050.SH,20240517,4426176.68
510050.SH,20240516,4394676.68
510050.SH,20240515,4428786.68
510050.SH,20240514,4450746.68
510050.SH,20240513,4470546.68
510050.SH,20240510,4507986.68
510050.SH,20240509,4553526.68
510050.SH,20240508,4550016.68
510050.SH,20240507,4563336.68
510050.SH,20240506,4588086.68
510050.SH,20240430,4633986.68
510050.SH,20240429,4633086.68
510050.SH,20240426,4575396.68
510050.SH,20240425,4561986.68
510050.SH,20240424,4566216.68
510050.SH,20240423,4588626.68
510050.SH,20240422,4578366.68
510050.SH,20240419,4598256.68
510050.SH,20240418,4601406.68
510050.SH,20240417,4579266.68
510050.SH,20240416,4566756.68
510050.SH,20240415,4581786.68
510050.SH,20240412,4594836.68
510050.SH,20240411,4613556.68
510050.SH,20240410,4612476.68
510050.SH,20240409,4638126.68
510050.SH,20240408,4618146.68
510050.SH,20240403,4640916.68
510050.SH,20240402,4654866.68
510050.SH,20240401,4636146.68
510050.SH,20240331,4591506.6757
510050.SH,20240329,4591506.68
510050.SH,20240328,4614816.68
510050.SH,20240327,4644336.68
510050.SH,20240326,4661706.68
510050.SH,20240325,4615356.68
510050.SH,20240322,4618056.68
510050.SH,20240321,4604286.68
510050.SH,20240320,4602216.68
510050.SH,20240319,4578906.68
510050.SH,20240318,4613916.68
510050.SH,20240315,4629846.68
510050.SH,20240314,4635606.68
510050.SH,20240313,4640376.68
510050.SH,20240312,4639476.68
510050.SH,20240311,4588356.68
510050.SH,20240308,4605366.68
510050.SH,20240307,4582776.68
510050.SH,20240306,4588266.68
510050.SH,20240305,4559826.68
510050.SH,20240304,4573596.68
510050.SH,20240301,4612836.68
510050.SH,20240229,4599066.68
510050.SH,20240228,4600506.68
510050.SH,20240227,4625796.68
510050.SH,20240226,4614636.68
510050.SH,20240223,4649646.68
510050.SH,20240222,4639476.68
510050.SH,20240221,4630836.68
510050.SH,20240220,4592496.68
510050.SH,20240219,4587726.68
510050.SH,20240208,4600326.68
510050.SH,20240207,4422216.68
510050.SH,20240206,4343106.68
510050.SH,20240205,4364076.68
510050.SH,20240202,4380456.68
510050.SH,20240201,4289826.68
510050.SH,20240131,4192446.68
510050.SH,20240130,4117386.68
510050.SH,20240129,4082826.68
510050.SH,20240126,4078056.68
510050.SH,20240125,3964656.68
510050.SH,20240124,3950166.68
510050.SH,20240123,3925506.68
510050.SH,20240122,3902016.68
510050.SH,20240119,3746406.68
510050.SH,20240118,3574146.68
510050.SH,20240117,3376506.68
510050.SH,20240116,3367506.68
510050.SH,20240115,3400806.68
510050.SH,20240112,3393156.68
510050.SH,20240111,3401256.68
510050.SH,20240110,3376866.68
510050.SH,20240109,3379656.68
510050.SH,20240108,3367506.68
510050.SH,20240105,3354996.68
510050.SH,20240104,3370476.68
510050.SH,20240103,3382626.68
510050.SH,20240102,3376596.68
510050.SH,20231231,3396756.6757
510050.SH,20231229,3396756.68
510050.SH,20231228,3386226.68
510050.SH,20231227,3360486.68
510050.SH,20231226,3343476.68
510050.SH,20231225,3347796.68
510050.SH,20231222,3342936.68
510050.SH,20231221,3271296.68
510050.SH,20231220,3212256.68
510050.SH,20231219,3207126.68
510050.SH,20231218,3166266.68
510050.SH,20231215,3140976.68
510050.SH,20231214,3159066.68
510050.SH,20231213,3153036.68
510050.SH,20231212,3135396.68
510050.SH,20231211,3088506.68
510050.SH,20231208,3019476.68
510050.SH,20231207,3014886.68
510050.SH,20231206,2995896.68
510050.SH,20231205,2997696.68
510050.SH,20231204,3003366.68
510050.SH,20231201,2984916.68
510050.SH,20231130,2903916.68
510050.SH,20231129,2883666.68
510050.SH,20231128,2800686.68
510050.SH,20231127,2766306.68
510050.SH,20231124,2763156.68
510050.SH,20231123,2770176.68
510050.SH,20231122,2765946.68
510050.SH,20231121,2764326.68
510050.SH,20231120,2732466.68
510050.SH,20231117,2666046.68
510050.SH,20231116,2544996.68
510050.SH,20231115,2579466.68
510050.SH,20231114,2575236.68
510050.SH,20231113,2549766.68
510050.SH,20231110,2511516.68
510050.SH,20231109,2490636.68
510050.SH,20231108,2451846.68
510050.SH,20231107,2429616.68
510050.SH,20231106,2404506.68
510050.SH,20231103,2412336.68
510050.SH,20231102,2382186.68
510050.SH,20231101,2385876.68
510050.SH,20231031,2452116.68
510050.SH,20231030,2440326.68
510050.SH,20231027,2445366.68
510050.SH,20231026,2455806.68
510050.SH,20231025,2436006.68
510050.SH,20231024,2477586.68
510050.SH,20231023,2464806.68
510050.SH,20231020,2467236.68
510050.SH,20231019,2499996.68
510050.SH,20231018,2512416.68
510050.SH,20231017,2512056.68
510050.SH,20231016,2532756.68
510050.SH,20231013,2531586.68
510050.SH,20231012,2515566.68
510050.SH,20231011,2515026.68
510050.SH,20231010,2506116.68
510050.SH,20231009,2472276.68
510050.SH,20230930,2488836.6757
510050.SH,20230928,2488836.68
510050.SH,20230927,2462196.68
510050.SH,20230926,2474436.68
510050.SH,20230925,2411256.68
510050.SH,20230922,2404236.68
510050.SH,20230921,2352936.68
510050.SH,20230920,2355636.68
510050.SH,20230919,2356086.68
510050.SH,20230918,2355996.68
510050.SH,20230915,2351856.68
510050.SH,20230914,2373096.68
510050.SH,20230913,2386776.68
510050.SH,20230912,2414046.68
510050.SH,20230911,2413326.68
510050.SH,20230908,2417646.68
510050.SH,20230907,2416746.68
510050.SH,20230906,2414586.68
510050.SH,20230905,2406576.68
510050.SH,20230904,2398116.68
510050.SH,20230901,2437266.68
510050.SH,20230831,2474796.68
510050.SH,20230830,2492526.68
510050.SH,20230829,2515296.68
510050.SH,20230828,2490636.68
510050.SH,20230825,2467146.68
510050.SH,20230824,2458686.68
510050.SH,20230823,2448156.68
510050.SH,20230822,2469216.68
510050.SH,20230821,2469126.68
510050.SH,20230818,2458776.68
510050.SH,20230817,2468766.68
510050.SH,20230816,2448606.68
510050.SH,20230815,2417106.68
510050.SH,20230814,2388126.68
510050.SH,20230811,2380836.68
510050.SH,20230810,2426286.68
510050.SH,20230809,2412066.68
510050.SH,20230808,2346816.68
510050.SH,20230807,2294166.68
510050.SH,20230804,2228556.68
510050.SH,20230803,2214246.68
510050.SH,20230802,2198676.68
510050.SH,20230801,2152236.68
510050.SH,20230731,2115426.68
510050.SH,20230728,2076366.68
510050.SH,20230727,2022456.68
510050.SH,20230726,2065476.68
510050.SH,20230725,2070336.68
510050.SH,20230724,2138826.68
510050.SH,20230721,2149716.68
510050.SH,20230720,2150526.68
510050.SH,20230719,2139456.68
510050.SH,20230718,2127036.68
510050.SH,20230717,2128386.68
510050.SH,20230714,2161596.68
510050.SH,20230713,2173026.68
510050.SH,20230712,2174106.68
510050.SH,20230711,2176446.68
510050.SH,20230710,2167986.68
510050.SH,20230707,2169606.68
510050.SH,20230706,2166186.68
510050.SH,20230705,2168976.68
510050.SH,20230704,2222706.68
510050.SH,20230703,2275176.68
510050.SH,20230630,2268606.6757
510050.SH,20230629,2259066.68
510050.SH,20230628,2257806.68
510050.SH,20230627,2257626.68
510050.SH,20230626,2211906.68
510050.SH,20230621,2163846.68
510050.SH,20230620,2139996.68
510050.SH,20230619,2125866.68
510050.SH,20230616,2119746.68
510050.SH,20230615,2129466.68
510050.SH,20230614,2135946.68
510050.SH,20230613,2171946.68
510050.SH,20230612,2165196.68
510050.SH,20230609,2202276.68
510050.SH,20230608,2169966.68
510050.SH,20230607,2136306.68
510050.SH,20230606,2123346.68
510050.SH,20230605,2133606.68
510050.SH,20230602,2132796.68
510050.SH,20230601,2125326.68
510050.SH,20230531,2091756.68
510050.SH,20230530,2033166.68
510050.SH,20230529,2008956.68
510050.SH,20230526,1978536.68
510050.SH,20230525,1982676.68
510050.SH,20230524,1966836.68
510050.SH,20230523,1987086.68
510050.SH,20230522,1998786.68
510050.SH,20230519,2041626.68
510050.SH,20230518,2051346.68
510050.SH,20230517,2068896.68
510050.SH,20230516,2032086.68
510050.SH,20230515,2029476.68
510050.SH,20230512,1996536.68
510050.SH,20230511,1954146.68
510050.SH,20230510,1961796.68
510050.SH,20230509,1867746.68
510050.SH,20230508,1872336.68
510050.SH,20230505,1923996.68
510050.SH,20230504,1935696.68
510050.SH,20230428,1989156.68
510050.SH,20230427,1981956.68
510050.SH,20230426,2006346.68
510050.SH,20230425,2058096.68
510050.SH,20230424,2044866.68
510050.SH,20230421,2051526.68
510050.SH,20230420,2062236.68
510050.SH,20230419,2042976.68
510050.SH,20230418,2016876.68
510050.SH,20230417,2015886.68
510050.SH,20230414,2045316.68
510050.SH,20230413,2052876.68
510050.SH,20230412,2066736.68
510050.SH,20230411,2070156.68
510050.SH,20230410,2066106.68
510050.SH,20230407,2059176.68
510050.SH,20230406,2054226.68
510050.SH,20230404,2044956.68
510050.SH,20230403,2033886.68
510050.SH,20230331,2023986.6757
510050.SH,20230330,2007786.68
510050.SH,20230329,2019936.68
510050.SH,20230328,2021196.68
510050.SH,20230327,2039646.68
510050.SH,20230324,2043786.68
510050.SH,20230323,2031186.68
510050.SH,20230322,2030466.68
510050.SH,20230321,2068266.68
510050.SH,20230320,2121366.68
510050.SH,20230317,2123616.68
510050.SH,20230316,2130366.68
510050.SH,20230315,2096526.68
510050.SH,20230314,2130546.68
510050.SH,20230313,2107866.68
510050.SH,20230310,2087796.68
510050.SH,20230309,2051256.68
510050.SH,20230308,2107146.68
510050.SH,20230307,2088696.68
510050.SH,20230306,2126946.68
510050.SH,20230303,2148816.68
510050.SH,20230302,2156286.68
510050.SH,20230301,2146656.68
510050.SH,20230228,2099226.68
510050.SH,20230227,2085456.68
510050.SH,20230224,2078796.68
510050.SH,20230223,2086086.68
510050.SH,20230222,2106606.68
510050.SH,20230221,2078346.68
510050.SH,20230220,1997886.68
510050.SH,20230217,2051796.68
510050.SH,20230216,2074656.68
510050.SH,20230215,2064846.68
510050.SH,20230214,2055576.68
510050.SH,20230213,2055486.68
510050.SH,20230210,2088876.68
510050.SH,20230209,2087346.68
510050.SH,20230208,2074206.68
510050.SH,20230207,2069526.68
510050.SH,20230206,2087796.68
510050.SH,20230203,2083116.68
510050.SH,20230202,2093916.68
510050.SH,20230201,2117586.68
510050.SH,20230131,2161056.68
510050.SH,20230130,2099676.68
510050.SH,20230120,2112366.68
510050.SH,20230119,2124606.68
510050.SH,20230118,2194896.68
510050.SH,20230117,2199216.68
510050.SH,20230116,2169786.68
510050.SH,20230113,2073576.68
510050.SH,20230112,2063496.68
510050.SH,20230111,2075736.68
510050.SH,20230110,2104086.68
510050.SH,20230109,2116506.68
510050.SH,20230106,2145756.68
510050.SH,20230105,2156646.68
510050.SH,20230104,2190576.68
510050.SH,20230103,2219106.68
510050.SH,20221231,2202366.6757
510050.SH,20221230,2202366.68
510050.SH,20221229,2188506.68
510050.SH,20221228,2212356.68
510050.SH,20221227,2234946.68
510050.SH,20221226,2263116.68
510050.SH,20221223,2277516.68
510050.SH,20221222,2229456.68
510050.SH,20221221,2243586.68
510050.SH,20221220,2266896.68
510050.SH,20221219,2265996.68
510050.SH,20221216,2255916.68
510050.SH,20221215,2235846.68
510050.SH,20221214,2222796.68
510050.SH,20221213,2240346.68
510050.SH,20221212,2239986.68
510050.SH,20221209,2253036.68
510050.SH,20221208,2236746.68
510050.SH,20221207,2270586.68
510050.SH,20221206,2299566.68
510050.SH,20221205,2339076.68
510050.SH,20221202,2394696.68
510050.SH,20221201,2342046.68
510050.SH,20221130,2358876.68
510050.SH,20221129,2352576.68
510050.SH,20221128,2401176.68
510050.SH,20221125,2393796.68
510050.SH,20221124,2386416.68
510050.SH,20221123,2375166.68
510050.SH,20221122,2353296.68
510050.SH,20221121,2358786.68
510050.SH,20221118,2323326.68
510050.SH,20221117,2321346.68
510050.SH,20221116,2284806.68
510050.SH,20221115,2271306.68
510050.SH,20221114,2294616.68
510050.SH,20221111,2338086.68
510050.SH,20221110,2347716.68
510050.SH,20221109,2263836.68
510050.SH,20221108,2269236.68
510050.SH,20221107,2265186.68
510050.SH,20221104,2328096.68
510050.SH,20221103,2324046.68
510050.SH,20221102,2350236.68
510050.SH,20221101,2443746.68
510050.SH,20221031,2432766.68
510050.SH,20221028,2445276.68
510050.SH,20221027,2413416.68
510050.SH,20221026,2402886.68
510050.SH,20221025,2460396.68
510050.SH,20221024,2414946.68
510050.SH,20221021,2431596.68
510050.SH,20221020,2424666.68
510050.SH,20221019,2418456.68
510050.SH,20221018,2407656.68
510050.SH,20221017,2398836.68
510050.SH,20221014,2396946.68
510050.SH,20221013,2397036.68
510050.SH,20221012,2392176.68
510050.SH,20221011,2374356.68
510050.SH,20221010,2354286.68
510050.SH,20220930,2316396.6757
510050.SH,20220929,2280306.68
510050.SH,20220928,2270856.68
510050.SH,20220927,2290026.68
510050.SH,20220926,2299206.68
510050.SH,20220923,2266626.68
510050.SH,20220922,2257896.68
510050.SH,20220921,2224596.68
510050.SH,20220920,2221446.68
510050.SH,20220919,2209206.68
510050.SH,20220916,2169696.68
510050.SH,20220915,2059716.68
510050.SH,20220914,1998336.68
510050.SH,20220913,1940106.68
510050.SH,20220909,1926696.68
510050.SH,20220908,1909236.68
510050.SH,20220907,1900596.68
510050.SH,20220906,1880256.68
510050.SH,20220905,1875396.68
510050.SH,20220902,1866126.68
510050.SH,20220901,1828056.68
510050.SH,20220831,1807086.68
510050.SH,20220830,1780536.68
510050.SH,20220829,1782696.68
510050.SH,20220826,1773876.68
510050.SH,20220825,1772616.68
510050.SH,20220824,1772976.68
510050.SH,20220823,1798716.68
510050.SH,20220822,1803846.68
510050.SH,20220819,1812396.68
510050.SH,20220818,1810506.68
510050.SH,20220817,1808166.68
510050.SH,20220816,1804926.68
510050.SH,20220815,1803846.68
510050.SH,20220812,1801596.68
510050.SH,20220811,1784586.68
510050.SH,20220810,1747776.68
510050.SH,20220809,1762176.68
510050.SH,20220808,1776756.68
510050.SH,20220805,1758756.68
510050.SH,20220804,1776936.68
510050.SH,20220803,1729416.68
510050.SH,20220802,1700256.68
510050.SH,20220801,1682076.68
510050.SH,20220729,1695576.68
510050.SH,20220728,1682346.68
510050.SH,20220727,1683426.68
510050.SH,20220726,1702056.68
510050.SH,20220725,1699626.68
510050.SH,20220722,1699626.68
510050.SH,20220721,1661736.68
510050.SH,20220720,1663266.68
510050.SH,20220719,1688736.68
510050.SH,20220718,1691346.68
510050.SH,20220715,1669386.68
510050.SH,20220714,1708446.68
510050.SH,20220713,1705656.68
510050.SH,20220712,1701246.68
510050.SH,20220711,1700526.68
510050.SH,20220708,1689186.68
510050.SH,20220707,1694946.68
510050.SH,20220706,1696116.68
510050.SH,20220705,1685136.68
510050.SH,20220704,1710246.68
510050.SH,20220701,1708716.68
510050.SH,20220630,1728516.6757
510050.SH,20220629,1732206.68
510050.SH,20220628,1719786.68
510050.SH,20220627,1716096.68
510050.SH,20220624,1701156.68
510050.SH,20220623,1713486.68
510050.SH,20220622,1694586.68
510050.SH,20220621,1692876.68
510050.SH,20220620,1696386.68
510050.SH,20220617,1730586.68
510050.SH,20220616,1746606.68
510050.SH,20220615,1749306.68
510050.SH,20220614,1711686.68
510050.SH,20220613,1665156.68
510050.SH,20220610,1669206.68
510050.SH,20220609,1669566.68
510050.SH,20220608,1679826.68
510050.SH,20220607,1689366.68
510050.SH,20220606,1678926.68
510050.SH,20220602,1689636.68
510050.SH,20220601,1707366.68
510050.SH,20220531,1740396.68
510050.SH,20220530,1749936.68
510050.SH,20220527,1776936.68
510050.SH,20220526,1771626.68
510050.SH,20220525,1787556.68
510050.SH,20220524,1782606.68
510050.SH,20220523,1738326.68
510050.SH,20220520,1775586.68
510050.SH,20220519,1800066.68
510050.SH,20220518,1792416.68
510050.SH,20220517,1787826.68
510050.SH,20220516,1788366.68
510050.SH,20220513,1808796.68
510050.SH,20220512,1804116.68
510050.SH,20220511,1790976.68
510050.SH,20220510,1856316.68
510050.SH,20220509,1819326.68
510050.SH,20220506,1834266.68
510050.SH,20220505,1864146.68
510050.SH,20220429,1886466.68
510050.SH,20220428,1898706.68
510050.SH,20220427,1954506.68
510050.SH,20220426,1983126.68
510050.SH,20220425,1974396.68
510050.SH,20220422,1920486.68
510050.SH,20220421,1936686.68
510050.SH,20220420,1914546.68
510050.SH,20220419,1906986.68
510050.SH,20220418,1899696.68
510050.SH,20220415,1885476.68
510050.SH,20220414,1829046.68
510050.SH,20220413,1822926.68
510050.SH,20220412,1806906.68
510050.SH,20220411,1763346.68
510050.SH,20220408,1740756.68
510050.SH,20220407,1710516.68
510050.SH,20220406,1694586.68
510050.SH,20220401,1749306.68
510050.SH,20220331,1780806.6757
510050.SH,20220330,1774236.68
510050.SH,20220329,1746336.68
510050.SH,20220328,1744536.68
510050.SH,20220325,1706556.68
510050.SH,20220324,1698096.68
510050.SH,20220323,1700166.68
510050.SH,20220322,1711236.68
510050.SH,20220321,1728786.68
510050.SH,20220318,1782606.68
510050.SH,20220317,1765866.68
510050.SH,20220316,1821216.68
510050.SH,20220315,1810056.68
510050.SH,20220314,1804386.68
510050.SH,20220311,1815816.68
510050.SH,20220310,1811406.68
510050.SH,20220309,1886106.68
510050.SH,20220308,1859106.68
510050.SH,20220307,1904376.68
510050.SH,20220304,1904826.68
510050.SH,20220303,1904016.68
510050.SH,20220302,1908426.68
510050.SH,20220301,1900956.68
510050.SH,20220228,1900866.68
510050.SH,20220225,1897266.68
510050.SH,20220224,1902126.68
510050.SH,20220223,1897536.68
510050.SH,20220222,1914096.68
510050.SH,20220221,1917156.68
510050.SH,20220218,1923276.68
510050.SH,20220217,1918506.68
510050.SH,20220216,1923636.68
510050.SH,20220215,1937226.68
510050.SH,20220214,1952976.68
510050.SH,20220211,1929936.68
510050.SH,20220210,1923366.68
510050.SH,20220209,1927506.68
510050.SH,20220208,1972506.68
510050.SH,20220207,1955946.68
510050.SH,20220128,1992396.68
510050.SH,20220127,2004816.68
510050.SH,20220126,2074926.68
510050.SH,20220125,2085456.68
510050.SH,20220124,2103906.68
510050.SH,20220121,2136486.68
510050.SH,20220120,2089956.68
510050.SH,20220119,2081136.68
510050.SH,20220118,2086626.68
510050.SH,20220117,2166726.68
510050.SH,20220114,2179416.68
510050.SH,20220113,2186976.68
510050.SH,20220112,2184366.68
510050.SH,20220111,2155296.68
510050.SH,20220110,2147466.68
510050.SH,20220107,2125956.68
510050.SH,20220106,2135586.68
510050.SH,20220105,2121456.68
510050.SH,20220104,2100576.68
510050.SH,20260730,714486.68
510050.SH,20260729,734016.68
510050.SH,20260728,753096.68
510050.SH,20260727,761916.68
510050.SH,20260724,744006.68
510050.SH,20260723,782976.68
510050.SH,20260722,747516.68
510050.SH,20260721,747606.68
510050.SH,20260720,832206.68
510050.SH,20260717,823746.68
510050.SH,20260716,815016.68
510050.SH,20260715,726006.68
510050.SH,20260714,685236.68
510050.SH,20260713,666786.68
510050.SH,20260710,640866.68
510050.SH,20260709,658686.68
510050.SH,20260708,659586.68
510050.SH,20260707,654456.68
510050.SH,20260706,640506.68
510050.SH,20260703,653736.68
510050.SH,20260702,667596.68
510050.SH,20260701,638886.68
510050.SH,20260630,639246.68
510050.SH,20260629,630066.68
510050.SH,20260626,638796.68
510050.SH,20260625,646806.68
510050.SH,20260624,679386.68
510050.SH,20260623,734376.68
510050.SH,20260622,741756.68
510050.SH,20260618,769926.68
510050.SH,20260617,775956.68
510050.SH,20260616,833016.68
510050.SH,20260615,828876.68
510050.SH,20260612,816456.68
510050.SH,20260611,773886.68
510050.SH,20260610,750846.68
510050.SH,20260609,762546.68
510050.SH,20260608,811506.68
510050.SH,20260605,766146.68
510050.SH,20260604,785226.68
510050.SH,20260603,815286.68
510050.SH,20260602,849486.68
510050.SH,20260601,845166.68
510050.SH,20260529,781086.68
510050.SH,20260528,796116.68
510050.SH,20260527,780996.68
510050.SH,20260526,832566.68
510050.SH,20260525,857946.68
510050.SH,20260522,959106.68
510050.SH,20260521,979626.68
510050.SH,20260520,1005186.68
510050.SH,20260519,1101486.68
510050.SH,20260518,1223436.68
510050.SH,20260515,1190946.68
510050.SH,20260514,1171686.68
510050.SH,20260513,1211556.68
510050.SH,20260512,1242426.68
510050.SH,20260511,1296066.68
510050.SH,20260508,1409646.68
510050.SH,20260507,1536906.68
510050.SH,20260506,1632756.68
510050.SH,20260430,1723476.68
510050.SH,20260429,1853076.68
510050.SH,20260428,1928226.68
510050.SH,20260427,2015526.68
510050.SH,20260424,2080686.68
510050.SH,20260423,2119656.68
510050.SH,20260422,2212176.68
510050.SH,20260421,2248896.68
510050.SH,20260420,2282106.68
510050.SH,20260417,2288316.68
510050.SH,20260416,2267256.68
510050.SH,20260415,2246826.68
510050.SH,20260414,2256006.68
510050.SH,20260413,2270316.68
510050.SH,20260410,2279136.68
510050.SH,20260409,2296326.68
510050.SH,20260408,2315226.68
510050.SH,20260407,2300466.68
510050.SH,20260403,2297586.68
510050.SH,20260402,2286246.68
510050.SH,20260401,2301006.68
510050.SH,20260331,2302266.68
510050.SH,20260330,2326386.68
510050.SH,20260327,2344206.68
510050.SH,20260326,2351046.68
510050.SH,20260325,2349426.68
510050.SH,20260324,2425116.68
510050.SH,20260323,2440056.68
510050.SH,20260320,2385156.68
510050.SH,20260319,2328366.68
510050.SH,20260318,2328006.68
510050.SH,20260317,2312616.68
510050.SH,20260316,2319186.68
510050.SH,20260313,2283186.68
510050.SH,20260312,2261136.68
510050.SH,20260311,2292186.68
510050.SH,20260310,2302806.68
510050.SH,20260309,2277426.68
510050.SH,20260306,2297676.68
510050.SH,20260305,2256906.68
510050.SH,20260304,2286966.68
510050.SH,20260303,2266716.68
510050.SH,20260302,2295156.68
510050.SH,20260227,2369046.68
510050.SH,20260226,2373366.68
510050.SH,20260225,2390646.68
510050.SH,20260224,2380656.68
510050.SH,20260213,2389566.68
510050.SH,20260212,2438706.68
510050.SH,20260211,2436366.68
510050.SH,20260210,2451396.68
510050.SH,20260209,2475966.68
510050.SH,20260206,2502246.68
510050.SH,20260205,2512866.68
510050.SH,20260204,2499366.68
510050.SH,20260203,2521776.68
510050.SH,20260202,2517726.68
510050.SH,20260130,2555616.68
510050.SH,20260129,2592696.68
510050.SH,20260128,2825796.68
510050.SH,20260127,3315756.68
510050.SH,20260126,3480456.68
510050.SH,20260123,3884916.68
510050.SH,20260122,4118466.68
510050.SH,20260121,4286406.68
510050.SH,20260120,4710846.68
510050.SH,20260119,4894896.68
510050.SH,20260116,5049246.68
510050.SH,20260115,5298636.68
510050.SH,20260114,5583306.68
510050.SH,20260113,5588796.68
510050.SH,20260112,5633706.68
510050.SH,20260109,5649906.68
510050.SH,20260108,5640456.68
510050.SH,20260107,5640906.68
510050.SH,20260106,5668356.68
510050.SH,20260105,5658906.68
510500.SH,20211231,659786.7244
510500.SH,20211230,659746.72
510500.SH,20211229,656266.72
510500.SH,20211228,645386.72
510500.SH,20211227,636826.72
510500.SH,20211224,617226.72
510500.SH,20211223,597626.72
510500.SH,20211222,594106.72
510500.SH,20211221,595866.72
510500.SH,20211220,590106.72
510500.SH,20211217,554266.72
510500.SH,20211216,544266.72
510500.SH,20211215,541786.72
510500.SH,20211214,541946.72
510500.SH,20211213,539706.72
510500.SH,20211210,540946.72
510500.SH,20211209,530826.72
510500.SH,20211208,530586.72
510500.SH,20211207,534506.72
510500.SH,20211206,531586.72
510500.SH,20211203,538586.72
510500.SH,20211202,539746.72
510500.SH,20211201,542746.72
510500.SH,20211130,540746.72
510500.SH,20211129,548666.72
510500.SH,20211126,539346.72
510500.SH,20211125,539106.72
510500.SH,20211124,541026.72
510500.SH,20211123,539626.72
510500.SH,20211122,548186.72
510500.SH,20211119,562266.72
510500.SH,20211118,548586.72
510500.SH,20211117,556586.72
510500.SH,20211116,557666.72
510500.SH,20211115,557026.72
510500.SH,20211112,557426.72
510500.SH,20211111,557426.72
510500.SH,20211110,560906.72
510500.SH,20211109,572146.72
510500.SH,20211108,575826.72
510500.SH,20211105,574106.72
510500.SH,20211104,565826.72
510500.SH,20211103,567066.72
510500.SH,20211102,559746.72
510500.SH,20211101,538466.72
510500.SH,20211029,537786.72
510500.SH,20211028,531506.72
510500.SH,20211027,510426.72
510500.SH,20211026,513146.72
510500.SH,20211025,524706.72
510500.SH,20211022,525746.72
510500.SH,20211021,523506.72
510500.SH,20211020,532106.72
510500.SH,20211019,542986.72
510500.SH,20211018,558226.72
510500.SH,20211015,586666.72
510500.SH,20211014,592146.72
510500.SH,20211013,602386.72
510500.SH,20211012,595386.72
510500.SH,20211011,580826.72
510500.SH,20211008,587026.72
510500.SH,20210930,595466.7244
510500.SH,20210929,615746.72
510500.SH,20210928,589906.72
510500.SH,20210927,591546.72
510500.SH,20210924,563746.72
510500.SH,20210923,536226.72
510500.SH,20210922,542466.72
510500.SH,20210917,542266.72
510500.SH,20210916,531066.72
510500.SH,20210915,533226.72
510500.SH,20210914,533626.72
510500.SH,20210913,530946.72
510500.SH,20210910,535946.72
510500.SH,20210909,534666.72
510500.SH,20210908,532546.72
510500.SH,20210907,529226.72
510500.SH,20210906,529306.72
510500.SH,20210903,530986.72
510500.SH,20210902,524106.72
510500.SH,20210901,522266.72
510500.SH,20210831,522426.72
510500.SH,20210830,523666.72
510500.SH,20210827,526426.72
510500.SH,20210826,523426.72
510500.SH,20210825,526386.72
510500.SH,20210824,530386.72
510500.SH,20210823,530506.72
510500.SH,20210820,538346.72
510500.SH,20210819,531186.72
510500.SH,20210818,541786.72
510500.SH,20210817,540346.72
510500.SH,20210816,519066.72
510500.SH,20210813,516706.72
510500.SH,20210812,514266.72
510500.SH,20210811,515826.72
510500.SH,20210810,520906.72
510500.SH,20210809,523586.72
510500.SH,20210806,530866.72
510500.SH,20210805,533106.72
510500.SH,20210804,543186.72
510500.SH,20210803,565706.72
510500.SH,20210802,570826.72
510500.SH,20210730,585226.72
510500.SH,20210729,590466.72
510500.SH,20210728,595426.72
510500.SH,20210727,559346.72
510500.SH,20210726,530306.72
510500.SH,20210723,515306.72
510500.SH,20210722,519826.72
510500.SH,20210721,521906.72
510500.SH,20210720,531306.72
510500.SH,20210719,526386.72
510500.SH,20210716,520066.72
510500.SH,20210715,518066.72
510500.SH,20210714,513786.72
510500.SH,20210713,505186.72
510500.SH,20210712,505426.72
510500.SH,20210709,509666.72
510500.SH,20210708,508826.72
510500.SH,20210707,510666.72
510500.SH,20210706,512146.72
510500.SH,20210705,513026.72
510500.SH,20210702,514466.72
510500.SH,20210701,510106.72
510500.SH,20210630,514786.7244
510500.SH,20210629,518546.72
510500.SH,20210628,525106.72
510500.SH,20210625,526666.72
510500.SH,20210624,516586.72
510500.SH,20210623,523506.72
510500.SH,20210622,523666.72
510500.SH,20210621,522706.72
510500.SH,20210618,518666.72
510500.SH,20210617,512266.72
510500.SH,20210616,509426.72
510500.SH,20210615,503346.72
510500.SH,20210611,501066.72
510500.SH,20210610,499706.72
510500.SH,20210609,500266.72
510500.SH,20210608,502746.72
510500.SH,20210607,505946.72
510500.SH,20210604,514226.72
510500.SH,20210603,515186.72
510500.SH,20210602,521866.72
510500.SH,20210601,530986.72
510500.SH,20210531,552066.72
510500.SH,20210528,559586.72
510500.SH,20210527,565826.72
510500.SH,20210526,570986.72
510500.SH,20210525,576626.72
510500.SH,20210524,572826.72
510500.SH,20210521,571266.72
510500.SH,20210520,570466.72
510500.SH,20210519,569906.72
510500.SH,20210518,570186.72
510500.SH,20210517,566666.72
510500.SH,20210514,559906.72
510500.SH,20210513,547666.72
510500.SH,20210512,541906.72
510500.SH,20210511,542506.72
510500.SH,20210510,544106.72
510500.SH,20210507,545986.72
510500.SH,20210506,538306.72
510500.SH,20210430,540626.72
510500.SH,20210429,541266.72
510500.SH,20210428,543866.72
510500.SH,20210427,547426.72
510500.SH,20210426,542386.72
510500.SH,20210423,546626.72
510500.SH,20210422,546426.72
510500.SH,20210421,558586.72
510500.SH,20210420,559146.72
510500.SH,20210419,567266.72
510500.SH,20210416,567906.72
510500.SH,20210415,547266.72
510500.SH,20210414,541946.72
510500.SH,20210413,536586.72
510500.SH,20210412,527946.72
510500.SH,20210409,509146.72
510500.SH,20210408,508826.72
510500.SH,20210407,517346.72
510500.SH,20210406,526906.72
510500.SH,20210402,534146.72
510500.SH,20210401,540106.72
510500.SH,20210331,544466.7244
510500.SH,20210330,552426.72
510500.SH,20210329,558866.72
510500.SH,20210326,576146.72
510500.SH,20210325,572506.72
510500.SH,20210324,559506.72
510500.SH,20210323,545626.72
510500.SH,20210322,548466.72
510500.SH,20210319,546506.72
510500.SH,20210318,544986.72
510500.SH,20210317,553066.72
510500.SH,20210316,560186.72
510500.SH,20210315,553506.72
510500.SH,20210312,546106.72
510500.SH,20210311,560946.72
510500.SH,20210310,570986.72
510500.SH,20210309,571786.72
510500.SH,20210308,544306.72
510500.SH,20210305,531346.72
510500.SH,20210304,517466.72
510500.SH,20210303,502826.72
510500.SH,20210302,500026.72
510500.SH,20210301,515506.72
510500.SH,20210226,520466.72
510500.SH,20210225,508866.72
510500.SH,20210224,511866.72
510500.SH,20210223,489506.72
510500.SH,20210222,479906.72
510500.SH,20210219,477506.72
510500.SH,20210218,472826.72
510500.SH,20210210,475346.72
510500.SH,20210209,497306.72
510500.SH,20210208,516386.72
510500.SH,20210205,510906.72
510500.SH,20210204,507786.72
510500.SH,20210203,480666.72
510500.SH,20210202,492426.72
510500.SH,20210201,505386.72
510500.SH,20210129,506306.72
510500.SH,20210128,487266.72
510500.SH,20210127,471186.72
510500.SH,20210126,473346.72
510500.SH,20210125,469146.72
510500.SH,20210122,472666.72
510500.SH,20210121,481266.72
510500.SH,20210120,484466.72
510500.SH,20210119,488226.72
510500.SH,20210118,494626.72
510500.SH,20210115,501386.72
510500.SH,20210114,494346.72
510500.SH,20210113,486786.72
510500.SH,20210112,493026.72
510500.SH,20210111,498106.72
510500.SH,20210108,502906.72
510500.SH,20210107,499906.72
510500.SH,20210106,504266.72
510500.SH,20210105,510826.72
510500.SH,20210104,522666.72
510500.SH,20201231,541986.7244
510500.SH,20201230,550146.72
510500.SH,20201229,549866.72
510500.SH,20201228,540506.72
510500.SH,20201225,547026.72
510500.SH,20201224,539026.72
510500.SH,20201223,542346.72
510500.SH,20201222,537386.72
510500.SH,20201221,539266.72
510500.SH,20201218,535106.72
510500.SH,20201217,543706.72
510500.SH,20201216,533546.72
510500.SH,20201215,533826.72
510500.SH,20201214,538706.72
510500.SH,20201211,538786.72
510500.SH,20201210,538906.72
510500.SH,20201209,537026.72
510500.SH,20201208,534146.72
510500.SH,20201207,530866.72
510500.SH,20201204,541346.72
510500.SH,20201203,542666.72
510500.SH,20201202,551506.72
510500.SH,20201201,553266.72
510500.SH,20201130,550066.72
510500.SH,20201127,547226.72
510500.SH,20201126,546906.72
510500.SH,20201125,538986.72
510500.SH,20201124,540466.72
510500.SH,20201123,541706.72
510500.SH,20201120,541546.72
510500.SH,20201119,540666.72
510500.SH,20201118,538986.72
510500.SH,20201117,533226.72
510500.SH,20201116,531426.72
510500.SH,20201113,531946.72
510500.SH,20201112,532666.72
510500.SH,20201111,532026.72
510500.SH,20201110,532346.72
510500.SH,20201109,544546.72
510500.SH,20201106,544866.72
510500.SH,20201105,547106.72
510500.SH,20201104,547666.72
510500.SH,20201103,555066.72
510500.SH,20201102,555106.72
510500.SH,20201030,551146.72
510500.SH,20201029,556866.72
510500.SH,20201028,554946.72
510500.SH,20201027,554866.72
510500.SH,20201026,553106.72
510500.SH,20201023,542106.72
510500.SH,20201022,528866.72
510500.SH,20201021,519066.72
510500.SH,20201020,524986.72
510500.SH,20201019,521626.72
510500.SH,20201016,534786.72
510500.SH,20201015,533306.72
510500.SH,20201014,526626.72
510500.SH,20201013,527346.72
510500.SH,20201012,538106.72
510500.SH,20201009,535426.72
510500.SH,20200930,536266.7244
510500.SH,20200929,543946.72
510500.SH,20200928,538266.72
510500.SH,20200925,531306.72
510500.SH,20200924,521786.72
510500.SH,20200923,529786.72
510500.SH,20200922,531226.72
510500.SH,20200921,530026.72
510500.SH,20200918,546466.72
510500.SH,20200917,539786.72
510500.SH,20200916,530866.72
510500.SH,20200915,533306.72
510500.SH,20200914,537026.72
510500.SH,20200911,544186.72
510500.SH,20200910,544026.72
510500.SH,20200909,533746.72
510500.SH,20200908,532466.72
510500.SH,20200907,524426.72
510500.SH,20200904,528066.72
510500.SH,20200903,516946.72
510500.SH,20200902,513306.72
510500.SH,20200901,533626.72
510500.SH,20200831,531146.72
510500.SH,20200828,541026.72
510500.SH,20200827,529306.72
510500.SH,20200826,527826.72
510500.SH,20200825,516266.72
510500.SH,20200824,518706.72
510500.SH,20200821,525346.72
510500.SH,20200820,525586.72
510500.SH,20200819,519506.72
510500.SH,20200818,523666.72
510500.SH,20200817,530586.72
510500.SH,20200814,535506.72
510500.SH,20200813,521026.72
510500.SH,20200812,528946.72
510500.SH,20200811,527546.72
510500.SH,20200810,530666.72
510500.SH,20200807,531866.72
510500.SH,20200806,535466.72
510500.SH,20200805,539386.72
510500.SH,20200804,547266.72
510500.SH,20200803,555386.72
510500.SH,20200731,562866.72
510500.SH,20200730,554586.72
510500.SH,20200729,566546.72
510500.SH,20200728,560066.72
510500.SH,20200727,573866.72
510500.SH,20200724,568226.72
510500.SH,20200723,573986.72
510500.SH,20200722,577306.72
510500.SH,20200721,578986.72
510500.SH,20200720,585186.72
510500.SH,20200717,609426.72
510500.SH,20200716,605946.72
510500.SH,20200715,602506.72
510500.SH,20200714,610426.72
510500.SH,20200713,621066.72
510500.SH,20200710,624106.72
510500.SH,20200709,627226.72
510500.SH,20200708,627026.72
510500.SH,20200707,636666.72
510500.SH,20200706,623146.72
510500.SH,20200703,598186.72
510500.SH,20200702,598146.72
510500.SH,20200701,592306.72
510500.SH,20200630,599946.7244
510500.SH,20200629,599546.72
510500.SH,20200624,598906.72
510500.SH,20200623,601266.72
510500.SH,20200622,606706.72
510500.SH,20200619,607666.72
510500.SH,20200618,604706.72
510500.SH,20200617,599146.72
510500.SH,20200616,606786.72
510500.SH,20200615,605306.72
510500.SH,20200612,621146.72
510500.SH,20200611,615666.72
510500.SH,20200610,617466.72
510500.SH,20200609,621186.72
510500.SH,20200608,622186.72
510500.SH,20200605,625186.72
510500.SH,20200604,626626.72
510500.SH,20200603,635786.72
510500.SH,20200602,642826.72
510500.SH,20200601,644266.72
510500.SH,20200529,639706.72
510500.SH,20200528,645546.72
510500.SH,20200527,643746.72
510500.SH,20200526,658826.72
510500.SH,20200525,670906.72
510500.SH,20200522,666106.72
510500.SH,20200521,656946.72
510500.SH,20200520,656626.72
510500.SH,20200519,663146.72
510500.SH,20200518,665826.72
510500.SH,20200515,666746.72
510500.SH,20200514,663746.72
510500.SH,20200513,665946.72
510500.SH,20200512,679266.72
510500.SH,20200511,698746.72
510500.SH,20200508,704146.72
510500.SH,20200507,705706.72
510500.SH,20200506,719666.72
510500.SH,20200430,728186.72
510500.SH,20200429,722986.72
510500.SH,20200428,720626.72
510500.SH,20200427,718186.72
510500.SH,20200424,715306.72
510500.SH,20200423,704986.72
510500.SH,20200422,708186.72
510500.SH,20200421,714986.72
510500.SH,20200420,721506.72
510500.SH,20200417,730066.72
510500.SH,20200416,729506.72
510500.SH,20200415,729106.72
510500.SH,20200414,733466.72
510500.SH,20200413,732066.72
510500.SH,20200410,726346.72
510500.SH,20200409,716306.72
510500.SH,20200408,720026.72
510500.SH,20200407,727626.72
510500.SH,20200403,729106.72
510500.SH,20200402,737746.72
510500.SH,20200401,726666.72
510500.SH,20200331,723226.7244
510500.SH,20200330,721066.72
510500.SH,20200327,703626.72
510500.SH,20200326,703746.72
510500.SH,20200325,711586.72
510500.SH,20200324,725026.72
510500.SH,20200323,711826.72
510500.SH,20200320,700026.72
510500.SH,20200319,699026.72
510500.SH,20200318,687826.72
510500.SH,20200317,698826.72
510500.SH,20200316,679306.72
510500.SH,20200313,682986.72
510500.SH,20200312,665346.72
510500.SH,20200311,660186.72
510500.SH,20200310,682826.72
510500.SH,20200309,662866.72
510500.SH,20200306,658306.72
510500.SH,20200305,659346.72
510500.SH,20200304,663586.72
510500.SH,20200303,672706.72
510500.SH,20200302,698106.72
510500.SH,20200228,705346.72
510500.SH,20200227,675746.72
510500.SH,20200226,684186.72
510500.SH,20200225,691946.72
510500.SH,20200224,694106.72
510500.SH,20200221,703946.72
510500.SH,20200220,706146.72
510500.SH,20200219,715546.72
510500.SH,20200218,728186.72
510500.SH,20200217,760986.72
510500.SH,20200214,766306.72
510500.SH,20200213,770986.72
510500.SH,20200212,778066.72
510500.SH,20200211,783386.72
510500.SH,20200210,788386.72
510500.SH,20200207,808346.72
510500.SH,20200206,817186.72
510500.SH,20200205,827706.72
510500.SH,20200204,836466.72
510500.SH,20200203,797866.72
510500.SH,20200123,770386.72
510500.SH,20200122,779146.72
510500.SH,20200121,779706.72
510500.SH,20200120,787666.72
510500.SH,20200117,787386.72
510500.SH,20200116,787666.72
510500.SH,20200115,787746.72
510500.SH,20200114,787386.72
510500.SH,20200113,787026.72
510500.SH,20200110,786946.72
510500.SH,20200109,788906.72
510500.SH,20200108,786986.72
510500.SH,20200107,783026.72
510500.SH,20200106,782866.72
510500.SH,20200103,783586.72
510500.SH,20200102,783546.72
510500.SH,20191231,780346.7244
510500.SH,20191230,780060.05
510500.SH,20191227,776666.72
510500.SH,20191226,778266.72
510500.SH,20191225,783746.72
510500.SH,20191224,794746.72
510500.SH,20191223,804186.72
510500.SH,20191220,804626.72
510500.SH,20191219,802866.72
510500.SH,20191218,802666.72
510500.SH,20191217,797666.7
510500.SH,20191216,795466.72
510500.SH,20191213,803226.72
510500.SH,20191212,800906.72
510500.SH,20191211,800466.72
510500.SH,20191210,801426.72
510500.SH,20191209,801106.72
510500.SH,20191206,801986.72
510500.SH,20191205,801546.72
510500.SH,20191204,801266.72
510500.SH,20191203,800618.61
510500.SH,20191202,795506.72
510500.SH,20191129,792789.51
510500.SH,20191128,782006.72
510500.SH,20191127,778066.72
510500.SH,20191126,777266.72
510500.SH,20191125,784232.47
510500.SH,20191122,784146.72
510500.SH,20191121,782506.72
510500.SH,20191120,781506.72
510500.SH,20191119,796106.72
510500.SH,20191118,796397.7
510500.SH,20191115,791826.72
510500.SH,20191114,790826.72
510500.SH,20191113,796466.72
510500.SH,20191112,800844.46
510500.SH,20191111,797942.64
510500.SH,20191108,788208.05
510500.SH,20191107,781715.48
510500.SH,20191106,781106.72
510500.SH,20191105,787066.72
510500.SH,20191104,788226.72
510500.SH,20191101,798018.19
510500.SH,20191031,793386.72
510500.SH,20191030,791866.72
510500.SH,20191029,792033.26
510500.SH,20191028,795292.22
510500.SH,20191025,806146.72
510500.SH,20191024,804863.82
510500.SH,20191023,797146.72
510500.SH,20191022,800306.72
510500.SH,20191021,803346.72
510500.SH,20191018,801437.03
510500.SH,20191017,796586.72
510500.SH,20191016,795546.72
510500.SH,20191015,797069.68
510500.SH,20191014,795986.72
510500.SH,20191011,801226.72
510500.SH,20191010,809026.72
510500.SH,20191009,817506.72
510500.SH,20191008,813906.72
510500.SH,20190930,814466.7244
510500.SH,20190927,819183.09
510500.SH,20190926,820540.9
510500.SH,20190925,810254.52
510500.SH,20190924,808066.72
510500.SH,20190923,815057.4
510500.SH,20190920,824626.72
510500.SH,20190919,837386.72
510500.SH,20190918,842746.72
510500.SH,20190917,846386.72
510500.SH,20190916,843626.72
510500.SH,20190912,851826.72
510500.SH,20190911,848306.72
510500.SH,20190910,849826.72
510500.SH,20190909,858426.72
510500.SH,20190906,871995.7
510500.SH,20190905,870506.72
510500.SH,20190904,857814.96
510500.SH,20190903,856066.72
510500.SH,20190902,863379.98
510500.SH,20190830,859306.72
510500.SH,20190829,858157.07
510500.SH,20190828,866306.72
510500.SH,20190827,869866.72
510500.SH,20190826,875384.72
510500.SH,20190823,876306.72
510500.SH,20190822,877866.72
510500.SH,20190821,887826.72
510500.SH,20190820,892906.72
510500.SH,20190819,895066.72
510500.SH,20190816,895506.72
510500.SH,20190815,903566.72
510500.SH,20190814,896477.29
510500.SH,20190813,897906.72
510500.SH,20190812,897701.84
510500.SH,20190809,892826.72
510500.SH,20190808,891186.72
510500.SH,20190807,897826.72
510500.SH,20190806,903426.72
510500.SH,20190805,884266.72
510500.SH,20190802,884306.53
510500.SH,20190801,876367.48
510500.SH,20190731,873101.98
510500.SH,20190730,877306.72
510500.SH,20190729,882106.72
510500.SH,20190726,887460.34
510500.SH,20190725,891666.72
510500.SH,20190724,897466.72
510500.SH,20190723,900506.72
510500.SH,20190722,899906.15
510500.SH,20190719,892866.72
510500.SH,20190718,899146.72
510500.SH,20190717,902066.72
510500.SH,20190716,905306.72
510500.SH,20190715,906960.1
510500.SH,20190712,894166.72
510500.SH,20190711,891426.72
510500.SH,20190710,892143.47
510500.SH,20190709,893809.42
510500.SH,20190708,897706.72
510500.SH,20190705,898106.72
510500.SH,20190704,896986.72
510500.SH,20190703,894746.72
510500.SH,20190702,896226.72
510500.SH,20190701,910954.87
510500.SH,20190630,903506.7244
510500.SH,20190628,903506.72
510500.SH,20190627,900586.72
510500.SH,20190626,900866.72
510500.SH,20190625,909194.66
510500.SH,20190624,917946.72
510500.SH,20190621,933226.72
510500.SH,20190620,909666.67
510500.SH,20190619,892686.72
510500.SH,20190618,860466.72
510500.SH,20190617,852004.27
510500.SH,20190614,843626.72
510500.SH,20190613,848346.72
510500.SH,20190612,847546.72
510500.SH,20190611,857383.09
510500.SH,20190610,854930.13
510500.SH,20190606,855946.72
510500.SH,20190605,851249.75
510500.SH,20190604,851626.36
510500.SH,20190603,835626.72
510500.SH,20190531,834856.18
510500.SH,20190530,838426.72
510500.SH,20190529,838346.72
510500.SH,20190528,857706.72
510500.SH,20190527,871746.72
510500.SH,20190524,861488.65
510500.SH,20190523,846819.11
510500.SH,20190522,844066.72
510500.SH,20190521,850146.72
510500.SH,20190520,849055.09
510500.SH,20190517,839392.61
510500.SH,20190516,836834.21
510500.SH,20190515,825186.72
510500.SH,20190514,829222.54
510500.SH,20190513,824746.72
510500.SH,20190510,840664.08
510500.SH,20190509,827826.72
510500.SH,20190508,812986.72
510500.SH,20190507,807958.4
510500.SH,20190506,795459.83
510500.SH,20190430,773106.72
510500.SH,20190429,762826.67
510500.SH,20190426,725104.01
510500.SH,20190425,704386.72
510500.SH,20190424,706186.72
510500.SH,20190423,706186.72
510500.SH,20190422,705746.72
510500.SH,20190419,708786.72
510500.SH,20190418,709786.72
510500.SH,20190417,714986.72
510500.SH,20190416,724586.72
510500.SH,20190415,725226.72
510500.SH,20190412,736426.72
510500.SH,20190411,735266.72
510500.SH,20190410,736586.72
510500.SH,20190409,735106.72
510500.SH,20190408,728866.72
510500.SH,20190404,737026.72
510500.SH,20190403,736386.71
510500.SH,20190402,734541.29
510500.SH,20190401,729106.72
510500.SH,20190331,725506.7244
510500.SH,20190329,725466.96
510500.SH,20190328,698186.72
510500.SH,20190327,705306.71
510500.SH,20190326,715598.35
510500.SH,20190325,727826.72
510500.SH,20190322,727386.71
510500.SH,20190321,727546.72
510500.SH,20190320,722306.72
510500.SH,20190319,734426.72
510500.SH,20190318,750346.72
510500.SH,20190315,747076.72
510500.SH,20190314,741226.72
510500.SH,20190313,736706.72
510500.SH,20190312,764186.72
510500.SH,20190311,768626.72
510500.SH,20190308,773186.72
510500.SH,20190307,785226.72
510500.SH,20190306,788546.72
510500.SH,20190305,776906.72
510500.SH,20190304,779106.72
510500.SH,20190301,788266.72
510500.SH,20190228,796746.72
510500.SH,20190227,803066.72
510500.SH,20190226,808586.72
510500.SH,20190225,812266.72
510500.SH,20190222,812106.72
510500.SH,20190221,810946.72
510500.SH,20190220,820186.72
510500.SH,20190219,828918.79
510500.SH,20190218,833346.72
510500.SH,20190215,824946.72
510500.SH,20190214,828726.72
510500.SH,20190213,830626.72
510500.SH,20190212,822146.72
510500.SH,20190211,820986.72
510500.SH,20190201,816622.54
510500.SH,20190131,798746.72
510500.SH,20190130,787226.72
510500.SH,20190129,786781.02
510500.SH,20190128,782374.73
510500.SH,20190125,781026.72
510500.SH,20190124,780306.72
510500.SH,20190123,778226.72
510500.SH,20190122,779426.72
510500.SH,20190121,781846.72
510500.SH,20190118,777026.68
510500.SH,20190117,771604.19
510500.SH,20190116,769823.78
510500.SH,20190115,766699.39
510500.SH,20190114,763266.72
510500.SH,20190111,765485.38
510500.SH,20190110,760882.22
510500.SH,20190109,758819.27
510500.SH,20190108,749165.54
510500.SH,20190107,748026.72
510500.SH,20190104,743826.72
510500.SH,20190103,742226.72
510500.SH,20190102,744546.72
510500.SH,20181231,749986.7244
510500.SH,20181228,749346.72
510500.SH,20181227,749501.3
510500.SH,20181226,750581.98
510500.SH,20181225,751592.32
510500.SH,20181224,748266.68
510500.SH,20181221,740346.72
510500.SH,20181220,742826.72
510500.SH,20181219,743139.0
510500.SH,20181218,750598.83
510500.SH,20181217,754326.72
510500.SH,20181214,750106.72
510500.SH,20181213,751506.66
510500.SH,20181212,743346.72
510500.SH,20181211,741050.56
510500.SH,20181210,740675.78
510500.SH,20181207,744606.79
510500.SH,20181206,744384.51
510500.SH,20181205,751344.69
510500.SH,20181204,748305.49
510500.SH,20181203,746259.15
510500.SH,20181130,726280.8
510500.SH,20181129,722106.72
510500.SH,20181128,723664.96
510500.SH,20181127,721866.72
510500.SH,20181126,725426.72
510500.SH,20181123,739026.72
510500.SH,20181122,748946.72
510500.SH,20181121,758625.45
510500.SH,20181120,767786.72
510500.SH,20181119,785786.72
510500.SH,20181116,801837.32
510500.SH,20181115,799301.97
510500.SH,20181114,798595.9
510500.SH,20181113,801141.91
510500.SH,20181112,790651.5
510500.SH,20181109,776786.72
510500.SH,20181108,777746.72
510500.SH,20181107,783026.72
510500.SH,20181106,785346.72
510500.SH,20181105,784265.71
510500.SH,20181102,787932.8
510500.SH,20181101,708426.72
510500.SH,20181031,691017.21
510500.SH,20181030,677044.28
510500.SH,20181029,669866.72
510500.SH,20181026,665866.72
510500.SH,20181025,661186.51
510500.SH,20181024,662146.72
510500.SH,20181023,656159.84
510500.SH,20181022,644866.72
510500.SH,20181019,616346.72
510500.SH,20181018,607186.69
510500.SH,20181017,602824.01
510500.SH,20181016,587186.72
510500.SH,20181015,586466.72
510500.SH,20181012,589066.72
510500.SH,20181011,588226.58
510500.SH,20181010,585746.72
510500.SH,20181009,583346.72
510500.SH,20181008,583386.72
510500.SH,20180930,583106.7244
510500.SH,20180928,582746.72
510500.SH,20180927,580346.72
510500.SH,20180926,581946.7
510500.SH,20180925,580139.36
510500.SH,20180921,579957.63
510500.SH,20180920,571986.72
510500.SH,20180919,571986.72
510500.SH,20180918,573312.38
510500.SH,20180917,571906.72
510500.SH,20180914,571800.3
510500.SH,20180913,571625.39
510500.SH,20180912,561603.3
510500.SH,20180911,558640.54
510500.SH,20180910,551506.72
510500.SH,20180907,550386.72
510500.SH,20180906,547048.41
510500.SH,20180905,544098.5
510500.SH,20180904,544817.66
510500.SH,20180903,544453.29
510500.SH,20180831,537291.07
510500.SH,20180830,536546.72
510500.SH,20180829,535746.72
510500.SH,20180828,535826.72
510500.SH,20180827,535106.72
510500.SH,20180824,530141.09
510500.SH,20180823,529905.37
510500.SH,20180822,524386.72
510500.SH,20180821,524153.32
510500.SH,20180820,518711.38
510500.SH,20180817,510336.14
510500.SH,20180816,508221.27
510500.SH,20180815,506026.72
510500.SH,20180814,510184.67
510500.SH,20180813,511506.72
510500.SH,20180810,507826.72
510500.SH,20180809,508546.72
510500.SH,20180808,503467.22
510500.SH,20180807,507386.72
510500.SH,20180806,502866.06
510500.SH,20180803,493146.72
510500.SH,20180802,490066.69
510500.SH,20180801,489697.72
510500.SH,20180731,489906.72
510500.SH,20180730,489106.72
510500.SH,20180727,491080.06
510500.SH,20180726,491626.72
510500.SH,20180725,493800.0
510500.SH,20180724,497000.0
510500.SH,20180723,487500.0
510500.SH,20180720,485700.0
510500.SH,20180719,480400.0
510500.SH,20180718,479900.0
510500.SH,20180717,481100.0
510500.SH,20180716,480500.0
510500.SH,20180713,481500.0
510500.SH,20180712,481800.0
510500.SH,20180711,473300.0
510500.SH,20180710,458200.0
510500.SH,20180709,457500.0
510500.SH,20180706,457400.0
510500.SH,20180705,449700.0
510500.SH,20180704,445300.0
510500.SH,20180703,443200.0
510500.SH,20180702,435900.0
510500.SH,20180630,438066.7244
510500.SH,20180629,435900.0
510500.SH,20180628,430600.0
510500.SH,20180627,427100.0
510500.SH,20180626,427400.0
510500.SH,20180625,424700.0
510500.SH,20180622,427300.0
510500.SH,20180621,423300.0
510500.SH,20180620,416100.0
510500.SH,20180619,408700.0
510500.SH,20180615,393300.0
510500.SH,20180614,389200.0
510500.SH,20180613,389300.0
510500.SH,20180612,390200.0
510500.SH,20180611,387200.0
510500.SH,20180608,384500.0
510500.SH,20180607,383800.0
510500.SH,20180606,383300.0
510500.SH,20180605,378600.0
510500.SH,20180604,376500.0
510500.SH,20180601,374700.0
510500.SH,20180531,373600.0
510500.SH,20180530,371400.0
510500.SH,20180529,369700.0
510500.SH,20180528,369900.0
510500.SH,20180525,370800.0
510500.SH,20180524,369900.0
510500.SH,20180523,370000.0
510500.SH,20180522,372000.0
510500.SH,20180521,371000.0
510500.SH,20180518,368000.0
510500.SH,20180517,368200.0
510500.SH,20180516,367900.0
510500.SH,20180515,367800.0
510500.SH,20180514,365600.0
510500.SH,20180511,363000.0
510500.SH,20180510,362400.0
510500.SH,20180509,362500.0
510500.SH,20180508,362500.0
510500.SH,20180507,362100.0
510500.SH,20180504,360600.0
510500.SH,20180503,362000.0
510500.SH,20180502,359300.0
510500.SH,20180427,357500.0
510500.SH,20180426,354300.0
510500.SH,20180425,355000.0
510500.SH,20180424,355400.0
510500.SH,20180423,351200.0
510500.SH,20180420,348300.0
510500.SH,20180419,350400.0
510500.SH,20180418,351200.0
510500.SH,20180417,346500.0
510500.SH,20180416,346100.0
510500.SH,20180413,347600.0
510500.SH,20180412,347600.0
510500.SH,20180411,348400.0
510500.SH,20180410,348100.0
510500.SH,20180409,348300.0
510500.SH,20180404,347100.0
510500.SH,20180403,347400.0
510500.SH,20180402,347100.0
510500.SH,20180331,347786.7244
510500.SH,20180330,347700.0
510500.SH,20180329,348400.0
510500.SH,20180328,348700.0
510500.SH,20180327,348400.0
510500.SH,20180326,348500.0
510500.SH,20180323,340600.0
510500.SH,20180322,335500.0
510500.SH,20180321,335900.0
510500.SH,20180320,339100.0
510500.SH,20180319,339500.0
510500.SH,20180316,339000.0
510500.SH,20180315,339700.0
510500.SH,20180314,343300.0
510500.SH,20180313,344800.0
510500.SH,20180312,345200.0
510500.SH,20180309,346000.0
510500.SH,20180308,344500.0
510500.SH,20180307,344200.0
510500.SH,20180306,344900.0
510500.SH,20180305,346000.0
510500.SH,20180302,347000.0
510500.SH,20180301,347000.0
510500.SH,20180228,347100.0
510500.SH,20180227,346500.0
510500.SH,20180226,344700.0
510500.SH,20180223,341300.0
510500.SH,20180222,342500.0
510500.SH,20180214,343100.0
510500.SH,20180213,337600.0
510500.SH,20180212,335700.0
510500.SH,20180209,333600.0
510500.SH,20180208,317600.0
510500.SH,20180207,314100.0
510500.SH,20180206,312500.0
510500.SH,20180205,311300.0
510500.SH,20180202,313400.0
510500.SH,20180201,312700.0
510500.SH,20180131,308700.0
510500.SH,20180130,301600.0
510500.SH,20180129,297500.0
510500.SH,20180126,294000.0
510500.SH,20180125,293200.0
510500.SH,20180124,291900.0
510500.SH,20180123,286200.0
510500.SH,20180122,284900.0
510500.SH,20180119,281200.0
510500.SH,20180118,281300.0
510500.SH,20180117,281000.0
510500.SH,20180116,282700.0
510500.SH,20180115,283800.0
510500.SH,20180112,282800.0
510500.SH,20180111,283200.0
510500.SH,20180110,282600.0
510500.SH,20180109,281900.0
510500.SH,20180108,282300.0
510500.SH,20180105,281400.0
510500.SH,20180104,282100.0
510500.SH,20180103,283300.0
510500.SH,20180102,283000.0
510500.SH,20251231,1906456.86
510500.SH,20251230,1909976.86
510500.SH,20251229,1903296.86
510500.SH,20251226,1917416.86
510500.SH,20251225,1886336.86
510500.SH,20251224,1875616.86
510500.SH,20251223,1862896.86
510500.SH,20251222,1865096.86
510500.SH,20251219,1873376.86
510500.SH,20251218,1862216.86
510500.SH,20251217,1861816.86
510500.SH,20251216,1852376.86
510500.SH,20251215,1853376.86
510500.SH,20251212,1854096.86
510500.SH,20251211,1825616.86
510500.SH,20251210,1827176.86
510500.SH,20251209,1847176.86
510500.SH,20251208,1855296.86
510500.SH,20251205,1854896.86
510500.SH,20251204,1836896.86
510500.SH,20251203,1833816.86
510500.SH,20251202,1836096.86
510500.SH,20251201,1844136.86
510500.SH,20251128,1840536.86
510500.SH,20251127,1836416.86
510500.SH,20251126,1844256.86
510500.SH,20251125,1871176.86
510500.SH,20251124,1913296.86
510500.SH,20251121,1900416.86
510500.SH,20251120,1853016.86
510500.SH,20251119,1842456.86
510500.SH,20251118,1827816.86
510500.SH,20251117,1824496.86
510500.SH,20251114,1819096.86
510500.SH,20251113,1817296.86
510500.SH,20251112,1813536.86
510500.SH,20251111,1809896.86
510500.SH,20251110,1812096.86
510500.SH,20251107,1813016.86
510500.SH,20251106,1815816.86
510500.SH,20251105,1814056.86
510500.SH,20251104,1814096.86
510500.SH,20251103,1832856.86
510500.SH,20251031,1839936.86
510500.SH,20251030,1830176.86
510500.SH,20251029,1833176.86
510500.SH,20251028,1825856.86
510500.SH,20251027,1823896.86
510500.SH,20251024,1828056.86
510500.SH,20251023,1830376.86
510500.SH,20251022,1838256.86
510500.SH,20251021,1847296.86
510500.SH,20251020,1844696.86
510500.SH,20251017,1832216.86
510500.SH,20251016,1824936.86
510500.SH,20251015,1839736.86
510500.SH,20251014,1831216.86
510500.SH,20251013,1857376.86
510500.SH,20251010,1866776.86
510500.SH,20251009,1870216.86
510500.SH,20250930,1864456.86
510500.SH,20250929,1864656.86
510500.SH,20250926,1851136.86
510500.SH,20250925,1850776.86
510500.SH,20250924,1849656.86
510500.SH,20250923,1841536.86
510500.SH,20250922,1847656.86
510500.SH,20250919,1861816.86
510500.SH,20250918,1851816.86
510500.SH,20250917,1858296.86
510500.SH,20250916,1859456.86
510500.SH,20250915,1859016.86
510500.SH,20250912,1883856.86
510500.SH,20250911,1882696.86
510500.SH,20250910,1856576.86
510500.SH,20250909,1857616.86
510500.SH,20250908,1861816.86
510500.SH,20250905,1867256.86
510500.SH,20250904,1860016.86
510500.SH,20250903,1853096.86
510500.SH,20250902,1864056.86
510500.SH,20250901,1865656.86
510500.SH,20250829,1867216.86
510500.SH,20250828,1877336.86
510500.SH,20250827,1881496.86
510500.SH,20250826,1886216.86
510500.SH,20250825,1911976.86
510500.SH,20250822,1928776.86
510500.SH,20250821,1855896.86
510500.SH,20250820,1851616.86
510500.SH,20250819,1853496.86
510500.SH,20250818,1870736.86
510500.SH,20250815,1866176.86
510500.SH,20250814,1858696.86
510500.SH,20250813,1858256.86
510500.SH,20250812,1854936.86
510500.SH,20250811,1854656.86
510500.SH,20250808,1850976.86
510500.SH,20250807,1854256.86
510500.SH,20250806,1860296.86
510500.SH,20250805,1852296.86
510500.SH,20250804,1855216.86
510500.SH,20250801,1856176.86
510500.SH,20250731,1861656.86
510500.SH,20250730,1868256.86
510500.SH,20250729,1874736.86
510500.SH,20250728,1886176.86
510500.SH,20250725,1897216.86
510500.SH,20250724,1915216.86
510500.SH,20250723,1906496.86
510500.SH,20250722,1892656.86
510500.SH,20250721,1896336.86
510500.SH,20250718,1895336.86
510500.SH,20250717,1890696.86
510500.SH,20250716,1888696.86
510500.SH,20250715,1890296.86
510500.SH,20250714,1896776.86
510500.SH,20250711,1900656.86
510500.SH,20250710,1891456.86
510500.SH,20250709,1894216.86
510500.SH,20250708,1896416.86
510500.SH,20250707,1888736.86
510500.SH,20250704,1891256.86
510500.SH,20250703,1892496.86
510500.SH,20250702,1894496.86
510500.SH,20250701,1893576.86
510500.SH,20250630,1901216.8617
510500.SH,20250627,1913736.86
510500.SH,20250626,1924456.86
510500.SH,20250625,1933376.86
510500.SH,20250624,1945296.86
510500.SH,20250623,1945536.86
510500.SH,20250620,1945896.86
510500.SH,20250619,1921456.86
510500.SH,20250618,1925616.86
510500.SH,20250617,1927536.86
510500.SH,20250616,1936816.86
510500.SH,20250613,1926856.86
510500.SH,20250612,1928456.86
510500.SH,20250611,1930016.86
510500.SH,20250610,1926736.86
510500.SH,20250609,1933176.86
510500.SH,20250606,1927656.86
510500.SH,20250605,1930016.86
510500.SH,20250604,1931416.86
510500.SH,20250603,1931536.86
510500.SH,20250530,1926576.86
510500.SH,20250529,1948296.86
510500.SH,20250528,1919136.86
510500.SH,20250527,1922616.86
510500.SH,20250526,1930696.86
510500.SH,20250523,1921456.86
510500.SH,20250522,1917936.86
510500.SH,20250521,1920096.86
510500.SH,20250520,1920976.86
510500.SH,20250519,1922376.86
510500.SH,20250516,1927776.86
510500.SH,20250515,1932576.86
510500.SH,20250514,1936176.86
510500.SH,20250513,1926136.86
510500.SH,20250512,1936496.86
510500.SH,20250509,1937896.86
510500.SH,20250508,1941576.86
510500.SH,20250507,1939896.86
510500.SH,20250506,1942696.86
510500.SH,20250430,1940056.86
510500.SH,20250429,1950496.86
510500.SH,20250428,1950176.86
510500.SH,20250425,1949496.86
510500.SH,20250424,1951896.86
510500.SH,20250423,1950736.86
510500.SH,20250422,1944416.86
510500.SH,20250421,1950696.86
510500.SH,20250418,1960536.86
510500.SH,20250417,1955896.86
510500.SH,20250416,1944456.86
510500.SH,20250415,1897736.86
510500.SH,20250414,1881296.86
510500.SH,20250411,1893976.86
510500.SH,20250410,1898256.86
510500.SH,20250409,1902976.86
510500.SH,20250408,1904096.86
510500.SH,20250407,1626416.86
510500.SH,20250403,1618216.86
510500.SH,20250402,1623936.86
510500.SH,20250401,1617136.86
510500.SH,20250331,1620616.8617
510500.SH,20250328,1620336.86
510500.SH,20250327,1629736.86
510500.SH,20250326,1623816.86
510500.SH,20250325,1623816.86
510500.SH,20250324,1625296.86
510500.SH,20250321,1623056.86
510500.SH,20250320,1623576.86
510500.SH,20250319,1627376.86
510500.SH,20250318,1628056.86
510500.SH,20250317,1627776.86
510500.SH,20250314,1656096.86
510500.SH,20250313,1625376.86
510500.SH,20250312,1625456.86
510500.SH,20250311,1624136.86
510500.SH,20250310,1620056.86
510500.SH,20250307,1644816.86
510500.SH,20250306,1655496.86
510500.SH,20250305,1630376.86
510500.SH,20250304,1635936.86
510500.SH,20250303,1640856.86
510500.SH,20250228,1645376.86
510500.SH,20250227,1648176.86
510500.SH,20250226,1656176.86
510500.SH,20250225,1674096.86
510500.SH,20250224,1680856.86
510500.SH,20250221,1705056.86
510500.SH,20250220,1693416.86
510500.SH,20250219,1719736.86
510500.SH,20250218,1722616.86
510500.SH,20250217,1724336.86
510500.SH,20250214,1743896.86
510500.SH,20250213,1737096.86
510500.SH,20250212,1746536.86
510500.SH,20250211,1752896.86
510500.SH,20250210,1765296.86
510500.SH,20250207,1787616.86
510500.SH,20250206,1776096.86
510500.SH,20250205,1761616.86
510500.SH,20250127,1769416.86
510500.SH,20250124,1802496.86
510500.SH,20250123,1768696.86
510500.SH,20250122,1754576.86
510500.SH,20250121,1762456.86
510500.SH,20250120,1776736.86
510500.SH,20250117,1765816.86
510500.SH,20250116,1762376.86
510500.SH,20250115,1760776.86
510500.SH,20250114,1764776.86
510500.SH,20250113,1759936.86
510500.SH,20250110,1741096.86
510500.SH,20250109,1736616.86
510500.SH,20250108,1749176.86
510500.SH,20250107,1757016.86
510500.SH,20250106,1778656.86
510500.SH,20250103,1771856.86
510500.SH,20250102,1755656.86
510500.SH,20241231,1749256.8617
510500.SH,20241230,1799816.86
510500.SH,20241227,1799616.86
510500.SH,20241226,1799256.86
510500.SH,20241225,1800896.86
510500.SH,20241224,1823496.86
510500.SH,20241223,1827336.86
510500.SH,20241220,1830856.86
510500.SH,20241219,1840736.86
510500.SH,20241218,1835056.86
510500.SH,20241217,1840336.86
510500.SH,20241216,1824056.86
510500.SH,20241213,1822176.86
510500.SH,20241212,1844856.86
510500.SH,20241211,1827656.86
510500.SH,20241210,1795216.86
510500.SH,20241209,1765736.86
510500.SH,20241206,1790296.86
510500.SH,20241205,1780896.86
510500.SH,20241204,1780656.86
510500.SH,20241203,1782736.86
510500.SH,20241202,1789056.86
510500.SH,20241129,1795336.86
510500.SH,20241128,1780736.86
510500.SH,20241127,1790656.86
510500.SH,20241126,1777736.86
510500.SH,20241125,1778096.86
510500.SH,20241122,1778496.86
510500.SH,20241121,1772176.86
510500.SH,20241120,1780016.86
510500.SH,20241119,1815616.86
510500.SH,20241118,1838296.86
510500.SH,20241115,1845176.86
510500.SH,20241114,1808096.86
510500.SH,20241113,1803136.86
510500.SH,20241112,1805736.86
510500.SH,20241111,1820496.86
510500.SH,20241108,1852936.86
510500.SH,20241107,1876656.86
510500.SH,20241106,1880216.86
510500.SH,20241105,1888976.86
510500.SH,20241104,1883176.86
510500.SH,20241101,1880976.86
510500.SH,20241031,1886256.86
510500.SH,20241030,1897016.86
510500.SH,20241029,1922816.86
510500.SH,20241028,1951736.86
510500.SH,20241025,1983456.86
510500.SH,20241024,1985176.86
510500.SH,20241023,1990856.86
510500.SH,20241022,1993696.86
510500.SH,20241021,2001656.86
510500.SH,20241018,2030416.86
510500.SH,20241017,1978176.86
510500.SH,20241016,2013536.86
510500.SH,20241015,2021056.86
510500.SH,20241014,2063536.86
510500.SH,20241011,2091576.86
510500.SH,20241010,2105016.86
510500.SH,20241009,2098416.86
510500.SH,20241008,2084976.86
510500.SH,20240930,2121496.8617
510500.SH,20240927,1999576.86
510500.SH,20240926,1987736.86
510500.SH,20240925,1912856.86
510500.SH,20240924,1911136.86
510500.SH,20240923,1861696.86
510500.SH,20240920,1859536.86
510500.SH,20240919,1860376.86
510500.SH,20240918,1839616.86
510500.SH,20240913,1840816.86
510500.SH,20240912,1838736.86
510500.SH,20240911,1836336.86
510500.SH,20240910,1836336.86
510500.SH,20240909,1839456.86
510500.SH,20240906,1835056.86
510500.SH,20240905,1840496.86
510500.SH,20240904,1838136.86
510500.SH,20240903,1835056.86
510500.SH,20240902,1847016.86
510500.SH,20240830,1870296.86
510500.SH,20240829,1842416.86
510500.SH,20240828,1823296.86
510500.SH,20240827,1809576.86
510500.SH,20240826,1805896.86
510500.SH,20240823,1806696.86
510500.SH,20240822,1799656.86
510500.SH,20240821,1781296.86
510500.SH,20240820,1777696.86
510500.SH,20240819,1795216.86
510500.SH,20240816,1782496.86
510500.SH,20240815,1734656.86
510500.SH,20240814,1708016.86
510500.SH,20240813,1716816.86
510500.SH,20240812,1716176.86
510500.SH,20240809,1709576.86
510500.SH,20240808,1716416.86
510500.SH,20240807,1711456.86
510500.SH,20240806,1716656.86
510500.SH,20240805,1722296.86
510500.SH,20240802,1724496.86
510500.SH,20240801,1723896.86
510500.SH,20240731,1718696.86
510500.SH,20240730,1683256.86
510500.SH,20240729,1676016.86
510500.SH,20240726,1680016.86
510500.SH,20240725,1681336.86
510500.SH,20240724,1678456.86
510500.SH,20240723,1662136.86
510500.SH,20240722,1655896.86
510500.SH,20240719,1646256.86
510500.SH,20240718,1603336.86
510500.SH,20240717,1578616.86
510500.SH,20240716,1534296.86
510500.SH,20240715,1527096.86
510500.SH,20240712,1510736.86
510500.SH,20240711,1510016.86
510500.SH,20240710,1505976.86
510500.SH,20240709,1501176.86
510500.SH,20240708,1487056.86
510500.SH,20240705,1478856.86
510500.SH,20240704,1476976.86
510500.SH,20240703,1455136.86
510500.SH,20240702,1456776.86
510500.SH,20240701,1461416.86
510500.SH,20240630,1477376.8617
510500.SH,20240628,1477376.86
510500.SH,20240627,1476976.86
510500.SH,20240626,1452336.86
510500.SH,20240625,1457136.86
510500.SH,20240624,1441736.86
510500.SH,20240621,1383376.86
510500.SH,20240620,1377936.86
510500.SH,20240619,1377216.86
510500.SH,20240618,1376776.86
510500.SH,20240617,1367576.86
510500.SH,20240614,1365416.86
510500.SH,20240613,1347056.86
510500.SH,20240612,1345416.86
510500.SH,20240611,1349016.86
510500.SH,20240607,1344976.86
510500.SH,20240606,1344336.86
510500.SH,20240605,1341136.86
510500.SH,20240604,1347896.86
510500.SH,20240603,1347776.86
510500.SH,20240531,1358936.86
510500.SH,20240530,1355856.86
510500.SH,20240529,1346696.86
510500.SH,20240528,1335936.86
510500.SH,20240527,1346496.86
510500.SH,20240524,1356736.86
510500.SH,20240523,1355616.86
510500.SH,20240522,1378176.86
510500.SH,20240521,1386456.86
510500.SH,20240520,1400136.86
510500.SH,20240517,1417336.86
510500.SH,20240516,1386656.86
510500.SH,20240515,1384776.86
510500.SH,20240514,1393536.86
510500.SH,20240513,1406936.86
510500.SH,20240510,1423256.86
510500.SH,20240509,1456856.86
510500.SH,20240508,1452136.86
510500.SH,20240507,1477696.86
510500.SH,20240506,1485456.86
510500.SH,20240430,1474296.86
510500.SH,20240429,1470856.86
510500.SH,20240426,1443096.86
510500.SH,20240425,1383096.86
510500.SH,20240424,1380976.86
510500.SH,20240423,1381576.86
510500.SH,20240422,1379576.86
510500.SH,20240419,1381376.86
510500.SH,20240418,1399056.86
510500.SH,20240417,1396936.86
510500.SH,20240416,1394656.86
510500.SH,20240415,1393576.86
510500.SH,20240412,1385496.86
510500.SH,20240411,1400896.86
510500.SH,20240410,1387536.86
510500.SH,20240409,1396256.86
510500.SH,20240408,1403376.86
510500.SH,20240403,1423816.86
510500.SH,20240402,1453056.86
510500.SH,20240401,1472496.86
510500.SH,20240331,1456816.8617
510500.SH,20240329,1456816.86
510500.SH,20240328,1463976.86
510500.SH,20240327,1472656.86
510500.SH,20240326,1476176.86
510500.SH,20240325,1454216.86
510500.SH,20240322,1458816.86
510500.SH,20240321,1464976.86
510500.SH,20240320,1469576.86
510500.SH,20240319,1465616.86
510500.SH,20240318,1466856.86
510500.SH,20240315,1470216.86
510500.SH,20240314,1490136.86
510500.SH,20240313,1495296.86
510500.SH,20240312,1501696.86
510500.SH,20240311,1486216.86
510500.SH,20240308,1481576.86
510500.SH,20240307,1473896.86
510500.SH,20240306,1475096.86
510500.SH,20240305,1464256.86
510500.SH,20240304,1387056.86
510500.SH,20240301,1412096.86
510500.SH,20240229,1413696.86
510500.SH,20240228,1381136.86
510500.SH,20240227,1364016.86
510500.SH,20240226,1351616.86
510500.SH,20240223,1353096.86
510500.SH,20240222,1360536.86
510500.SH,20240221,1366456.86
510500.SH,20240220,1366936.86
510500.SH,20240219,1396216.86
510500.SH,20240208,1373376.86
510500.SH,20240207,1276656.86
510500.SH,20240206,1203616.86
510500.SH,20240205,1139896.86
510500.SH,20240202,832496.86
510500.SH,20240201,831536.86
510500.SH,20240131,820136.86
510500.SH,20240130,798656.86
510500.SH,20240129,796056.86
510500.SH,20240126,795976.86
510500.SH,20240125,811176.86
510500.SH,20240124,808816.86
510500.SH,20240123,812496.86
510500.SH,20240122,800056.86
510500.SH,20240119,789536.86
510500.SH,20240118,801256.86
510500.SH,20240117,793936.86
510500.SH,20240116,800376.86
510500.SH,20240115,801536.86
510500.SH,20240112,799896.86
510500.SH,20240111,805296.86
510500.SH,20240110,800176.86
510500.SH,20240109,799536.86
510500.SH,20240108,802536.86
510500.SH,20240105,810856.86
510500.SH,20240104,810496.86
510500.SH,20240103,823096.86
510500.SH,20240102,830096.86
510500.SH,20231231,846256.8617
510500.SH,20231229,846256.86
510500.SH,20231228,842736.86
510500.SH,20231227,833736.86
510500.SH,20231226,842896.86
510500.SH,20231225,841976.86
510500.SH,20231222,832896.86
510500.SH,20231221,823256.86
510500.SH,20231220,809736.86
510500.SH,20231219,805376.86
510500.SH,20231218,795856.86
510500.SH,20231215,788296.86
510500.SH,20231214,795576.86
510500.SH,20231213,789976.86
510500.SH,20231212,790936.86
510500.SH,20231211,791016.86
510500.SH,20231208,773336.86
510500.SH,20231207,763256.86
510500.SH,20231206,756776.86
510500.SH,20231205,746056.86
510500.SH,20231204,738976.86
510500.SH,20231201,743696.86
510500.SH,20231130,748656.86
510500.SH,20231129,754496.86
510500.SH,20231128,757976.86
510500.SH,20231127,766936.86
510500.SH,20231124,771216.86
510500.SH,20231123,792696.86
510500.SH,20231122,790016.86
510500.SH,20231121,783456.86
510500.SH,20231120,784216.86
510500.SH,20231117,790256.86
510500.SH,20231116,800136.86
510500.SH,20231115,795096.86
510500.SH,20231114,799616.86
510500.SH,20231113,809976.86
510500.SH,20231110,820696.86
510500.SH,20231109,829456.86
510500.SH,20231108,837256.86
510500.SH,20231107,845616.86
510500.SH,20231106,855176.86
510500.SH,20231103,870016.86
510500.SH,20231102,859776.86
510500.SH,20231101,855936.86
510500.SH,20231031,857736.86
510500.SH,20231030,861696.86
510500.SH,20231027,880176.86
510500.SH,20231026,887896.86
510500.SH,20231025,894416.86
510500.SH,20231024,904496.86
510500.SH,20231023,933096.86
510500.SH,20231020,954776.86
510500.SH,20231019,955656.86
510500.SH,20231018,954416.86
510500.SH,20231017,949776.86
510500.SH,20231016,957256.86
510500.SH,20231013,960056.86
510500.SH,20231012,959616.86
510500.SH,20231011,969896.86
510500.SH,20231010,990856.86
510500.SH,20231009,990656.86
510500.SH,20230930,995336.8617
510500.SH,20230928,995336.86
510500.SH,20230927,1005616.86
510500.SH,20230926,986456.86
510500.SH,20230925,975056.86
510500.SH,20230922,988856.86
510500.SH,20230921,974736.86
510500.SH,20230920,970936.86
510500.SH,20230919,953136.86
510500.SH,20230918,947056.86
510500.SH,20230915,900696.86
510500.SH,20230914,895016.86
510500.SH,20230913,901056.86
510500.SH,20230912,913456.86
510500.SH,20230911,919776.86
510500.SH,20230908,931696.86
510500.SH,20230907,951456.86
510500.SH,20230906,969936.86
510500.SH,20230905,970736.86
510500.SH,20230904,989336.86
510500.SH,20230901,982376.86
510500.SH,20230831,987616.86
510500.SH,20230830,985976.86
510500.SH,20230829,996776.86
510500.SH,20230828,914376.86
510500.SH,20230825,909376.86
510500.SH,20230824,904696.86
510500.SH,20230823,905936.86
510500.SH,20230822,908176.86
510500.SH,20230821,914136.86
510500.SH,20230818,898296.86
510500.SH,20230817,889016.86
510500.SH,20230816,874056.86
510500.SH,20230815,865376.86
510500.SH,20230814,867656.86
510500.SH,20230811,857576.86
510500.SH,20230810,861776.86
510500.SH,20230809,858456.86
510500.SH,20230808,828536.86
510500.SH,20230807,814816.86
510500.SH,20230804,786216.86
510500.SH,20230803,784416.86
510500.SH,20230802,797336.86
510500.SH,20230801,799296.86
510500.SH,20230731,796216.86
510500.SH,20230728,788416.86
510500.SH,20230727,783616.86
510500.SH,20230726,783176.86
510500.SH,20230725,782016.86
510500.SH,20230724,778096.86
510500.SH,20230721,776016.86
510500.SH,20230720,759416.86
510500.SH,20230719,744176.86
510500.SH,20230718,744576.86
510500.SH,20230717,749416.86
510500.SH,20230714,759096.86
510500.SH,20230713,759016.86
510500.SH,20230712,750416.86
510500.SH,20230711,750216.86
510500.SH,20230710,749616.86
510500.SH,20230707,751776.86
510500.SH,20230706,754656.86
510500.SH,20230705,764096.86
510500.SH,20230704,776336.86
510500.SH,20230703,788056.86
510500.SH,20230630,794896.8617
510500.SH,20230629,797216.86
510500.SH,20230628,807456.86
510500.SH,20230627,816136.86
510500.SH,20230626,836816.86
510500.SH,20230621,811216.86
510500.SH,20230620,809376.86
510500.SH,20230619,809696.86
510500.SH,20230616,811616.86
510500.SH,20230615,813576.86
510500.SH,20230614,812336.86
510500.SH,20230613,812376.86
510500.SH,20230612,810376.86
510500.SH,20230609,806656.86
510500.SH,20230608,801976.86
510500.SH,20230607,801136.86
510500.SH,20230606,797256.86
510500.SH,20230605,795016.86
510500.SH,20230602,794656.86
510500.SH,20230601,781296.86
510500.SH,20230531,768736.86
510500.SH,20230530,772296.86
510500.SH,20230529,766696.86
510500.SH,20230526,775576.86
510500.SH,20230525,772776.86
510500.SH,20230524,768696.86
510500.SH,20230523,755096.86
510500.SH,20230522,755456.86
510500.SH,20230519,754456.86
510500.SH,20230518,747136.86
510500.SH,20230517,754336.86
510500.SH,20230516,748456.86
510500.SH,20230515,747936.86
510500.SH,20230512,741016.86
510500.SH,20230511,740216.86
510500.SH,20230510,741536.86
510500.SH,20230509,731576.86
510500.SH,20230508,743976.86
510500.SH,20230505,749456.86
510500.SH,20230504,755016.86
510500.SH,20230428,760336.86
510500.SH,20230427,753096.86
510500.SH,20230426,744496.86
510500.SH,20230425,742136.86
510500.SH,20230424,731896.86
510500.SH,20230421,725296.86
510500.SH,20230420,720336.86
510500.SH,20230419,720936.86
510500.SH,20230418,721776.86
510500.SH,20230417,733976.86
510500.SH,20230414,736896.86
510500.SH,20230413,741296.86
510500.SH,20230412,750656.86
510500.SH,20230411,779776.86
510500.SH,20230410,759256.86
510500.SH,20230407,761176.86
510500.SH,20230406,763896.86
510500.SH,20230404,780056.86
510500.SH,20230403,777936.86
510500.SH,20230331,784976.8617
510500.SH,20230330,765056.86
510500.SH,20230329,736016.86
510500.SH,20230328,728256.86
510500.SH,20230327,735336.86
510500.SH,20230324,748096.86
510500.SH,20230323,751496.86
510500.SH,20230322,757816.86
510500.SH,20230321,759656.86
510500.SH,20230320,750576.86
510500.SH,20230317,747456.86
510500.SH,20230316,724456.86
510500.SH,20230315,713616.86
510500.SH,20230314,718856.86
510500.SH,20230313,720536.86
510500.SH,20230310,723856.86
510500.SH,20230309,723096.86
510500.SH,20230308,735576.86
510500.SH,20230307,726856.86
510500.SH,20230306,735016.86
510500.SH,20230303,753096.86
510500.SH,20230302,769256.86
510500.SH,20230301,775376.86
510500.SH,20230228,774256.86
510500.SH,20230227,771816.86
510500.SH,20230224,784296.86
510500.SH,20230223,793776.86
510500.SH,20230222,816216.86
510500.SH,20230221,828656.86
510500.SH,20230220,834816.86
510500.SH,20230217,869656.86
510500.SH,20230216,867816.86
510500.SH,20230215,866656.86
510500.SH,20230214,880576.86
510500.SH,20230213,895176.86
510500.SH,20230210,929776.86
510500.SH,20230209,961416.86
510500.SH,20230208,949896.86
510500.SH,20230207,984296.86
510500.SH,20230206,1027336.86
510500.SH,20230203,1038176.86
510500.SH,20230202,1046536.86
510500.SH,20230201,1063856.86
510500.SH,20230131,1088336.86
510500.SH,20230130,1078176.86
510500.SH,20230120,1068656.86
510500.SH,20230119,1055576.86
510500.SH,20230118,1043776.86
510500.SH,20230117,1033576.86
510500.SH,20230116,1025696.86
510500.SH,20230113,1012136.86
510500.SH,20230112,1010896.86
510500.SH,20230111,1008776.86
510500.SH,20230110,1009216.86
510500.SH,20230109,1009776.86
510500.SH,20230106,1018016.86
510500.SH,20230105,1018176.86
510500.SH,20230104,1014576.86
510500.SH,20230103,1022856.86
510500.SH,20221231,1025136.8617
510500.SH,20221230,1025136.86
510500.SH,20221229,1027776.86
510500.SH,20221228,1027296.86
510500.SH,20221227,1030656.86
510500.SH,20221226,1046336.86
510500.SH,20221223,1028416.86
510500.SH,20221222,1001856.86
510500.SH,20221221,1000096.86
510500.SH,20221220,998056.86
510500.SH,20221219,975776.86
510500.SH,20221216,937496.86
510500.SH,20221215,925376.86
510500.SH,20221214,920976.86
510500.SH,20221213,916976.86
510500.SH,20221212,910416.86
510500.SH,20221209,912736.86
510500.SH,20221208,909376.86
510500.SH,20221207,910016.86
510500.SH,20221206,913176.86
510500.SH,20221205,915256.86
510500.SH,20221202,939496.86
510500.SH,20221201,938976.86
510500.SH,20221130,932496.86
510500.SH,20221129,932096.86
510500.SH,20221128,920296.86
510500.SH,20221125,905856.86
510500.SH,20221124,891616.86
510500.SH,20221123,886696.86
510500.SH,20221122,862336.86
510500.SH,20221121,866016.86
510500.SH,20221118,844176.86
510500.SH,20221117,813296.86
510500.SH,20221116,799816.86
510500.SH,20221115,797216.86
510500.SH,20221114,793616.86
510500.SH,20221111,789936.86
510500.SH,20221110,769496.86
510500.SH,20221109,767336.86
510500.SH,20221108,770016.86
510500.SH,20221107,766456.86
510500.SH,20221104,769576.86
510500.SH,20221103,757856.86
510500.SH,20221102,753576.86
510500.SH,20221101,751056.86
510500.SH,20221031,727256.86
510500.SH,20221028,724616.86
510500.SH,20221027,728096.86
510500.SH,20221026,718896.86
510500.SH,20221025,718496.86
510500.SH,20221024,706176.86
510500.SH,20221021,704736.86
510500.SH,20221020,707576.86
510500.SH,20221019,710456.86
510500.SH,20221018,710376.86
510500.SH,20221017,716896.86
510500.SH,20221014,717256.86
510500.SH,20221013,709776.86
510500.SH,20221012,711536.86
510500.SH,20221011,702776.86
510500.SH,20221010,683576.86
510500.SH,20220930,677776.8617
510500.SH,20220929,673456.86
510500.SH,20220928,660016.86
510500.SH,20220927,664056.86
510500.SH,20220926,655416.86
510500.SH,20220923,631136.86
510500.SH,20220922,630376.86
510500.SH,20220921,628216.86
510500.SH,20220920,627296.86
510500.SH,20220919,630696.86
510500.SH,20220916,635736.86
510500.SH,20220915,634656.86
510500.SH,20220914,631376.86
510500.SH,20220913,621656.86
510500.SH,20220909,622216.86
510500.SH,20220908,618816.86
510500.SH,20220907,621416.86
510500.SH,20220906,620616.86
510500.SH,20220905,621616.86
510500.SH,20220902,626656.86
510500.SH,20220901,614336.86
510500.SH,20220831,613136.86
510500.SH,20220830,599816.86
510500.SH,20220829,603696.86
510500.SH,20220826,592576.8617
510500.SH,20220825,516859.72
510500.SH,20220824,522911.72
510500.SH,20220823,528196.72
510500.SH,20220822,532571.72
510500.SH,20220819,532921.72
510500.SH,20220818,533166.72
510500.SH,20220817,531451.72
510500.SH,20220816,530471.72
510500.SH,20220815,529036.72
510500.SH,20220812,517661.72
510500.SH,20220811,515841.72
510500.SH,20220810,512131.72
510500.SH,20220809,513986.72
510500.SH,20220808,518921.72
510500.SH,20220805,522246.72
510500.SH,20220804,522666.72
510500.SH,20220803,529596.72
510500.SH,20220802,530856.72
510500.SH,20220801,518991.72
510500.SH,20220729,519656.72
510500.SH,20220728,523016.72
510500.SH,20220727,523401.72
510500.SH,20220726,523821.72
510500.SH,20220725,523786.72
510500.SH,20220722,531136.72
510500.SH,20220721,540866.72
510500.SH,20220720,541146.72
510500.SH,20220719,538731.72
510500.SH,20220718,543106.72
510500.SH,20220715,540306.72
510500.SH,20220714,540831.72
510500.SH,20220713,530926.72
510500.SH,20220712,538206.72
510500.SH,20220711,539291.72
510500.SH,20220708,539396.72
510500.SH,20220707,542861.72
510500.SH,20220706,547901.72
510500.SH,20220705,545521.72
510500.SH,20220704,559871.72
510500.SH,20220701,575901.72
510500.SH,20220630,576776.7244
510500.SH,20220629,580696.72
510500.SH,20220628,578421.72
510500.SH,20220627,575061.72
510500.SH,20220624,584301.72
510500.SH,20220623,581536.72
510500.SH,20220622,571981.72
510500.SH,20220621,584231.72
510500.SH,20220620,583181.72
510500.SH,20220617,591686.72
510500.SH,20220616,591721.72
510500.SH,20220615,587906.72
510500.SH,20220614,586681.72
510500.SH,20220613,588466.72
510500.SH,20220610,591581.72
510500.SH,20220609,578771.72
510500.SH,20220608,584476.72
510500.SH,20220607,589166.72
510500.SH,20220606,595221.72
510500.SH,20220602,580626.72
510500.SH,20220601,574746.72
510500.SH,20220531,579016.72
510500.SH,20220530,565436.72
510500.SH,20220527,569671.72
510500.SH,20220526,569426.72
510500.SH,20220525,567886.72
510500.SH,20220524,573556.72
510500.SH,20220523,580976.72
510500.SH,20220520,587171.72
510500.SH,20220519,587381.72
510500.SH,20220518,585316.72
510500.SH,20220517,591791.72
510500.SH,20220516,586051.72
510500.SH,20220513,595991.72
510500.SH,20220512,599736.72
510500.SH,20220511,599771.72
510500.SH,20220510,590951.72
510500.SH,20220509,584861.72
510500.SH,20220506,601661.72
510500.SH,20220505,619266.72
510500.SH,20220429,618496.72
510500.SH,20220428,607576.72
510500.SH,20220427,626161.72
510500.SH,20220426,609851.72
510500.SH,20220425,590881.72
510500.SH,20220422,581571.72
510500.SH,20220421,588011.72
510500.SH,20220420,582621.72
510500.SH,20220419,585841.72
510500.SH,20220418,585176.72
510500.SH,20220415,575446.72
510500.SH,20220414,573626.72
510500.SH,20220413,574396.72
510500.SH,20220412,574221.72
510500.SH,20220411,556651.72
510500.SH,20220408,558681.72
510500.SH,20220407,563791.72
510500.SH,20220406,573276.72
510500.SH,20220401,577791.72
510500.SH,20220331,566486.7244
510500.SH,20220330,565121.72
510500.SH,20220329,552801.72
510500.SH,20220328,555741.72
510500.SH,20220325,554096.72
510500.SH,20220324,557771.72
510500.SH,20220323,558646.72
510500.SH,20220322,563266.72
510500.SH,20220321,569251.72
510500.SH,20220318,601591.72
510500.SH,20220317,606316.72
510500.SH,20220316,618531.72
510500.SH,20220315,617481.72
510500.SH,20220314,630326.72
510500.SH,20220311,620351.72
510500.SH,20220310,621226.72
510500.SH,20220309,643031.72
510500.SH,20220308,679536.72
510500.SH,20220307,705996.72
510500.SH,20220304,705226.72
510500.SH,20220303,696581.72
510500.SH,20220302,703721.72
510500.SH,20220301,708551.72
510500.SH,20220228,718281.72
510500.SH,20220225,721956.72
510500.SH,20220224,715516.72
510500.SH,20220223,694481.72
510500.SH,20220222,706136.72
510500.SH,20220221,705016.72
510500.SH,20220218,713346.72
510500.SH,20220217,713101.72
510500.SH,20220216,714326.72
510500.SH,20220215,716601.72
510500.SH,20220214,716496.72
510500.SH,20220211,699416.72
510500.SH,20220210,692171.72
510500.SH,20220209,694656.72
510500.SH,20220208,699101.72
510500.SH,20220207,695601.72
510500.SH,20220128,715621.72
510500.SH,20220127,735466.72
510500.SH,20220126,739981.72
510500.SH,20220125,737811.72
510500.SH,20220124,728956.72
510500.SH,20220121,720346.72
510500.SH,20220120,693606.72
510500.SH,20220119,681006.72
510500.SH,20220118,673201.72
510500.SH,20220117,678031.72
510500.SH,20220114,669911.72
510500.SH,20220113,658116.72
510500.SH,20220112,648421.72
510500.SH,20220111,647546.72
510500.SH,20220110,643486.72
510500.SH,20220107,643731.72
510500.SH,20220106,642506.72
510500.SH,20220105,652426.72
510500.SH,20220104,651466.72
510500.SH,20260730,598816.86
510500.SH,20260729,623496.86
510500.SH,20260728,565416.86
510500.SH,20260727,613656.86
510500.SH,20260724,568056.86
510500.SH,20260723,573376.86
510500.SH,20260722,578696.86
510500.SH,20260721,614056.86
510500.SH,20260720,617256.86
510500.SH,20260717,592376.86
510500.SH,20260716,572216.86
510500.SH,20260715,543656.86
510500.SH,20260714,547856.86
510500.SH,20260713,525256.86
510500.SH,20260710,453656.86
510500.SH,20260709,468056.86
510500.SH,20260708,462136.86
510500.SH,20260707,446496.86
510500.SH,20260706,437696.86
510500.SH,20260703,431776.86
510500.SH,20260702,434856.86
510500.SH,20260701,410896.86
510500.SH,20260630,414856.86
510500.SH,20260629,413936.86
510500.SH,20260626,417656.86
510500.SH,20260625,426656.86
510500.SH,20260624,432136.86
510500.SH,20260623,432576.86
510500.SH,20260622,446376.86
510500.SH,20260618,458216.86
510500.SH,20260617,457856.86
510500.SH,20260616,458696.86
510500.SH,20260615,469856.86
510500.SH,20260612,445336.86
510500.SH,20260611,435016.86
510500.SH,20260610,432736.86
510500.SH,20260609,437936.86
510500.SH,20260608,459336.86
510500.SH,20260605,449336.86
510500.SH,20260604,467216.86
510500.SH,20260603,470096.86
510500.SH,20260602,474296.86
510500.SH,20260601,458576.86
510500.SH,20260529,433496.86
510500.SH,20260528,433216.86
510500.SH,20260527,435416.86
510500.SH,20260526,434376.86
510500.SH,20260525,435816.86
510500.SH,20260522,478216.86
510500.SH,20260521,450536.86
510500.SH,20260520,439496.86
510500.SH,20260519,471296.86
510500.SH,20260518,512816.86
510500.SH,20260515,523536.86
510500.SH,20260514,503096.86
510500.SH,20260513,529376.86
510500.SH,20260512,537296.86
510500.SH,20260511,557816.86
510500.SH,20260508,601416.86
510500.SH,20260507,681576.86
510500.SH,20260506,756736.86
510500.SH,20260430,747656.86
510500.SH,20260429,804496.86
510500.SH,20260428,781696.86
510500.SH,20260427,819576.86
510500.SH,20260424,843536.86
510500.SH,20260423,853936.86
510500.SH,20260422,892896.86
510500.SH,20260421,915016.86
510500.SH,20260420,939296.86
510500.SH,20260417,976296.86
510500.SH,20260416,989776.86
510500.SH,20260415,985776.86
510500.SH,20260414,979256.86
510500.SH,20260413,996616.86
510500.SH,20260410,1022896.86
510500.SH,20260409,1015296.86
510500.SH,20260408,1057576.86
510500.SH,20260407,963816.86
510500.SH,20260403,944416.86
510500.SH,20260402,931536.86
510500.SH,20260401,960696.86
510500.SH,20260331,943656.86
510500.SH,20260330,938336.86
510500.SH,20260327,961296.86
510500.SH,20260326,947656.86
510500.SH,20260325,961016.86
510500.SH,20260324,967016.86
510500.SH,20260323,963136.86
510500.SH,20260320,967176.86
510500.SH,20260319,931536.86
510500.SH,20260318,934416.86
510500.SH,20260317,924136.86
510500.SH,20260316,920416.86
510500.SH,20260313,911736.86
510500.SH,20260312,909976.86
510500.SH,20260311,931176.86
510500.SH,20260310,954296.86
510500.SH,20260309,941256.86
510500.SH,20260306,941016.86
510500.SH,20260305,937856.86
510500.SH,20260304,975216.86
510500.SH,20260303,962576.86
510500.SH,20260302,983696.86
510500.SH,20260227,1030336.86
510500.SH,20260226,1042696.86
510500.SH,20260225,1107656.86
510500.SH,20260224,1091056.86
510500.SH,20260213,1089896.86
510500.SH,20260212,1157176.86
510500.SH,20260211,1143936.86
510500.SH,20260210,1139496.86
510500.SH,20260209,1156536.86
510500.SH,20260206,1128256.86
510500.SH,20260205,1100816.86
510500.SH,20260204,1139136.86
510500.SH,20260203,1159096.86
510500.SH,20260202,1116056.86
510500.SH,20260130,1260656.86
510500.SH,20260129,1336056.86
510500.SH,20260128,1403176.86
510500.SH,20260127,1505816.86
510500.SH,20260126,1519056.86
510500.SH,20260123,1635536.86
510500.SH,20260122,1615856.86
510500.SH,20260121,1618816.86
510500.SH,20260120,1614296.86
510500.SH,20260119,1724616.86
510500.SH,20260116,1762056.86
510500.SH,20260115,1872936.86
510500.SH,20260114,1956296.86
510500.SH,20260113,1953936.86
510500.SH,20260112,1955296.86
510500.SH,20260109,1952176.86
510500.SH,20260108,1935856.86
510500.SH,20260107,1949176.86
510500.SH,20260106,1955936.86
510500.SH,20260105,1943176.86
159919.SZ,20211231,459651.6676
159919.SZ,20211230,457761.6676
159919.SZ,20211229,452541.6676
159919.SZ,20211228,449931.6676
159919.SZ,20211227,445521.6676
159919.SZ,20211224,443001.6676
159919.SZ,20211223,443541.6676
159919.SZ,20211222,441741.6676
159919.SZ,20211221,431661.6676
159919.SZ,20211220,428061.6676
159919.SZ,20211217,422391.6676
159919.SZ,20211216,422301.6676
159919.SZ,20211215,412311.6676
159919.SZ,20211214,409611.6676
159919.SZ,20211213,410601.6676
159919.SZ,20211210,396921.6676
159919.SZ,20211209,395751.6676
159919.SZ,20211208,395481.6676
159919.SZ,20211207,395121.6676
159919.SZ,20211206,399171.6676
159919.SZ,20211203,398991.6676
159919.SZ,20211202,387471.6676
159919.SZ,20211201,381801.6676
159919.SZ,20211130,378741.6676
159919.SZ,20211129,374691.6676
159919.SZ,20211126,373791.6676
159919.SZ,20211125,374241.6676
159919.SZ,20211124,374331.6676
159919.SZ,20211123,379911.6676
159919.SZ,20211122,384501.6676
159919.SZ,20211119,384681.6676
159919.SZ,20211118,388371.6676
159919.SZ,20211117,384051.6676
159919.SZ,20211116,383331.6676
159919.SZ,20211115,383151.6676
159919.SZ,20211112,383151.6676
159919.SZ,20211111,383601.6676
159919.SZ,20211110,384321.6676
159919.SZ,20211109,379371.6676
159919.SZ,20211108,378921.6676
159919.SZ,20211105,375771.6676
159919.SZ,20211104,377211.6676
159919.SZ,20211103,377301.6676
159919.SZ,20211102,376491.6676
159919.SZ,20211101,376491.6676
159919.SZ,20211029,375501.6676
159919.SZ,20211028,372441.6676
159919.SZ,20211027,372711.6676
159919.SZ,20211026,376851.6676
159919.SZ,20211025,377031.6676
159919.SZ,20211022,376941.6676
159919.SZ,20211021,377391.6676
159919.SZ,20211020,377571.6676
159919.SZ,20211019,382701.6676
159919.SZ,20211018,383421.6676
159919.SZ,20211015,383241.6676
159919.SZ,20211014,384501.6676
159919.SZ,20211013,385041.6676
159919.SZ,20211012,386301.6676
159919.SZ,20211011,387921.6676
159919.SZ,20211008,388371.6676
159919.SZ,20210930,388371.6676
159919.SZ,20210929,387921.6676
159919.SZ,20210928,386571.6676
159919.SZ,20210927,386211.6676
159919.SZ,20210924,383511.6676
159919.SZ,20210923,386211.6676
159919.SZ,20210922,385401.6676
159919.SZ,20210918,385401.6676
159919.SZ,20210917,377391.6676
159919.SZ,20210916,370821.6676
159919.SZ,20210915,369741.6676
159919.SZ,20210914,367221.6676
159919.SZ,20210913,368931.6676
159919.SZ,20210910,367581.6676
159919.SZ,20210909,369291.6676
159919.SZ,20210908,369021.6676
159919.SZ,20210907,370191.6676
159919.SZ,20210906,371181.6676
159919.SZ,20210903,369741.6676
159919.SZ,20210902,368661.6676
159919.SZ,20210901,366771.6676
159919.SZ,20210831,366771.6676
159919.SZ,20210830,369561.6676
159919.SZ,20210827,366951.6676
159919.SZ,20210826,365331.6676
159919.SZ,20210825,368211.6676
159919.SZ,20210824,371991.6676
159919.SZ,20210823,371991.6676
159919.SZ,20210820,365961.6676
159919.SZ,20210819,368211.6676
159919.SZ,20210818,367491.6676
159919.SZ,20210817,365781.6676
159919.SZ,20210816,365781.6676
159919.SZ,20210813,364251.6676
159919.SZ,20210812,363351.6676
159919.SZ,20210811,366321.6676
159919.SZ,20210810,370461.6676
159919.SZ,20210809,369741.6676
159919.SZ,20210806,368841.6676
159919.SZ,20210805,370641.6676
159919.SZ,20210804,374511.6676
159919.SZ,20210803,377931.6676
159919.SZ,20210802,379461.6676
159919.SZ,20210730,383241.6676
159919.SZ,20210729,399801.6676
159919.SZ,20210728,397281.6676
159919.SZ,20210727,397191.6676
159919.SZ,20210726,398001.6676
159919.SZ,20210723,398721.6676
159919.SZ,20210722,399531.6676
159919.SZ,20210721,405651.6676
159919.SZ,20210720,405561.6676
159919.SZ,20210719,406461.6676
159919.SZ,20210716,413931.6676
159919.SZ,20210715,413751.6676
159919.SZ,20210714,418431.6676
159919.SZ,20210713,418701.6676
159919.SZ,20210712,421581.6676
159919.SZ,20210709,425091.6676
159919.SZ,20210708,425631.6676
159919.SZ,20210707,428961.6676
159919.SZ,20210706,428781.6676
159919.SZ,20210705,428241.6676
159919.SZ,20210702,427971.6676
159919.SZ,20210701,434001.6676
159919.SZ,20210630,434001.6676
159919.SZ,20210629,435711.6676
159919.SZ,20210628,438141.6676
159919.SZ,20210625,437151.6676
159919.SZ,20210624,436611.6676
159919.SZ,20210623,437511.6676
159919.SZ,20210622,446601.6676
159919.SZ,20210621,445701.6676
159919.SZ,20210618,446691.6676
159919.SZ,20210617,446241.6676
159919.SZ,20210616,445251.6676
159919.SZ,20210615,446061.6676
159919.SZ,20210611,444801.6676
159919.SZ,20210610,443001.6676
159919.SZ,20210609,438321.6676
159919.SZ,20210608,436791.6676
159919.SZ,20210607,435441.6676
159919.SZ,20210604,435171.6676
159919.SZ,20210603,437601.6676
159919.SZ,20210602,442911.6676
159919.SZ,20210601,446331.6676
159919.SZ,20210531,444351.6676
159919.SZ,20210528,444621.6676
159919.SZ,20210527,443541.6676
159919.SZ,20210526,444981.6676
159919.SZ,20210525,436341.6676
159919.SZ,20210524,437241.6676
159919.SZ,20210521,438051.6676
159919.SZ,20210520,438141.6676
159919.SZ,20210519,438681.6676
159919.SZ,20210518,436881.6676
159919.SZ,20210517,432921.6676
159919.SZ,20210514,425901.6676
159919.SZ,20210513,421941.6676
159919.SZ,20210512,421311.6676
159919.SZ,20210511,418431.6676
159919.SZ,20210510,413571.6676
159919.SZ,20210507,411141.6676
159919.SZ,20210506,406911.6676
159919.SZ,20210430,402861.6676
159919.SZ,20210429,399801.6676
159919.SZ,20210428,401961.6676
159919.SZ,20210427,401061.6676
159919.SZ,20210426,405921.6676
159919.SZ,20210423,397551.6676
159919.SZ,20210422,411231.6676
159919.SZ,20210421,416811.6676
159919.SZ,20210420,422391.6676
159919.SZ,20210419,435351.6676
159919.SZ,20210416,435621.6676
159919.SZ,20210415,439311.6676
159919.SZ,20210414,438861.6676
159919.SZ,20210413,431571.6676
159919.SZ,20210412,424461.6676
159919.SZ,20210409,422661.6676
159919.SZ,20210408,422661.6676
159919.SZ,20210407,423111.6676
159919.SZ,20210406,424731.6676
159919.SZ,20210402,426351.6676
159919.SZ,20210401,429411.6676
159919.SZ,20210331,429411.6676
159919.SZ,20210330,429951.6676
159919.SZ,20210329,433821.6676
159919.SZ,20210326,427161.6676
159919.SZ,20210325,427071.6676
159919.SZ,20210324,421851.6676
159919.SZ,20210323,420951.6676
159919.SZ,20210322,415011.6676
159919.SZ,20210319,408441.6676
159919.SZ,20210318,405381.6676
159919.SZ,20210317,407091.6676
159919.SZ,20210316,405381.6676
159919.SZ,20210315,405201.6676
159919.SZ,20210312,414291.6676
159919.SZ,20210311,425901.6676
159919.SZ,20210310,425271.6676
159919.SZ,20210309,410691.6676
159919.SZ,20210308,408981.6676
159919.SZ,20210305,404211.6676
159919.SZ,20210304,403041.6676
159919.SZ,20210303,403671.6676
159919.SZ,20210302,405201.6676
159919.SZ,20210301,416811.6676
159919.SZ,20210226,413751.6676
159919.SZ,20210225,422391.6676
159919.SZ,20210224,414921.6676
159919.SZ,20210223,407091.6676
159919.SZ,20210222,410511.6676
159919.SZ,20210219,409341.6676
159919.SZ,20210218,400611.6676
159919.SZ,20210210,402141.6676
159919.SZ,20210209,411591.6676
159919.SZ,20210208,417891.6676
159919.SZ,20210205,422391.6676
159919.SZ,20210204,419241.6676
159919.SZ,20210203,434361.6676
159919.SZ,20210202,452361.6676
159919.SZ,20210201,443991.6676
159919.SZ,20210129,435261.6676
159919.SZ,20210128,428601.6676
159919.SZ,20210127,435981.6676
159919.SZ,20210126,434541.6676
159919.SZ,20210125,449211.6676
159919.SZ,20210122,465411.6676
159919.SZ,20210121,477021.6676
159919.SZ,20210120,480171.6676
159919.SZ,20210119,479541.6676
159919.SZ,20210118,478191.6676
159919.SZ,20210115,478371.6676
159919.SZ,20210114,471621.6676
159919.SZ,20210113,473151.6676
159919.SZ,20210112,473511.6676
159919.SZ,20210111,470181.6676
159919.SZ,20210108,466851.6676
159919.SZ,20210107,472701.6676
159919.SZ,20210106,472071.6676
159919.SZ,20210105,481881.6676
159919.SZ,20210104,482421.6676
159919.SZ,20201231,482421.6676
159919.SZ,20201230,467661.6676
159919.SZ,20201229,464871.6676
159919.SZ,20201228,463431.6676
159919.SZ,20201225,461451.6676
159919.SZ,20201224,467031.6676
159919.SZ,20201223,464961.6676
159919.SZ,20201222,473151.6676
159919.SZ,20201221,472701.6676
159919.SZ,20201218,485571.6676
159919.SZ,20201217,488361.6676
159919.SZ,20201216,498531.6676
159919.SZ,20201215,506451.6676
159919.SZ,20201214,510141.6676
159919.SZ,20201211,515721.6676
159919.SZ,20201210,512931.6676
159919.SZ,20201209,499431.6676
159919.SZ,20201208,495471.6676
159919.SZ,20201207,499431.6676
159919.SZ,20201204,498171.6676
159919.SZ,20201203,497721.6676
159919.SZ,20201202,505191.6676
159919.SZ,20201201,502041.6676
159919.SZ,20201130,501141.6676
159919.SZ,20201127,502491.6676
159919.SZ,20201126,503661.6676
159919.SZ,20201125,506811.6676
159919.SZ,20201124,502401.6676
159919.SZ,20201123,508881.6676
159919.SZ,20201120,510591.6676
159919.SZ,20201119,507981.6676
159919.SZ,20201118,507891.6676
159919.SZ,20201117,508521.6676
159919.SZ,20201116,510321.6676
159919.SZ,20201113,513651.6676
159919.SZ,20201112,505731.6676
159919.SZ,20201111,505371.6676
159919.SZ,20201110,503391.6676
159919.SZ,20201109,501411.6676
159919.SZ,20201106,500511.6676
159919.SZ,20201105,498441.6676
159919.SZ,20201104,506271.6676
159919.SZ,20201103,507441.6676
159919.SZ,20201102,506091.6676
159919.SZ,20201030,504111.6676
159919.SZ,20201029,504111.6676
159919.SZ,20201028,507531.6676
159919.SZ,20201027,506091.6676
159919.SZ,20201026,497631.6676
159919.SZ,20201023,494211.6676
159919.SZ,20201022,492051.6676
159919.SZ,20201021,494121.6676
159919.SZ,20201020,494121.6676
159919.SZ,20201019,504201.6676
159919.SZ,20201016,505551.6676
159919.SZ,20201015,504381.6676
159919.SZ,20201014,502401.6676
159919.SZ,20201013,506451.6676
159919.SZ,20201012,502671.6676
159919.SZ,20201009,503301.6676
159919.SZ,20200930,503301.6676
159919.SZ,20200929,507981.6676
159919.SZ,20200928,503571.6676
159919.SZ,20200925,503121.6676
159919.SZ,20200924,506451.6676
159919.SZ,20200923,507801.6676
159919.SZ,20200922,515541.6676
159919.SZ,20200921,510771.6676
159919.SZ,20200918,511851.6676
159919.SZ,20200917,504651.6676
159919.SZ,20200916,509871.6676
159919.SZ,20200915,496191.6676
159919.SZ,20200914,498081.6676
159919.SZ,20200911,500151.6676
159919.SZ,20200910,500241.6676
159919.SZ,20200909,502221.6676
159919.SZ,20200908,501141.6676
159919.SZ,20200907,499341.6676
159919.SZ,20200904,496911.6676
159919.SZ,20200903,499071.6676
159919.SZ,20200902,502311.6676
159919.SZ,20200901,498981.6676
159919.SZ,20200831,495021.6676
159919.SZ,20200828,500151.6676
159919.SZ,20200827,498441.6676
159919.SZ,20200826,501411.6676
159919.SZ,20200825,494931.6676
159919.SZ,20200824,502941.6676
159919.SZ,20200821,493131.6676
159919.SZ,20200820,492951.6676
159919.SZ,20200819,495831.6676
159919.SZ,20200818,495561.6676
159919.SZ,20200817,484131.6676
159919.SZ,20200814,483231.6676
159919.SZ,20200813,487191.6676
159919.SZ,20200812,496011.6676
159919.SZ,20200811,501411.6676
159919.SZ,20200810,499341.6676
159919.SZ,20200807,501861.6676
159919.SZ,20200806,504021.6676
159919.SZ,20200805,512391.6676
159919.SZ,20200804,513201.6676
159919.SZ,20200803,497901.6676
159919.SZ,20200731,504471.6676
159919.SZ,20200730,501411.6676
159919.SZ,20200729,503121.6676
159919.SZ,20200728,512301.6676
159919.SZ,20200727,513921.6676
159919.SZ,20200724,523011.6676
159919.SZ,20200723,524001.6676
159919.SZ,20200722,529581.6676
159919.SZ,20200721,538581.6676
159919.SZ,20200720,547491.6676
159919.SZ,20200717,562971.6676
159919.SZ,20200716,575301.6676
159919.SZ,20200715,578541.6676
159919.SZ,20200714,588531.6676
159919.SZ,20200713,594021.6676
159919.SZ,20200710,596271.6676
159919.SZ,20200709,596541.6676
159919.SZ,20200708,573321.6676
159919.SZ,20200707,557841.6676
159919.SZ,20200706,534531.6676
159919.SZ,20200703,532281.6676
159919.SZ,20200702,528951.6676
159919.SZ,20200701,533811.6676
159919.SZ,20200630,533811.6676
159919.SZ,20200629,539841.6676
159919.SZ,20200624,545331.6676
159919.SZ,20200623,551721.6676
159919.SZ,20200622,570621.6676
159919.SZ,20200619,586641.6676
159919.SZ,20200618,600141.6676
159919.SZ,20200617,606891.6676
159919.SZ,20200616,614991.6676
159919.SZ,20200615,616251.6676
159919.SZ,20200612,614001.6676
159919.SZ,20200611,614631.6676
159919.SZ,20200610,620481.6676
159919.SZ,20200609,640191.6676
159919.SZ,20200608,650901.6676
159919.SZ,20200605,675381.6676
159919.SZ,20200604,681951.6676
159919.SZ,20200603,688971.6676
159919.SZ,20200602,690951.6676
159919.SZ,20200601,688071.6676
159919.SZ,20200529,694821.6676
159919.SZ,20200528,702741.6676
159919.SZ,20200527,705621.6676
159919.SZ,20200526,714621.6676
159919.SZ,20200525,712281.6676
159919.SZ,20200522,712731.6676
159919.SZ,20200521,713361.6676
159919.SZ,20200520,707781.6676
159919.SZ,20200519,712101.6676
159919.SZ,20200518,715521.6676
159919.SZ,20200515,712011.6676
159919.SZ,20200514,714261.6676
159919.SZ,20200513,723261.6676
159919.SZ,20200512,728751.6676
159919.SZ,20200511,728661.6676
159919.SZ,20200508,730101.6676
159919.SZ,20200507,729561.6676
159919.SZ,20200506,734331.6676
159919.SZ,20200430,733701.6676
159919.SZ,20200429,726681.6676
159919.SZ,20200428,733071.6676
159919.SZ,20200427,735141.6676
159919.SZ,20200424,719211.6676
159919.SZ,20200423,726771.6676
159919.SZ,20200422,730371.6676
159919.SZ,20200421,723351.6676
159919.SZ,20200420,723261.6676
159919.SZ,20200417,726231.6676
159919.SZ,20200416,726411.6676
159919.SZ,20200415,717771.6676
159919.SZ,20200414,715881.6676
159919.SZ,20200413,704541.6676
159919.SZ,20200410,697701.6676
159919.SZ,20200409,697611.6676
159919.SZ,20200408,695541.6676
159919.SZ,20200407,694371.6676
159919.SZ,20200403,697611.6676
159919.SZ,20200402,697611.6676
159919.SZ,20200401,696081.6676
159919.SZ,20200331,696081.6676
159919.SZ,20200330,692031.6676
159919.SZ,20200327,685101.6676
159919.SZ,20200326,690591.6676
159919.SZ,20200325,681591.6676
159919.SZ,20200324,677721.6676
159919.SZ,20200323,671331.6676
159919.SZ,20200320,663051.6676
159919.SZ,20200319,654771.6676
159919.SZ,20200318,650541.6676
159919.SZ,20200317,646941.6676
159919.SZ,20200316,638931.6676
159919.SZ,20200313,641361.6676
159919.SZ,20200312,647841.6676
159919.SZ,20200311,654501.6676
159919.SZ,20200310,651891.6676
159919.SZ,20200309,657021.6676
159919.SZ,20200306,663501.6676
159919.SZ,20200305,671151.6676
159919.SZ,20200304,675831.6676
159919.SZ,20200303,666921.6676
159919.SZ,20200302,666831.6676
159919.SZ,20200228,675111.6676
159919.SZ,20200227,680511.6676
159919.SZ,20200226,685731.6676
159919.SZ,20200225,686451.6676
159919.SZ,20200224,689061.6676
159919.SZ,20200221,691221.6676
159919.SZ,20200220,695361.6676
159919.SZ,20200219,693741.6676
159919.SZ,20200218,694731.6676
159919.SZ,20200217,694731.6676
159919.SZ,20200214,694281.6676
159919.SZ,20200213,694281.6676
159919.SZ,20200212,690951.6676
159919.SZ,20200211,694191.6676
159919.SZ,20200210,690861.6676
159919.SZ,20200207,683931.6676
159919.SZ,20200206,672951.6676
159919.SZ,20200205,662151.6676
159919.SZ,20200204,659541.6676
159919.SZ,20200203,647211.6676
159919.SZ,20200123,653241.6676
159919.SZ,20200122,658191.6676
159919.SZ,20200121,665481.6676
159919.SZ,20200120,666651.6676
159919.SZ,20200117,665391.6676
159919.SZ,20200116,665571.6676
159919.SZ,20200115,665211.6676
159919.SZ,20200114,665391.6676
159919.SZ,20200113,665121.6676
159919.SZ,20200110,665211.6676
159919.SZ,20200109,653601.6676
159919.SZ,20200108,653511.6676
159919.SZ,20200107,653691.6676
159919.SZ,20200106,653691.6676
159919.SZ,20200103,653691.6676
159919.SZ,20200102,653601.6676
159919.SZ,20191231,653601.6676
159919.SZ,20191230,638211.6676
159919.SZ,20191227,613551.6676
159919.SZ,20191226,613641.6676
159919.SZ,20191225,610131.6676
159919.SZ,20191224,609951.6676
159919.SZ,20191223,609591.6676
159919.SZ,20191220,609501.6676
159919.SZ,20191219,610221.6676
159919.SZ,20191218,609591.6676
159919.SZ,20191217,608781.6676
159919.SZ,20191216,609591.6676
159919.SZ,20191213,609591.6676
159919.SZ,20191212,609501.6676
159919.SZ,20191211,606981.6676
159919.SZ,20191210,606981.6676
159919.SZ,20191209,606981.6676
159919.SZ,20191206,606981.6676
159919.SZ,20191205,594471.6676
159919.SZ,20191204,595731.6676
159919.SZ,20191203,594921.6676
159919.SZ,20191202,594921.6676
159919.SZ,20191129,594831.6676
159919.SZ,20191128,594921.6676
159919.SZ,20191127,591141.6676
159919.SZ,20191126,594021.6676
159919.SZ,20191125,592671.6676
159919.SZ,20191122,592941.6676
159919.SZ,20191121,594291.6676
159919.SZ,20191120,594651.6676
159919.SZ,20191119,593661.6676
159919.SZ,20191118,592221.6676
159919.SZ,20191115,591861.6676
159919.SZ,20191114,592131.6676
159919.SZ,20191113,591861.6676
159919.SZ,20191112,593841.6676
159919.SZ,20191111,584931.6676
159919.SZ,20191108,592941.6676
159919.SZ,20191107,599061.6676
159919.SZ,20191106,589881.6676
159919.SZ,20191105,592131.6676
159919.SZ,20191104,587541.6676
159919.SZ,20191101,583761.6676
159919.SZ,20191031,586461.6676
159919.SZ,20191030,587631.6676
159919.SZ,20191029,588531.6676
159919.SZ,20191028,580251.6676
159919.SZ,20191025,580161.6676
159919.SZ,20191024,580341.6676
159919.SZ,20191023,576201.6676
159919.SZ,20191022,577821.6676
159919.SZ,20191021,578901.6676
159919.SZ,20191018,578901.6676
159919.SZ,20191017,579171.6676
159919.SZ,20191016,581871.6676
159919.SZ,20191015,581871.6676
159919.SZ,20191014,581871.6676
159919.SZ,20191011,581871.6676
159919.SZ,20191010,584031.6676
159919.SZ,20191009,584031.6676
159919.SZ,20191008,584031.6676
159919.SZ,20190930,584031.6676
159919.SZ,20190927,584031.6676
159919.SZ,20190926,584661.6676
159919.SZ,20190925,586641.6676
159919.SZ,20190924,587991.6676
159919.SZ,20190923,591861.6676
159919.SZ,20190920,595191.6676
159919.SZ,20190919,595191.6676
159919.SZ,20190918,597621.6676
159919.SZ,20190917,598341.6676
159919.SZ,20190916,598341.6676
159919.SZ,20190912,607701.6676
159919.SZ,20190911,615081.6676
159919.SZ,20190910,619761.6676
159919.SZ,20190909,629211.6676
159919.SZ,20190906,661791.6676
159919.SZ,20190905,663861.6676
159919.SZ,20190904,668001.6676
159919.SZ,20190903,668001.6676
159919.SZ,20190902,668001.6676
159919.SZ,20190830,668001.6676
159919.SZ,20190829,668001.6676
159919.SZ,20190828,668001.6676
159919.SZ,20190827,668001.6676
159919.SZ,20190826,668001.6676
159919.SZ,20190823,668001.6676
159919.SZ,20190822,668001.6676
159919.SZ,20190821,668001.6676
159919.SZ,20190820,668001.6676
159919.SZ,20190819,668001.6676
159919.SZ,20190816,668001.6676
159919.SZ,20190815,668361.6676
159919.SZ,20190814,668361.6676
159919.SZ,20190813,668541.6676
159919.SZ,20190812,668541.6676
159919.SZ,20190809,668541.6676
159919.SZ,20190808,668541.6676
159919.SZ,20190807,670341.6676
159919.SZ,20190806,670341.6676
159919.SZ,20190805,672501.6676
159919.SZ,20190802,674211.6676
159919.SZ,20190801,677631.6676
159919.SZ,20190731,677631.6676
159919.SZ,20190730,677631.6676
159919.SZ,20190729,677631.6676
159919.SZ,20190726,678531.6676
159919.SZ,20190725,678891.6676
159919.SZ,20190724,678891.6676
159919.SZ,20190723,678891.6676
159919.SZ,20190722,678891.6676
159919.SZ,20190719,678891.6676
159919.SZ,20190718,678891.6676
159919.SZ,20190717,678891.6676
159919.SZ,20190716,678891.6676
159919.SZ,20190715,678891.6676
159919.SZ,20190712,678891.6676
159919.SZ,20190711,678891.6676
159919.SZ,20190710,678891.6676
159919.SZ,20190709,678891.6676
159919.SZ,20190708,680331.6676
159919.SZ,20190705,678891.6676
159919.SZ,20190704,680331.6676
159919.SZ,20190703,680331.6676
159919.SZ,20190702,680331.6676
159919.SZ,20190701,680331.6676
159919.SZ,20190630,680331.6676
159919.SZ,20190628,672681.6676
159919.SZ,20190627,672861.6676
159919.SZ,20190626,672861.6676
159919.SZ,20190625,672861.6676
159919.SZ,20190624,674661.6676
159919.SZ,20190621,674661.6676
159919.SZ,20190620,660081.6676
159919.SZ,20190619,660081.6676
159919.SZ,20190618,661431.6676
159919.SZ,20190617,662241.6676
159919.SZ,20190614,663411.6676
159919.SZ,20190613,664581.6676
159919.SZ,20190612,659361.6676
159919.SZ,20190611,659361.6676
159919.SZ,20190610,659361.6676
159919.SZ,20190606,659361.6676
159919.SZ,20190605,659631.6676
159919.SZ,20190604,660891.6676
159919.SZ,20190603,660891.6676
159919.SZ,20190531,660891.6676
159919.SZ,20190530,660891.6676
159919.SZ,20190529,660891.6676
159919.SZ,20190528,662061.6676
159919.SZ,20190527,661701.6676
159919.SZ,20190524,661431.6676
159919.SZ,20190523,661431.6676
159919.SZ,20190522,661431.6676
159919.SZ,20190521,661431.6676
159919.SZ,20190520,661431.6676
159919.SZ,20190517,605721.6676
159919.SZ,20190516,606171.6676
159919.SZ,20190515,607071.6676
159919.SZ,20190514,607071.6676
159919.SZ,20190513,607071.6676
159919.SZ,20190510,607431.6676
159919.SZ,20190509,607431.6676
159919.SZ,20190508,594201.6676
159919.SZ,20190507,594381.6676
159919.SZ,20190506,594381.6676
159919.SZ,20190430,594381.6676
159919.SZ,20190429,594381.6676
159919.SZ,20190426,594651.6676
159919.SZ,20190425,550191.6676
159919.SZ,20190424,550281.6676
159919.SZ,20190423,550371.6676
159919.SZ,20190422,551091.6676
159919.SZ,20190419,551091.6676
159919.SZ,20190418,551091.6676
159919.SZ,20190417,551991.6676
159919.SZ,20190416,556671.6676
159919.SZ,20190415,556761.6676
159919.SZ,20190412,558201.6676
159919.SZ,20190411,558291.6676
159919.SZ,20190410,547041.6676
159919.SZ,20190409,546861.6676
159919.SZ,20190408,551181.6676
159919.SZ,20190404,554241.6676
159919.SZ,20190403,559461.6676
159919.SZ,20190402,561981.6676
159919.SZ,20190401,562881.6676
159919.SZ,20190331,562881.6676
159919.SZ,20190329,563331.6676
159919.SZ,20190328,563331.6676
159919.SZ,20190327,563781.6676
159919.SZ,20190326,572421.6676
159919.SZ,20190325,572511.6676
159919.SZ,20190322,573141.6676
159919.SZ,20190321,573681.6676
159919.SZ,20190320,573951.6676
159919.SZ,20190319,579441.6676
159919.SZ,20190318,582141.6676
159919.SZ,20190315,582321.6676
159919.SZ,20190314,583041.6676
159919.SZ,20190313,583851.6676
159919.SZ,20190312,584031.6676
159919.SZ,20190311,584661.6676
159919.SZ,20190308,585021.6676
159919.SZ,20190307,585021.6676
159919.SZ,20190306,576741.6676
159919.SZ,20190305,578181.6676
159919.SZ,20190304,580611.6676
159919.SZ,20190301,581241.6676
159919.SZ,20190228,581601.6676
159919.SZ,20190227,582051.6676
159919.SZ,20190226,582951.6676
159919.SZ,20190225,584481.6676
159919.SZ,20190222,586101.6676
159919.SZ,20190221,586911.6676
159919.SZ,20190220,593931.6676
159919.SZ,20190219,593931.6676
159919.SZ,20190218,593931.6676
159919.SZ,20190215,597261.6676
159919.SZ,20190214,597261.6676
159919.SZ,20190213,598341.6676
159919.SZ,20190212,599421.6676
159919.SZ,20190211,599421.6676
159919.SZ,20190201,599421.6676
159919.SZ,20190131,599781.6676
159919.SZ,20190130,600681.6676
159919.SZ,20190129,600771.6676
159919.SZ,20190128,600771.6676
159919.SZ,20190125,600771.6676
159919.SZ,20190124,601041.6676
159919.SZ,20190123,601581.6676
159919.SZ,20190122,602031.6676
159919.SZ,20190121,602391.6676
159919.SZ,20190118,611841.6676
159919.SZ,20190117,612021.6676
159919.SZ,20190116,623271.6676
159919.SZ,20190115,623271.6676
159919.SZ,20190114,623271.6676
159919.SZ,20190111,623271.6676
159919.SZ,20190110,561340.6477
159919.SZ,20190109,561520.6477
159919.SZ,20190108,561610.6477
159919.SZ,20190107,561610.6477
159919.SZ,20190104,560440.6477
159919.SZ,20190103,560260.6477
159919.SZ,20190102,560350.6477
159919.SZ,20181231,560350.6477
159919.SZ,20181228,556480.6477
159919.SZ,20181227,556120.6477
159919.SZ,20181226,557020.6477
159919.SZ,20181225,542620.6477
159919.SZ,20181224,542620.6477
159919.SZ,20181221,542620.6477
159919.SZ,20181220,542620.6477
159919.SZ,20181219,543070.6477
159919.SZ,20181218,543070.6477
159919.SZ,20181217,543880.6477
159919.SZ,20181214,543880.6477
159919.SZ,20181213,543880.6477
159919.SZ,20181212,543880.6477
159919.SZ,20181211,543880.6477
159919.SZ,20181210,543880.6477
159919.SZ,20181207,543970.6477
159919.SZ,20181206,544060.6477
159919.SZ,20181205,541360.6477
159919.SZ,20181204,541360.6477
159919.SZ,20181203,541360.6477
159919.SZ,20181130,541360.6477
159919.SZ,20181129,541360.6477
159919.SZ,20181128,541540.6477
159919.SZ,20181127,541540.6477
159919.SZ,20181126,541540.6477
159919.SZ,20181123,541810.6477
159919.SZ,20181122,542440.6477
159919.SZ,20181121,544420.6477
159919.SZ,20181120,545860.6477
159919.SZ,20181119,548020.6477
159919.SZ,20181116,548020.6477
159919.SZ,20181115,548020.6477
159919.SZ,20181114,548020.6477
159919.SZ,20181113,548020.6477
159919.SZ,20181112,548020.6477
159919.SZ,20181109,548020.6477
159919.SZ,20181108,548020.6477
159919.SZ,20181107,548020.6477
159919.SZ,20181106,548020.6477
159919.SZ,20181105,548020.6477
159919.SZ,20181102,548020.6477
159919.SZ,20181101,548020.6477
159919.SZ,20181031,548020.6477
159919.SZ,20181030,548020.6477
159919.SZ,20181029,548020.6477
159919.SZ,20181026,537220.6477
159919.SZ,20181025,537220.6477
159919.SZ,20181024,536770.6477
159919.SZ,20181023,535780.6477
159919.SZ,20181022,525880.6477
159919.SZ,20181019,525610.6477
159919.SZ,20181018,525610.6477
159919.SZ,20181017,525610.6477
159919.SZ,20181016,512110.6477
159919.SZ,20181015,502570.6477
159919.SZ,20181012,502570.6477
159919.SZ,20181011,502570.6477
159919.SZ,20181010,502570.6477
159919.SZ,20181009,502570.6477
159919.SZ,20181008,502570.6477
159919.SZ,20180930,502570.6477
159919.SZ,20180928,502570.6477
159919.SZ,20180927,502570.6477
159919.SZ,20180926,502570.6477
159919.SZ,20180925,493570.6477
159919.SZ,20180921,493570.6477
159919.SZ,20180920,493660.6477
159919.SZ,20180919,477010.6477
159919.SZ,20180918,468010.6477
159919.SZ,20180917,468010.6477
159919.SZ,20180914,468010.6477
159919.SZ,20180913,454240.6477
159919.SZ,20180912,454240.6477
159919.SZ,20180911,453970.6477
159919.SZ,20180910,453970.6477
159919.SZ,20180907,453970.6477
159919.SZ,20180906,453970.6477
159919.SZ,20180905,453970.6477
159919.SZ,20180904,453970.6477
159919.SZ,20180903,457570.6477
159919.SZ,20180831,457570.6477
159919.SZ,20180830,457570.6477
159919.SZ,20180829,446770.6477
159919.SZ,20180828,446770.6477
159919.SZ,20180827,446770.6477
159919.SZ,20180824,446770.6477
159919.SZ,20180823,446770.6477
159919.SZ,20180822,446770.6477
159919.SZ,20180821,446770.6477
159919.SZ,20180820,446770.6477
159919.SZ,20180817,446770.6477
159919.SZ,20180816,442270.6477
159919.SZ,20180815,442270.6477
159919.SZ,20180814,440470.6477
159919.SZ,20180813,440470.6477
159919.SZ,20180810,440470.6477
159919.SZ,20180809,439570.6477
159919.SZ,20180808,439570.6477
159919.SZ,20180807,439570.6477
159919.SZ,20180806,439210.6477
159919.SZ,20180803,439210.6477
159919.SZ,20180802,439210.6477
159919.SZ,20180801,439210.6477
159919.SZ,20180731,439030.6477
159919.SZ,20180730,438850.6477
159919.SZ,20180727,438850.6477
159919.SZ,20180726,438670.6477
159919.SZ,20180725,438670.6477
159919.SZ,20180724,438670.6477
159919.SZ,20180723,438670.6477
159919.SZ,20180720,438490.6477
159919.SZ,20180719,438490.6477
159919.SZ,20180718,438490.6477
159919.SZ,20180717,438490.6477
159919.SZ,20180716,438490.6477
159919.SZ,20180713,438490.6477
159919.SZ,20180712,438490.6477
159919.SZ,20180711,438490.6477
159919.SZ,20180710,438490.6477
159919.SZ,20180709,433990.6477
159919.SZ,20180706,432910.6477
159919.SZ,20180705,430210.6477
159919.SZ,20180704,421210.6477
159919.SZ,20180703,418240.6477
159919.SZ,20180702,418240.6477
159919.SZ,20180630,418240.6477
159919.SZ,20180629,418240.6477
159919.SZ,20180628,418240.6477
159919.SZ,20180627,417880.6477
159919.SZ,20180626,417880.6477
159919.SZ,20180625,417610.6477
159919.SZ,20180622,417610.6477
159919.SZ,20180621,417610.6477
159919.SZ,20180620,417610.6477
159919.SZ,20180619,417610.6477
159919.SZ,20180615,417610.6477
159919.SZ,20180614,417790.6477
159919.SZ,20180613,418150.6477
159919.SZ,20180612,418150.6477
159919.SZ,20180611,420850.6477
159919.SZ,20180608,420940.6477
159919.SZ,20180607,421120.6477
159919.SZ,20180606,421390.6477
159919.SZ,20180605,421480.6477
159919.SZ,20180604,421480.6477
159919.SZ,20180601,421480.6477
159919.SZ,20180531,421750.6477
159919.SZ,20180530,421750.6477
159919.SZ,20180529,421840.6477
159919.SZ,20180528,421840.6477
159919.SZ,20180525,421840.6477
159919.SZ,20180524,421840.6477
159919.SZ,20180523,421840.6477
159919.SZ,20180522,421840.6477
159919.SZ,20180521,421840.6477
159919.SZ,20180518,421840.6477
159919.SZ,20180517,421840.6477
159919.SZ,20180516,421840.6477
159919.SZ,20180515,422650.6477
159919.SZ,20180514,423370.6477
159919.SZ,20180511,423370.6477
159919.SZ,20180510,418870.6477
159919.SZ,20180509,418870.6477
159919.SZ,20180508,418870.6477
159919.SZ,20180507,418870.6477
159919.SZ,20180504,418870.6477
159919.SZ,20180503,418690.6477
159919.SZ,20180502,414010.6477
159919.SZ,20180427,414010.6477
159919.SZ,20180426,414010.6477
159919.SZ,20180425,414010.6477
159919.SZ,20180424,414010.6477
159919.SZ,20180423,414010.6477
159919.SZ,20180420,414010.6477
159919.SZ,20180419,414010.6477
159919.SZ,20180418,410410.6477
159919.SZ,20180417,406810.6477
159919.SZ,20180416,403930.6477
159919.SZ,20180413,403750.6477
159919.SZ,20180412,403750.6477
159919.SZ,20180411,403750.6477
159919.SZ,20180410,403750.6477
159919.SZ,20180409,403750.6477
159919.SZ,20180404,403750.6477
159919.SZ,20180403,403750.6477
159919.SZ,20180402,403750.6477
159919.SZ,20180331,403750.6477
159919.SZ,20180330,402400.6477
159919.SZ,20180329,402400.6477
159919.SZ,20180328,397900.6477
159919.SZ,20180327,397900.6477
159919.SZ,20180326,398350.6477
159919.SZ,20180323,398350.6477
159919.SZ,20180322,399700.6477
159919.SZ,20180321,399700.6477
159919.SZ,20180320,399700.6477
159919.SZ,20180319,399700.6477
159919.SZ,20180316,399700.6477
159919.SZ,20180315,399700.6477
159919.SZ,20180314,399700.6477
159919.SZ,20180313,399700.6477
159919.SZ,20180312,399700.6477
159919.SZ,20180309,399700.6477
159919.SZ,20180308,399700.6477
159919.SZ,20180307,399700.6477
159919.SZ,20180306,399700.6477
159919.SZ,20180305,399700.6477
159919.SZ,20180302,399700.6477
159919.SZ,20180301,399700.6477
159919.SZ,20180228,399700.6477
159919.SZ,20180227,399700.6477
159919.SZ,20180226,399700.6477
159919.SZ,20180223,399700.6477
159919.SZ,20180222,399700.6477
159919.SZ,20180214,399700.6477
159919.SZ,20180213,399700.6477
159919.SZ,20180212,398350.6477
159919.SZ,20180209,398170.6477
159919.SZ,20180208,398170.6477
159919.SZ,20180207,398170.6477
159919.SZ,20180206,398260.6477
159919.SZ,20180205,397810.6477
159919.SZ,20180202,397810.6477
159919.SZ,20180201,397810.6477
159919.SZ,20180131,397360.6477
159919.SZ,20180130,397360.6477
159919.SZ,20180129,397360.6477
159919.SZ,20180126,399250.6477
159919.SZ,20180125,399700.6477
159919.SZ,20180124,401500.6477
159919.SZ,20180123,401500.6477
159919.SZ,20180122,401500.6477
159919.SZ,20180119,401500.6477
159919.SZ,20180118,402220.6477
159919.SZ,20180117,402220.6477
159919.SZ,20180116,402580.6477
159919.SZ,20180115,403750.6477
159919.SZ,20180112,406630.6477
159919.SZ,20180111,406720.6477
159919.SZ,20180110,407170.6477
159919.SZ,20180109,407260.6477
159919.SZ,20180108,412750.6477
159919.SZ,20180105,412840.6477
159919.SZ,20180104,412930.6477
159919.SZ,20180103,414730.6477
159919.SZ,20180102,416530.6477
159919.SZ,20251231,4076931.6676
159919.SZ,20251230,4063881.6676
159919.SZ,20251229,4069461.6676
159919.SZ,20251226,4061811.6676
159919.SZ,20251225,4060821.6676
159919.SZ,20251224,4055601.6676
159919.SZ,20251223,4070361.6676
159919.SZ,20251222,4084041.6676
159919.SZ,20251219,4083051.6676
159919.SZ,20251218,4081251.6676
159919.SZ,20251217,4069191.6676
159919.SZ,20251216,4063611.6676
159919.SZ,20251215,4064331.6676
159919.SZ,20251212,4056141.6676
159919.SZ,20251211,4056501.6676
159919.SZ,20251210,4063611.6676
159919.SZ,20251209,4066671.6676
159919.SZ,20251208,4063971.6676
159919.SZ,20251205,4061271.6676
159919.SZ,20251204,4060101.6676
159919.SZ,20251203,4060641.6676
159919.SZ,20251202,4067751.6676
159919.SZ,20251201,4071621.6676
159919.SZ,20251128,4071261.6676
159919.SZ,20251127,4071531.6676
159919.SZ,20251126,4072251.6676
159919.SZ,20251125,4079991.6676
159919.SZ,20251124,4064241.6676
159919.SZ,20251121,4047321.6676
159919.SZ,20251120,4050831.6676
159919.SZ,20251119,4055961.6676
159919.SZ,20251118,4056771.6676
159919.SZ,20251117,4057221.6676
159919.SZ,20251114,4057761.6676
159919.SZ,20251113,4058211.6676
159919.SZ,20251112,4063971.6676
159919.SZ,20251111,4068291.6676
159919.SZ,20251110,4071261.6676
159919.SZ,20251107,4076121.6676
159919.SZ,20251106,4078191.6676
159919.SZ,20251105,4077201.6676
159919.SZ,20251104,4078011.6676
159919.SZ,20251103,4075491.6676
159919.SZ,20251031,4061271.6676
159919.SZ,20251030,4064691.6676
159919.SZ,20251029,4064061.6676
159919.SZ,20251028,4058031.6676
159919.SZ,20251027,4063341.6676
159919.SZ,20251024,4073421.6676
159919.SZ,20251023,4076391.6676
159919.SZ,20251022,4080621.6676
159919.SZ,20251021,4089801.6676
159919.SZ,20251020,4087281.6676
159919.SZ,20251017,4086291.6676
159919.SZ,20251016,4089621.6676
159919.SZ,20251015,4082601.6676
159919.SZ,20251014,4088091.6676
159919.SZ,20251013,4082511.6676
159919.SZ,20251010,4082331.6676
159919.SZ,20251009,4080711.6676
159919.SZ,20250930,4075671.6676
159919.SZ,20250929,4071351.6676
159919.SZ,20250926,4069731.6676
159919.SZ,20250925,4071081.6676
159919.SZ,20250924,4074501.6676
159919.SZ,20250923,4078371.6676
159919.SZ,20250922,4081791.6676
159919.SZ,20250919,4079541.6676
159919.SZ,20250918,4080261.6676
159919.SZ,20250917,4077651.6676
159919.SZ,20250916,4077381.6676
159919.SZ,20250915,4077651.6676
159919.SZ,20250912,4075311.6676
159919.SZ,20250911,4075221.6676
159919.SZ,20250910,4077831.6676
159919.SZ,20250909,4080081.6676
159919.SZ,20250908,4087641.6676
159919.SZ,20250905,4080621.6676
159919.SZ,20250904,4071621.6676
159919.SZ,20250903,4075131.6676
159919.SZ,20250902,4079001.6676
159919.SZ,20250901,4082061.6676
159919.SZ,20250829,4082511.6676
159919.SZ,20250828,4084221.6676
159919.SZ,20250827,4081341.6676
159919.SZ,20250826,4076121.6676
159919.SZ,20250825,4071891.6676
159919.SZ,20250822,4068111.6676
159919.SZ,20250821,4074771.6676
159919.SZ,20250820,4081161.6676
159919.SZ,20250819,4081251.6676
159919.SZ,20250818,4080801.6676
159919.SZ,20250815,4075851.6676
159919.SZ,20250814,4076571.6676
159919.SZ,20250813,4076031.6676
159919.SZ,20250812,4074681.6676
159919.SZ,20250811,4072791.6676
159919.SZ,20250808,4076121.6676
159919.SZ,20250807,4079001.6676
159919.SZ,20250806,4078911.6676
159919.SZ,20250805,4081251.6676
159919.SZ,20250804,4081341.6676
159919.SZ,20250801,4082511.6676
159919.SZ,20250731,4088271.6676
159919.SZ,20250730,4094841.6676
159919.SZ,20250729,4101951.6676
159919.SZ,20250728,4104741.6676
159919.SZ,20250725,4104381.6676
159919.SZ,20250724,4103031.6676
159919.SZ,20250723,4102761.6676
159919.SZ,20250722,4104471.6676
159919.SZ,20250721,4104201.6676
159919.SZ,20250718,4106991.6676
159919.SZ,20250717,4108431.6676
159919.SZ,20250716,4108611.6676
159919.SZ,20250715,4112931.6676
159919.SZ,20250714,4114101.6676
159919.SZ,20250711,4113201.6676
159919.SZ,20250710,4113111.6676
159919.SZ,20250709,4113381.6676
159919.SZ,20250708,4111671.6676
159919.SZ,20250707,4111671.6676
159919.SZ,20250704,4115991.6676
159919.SZ,20250703,4117791.6676
159919.SZ,20250702,4118961.6676
159919.SZ,20250701,4124091.6676
159919.SZ,20250630,4139031.6676
159919.SZ,20250627,4146951.6676
159919.SZ,20250626,4159101.6676
159919.SZ,20250625,4168821.6676
159919.SZ,20250624,4180791.6676
159919.SZ,20250623,4180521.6676
159919.SZ,20250620,4183491.6676
159919.SZ,20250619,4184571.6676
159919.SZ,20250618,4184841.6676
159919.SZ,20250617,4184931.6676
159919.SZ,20250616,4183581.6676
159919.SZ,20250613,4182591.6676
159919.SZ,20250612,4186371.6676
159919.SZ,20250611,4195281.6676
159919.SZ,20250610,4201311.6676
159919.SZ,20250609,4195821.6676
159919.SZ,20250606,4196271.6676
159919.SZ,20250605,4197171.6676
159919.SZ,20250604,4198881.6676
159919.SZ,20250603,4199061.6676
159919.SZ,20250530,4208331.6676
159919.SZ,20250529,4202931.6676
159919.SZ,20250528,4206531.6676
159919.SZ,20250527,4201671.6676
159919.SZ,20250526,4199511.6676
159919.SZ,20250523,4201941.6676
159919.SZ,20250522,4204371.6676
159919.SZ,20250521,4207701.6676
159919.SZ,20250520,4207971.6676
159919.SZ,20250519,4212741.6676
159919.SZ,20250516,4219581.6676
159919.SZ,20250515,4221741.6676
159919.SZ,20250514,4221741.6676
159919.SZ,20250513,4225521.6676
159919.SZ,20250512,4229031.6676
159919.SZ,20250509,4236411.6676
159919.SZ,20250508,4239111.6676
159919.SZ,20250507,4247481.6676
159919.SZ,20250506,4252791.6676
159919.SZ,20250430,4253511.6676
159919.SZ,20250429,4253781.6676
159919.SZ,20250428,4259091.6676
159919.SZ,20250425,4263051.6676
159919.SZ,20250424,4263141.6676
159919.SZ,20250423,4263951.6676
159919.SZ,20250422,4266291.6676
159919.SZ,20250421,4265661.6676
159919.SZ,20250418,4225341.6676
159919.SZ,20250417,4221831.6676
159919.SZ,20250416,4127511.6676
159919.SZ,20250415,4098351.6676
159919.SZ,20250414,4101321.6676
159919.SZ,20250411,4110321.6676
159919.SZ,20250410,4119591.6676
159919.SZ,20250409,4096191.6676
159919.SZ,20250408,3824031.6676
159919.SZ,20250407,3690561.6676
159919.SZ,20250403,3688671.6676
159919.SZ,20250402,3688401.6676
159919.SZ,20250401,3687591.6676
159919.SZ,20250331,3684441.6676
159919.SZ,20250328,3686151.6676
159919.SZ,20250327,3685791.6676
159919.SZ,20250326,3684261.6676
159919.SZ,20250325,3686601.6676
159919.SZ,20250324,3690381.6676
159919.SZ,20250321,3696231.6676
159919.SZ,20250320,3699741.6676
159919.SZ,20250319,3707031.6676
159919.SZ,20250318,3713511.6676
159919.SZ,20250317,3720801.6676
159919.SZ,20250314,3723861.6676
159919.SZ,20250313,3726381.6676
159919.SZ,20250312,3728901.6676
159919.SZ,20250311,3723321.6676
159919.SZ,20250310,3744831.6676
159919.SZ,20250307,3751761.6676
159919.SZ,20250306,3751131.6676
159919.SZ,20250305,3759681.6676
159919.SZ,20250304,3758421.6676
159919.SZ,20250303,3757521.6676
159919.SZ,20250228,3764451.6676
159919.SZ,20250227,3778581.6676
159919.SZ,20250226,3788751.6676
159919.SZ,20250225,3790641.6676
159919.SZ,20250224,3800631.6676
159919.SZ,20250221,3801621.6676
159919.SZ,20250220,3805941.6676
159919.SZ,20250219,3806031.6676
159919.SZ,20250218,3810621.6676
159919.SZ,20250217,3823491.6676
159919.SZ,20250214,3821871.6676
159919.SZ,20250213,3826641.6676
159919.SZ,20250212,3828081.6676
159919.SZ,20250211,3836361.6676
159919.SZ,20250210,3849411.6676
159919.SZ,20250207,3860571.6676
159919.SZ,20250206,3856251.6676
159919.SZ,20250205,3861021.6676
159919.SZ,20250127,3872001.6676
159919.SZ,20250124,3869301.6676
159919.SZ,20250123,3866241.6676
159919.SZ,20250122,3868761.6676
159919.SZ,20250121,3872181.6676
159919.SZ,20250120,3873261.6676
159919.SZ,20250117,3875061.6676
159919.SZ,20250116,3878571.6676
159919.SZ,20250115,3879291.6676
159919.SZ,20250114,3875241.6676
159919.SZ,20250113,3864261.6676
159919.SZ,20250110,3856791.6676
159919.SZ,20250109,3851211.6676
159919.SZ,20250108,3839961.6676
159919.SZ,20250107,3833481.6676
159919.SZ,20250106,3820521.6676
159919.SZ,20250103,3802341.6676
159919.SZ,20250102,3790371.6676
159919.SZ,20241231,3792081.6676
159919.SZ,20241230,3782451.6676
159919.SZ,20241227,3771291.6676
159919.SZ,20241226,3769401.6676
159919.SZ,20241225,3774531.6676
159919.SZ,20241224,3772461.6676
159919.SZ,20241223,3777861.6676
159919.SZ,20241220,3788661.6676
159919.SZ,20241219,3787311.6676
159919.SZ,20241218,3788391.6676
159919.SZ,20241217,3788481.6676
159919.SZ,20241216,3790731.6676
159919.SZ,20241213,3804951.6676
159919.SZ,20241212,3793341.6676
159919.SZ,20241211,3778851.6676
159919.SZ,20241210,3766521.6676
159919.SZ,20241209,3768321.6676
159919.SZ,20241206,3761661.6676
159919.SZ,20241205,3759951.6676
159919.SZ,20241204,3764091.6676
159919.SZ,20241203,3769851.6676
159919.SZ,20241202,3771921.6676
159919.SZ,20241129,3774171.6676
159919.SZ,20241128,3780561.6676
159919.SZ,20241127,3779751.6676
159919.SZ,20241126,3782001.6676
159919.SZ,20241125,3785331.6676
159919.SZ,20241122,3799911.6676
159919.SZ,20241121,3809271.6676
159919.SZ,20241120,3816921.6676
159919.SZ,20241119,3818001.6676
159919.SZ,20241118,3818721.6676
159919.SZ,20241115,3818091.6676
159919.SZ,20241114,3827631.6676
159919.SZ,20241113,3838791.6676
159919.SZ,20241112,3854541.6676
159919.SZ,20241111,3860751.6676
159919.SZ,20241108,3870201.6676
159919.SZ,20241107,3861291.6676
159919.SZ,20241106,3858051.6676
159919.SZ,20241105,3841671.6676
159919.SZ,20241104,3841491.6676
159919.SZ,20241101,3840951.6676
159919.SZ,20241031,3850131.6676
159919.SZ,20241030,3850581.6676
159919.SZ,20241029,3859401.6676
159919.SZ,20241028,3872541.6676
159919.SZ,20241025,3874521.6676
159919.SZ,20241024,3897471.6676
159919.SZ,20241023,3906201.6676
159919.SZ,20241022,3913041.6676
159919.SZ,20241021,3926091.6676
159919.SZ,20241018,3925281.6676
159919.SZ,20241017,3937611.6676
159919.SZ,20241016,3941841.6676
159919.SZ,20241015,3952101.6676
159919.SZ,20241014,3959301.6676
159919.SZ,20241011,3945981.6676
159919.SZ,20241010,3931221.6676
159919.SZ,20241009,3916011.6676
159919.SZ,20241008,3892161.6676
159919.SZ,20240930,3850761.6676
159919.SZ,20240927,3803871.6676
159919.SZ,20240926,3784611.6676
159919.SZ,20240925,3770481.6676
159919.SZ,20240924,3766431.6676
159919.SZ,20240923,3766881.6676
159919.SZ,20240920,3690651.6676
159919.SZ,20240919,3687141.6676
159919.SZ,20240918,3675081.6676
159919.SZ,20240913,3674001.6676
159919.SZ,20240912,3672651.6676
159919.SZ,20240911,3672651.6676
159919.SZ,20240910,3675531.6676
159919.SZ,20240909,3667431.6676
159919.SZ,20240906,3667161.6676
159919.SZ,20240905,3649701.6676
159919.SZ,20240904,3642321.6676
159919.SZ,20240903,3622611.6676
159919.SZ,20240902,3625941.6676
159919.SZ,20240830,3622971.6676
159919.SZ,20240829,3612981.6676
159919.SZ,20240828,3578691.6676
159919.SZ,20240827,3555381.6676
159919.SZ,20240826,3535131.6676
159919.SZ,20240823,3526491.6676
159919.SZ,20240822,3489501.6676
159919.SZ,20240821,3460521.6676
159919.SZ,20240820,3448641.6676
159919.SZ,20240819,3448461.6676
159919.SZ,20240816,3447111.6676
159919.SZ,20240815,3423891.6676
159919.SZ,20240814,3423891.6676
159919.SZ,20240813,3422541.6676
159919.SZ,20240812,3421551.6676
159919.SZ,20240809,3421911.6676
159919.SZ,20240808,3418401.6676
159919.SZ,20240807,3415431.6676
159919.SZ,20240806,3406251.6676
159919.SZ,20240805,3403461.6676
159919.SZ,20240802,3405891.6676
159919.SZ,20240801,3404541.6676
159919.SZ,20240731,3396351.6676
159919.SZ,20240730,3348201.6676
159919.SZ,20240729,3344691.6676
159919.SZ,20240726,3328221.6676
159919.SZ,20240725,3289071.6676
159919.SZ,20240724,3262881.6676
159919.SZ,20240723,3253251.6676
159919.SZ,20240722,3231561.6676
159919.SZ,20240719,3114741.6676
159919.SZ,20240718,3079731.6676
159919.SZ,20240717,2978031.6676
159919.SZ,20240716,2933121.6676
159919.SZ,20240715,2927271.6676
159919.SZ,20240712,2930061.6676
159919.SZ,20240711,2940411.6676
159919.SZ,20240710,2943471.6676
159919.SZ,20240709,2942121.6676
159919.SZ,20240708,2927991.6676
159919.SZ,20240705,2903961.6676
159919.SZ,20240704,2880831.6676
159919.SZ,20240703,2863911.6676
159919.SZ,20240702,2866161.6676
159919.SZ,20240701,2866701.6676
159919.SZ,20240630,2866701.6676
159919.SZ,20240628,2859501.6676
159919.SZ,20240627,2832951.6676
159919.SZ,20240626,2828721.6676
159919.SZ,20240625,2813061.6676
159919.SZ,20240624,2760591.6676
159919.SZ,20240621,2720271.6676
159919.SZ,20240620,2727111.6676
159919.SZ,20240619,2727471.6676
159919.SZ,20240618,2725311.6676
159919.SZ,20240617,2722431.6676
159919.SZ,20240614,2721441.6676
159919.SZ,20240613,2720001.6676
159919.SZ,20240612,2720271.6676
159919.SZ,20240611,2712621.6676
159919.SZ,20240607,2712981.6676
159919.SZ,20240606,2710821.6676
159919.SZ,20240605,2712891.6676
159919.SZ,20240604,2717751.6676
159919.SZ,20240603,2724051.6676
159919.SZ,20240531,2723331.6676
159919.SZ,20240530,2720991.6676
159919.SZ,20240529,2719371.6676
159919.SZ,20240528,2721441.6676
159919.SZ,20240527,2720721.6676
159919.SZ,20240524,2714781.6676
159919.SZ,20240523,2708391.6676
159919.SZ,20240522,2704161.6676
159919.SZ,20240521,2704881.6676
159919.SZ,20240520,2704971.6676
159919.SZ,20240517,2704161.6676
159919.SZ,20240516,2718201.6676
159919.SZ,20240515,2725581.6676
159919.SZ,20240514,2728551.6676
159919.SZ,20240513,2735751.6676
159919.SZ,20240510,2752311.6676
159919.SZ,20240509,2756901.6676
159919.SZ,20240508,2764551.6676
159919.SZ,20240507,2775261.6676
159919.SZ,20240506,2796141.6676
159919.SZ,20240430,2797671.6676
159919.SZ,20240429,2796321.6676
159919.SZ,20240426,2795961.6676
159919.SZ,20240425,2802081.6676
159919.SZ,20240424,2802351.6676
159919.SZ,20240423,2801991.6676
159919.SZ,20240422,2803611.6676
159919.SZ,20240419,2808831.6676
159919.SZ,20240418,2811081.6676
159919.SZ,20240417,2809641.6676
159919.SZ,20240416,2811891.6676
159919.SZ,20240415,2816931.6676
159919.SZ,20240412,2838351.6676
159919.SZ,20240411,2843211.6676
159919.SZ,20240410,2850951.6676
159919.SZ,20240409,2857341.6676
159919.SZ,20240408,2874621.6676
159919.SZ,20240403,2879301.6676
159919.SZ,20240402,2877141.6676
159919.SZ,20240401,2871381.6676
159919.SZ,20240331,2871381.6676
159919.SZ,20240329,2881911.6676
159919.SZ,20240328,2882721.6676
159919.SZ,20240327,2885871.6676
159919.SZ,20240326,2881011.6676
159919.SZ,20240325,2878581.6676
159919.SZ,20240322,2875701.6676
159919.SZ,20240321,2877591.6676
159919.SZ,20240320,2883621.6676
159919.SZ,20240319,2885781.6676
159919.SZ,20240318,2900811.6676
159919.SZ,20240315,2906211.6676
159919.SZ,20240314,2911521.6676
159919.SZ,20240313,2905041.6676
159919.SZ,20240312,2886501.6676
159919.SZ,20240311,2869491.6676
159919.SZ,20240308,2850141.6676
159919.SZ,20240307,2844561.6676
159919.SZ,20240306,2836191.6676
159919.SZ,20240305,2765721.6676
159919.SZ,20240304,2763111.6676
159919.SZ,20240301,2760141.6676
159919.SZ,20240229,2755821.6676
159919.SZ,20240228,2756001.6676
159919.SZ,20240227,2754471.6676
159919.SZ,20240226,2763111.6676
159919.SZ,20240223,2766621.6676
159919.SZ,20240222,2763201.6676
159919.SZ,20240221,2755281.6676
159919.SZ,20240220,2748711.6676
159919.SZ,20240219,2736471.6676
159919.SZ,20240208,2648091.6676
159919.SZ,20240207,2404371.6676
159919.SZ,20240206,2354331.6676
159919.SZ,20240205,2218431.6676
159919.SZ,20240202,2144271.6676
159919.SZ,20240201,2073081.6676
159919.SZ,20240131,1964541.6676
159919.SZ,20240130,1933491.6676
159919.SZ,20240129,1931871.6676
159919.SZ,20240126,1900371.6676
159919.SZ,20240125,1889661.6676
159919.SZ,20240124,1828191.6676
159919.SZ,20240123,1806771.6676
159919.SZ,20240122,1606341.6676
159919.SZ,20240119,1540911.6676
159919.SZ,20240118,1395381.6676
159919.SZ,20240117,1307181.6676
159919.SZ,20240116,1243911.6676
159919.SZ,20240115,1244991.6676
159919.SZ,20240112,1241301.6676
159919.SZ,20240111,1236351.6676
159919.SZ,20240110,1218801.6676
159919.SZ,20240109,1174161.6676
159919.SZ,20240108,1161921.6676
159919.SZ,20240105,1158411.6676
159919.SZ,20240104,1158141.6676
159919.SZ,20240103,1158321.6676
159919.SZ,20240102,1159491.6676
159919.SZ,20231231,1159491.6676
159919.SZ,20231229,1112691.6676
159919.SZ,20231228,1094871.6676
159919.SZ,20231227,1078221.6676
159919.SZ,20231226,1071921.6676
159919.SZ,20231225,1052841.6676
159919.SZ,20231222,1020621.6676
159919.SZ,20231221,998481.6676
159919.SZ,20231220,984351.6676
159919.SZ,20231219,968781.6676
159919.SZ,20231218,967251.6676
159919.SZ,20231215,967701.6676
159919.SZ,20231214,970851.6676
159919.SZ,20231213,972021.6676
159919.SZ,20231212,969951.6676
159919.SZ,20231211,968781.6676
159919.SZ,20231208,970311.6676
159919.SZ,20231207,969861.6676
159919.SZ,20231206,973371.6676
159919.SZ,20231205,976971.6676
159919.SZ,20231204,972021.6676
159919.SZ,20231201,946191.6676
159919.SZ,20231130,943311.6676
159919.SZ,20231129,942321.6676
159919.SZ,20231128,942051.6676
159919.SZ,20231127,945111.6676
159919.SZ,20231124,954111.6676
159919.SZ,20231123,955821.6676
159919.SZ,20231122,951591.6676
159919.SZ,20231121,946641.6676
159919.SZ,20231120,947091.6676
159919.SZ,20231117,944841.6676
159919.SZ,20231116,944841.6676
159919.SZ,20231115,941691.6676
159919.SZ,20231114,940971.6676
159919.SZ,20231113,940791.6676
159919.SZ,20231110,943041.6676
159919.SZ,20231109,944031.6676
159919.SZ,20231108,946011.6676
159919.SZ,20231107,937371.6676
159919.SZ,20231106,932601.6676
159919.SZ,20231103,923511.6676
159919.SZ,20231102,919281.6676
159919.SZ,20231101,924231.6676
159919.SZ,20231031,923421.6676
159919.SZ,20231030,917661.6676
159919.SZ,20231027,903171.6676
159919.SZ,20231026,881841.6676
159919.SZ,20231025,859791.6676
159919.SZ,20231024,821451.6676
159919.SZ,20231023,822891.6676
159919.SZ,20231020,828201.6676
159919.SZ,20231019,825321.6676
159919.SZ,20231018,825951.6676
159919.SZ,20231017,827031.6676
159919.SZ,20231016,826041.6676
159919.SZ,20231013,822351.6676
159919.SZ,20231012,820371.6676
159919.SZ,20231011,814701.6676
159919.SZ,20231010,814161.6676
159919.SZ,20231009,815241.6676
159919.SZ,20230930,815241.6676
159919.SZ,20230928,805521.6676
159919.SZ,20230927,797691.6676
159919.SZ,20230926,793731.6676
159919.SZ,20230925,791211.6676
159919.SZ,20230922,786261.6676
159919.SZ,20230921,781851.6676
159919.SZ,20230920,779421.6676
159919.SZ,20230919,780141.6676
159919.SZ,20230918,769431.6676
159919.SZ,20230915,761331.6676
159919.SZ,20230914,762231.6676
159919.SZ,20230913,763401.6676
159919.SZ,20230912,763401.6676
159919.SZ,20230911,763581.6676
159919.SZ,20230908,763941.6676
159919.SZ,20230907,761871.6676
159919.SZ,20230906,755751.6676
159919.SZ,20230905,756291.6676
159919.SZ,20230904,756201.6676
159919.SZ,20230901,756201.6676
159919.SZ,20230831,756021.6676
159919.SZ,20230830,748191.6676
159919.SZ,20230829,740991.6676
159919.SZ,20230828,727401.6676
159919.SZ,20230825,720381.6676
159919.SZ,20230824,713001.6676
159919.SZ,20230823,706701.6676
159919.SZ,20230822,696171.6676
159919.SZ,20230821,690861.6676
159919.SZ,20230818,686001.6676
159919.SZ,20230817,679701.6676
159919.SZ,20230816,664761.6676
159919.SZ,20230815,663771.6676
159919.SZ,20230814,656031.6676
159919.SZ,20230811,652701.6676
159919.SZ,20230810,644061.6676
159919.SZ,20230809,635241.6676
159919.SZ,20230808,625521.6676
159919.SZ,20230807,615351.6676
159919.SZ,20230804,607161.6676
159919.SZ,20230803,605001.6676
159919.SZ,20230802,590511.6676
159919.SZ,20230801,581061.6676
159919.SZ,20230731,569541.6676
159919.SZ,20230728,564411.6676
159919.SZ,20230727,563961.6676
159919.SZ,20230726,563061.6676
159919.SZ,20230725,562161.6676
159919.SZ,20230724,559191.6676
159919.SZ,20230721,557751.6676
159919.SZ,20230720,553431.6676
159919.SZ,20230719,545511.6676
159919.SZ,20230718,545421.6676
159919.SZ,20230717,545511.6676
159919.SZ,20230714,545151.6676
159919.SZ,20230713,540831.6676
159919.SZ,20230712,540741.6676
159919.SZ,20230711,538401.6676
159919.SZ,20230710,535161.6676
159919.SZ,20230707,534891.6676
159919.SZ,20230706,534801.6676
159919.SZ,20230705,534801.6676
159919.SZ,20230704,535791.6676
159919.SZ,20230703,534711.6676
159919.SZ,20230630,534441.6676
159919.SZ,20230629,534531.6676
159919.SZ,20230628,534621.6676
159919.SZ,20230627,534621.6676
159919.SZ,20230626,528951.6676
159919.SZ,20230621,530031.6676
159919.SZ,20230620,530031.6676
159919.SZ,20230619,530031.6676
159919.SZ,20230616,530031.6676
159919.SZ,20230615,531471.6676
159919.SZ,20230614,531651.6676
159919.SZ,20230613,531651.6676
159919.SZ,20230612,533181.6676
159919.SZ,20230609,531021.6676
159919.SZ,20230608,530211.6676
159919.SZ,20230607,530121.6676
159919.SZ,20230606,530211.6676
159919.SZ,20230605,530211.6676
159919.SZ,20230602,526521.6676
159919.SZ,20230601,525621.6676
159919.SZ,20230531,520311.6676
159919.SZ,20230530,518691.6676
159919.SZ,20230529,518331.6676
159919.SZ,20230526,516891.6676
159919.SZ,20230525,516981.6676
159919.SZ,20230524,519681.6676
159919.SZ,20230523,521751.6676
159919.SZ,20230522,521841.6676
159919.SZ,20230519,521841.6676
159919.SZ,20230518,524361.6676
159919.SZ,20230517,520761.6676
159919.SZ,20230516,518421.6676
159919.SZ,20230515,513291.6676
159919.SZ,20230512,512931.6676
159919.SZ,20230511,507171.6676
159919.SZ,20230510,505191.6676
159919.SZ,20230509,507261.6676
159919.SZ,20230508,510141.6676
159919.SZ,20230505,510771.6676
159919.SZ,20230504,513921.6676
159919.SZ,20230428,515451.6676
159919.SZ,20230427,515991.6676
159919.SZ,20230426,509781.6676
159919.SZ,20230425,498981.6676
159919.SZ,20230424,498261.6676
159919.SZ,20230421,502131.6676
159919.SZ,20230420,503031.6676
159919.SZ,20230419,503031.6676
159919.SZ,20230418,503211.6676
159919.SZ,20230417,504561.6676
159919.SZ,20230414,504651.6676
159919.SZ,20230413,506901.6676
159919.SZ,20230412,513021.6676
159919.SZ,20230411,513021.6676
159919.SZ,20230410,515181.6676
159919.SZ,20230407,516441.6676
159919.SZ,20230406,520041.6676
159919.SZ,20230404,525171.6676
159919.SZ,20230403,524631.6676
159919.SZ,20230331,524631.6676
159919.SZ,20230330,522021.6676
159919.SZ,20230329,524721.6676
159919.SZ,20230328,526161.6676
159919.SZ,20230327,524451.6676
159919.SZ,20230324,524451.6676
159919.SZ,20230323,524901.6676
159919.SZ,20230322,525351.6676
159919.SZ,20230321,524811.6676
159919.SZ,20230320,524901.6676
159919.SZ,20230317,518691.6676
159919.SZ,20230316,518691.6676
159919.SZ,20230315,520131.6676
159919.SZ,20230314,519951.6676
159919.SZ,20230313,520041.6676
159919.SZ,20230310,521121.6676
159919.SZ,20230309,518961.6676
159919.SZ,20230308,518961.6676
159919.SZ,20230307,521931.6676
159919.SZ,20230306,527151.6676
159919.SZ,20230303,526251.6676
159919.SZ,20230302,523821.6676
159919.SZ,20230301,520041.6676
159919.SZ,20230228,519771.6676
159919.SZ,20230227,520941.6676
159919.SZ,20230224,521121.6676
159919.SZ,20230223,522111.6676
159919.SZ,20230222,522381.6676
159919.SZ,20230221,519141.6676
159919.SZ,20230220,518061.6676
159919.SZ,20230217,516891.6676
159919.SZ,20230216,517881.6676
159919.SZ,20230215,518061.6676
159919.SZ,20230214,520041.6676
159919.SZ,20230213,526341.6676
159919.SZ,20230210,529311.6676
159919.SZ,20230209,529131.6676
159919.SZ,20230208,534621.6676
159919.SZ,20230207,557121.6676
159919.SZ,20230206,566031.6676
159919.SZ,20230203,577731.6676
159919.SZ,20230202,590241.6676
159919.SZ,20230201,585471.6676
159919.SZ,20230131,583041.6676
159919.SZ,20230130,583311.6676
159919.SZ,20230120,583671.6676
159919.SZ,20230119,576471.6676
159919.SZ,20230118,560001.6676
159919.SZ,20230117,557571.6676
159919.SZ,20230116,544521.6676
159919.SZ,20230113,541371.6676
159919.SZ,20230112,537591.6676
159919.SZ,20230111,534801.6676
159919.SZ,20230110,532821.6676
159919.SZ,20230109,528861.6676
159919.SZ,20230106,529491.6676
159919.SZ,20230105,530661.6676
159919.SZ,20230104,532821.6676
159919.SZ,20230103,532821.6676
159919.SZ,20221231,532821.6676
159919.SZ,20221230,523731.6676
159919.SZ,20221229,514011.6676
159919.SZ,20221228,513021.6676
159919.SZ,20221227,513651.6676
159919.SZ,20221226,517071.6676
159919.SZ,20221223,516441.6676
159919.SZ,20221222,518961.6676
159919.SZ,20221221,514911.6676
159919.SZ,20221220,514281.6676
159919.SZ,20221219,510411.6676
159919.SZ,20221216,509961.6676
159919.SZ,20221215,509961.6676
159919.SZ,20221214,505101.6676
159919.SZ,20221213,497001.6676
159919.SZ,20221212,496731.6676
159919.SZ,20221209,496371.6676
159919.SZ,20221208,491781.6676
159919.SZ,20221207,492231.6676
159919.SZ,20221206,493941.6676
159919.SZ,20221205,499971.6676
159919.SZ,20221202,500601.6676
159919.SZ,20221201,499881.6676
159919.SZ,20221130,497541.6676
159919.SZ,20221129,497181.6676
159919.SZ,20221128,498081.6676
159919.SZ,20221125,497901.6676
159919.SZ,20221124,493401.6676
159919.SZ,20221123,492861.6676
159919.SZ,20221122,493851.6676
159919.SZ,20221121,493761.6676
159919.SZ,20221118,504561.6676
159919.SZ,20221117,504651.6676
159919.SZ,20221116,507711.6676
159919.SZ,20221115,506451.6676
159919.SZ,20221114,501861.6676
159919.SZ,20221111,500511.6676
159919.SZ,20221110,497091.6676
159919.SZ,20221109,496461.6676
159919.SZ,20221108,496371.6676
159919.SZ,20221107,490701.6676
159919.SZ,20221104,489801.6676
159919.SZ,20221103,488361.6676
159919.SZ,20221102,488361.6676
159919.SZ,20221101,486741.6676
159919.SZ,20221031,487281.6676
159919.SZ,20221028,486291.6676
159919.SZ,20221027,485751.6676
159919.SZ,20221026,483231.6676
159919.SZ,20221025,479901.6676
159919.SZ,20221024,480261.6676
159919.SZ,20221021,479991.6676
159919.SZ,20221020,480801.6676
159919.SZ,20221019,480981.6676
159919.SZ,20221018,482511.6676
159919.SZ,20221017,483951.6676
159919.SZ,20221014,483771.6676
159919.SZ,20221013,484401.6676
159919.SZ,20221012,480801.6676
159919.SZ,20221011,475761.6676
159919.SZ,20221010,472701.6676
159919.SZ,20220930,472701.6676
159919.SZ,20220929,470181.6676
159919.SZ,20220928,471081.6676
159919.SZ,20220927,464151.6676
159919.SZ,20220926,463881.6676
159919.SZ,20220923,463611.6676
159919.SZ,20220922,462801.6676
159919.SZ,20220921,462531.6676
159919.SZ,20220920,461541.6676
159919.SZ,20220919,458031.6676
159919.SZ,20220916,453711.6676
159919.SZ,20220915,452361.6676
159919.SZ,20220914,450021.6676
159919.SZ,20220913,446151.6676
159919.SZ,20220909,445161.6676
159919.SZ,20220908,444801.6676
159919.SZ,20220907,444441.6676
159919.SZ,20220906,443991.6676
159919.SZ,20220905,443451.6676
159919.SZ,20220902,441921.6676
159919.SZ,20220901,437061.6676
159919.SZ,20220831,435081.6676
159919.SZ,20220830,437601.6676
159919.SZ,20220829,437601.6676
159919.SZ,20220826,437061.6676
159919.SZ,20220825,437151.6676
159919.SZ,20220824,440301.6676
159919.SZ,20220823,442371.6676
159919.SZ,20220822,440031.6676
159919.SZ,20220819,440301.6676
159919.SZ,20220818,439941.6676
159919.SZ,20220817,440301.6676
159919.SZ,20220816,437151.6676
159919.SZ,20220815,434991.6676
159919.SZ,20220812,431751.6676
159919.SZ,20220811,431751.6676
159919.SZ,20220810,431661.6676
159919.SZ,20220809,431751.6676
159919.SZ,20220808,431751.6676
159919.SZ,20220805,432471.6676
159919.SZ,20220804,429591.6676
159919.SZ,20220803,428691.6676
159919.SZ,20220802,427341.6676
159919.SZ,20220801,429861.6676
159919.SZ,20220729,432021.6676
159919.SZ,20220728,431931.6676
159919.SZ,20220727,428781.6676
159919.SZ,20220726,428421.6676
159919.SZ,20220725,427341.6676
159919.SZ,20220722,426621.6676
159919.SZ,20220721,425721.6676
159919.SZ,20220720,426261.6676
159919.SZ,20220719,424011.6676
159919.SZ,20220718,421941.6676
159919.SZ,20220715,427161.6676
159919.SZ,20220714,426801.6676
159919.SZ,20220713,428871.6676
159919.SZ,20220712,428061.6676
159919.SZ,20220711,421761.6676
159919.SZ,20220708,421671.6676
159919.SZ,20220707,423471.6676
159919.SZ,20220706,421311.6676
159919.SZ,20220705,424731.6676
159919.SZ,20220704,426171.6676
159919.SZ,20220701,422391.6676
159919.SZ,20220630,422391.6676
159919.SZ,20220629,421041.6676
159919.SZ,20220628,421041.6676
159919.SZ,20220627,416271.6676
159919.SZ,20220624,417621.6676
159919.SZ,20220623,417351.6676
159919.SZ,20220622,417891.6676
159919.SZ,20220621,419151.6676
159919.SZ,20220620,423921.6676
159919.SZ,20220617,429321.6676
159919.SZ,20220616,423291.6676
159919.SZ,20220615,427701.6676
159919.SZ,20220614,423021.6676
159919.SZ,20220613,427881.6676
159919.SZ,20220610,426261.6676
159919.SZ,20220609,424821.6676
159919.SZ,20220608,428691.6676
159919.SZ,20220607,434181.6676
159919.SZ,20220606,440301.6676
159919.SZ,20220602,441561.6676
159919.SZ,20220601,445251.6676
159919.SZ,20220531,445431.6676
159919.SZ,20220530,441921.6676
159919.SZ,20220527,435171.6676
159919.SZ,20220526,435441.6676
159919.SZ,20220525,434091.6676
159919.SZ,20220524,433191.6676
159919.SZ,20220523,431931.6676
159919.SZ,20220520,429231.6676
159919.SZ,20220519,427161.6676
159919.SZ,20220518,425541.6676
159919.SZ,20220517,425181.6676
159919.SZ,20220516,424461.6676
159919.SZ,20220513,425361.6676
159919.SZ,20220512,425991.6676
159919.SZ,20220511,433821.6676
159919.SZ,20220510,434451.6676
159919.SZ,20220509,439761.6676
159919.SZ,20220506,446421.6676
159919.SZ,20220505,449571.6676
159919.SZ,20220429,450471.6676
159919.SZ,20220428,454791.6676
159919.SZ,20220427,457041.6676
159919.SZ,20220426,446511.6676
159919.SZ,20220425,436701.6676
159919.SZ,20220422,424821.6676
159919.SZ,20220421,418971.6676
159919.SZ,20220420,417801.6676
159919.SZ,20220419,417351.6676
159919.SZ,20220418,419871.6676
159919.SZ,20220415,422391.6676
159919.SZ,20220414,425361.6676
159919.SZ,20220413,416271.6676
159919.SZ,20220412,409431.6676
159919.SZ,20220411,407631.6676
159919.SZ,20220408,406731.6676
159919.SZ,20220407,406641.6676
159919.SZ,20220406,411681.6676
159919.SZ,20220401,417171.6676
159919.SZ,20220331,417171.6676
159919.SZ,20220330,412311.6676
159919.SZ,20220329,407091.6676
159919.SZ,20220328,402141.6676
159919.SZ,20220325,401781.6676
159919.SZ,20220324,398451.6676
159919.SZ,20220323,398541.6676
159919.SZ,20220322,398631.6676
159919.SZ,20220321,399531.6676
159919.SZ,20220318,400611.6676
159919.SZ,20220317,405561.6676
159919.SZ,20220316,405561.6676
159919.SZ,20220315,407991.6676
159919.SZ,20220314,407721.6676
159919.SZ,20220311,407451.6676
159919.SZ,20220310,413571.6676
159919.SZ,20220309,412131.6676
159919.SZ,20220308,419601.6676
159919.SZ,20220307,425271.6676
159919.SZ,20220304,425991.6676
159919.SZ,20220303,426441.6676
159919.SZ,20220302,426351.6676
159919.SZ,20220301,427521.6676
159919.SZ,20220228,429051.6676
159919.SZ,20220225,428961.6676
159919.SZ,20220224,431481.6676
159919.SZ,20220223,438321.6676
159919.SZ,20220222,440031.6676
159919.SZ,20220221,443541.6676
159919.SZ,20220218,444081.6676
159919.SZ,20220217,445161.6676
159919.SZ,20220216,447681.6676
159919.SZ,20220215,453171.6676
159919.SZ,20220214,452991.6676
159919.SZ,20220211,453531.6676
159919.SZ,20220210,456321.6676
159919.SZ,20220209,457041.6676
159919.SZ,20220208,456501.6676
159919.SZ,20220207,455691.6676
159919.SZ,20220128,464511.6676
159919.SZ,20220127,467841.6676
159919.SZ,20220126,471531.6676
159919.SZ,20220125,473871.6676
159919.SZ,20220124,463341.6676
159919.SZ,20220121,463251.6676
159919.SZ,20220120,453891.6676
159919.SZ,20220119,453801.6676
159919.SZ,20220118,461811.6676
159919.SZ,20220117,462081.6676
159919.SZ,20220114,461811.6676
159919.SZ,20220113,459381.6676
159919.SZ,20220112,459381.6676
159919.SZ,20220111,455871.6676
159919.SZ,20220110,455691.6676
159919.SZ,20220107,455871.6676
159919.SZ,20220106,457221.6676
159919.SZ,20220105,456591.6676
159919.SZ,20220104,459651.6676
159919.SZ,20260731,654411.6676
159919.SZ,20260730,642441.6676
159919.SZ,20260729,633531.6676
159919.SZ,20260728,629031.6676
159919.SZ,20260727,624441.6676
159919.SZ,20260724,619221.6676
159919.SZ,20260723,618231.6676
159919.SZ,20260722,619491.6676
159919.SZ,20260721,637401.6676
159919.SZ,20260720,623901.6676
159919.SZ,20260717,568371.6676
159919.SZ,20260716,556941.6676
159919.SZ,20260715,561441.6676
159919.SZ,20260714,560991.6676
159919.SZ,20260713,538041.6676
159919.SZ,20260710,534351.6676
159919.SZ,20260709,536871.6676
159919.SZ,20260708,535611.6676
159919.SZ,20260707,536151.6676
159919.SZ,20260706,542811.6676
159919.SZ,20260703,631911.6676
159919.SZ,20260702,655491.6676
159919.SZ,20260701,693921.6676
159919.SZ,20260630,699681.6676
159919.SZ,20260629,760881.6676
159919.SZ,20260626,765021.6676
159919.SZ,20260625,859881.6676
159919.SZ,20260624,949251.6676
159919.SZ,20260623,1036461.6676
159919.SZ,20260622,1056441.6676
159919.SZ,20260618,1104321.6676
159919.SZ,20260617,1160571.6676
159919.SZ,20260616,1200531.6676
159919.SZ,20260615,1241301.6676
159919.SZ,20260612,1249581.6676
159919.SZ,20260611,1248321.6676
159919.SZ,20260610,1248051.6676
159919.SZ,20260609,1252101.6676
159919.SZ,20260608,1229421.6676
159919.SZ,20260605,1226271.6676
159919.SZ,20260604,1231581.6676
159919.SZ,20260603,1242111.6676
159919.SZ,20260602,1238151.6676
159919.SZ,20260601,1235631.6676
159919.SZ,20260529,1238691.6676
159919.SZ,20260528,1249221.6676
159919.SZ,20260527,1280451.6676
159919.SZ,20260526,1300251.6676
159919.SZ,20260525,1390881.6676
159919.SZ,20260522,1408791.6676
159919.SZ,20260521,1454061.6676
159919.SZ,20260520,1490061.6676
159919.SZ,20260519,1523361.6676
159919.SZ,20260518,1525881.6676
159919.SZ,20260515,1530471.6676
159919.SZ,20260514,1559451.6676
159919.SZ,20260513,1595811.6676
159919.SZ,20260512,1626771.6676
159919.SZ,20260511,1688781.6676
159919.SZ,20260508,1729191.6676
159919.SZ,20260507,1753221.6676
159919.SZ,20260506,1795341.6676
159919.SZ,20260430,1842861.6676
159919.SZ,20260429,1866801.6676
159919.SZ,20260428,1889661.6676
159919.SZ,20260427,1900281.6676
159919.SZ,20260424,1908201.6676
159919.SZ,20260423,1926021.6676
159919.SZ,20260422,1937091.6676
159919.SZ,20260421,1946901.6676
159919.SZ,20260420,1951581.6676
159919.SZ,20260417,1958781.6676
159919.SZ,20260416,1957971.6676
159919.SZ,20260415,1958511.6676
159919.SZ,20260414,1960221.6676
159919.SZ,20260413,1962561.6676
159919.SZ,20260410,1974441.6676
159919.SZ,20260409,1986861.6676
159919.SZ,20260408,1989021.6676
159919.SZ,20260407,1984881.6676
159919.SZ,20260403,1983981.6676
159919.SZ,20260402,1994331.6676
159919.SZ,20260401,1996491.6676
159919.SZ,20260331,1999821.6676
159919.SZ,20260330,2003511.6676
159919.SZ,20260327,2003241.6676
159919.SZ,20260326,2004051.6676
159919.SZ,20260325,2008281.6676
159919.SZ,20260324,2008641.6676
159919.SZ,20260323,1990011.6676
159919.SZ,20260320,1985601.6676
159919.SZ,20260319,1979661.6676
159919.SZ,20260318,1976241.6676
159919.SZ,20260317,1972641.6676
159919.SZ,20260316,1972101.6676
159919.SZ,20260313,1977591.6676
159919.SZ,20260312,1980381.6676
159919.SZ,20260311,1987761.6676
159919.SZ,20260310,1988931.6676
159919.SZ,20260309,1992171.6676
159919.SZ,20260306,1990911.6676
159919.SZ,20260305,1997481.6676
159919.SZ,20260304,1991451.6676
159919.SZ,20260303,1987941.6676
159919.SZ,20260302,2008911.6676
159919.SZ,20260227,2009271.6676
159919.SZ,20260226,2020791.6676
159919.SZ,20260225,2021061.6676
159919.SZ,20260224,2022411.6676
159919.SZ,20260213,2045001.6676
159919.SZ,20260212,2048961.6676
159919.SZ,20260211,2051031.6676
159919.SZ,20260210,2059221.6676
159919.SZ,20260209,2060121.6676
159919.SZ,20260206,2055981.6676
159919.SZ,20260205,2058591.6676
159919.SZ,20260204,2072271.6676
159919.SZ,20260203,2066781.6676
159919.SZ,20260202,2077311.6676
159919.SZ,20260130,2099181.6676
159919.SZ,20260129,2207091.6676
159919.SZ,20260128,2521641.6676
159919.SZ,20260127,2626491.6676
159919.SZ,20260126,2903331.6676
159919.SZ,20260123,3141741.6676
159919.SZ,20260122,3269451.6676
159919.SZ,20260121,3538191.6676
159919.SZ,20260120,3687501.6676
159919.SZ,20260119,3858411.6676
159919.SZ,20260117,3858411.6676
159919.SZ,20260116,3993411.6676
159919.SZ,20260115,4083051.6676
159919.SZ,20260114,4090521.6676
159919.SZ,20260113,4090881.6676
159919.SZ,20260112,4092591.6676
159919.SZ,20260109,4088091.6676
159919.SZ,20260108,4087641.6676
159919.SZ,20260107,4093851.6676
159919.SZ,20260106,4087461.6676
159919.SZ,20260105,4081881.6676
159915.SZ,20211231,392246.9344
159915.SZ,20211230,403945.4936
159915.SZ,20211229,405745.4936
159915.SZ,20211228,402745.4936
159915.SZ,20211227,399045.4936
159915.SZ,20211224,395445.4936
159915.SZ,20211223,396845.4936
159915.SZ,20211222,398145.4936
159915.SZ,20211221,386845.4936
159915.SZ,20211220,384145.4936
159915.SZ,20211217,384145.4936
159915.SZ,20211216,384945.4936
159915.SZ,20211215,385245.4936
159915.SZ,20211214,387445.4936
159915.SZ,20211213,388145.4936
159915.SZ,20211210,388345.4936
159915.SZ,20211209,389245.4936
159915.SZ,20211208,392245.4936
159915.SZ,20211207,387245.4936
159915.SZ,20211206,386045.4936
159915.SZ,20211203,384245.4936
159915.SZ,20211202,385745.4936
159915.SZ,20211201,384145.4936
159915.SZ,20211130,381845.4936
159915.SZ,20211129,377045.4936
159915.SZ,20211126,376745.4936
159915.SZ,20211125,380145.4936
159915.SZ,20211124,381745.4936
159915.SZ,20211123,383145.4936
159915.SZ,20211122,385145.4936
159915.SZ,20211119,382345.4936
159915.SZ,20211118,381145.4936
159915.SZ,20211117,382845.4936
159915.SZ,20211116,385345.4936
159915.SZ,20211115,385745.4936
159915.SZ,20211112,385345.4936
159915.SZ,20211111,385645.4936
159915.SZ,20211110,386645.4936
159915.SZ,20211109,388745.4936
159915.SZ,20211108,389045.4936
159915.SZ,20211105,389145.4936
159915.SZ,20211104,390845.4936
159915.SZ,20211103,391645.4936
159915.SZ,20211102,392345.4936
159915.SZ,20211101,393645.4936
159915.SZ,20211029,394245.4936
159915.SZ,20211028,390645.4936
159915.SZ,20211027,389645.4936
159915.SZ,20211026,393345.4936
159915.SZ,20211025,397145.4936
159915.SZ,20211022,401145.4936
159915.SZ,20211021,401145.4936
159915.SZ,20211020,404145.4936
159915.SZ,20211019,406245.4936
159915.SZ,20211018,416345.4936
159915.SZ,20211015,419745.4936
159915.SZ,20211014,423645.4936
159915.SZ,20211013,428245.4936
159915.SZ,20211012,419045.4936
159915.SZ,20211011,416745.4936
159915.SZ,20211008,410645.4936
159915.SZ,20210930,413635.8632
159915.SZ,20210929,408045.4936
159915.SZ,20210928,407045.4936
159915.SZ,20210927,411145.4936
159915.SZ,20210924,418445.4936
159915.SZ,20210923,419445.4936
159915.SZ,20210922,418045.4936
159915.SZ,20210918,418045.4936
159915.SZ,20210917,419245.4936
159915.SZ,20210916,415445.4936
159915.SZ,20210915,415045.4936
159915.SZ,20210914,419245.4936
159915.SZ,20210913,418545.4936
159915.SZ,20210910,417845.4936
159915.SZ,20210909,415645.4936
159915.SZ,20210908,418845.4936
159915.SZ,20210907,420745.4936
159915.SZ,20210906,428545.4936
159915.SZ,20210903,416845.4936
159915.SZ,20210902,407945.4936
159915.SZ,20210901,404745.4936
159915.SZ,20210831,400745.4936
159915.SZ,20210830,403345.4936
159915.SZ,20210827,401745.4936
159915.SZ,20210826,403145.4936
159915.SZ,20210825,405245.4936
159915.SZ,20210824,412645.4936
159915.SZ,20210823,418545.4936
159915.SZ,20210820,409845.4936
159915.SZ,20210819,411145.4936
159915.SZ,20210818,408045.4936
159915.SZ,20210817,396245.4936
159915.SZ,20210816,391245.4936
159915.SZ,20210813,388145.4936
159915.SZ,20210812,390045.4936
159915.SZ,20210811,392045.4936
159915.SZ,20210810,395045.4936
159915.SZ,20210809,412545.4936
159915.SZ,20210806,416045.4936
159915.SZ,20210805,419145.4936
159915.SZ,20210804,421745.4936
159915.SZ,20210803,423345.4936
159915.SZ,20210802,426045.4936
159915.SZ,20210730,426045.4936
159915.SZ,20210729,439145.4936
159915.SZ,20210728,441945.4936
159915.SZ,20210727,443445.4936
159915.SZ,20210726,438945.4936
159915.SZ,20210723,437445.4936
159915.SZ,20210722,436845.4936
159915.SZ,20210721,433745.4936
159915.SZ,20210720,431245.4936
159915.SZ,20210719,431145.4936
159915.SZ,20210716,433745.4936
159915.SZ,20210715,433045.4936
159915.SZ,20210714,433945.4936
159915.SZ,20210713,429945.4936
159915.SZ,20210712,431045.4936
159915.SZ,20210709,429145.4936
159915.SZ,20210708,429745.4936
159915.SZ,20210707,430245.4936
159915.SZ,20210706,421145.4936
159915.SZ,20210705,421545.4936
159915.SZ,20210702,427045.4936
159915.SZ,20210701,440845.4936
159915.SZ,20210630,442987.1948
159915.SZ,20210629,445745.4936
159915.SZ,20210628,449545.4936
159915.SZ,20210625,441145.4936
159915.SZ,20210624,442045.4936
159915.SZ,20210623,446545.4936
159915.SZ,20210622,446945.4936
159915.SZ,20210621,448045.4936
159915.SZ,20210618,448945.4936
159915.SZ,20210617,460745.4936
159915.SZ,20210616,460745.4936
159915.SZ,20210615,468745.4936
159915.SZ,20210611,471945.4936
159915.SZ,20210610,475245.4936
159915.SZ,20210609,475245.4936
159915.SZ,20210608,474845.4936
159915.SZ,20210607,475345.4936
159915.SZ,20210604,476745.4936
159915.SZ,20210603,477145.4936
159915.SZ,20210602,481945.4936
159915.SZ,20210601,486045.4936
159915.SZ,20210531,493645.4936
159915.SZ,20210528,500845.4936
159915.SZ,20210527,500945.4936
159915.SZ,20210526,502645.4936
159915.SZ,20210525,497045.4936
159915.SZ,20210524,498145.4936
159915.SZ,20210521,501645.4936
159915.SZ,20210520,505845.4936
159915.SZ,20210519,511945.4936
159915.SZ,20210518,518045.4936
159915.SZ,20210517,532845.4936
159915.SZ,20210514,536245.4936
159915.SZ,20210513,536345.4936
159915.SZ,20210512,532445.4936
159915.SZ,20210511,526845.4936
159915.SZ,20210510,520645.4936
159915.SZ,20210507,512445.4936
159915.SZ,20210506,511045.4936
159915.SZ,20210430,519345.4936
159915.SZ,20210429,520745.4936
159915.SZ,20210428,532545.4936
159915.SZ,20210427,539945.4936
159915.SZ,20210426,568045.4936
159915.SZ,20210423,577245.4936
159915.SZ,20210422,589445.4936
159915.SZ,20210421,594045.4936
159915.SZ,20210420,603845.4936
159915.SZ,20210419,619445.4936
159915.SZ,20210416,612745.4936
159915.SZ,20210415,614145.4936
159915.SZ,20210414,616645.4936
159915.SZ,20210413,622445.4936
159915.SZ,20210412,615545.4936
159915.SZ,20210409,611145.4936
159915.SZ,20210408,615445.4936
159915.SZ,20210407,614945.4936
159915.SZ,20210406,621145.4936
159915.SZ,20210402,633345.4936
159915.SZ,20210401,641745.4936
159915.SZ,20210331,643039.3685
159915.SZ,20210330,652145.4936
159915.SZ,20210329,658145.4936
159915.SZ,20210326,670845.4936
159915.SZ,20210325,669145.4936
159915.SZ,20210324,652245.4936
159915.SZ,20210323,645645.4936
159915.SZ,20210322,644045.4936
159915.SZ,20210319,638745.4936
159915.SZ,20210318,655645.4936
159915.SZ,20210317,665945.4936
159915.SZ,20210316,665345.4936
159915.SZ,20210315,646245.4936
159915.SZ,20210312,656845.4936
159915.SZ,20210311,677645.4936
159915.SZ,20210310,701545.4936
159915.SZ,20210309,672645.4936
159915.SZ,20210308,640745.4936
159915.SZ,20210305,632845.4936
159915.SZ,20210304,589245.4936
159915.SZ,20210303,582945.4936
159915.SZ,20210302,592845.4936
159915.SZ,20210301,610945.4936
159915.SZ,20210226,590945.4936
159915.SZ,20210225,585745.4936
159915.SZ,20210224,542345.4936
159915.SZ,20210223,531345.4936
159915.SZ,20210222,522745.4936
159915.SZ,20210219,516145.4936
159915.SZ,20210218,507645.4936
159915.SZ,20210210,507745.4936
159915.SZ,20210209,517045.4936
159915.SZ,20210208,517045.4936
159915.SZ,20210205,517245.4936
159915.SZ,20210204,512045.4936
159915.SZ,20210203,519145.4936
159915.SZ,20210202,525345.4936
159915.SZ,20210201,523845.4936
159915.SZ,20210129,516445.4936
159915.SZ,20210128,511545.4936
159915.SZ,20210127,509245.4936
159915.SZ,20210126,510545.4936
159915.SZ,20210125,517245.4936
159915.SZ,20210122,521045.4936
159915.SZ,20210121,524445.4936
159915.SZ,20210120,539545.4936
159915.SZ,20210119,544145.4936
159915.SZ,20210118,546545.4936
159915.SZ,20210115,545745.4936
159915.SZ,20210114,542045.4936
159915.SZ,20210113,546545.4936
159915.SZ,20210112,547745.4936
159915.SZ,20210111,547245.4936
159915.SZ,20210108,546745.4936
159915.SZ,20210107,550745.4936
159915.SZ,20210106,549845.4936
159915.SZ,20210105,540745.4936
159915.SZ,20210104,542745.4936
159915.SZ,20201231,544039.3685
159915.SZ,20201230,566145.4936
159915.SZ,20201229,572145.4936
159915.SZ,20201228,589745.4936
159915.SZ,20201225,751545.4936
159915.SZ,20201224,622345.4936
159915.SZ,20201223,597245.4936
159915.SZ,20201222,596445.4936
159915.SZ,20201221,584645.4936
159915.SZ,20201218,583745.4936
159915.SZ,20201217,588145.4936
159915.SZ,20201216,595245.4936
159915.SZ,20201215,601845.4936
159915.SZ,20201214,601945.4936
159915.SZ,20201211,600545.4936
159915.SZ,20201210,603445.4936
159915.SZ,20201209,619645.4936
159915.SZ,20201208,629145.4936
159915.SZ,20201207,636345.4936
159915.SZ,20201204,642645.4936
159915.SZ,20201203,654345.4936
159915.SZ,20201202,653245.4936
159915.SZ,20201201,675245.4936
159915.SZ,20201130,680145.4936
159915.SZ,20201127,676845.4936
159915.SZ,20201126,661945.4936
159915.SZ,20201125,653345.4936
159915.SZ,20201124,657445.4936
159915.SZ,20201123,668345.4936
159915.SZ,20201120,681345.4936
159915.SZ,20201119,676945.4936
159915.SZ,20201118,651345.4936
159915.SZ,20201117,628345.4936
159915.SZ,20201116,632545.4936
159915.SZ,20201113,631545.4936
159915.SZ,20201112,631345.4936
159915.SZ,20201111,616745.4936
159915.SZ,20201110,635145.4936
159915.SZ,20201109,639545.4936
159915.SZ,20201106,640345.4936
159915.SZ,20201105,643945.4936
159915.SZ,20201104,653345.4936
159915.SZ,20201103,657145.4936
159915.SZ,20201102,657345.4936
159915.SZ,20201030,664545.4936
159915.SZ,20201029,671345.4936
159915.SZ,20201028,674745.4936
159915.SZ,20201027,682945.4936
159915.SZ,20201026,681945.4936
159915.SZ,20201023,668745.4936
159915.SZ,20201022,659145.4936
159915.SZ,20201021,662345.4936
159915.SZ,20201020,659545.4936
159915.SZ,20201019,655745.4936
159915.SZ,20201016,649345.4936
159915.SZ,20201015,640745.4936
159915.SZ,20201014,645145.4936
159915.SZ,20201013,653345.4936
159915.SZ,20201012,646145.4936
159915.SZ,20201009,650945.4936
159915.SZ,20200930,653029.0442
159915.SZ,20200929,658745.4936
159915.SZ,20200928,657345.4936
159915.SZ,20200925,650545.4936
159915.SZ,20200924,648545.4936
159915.SZ,20200923,654145.4936
159915.SZ,20200922,657545.4936
159915.SZ,20200921,661945.4936
159915.SZ,20200918,664345.4936
159915.SZ,20200917,656945.4936
159915.SZ,20200916,658345.4936
159915.SZ,20200915,665545.4936
159915.SZ,20200914,677545.4936
159915.SZ,20200911,681145.4936
159915.SZ,20200910,678345.4936
159915.SZ,20200909,668545.4936
159915.SZ,20200908,663545.4936
159915.SZ,20200907,666545.4936
159915.SZ,20200904,661545.4936
159915.SZ,20200903,670945.4936
159915.SZ,20200902,673745.4936
159915.SZ,20200901,670945.4936
159915.SZ,20200831,675745.4936
159915.SZ,20200828,673545.4936
159915.SZ,20200827,685545.4936
159915.SZ,20200826,703145.4936
159915.SZ,20200825,713145.4936
159915.SZ,20200824,712145.4936
159915.SZ,20200821,717345.4936
159915.SZ,20200820,720945.4936
159915.SZ,20200819,719745.4936
159915.SZ,20200818,734745.4936
159915.SZ,20200817,712545.4936
159915.SZ,20200814,698545.4936
159915.SZ,20200813,706145.4936
159915.SZ,20200812,695545.4936
159915.SZ,20200811,709745.4936
159915.SZ,20200810,705945.4936
159915.SZ,20200807,717945.4936
159915.SZ,20200806,719345.4936
159915.SZ,20200805,722145.4936
159915.SZ,20200804,719545.4936
159915.SZ,20200803,713545.4936
159915.SZ,20200731,710945.4936
159915.SZ,20200730,716545.4936
159915.SZ,20200729,721345.4936
159915.SZ,20200728,735745.4936
159915.SZ,20200727,738145.4936
159915.SZ,20200724,732145.4936
159915.SZ,20200723,737545.4936
159915.SZ,20200722,751945.4936
159915.SZ,20200721,781745.4936
159915.SZ,20200720,775345.4936
159915.SZ,20200717,771545.4936
159915.SZ,20200716,791145.4936
159915.SZ,20200715,787545.4936
159915.SZ,20200714,767145.4936
159915.SZ,20200713,737945.4936
159915.SZ,20200710,733545.4936
159915.SZ,20200709,713345.4936
159915.SZ,20200708,719945.4936
159915.SZ,20200707,711345.4936
159915.SZ,20200706,722545.4936
159915.SZ,20200703,724145.4936
159915.SZ,20200702,736145.4936
159915.SZ,20200701,728945.4936
159915.SZ,20200630,732419.2077
159915.SZ,20200629,727345.4936
159915.SZ,20200624,724145.4936
159915.SZ,20200623,721145.4936
159915.SZ,20200622,715545.4936
159915.SZ,20200619,708745.4936
159915.SZ,20200618,690745.4936
159915.SZ,20200617,697345.4936
159915.SZ,20200616,690745.4936
159915.SZ,20200615,698145.4936
159915.SZ,20200612,701945.4936
159915.SZ,20200611,705945.4936
159915.SZ,20200610,729145.4936
159915.SZ,20200609,737545.4936
159915.SZ,20200608,741745.4936
159915.SZ,20200605,741345.4936
159915.SZ,20200604,752545.4936
159915.SZ,20200603,762545.4936
159915.SZ,20200602,753145.4936
159915.SZ,20200601,753145.4936
159915.SZ,20200529,773745.4936
159915.SZ,20200528,773345.4936
159915.SZ,20200527,786545.4936
159915.SZ,20200526,797145.4936
159915.SZ,20200525,800945.4936
159915.SZ,20200522,807945.4936
159915.SZ,20200521,815145.4936
159915.SZ,20200520,824545.4936
159915.SZ,20200519,844145.4936
159915.SZ,20200518,844945.4936
159915.SZ,20200515,850545.4936
159915.SZ,20200514,856745.4936
159915.SZ,20200513,866345.4936
159915.SZ,20200512,872545.4936
159915.SZ,20200511,868945.4936
159915.SZ,20200508,859945.4936
159915.SZ,20200507,868145.4936
159915.SZ,20200506,865145.4936
159915.SZ,20200430,853945.4936
159915.SZ,20200429,870145.4936
159915.SZ,20200428,879145.4936
159915.SZ,20200427,884745.4936
159915.SZ,20200424,887945.4936
159915.SZ,20200423,905545.4936
159915.SZ,20200422,910545.4936
159915.SZ,20200421,910945.4936
159915.SZ,20200420,917345.4936
159915.SZ,20200417,926545.4936
159915.SZ,20200416,930745.4936
159915.SZ,20200415,947345.4936
159915.SZ,20200414,942745.4936
159915.SZ,20200413,935345.4936
159915.SZ,20200410,939745.4936
159915.SZ,20200409,949345.4936
159915.SZ,20200408,958345.4936
159915.SZ,20200407,948545.4936
159915.SZ,20200403,963745.4936
159915.SZ,20200402,966745.4936
159915.SZ,20200401,965945.4936
159915.SZ,20200331,1000803.4624
159915.SZ,20200330,945345.4936
159915.SZ,20200327,912745.4936
159915.SZ,20200326,931745.4936
159915.SZ,20200325,955345.4936
159915.SZ,20200324,917145.4936
159915.SZ,20200323,895145.4936
159915.SZ,20200320,904945.4936
159915.SZ,20200319,830945.4936
159915.SZ,20200318,848145.4936
159915.SZ,20200317,794345.4936
159915.SZ,20200316,777945.4936
159915.SZ,20200313,752545.4936
159915.SZ,20200312,744145.4936
159915.SZ,20200311,764745.4936
159915.SZ,20200310,746745.4936
159915.SZ,20200309,753345.4936
159915.SZ,20200306,763545.4936
159915.SZ,20200305,789145.4936
159915.SZ,20200304,803345.4936
159915.SZ,20200303,826945.4936
159915.SZ,20200302,845545.4936
159915.SZ,20200228,839345.4936
159915.SZ,20200227,865945.4936
159915.SZ,20200226,880345.4936
159915.SZ,20200225,898345.4936
159915.SZ,20200224,902345.4936
159915.SZ,20200221,906345.4936
159915.SZ,20200220,919345.4936
159915.SZ,20200219,935745.4936
159915.SZ,20200218,946945.4936
159915.SZ,20200217,938945.4936
159915.SZ,20200214,936945.4936
159915.SZ,20200213,941945.4936
159915.SZ,20200212,939745.4936
159915.SZ,20200211,948345.4936
159915.SZ,20200210,953545.4936
159915.SZ,20200207,963745.4936
159915.SZ,20200206,954345.4936
159915.SZ,20200205,968345.4936
159915.SZ,20200204,956345.4936
159915.SZ,20200203,944545.4936
159915.SZ,20200123,971345.4936
159915.SZ,20200122,970745.4936
159915.SZ,20200121,984345.4936
159915.SZ,20200120,969545.4936
159915.SZ,20200117,966345.4936
159915.SZ,20200116,969145.4936
159915.SZ,20200115,969545.4936
159915.SZ,20200114,970545.4936
159915.SZ,20200113,960145.4936
159915.SZ,20200110,960745.4936
159915.SZ,20200109,947945.4936
159915.SZ,20200108,941745.4936
159915.SZ,20200107,934545.4936
159915.SZ,20200106,932945.4936
159915.SZ,20200103,933345.4936
159915.SZ,20200102,932545.4936
159915.SZ,20191231,966932.3239
159915.SZ,20191230,931545.4936
159915.SZ,20191227,938545.4936
159915.SZ,20191226,941345.4936
159915.SZ,20191225,953145.4936
159915.SZ,20191224,963745.4936
159915.SZ,20191223,964145.4936
159915.SZ,20191220,962745.4936
159915.SZ,20191219,954745.4936
159915.SZ,20191218,950745.4936
159915.SZ,20191217,952145.4936
159915.SZ,20191216,944345.4936
159915.SZ,20191213,934545.4936
159915.SZ,20191212,938345.4936
159915.SZ,20191211,940945.4936
159915.SZ,20191210,944745.4936
159915.SZ,20191209,952945.4936
159915.SZ,20191206,957745.4936
159915.SZ,20191205,970945.4936
159915.SZ,20191204,976745.4936
159915.SZ,20191203,972345.4936
159915.SZ,20191202,978345.4936
159915.SZ,20191129,968545.4936
159915.SZ,20191128,972345.4936
159915.SZ,20191127,977945.4936
159915.SZ,20191126,990145.4936
159915.SZ,20191125,986145.4936
159915.SZ,20191122,978545.4936
159915.SZ,20191121,971745.4936
159915.SZ,20191120,991145.4936
159915.SZ,20191119,1011745.4936
159915.SZ,20191118,1005345.4936
159915.SZ,20191115,1006345.4936
159915.SZ,20191114,1013945.4936
159915.SZ,20191113,1017945.4936
159915.SZ,20191112,1011545.4936
159915.SZ,20191111,1010745.4936
159915.SZ,20191108,1026545.4936
159915.SZ,20191107,1032545.4936
159915.SZ,20191106,1042545.4936
159915.SZ,20191105,1054545.4936
159915.SZ,20191104,1075545.4936
159915.SZ,20191101,1074145.4936
159915.SZ,20191031,1081745.4936
159915.SZ,20191030,1084745.4936
159915.SZ,20191029,1096345.4936
159915.SZ,20191028,1108945.4936
159915.SZ,20191025,1109945.4936
159915.SZ,20191024,1106545.4936
159915.SZ,20191023,1112345.4936
159915.SZ,20191022,1120345.4936
159915.SZ,20191021,1121345.4936
159915.SZ,20191018,1137145.4936
159915.SZ,20191017,1156945.4936
159915.SZ,20191016,1157545.4936
159915.SZ,20191015,1160545.4936
159915.SZ,20191014,1180945.4936
159915.SZ,20191011,1218345.4936
159915.SZ,20191010,1202545.4936
159915.SZ,20191009,1195145.4936
159915.SZ,20191008,1197545.4936
159915.SZ,20190930,1231782.5673
159915.SZ,20190927,1200745.4936
159915.SZ,20190926,1206345.4936
159915.SZ,20190925,1228745.4936
159915.SZ,20190924,1228345.4936
159915.SZ,20190923,1258745.4936
159915.SZ,20190920,1291745.4936
159915.SZ,20190919,1298745.4936
159915.SZ,20190918,1309545.4936
159915.SZ,20190917,1327145.4936
159915.SZ,20190916,1333345.4936
159915.SZ,20190912,1334945.4936
159915.SZ,20190911,1345145.4936
159915.SZ,20190910,1364745.4936
159915.SZ,20190909,1368745.4936
159915.SZ,20190906,1369945.4936
159915.SZ,20190905,1379545.4936
159915.SZ,20190904,1394345.4936
159915.SZ,20190903,1399945.4936
159915.SZ,20190902,1413345.4936
159915.SZ,20190830,1414745.4936
159915.SZ,20190829,1429345.4936
159915.SZ,20190828,1445345.4936
159915.SZ,20190827,1436945.4936
159915.SZ,20190826,1446945.4936
159915.SZ,20190823,1453545.4936
159915.SZ,20190822,1460545.4936
159915.SZ,20190821,1448745.4936
159915.SZ,20190820,1415945.4936
159915.SZ,20190819,1434745.4936
159915.SZ,20190816,1430145.4936
159915.SZ,20190815,1450345.4936
159915.SZ,20190814,1450345.4936
159915.SZ,20190813,1449945.4936
159915.SZ,20190812,1447345.4936
159915.SZ,20190809,1455745.4936
159915.SZ,20190808,1473945.4936
159915.SZ,20190807,1470145.4936
159915.SZ,20190806,1471945.4936
159915.SZ,20190805,1475145.4936
159915.SZ,20190802,1487345.4936
159915.SZ,20190801,1492745.4936
159915.SZ,20190731,1486145.4936
159915.SZ,20190730,1491545.4936
159915.SZ,20190729,1501345.4936
159915.SZ,20190726,1510145.4936
159915.SZ,20190725,1512545.4936
159915.SZ,20190724,1524945.4936
159915.SZ,20190723,1528745.4936
159915.SZ,20190722,1535945.4936
159915.SZ,20190719,1531745.4936
159915.SZ,20190718,1538545.4936
159915.SZ,20190717,1545545.4936
159915.SZ,20190716,1494545.4936
159915.SZ,20190715,1492345.4936
159915.SZ,20190712,1492745.4936
159915.SZ,20190711,1497145.4936
159915.SZ,20190710,1501545.4936
159915.SZ,20190709,1504345.4936
159915.SZ,20190708,1503345.4936
159915.SZ,20190705,1502345.4936
159915.SZ,20190704,1503345.4936
159915.SZ,20190703,1523545.4936
159915.SZ,20190702,1543545.4936
159915.SZ,20190701,1554145.4936
159915.SZ,20190630,1579336.4458
159915.SZ,20190628,1564545.4936
159915.SZ,20190627,1575345.4936
159915.SZ,20190626,1582345.4936
159915.SZ,20190625,1601745.4936
159915.SZ,20190624,1512145.4936
159915.SZ,20190621,1490345.4936
159915.SZ,20190620,1491145.4936
159915.SZ,20190619,1470145.4936
159915.SZ,20190618,1449745.4936
159915.SZ,20190617,1433145.4936
159915.SZ,20190614,1443145.4936
159915.SZ,20190613,1462945.4936
159915.SZ,20190612,1467145.4936
159915.SZ,20190611,1470545.4936
159915.SZ,20190610,1458945.4936
159915.SZ,20190606,1447345.4936
159915.SZ,20190605,1432145.4936
159915.SZ,20190604,1447745.4936
159915.SZ,20190603,1447745.4936
159915.SZ,20190531,1439545.4936
159915.SZ,20190530,1462945.4936
159915.SZ,20190529,1516945.4936
159915.SZ,20190528,1534745.4936
159915.SZ,20190527,1504545.4936
159915.SZ,20190524,1463545.4936
159915.SZ,20190523,1465545.4936
159915.SZ,20190522,1462145.4936
159915.SZ,20190521,1425545.4936
159915.SZ,20190520,1416945.4936
159915.SZ,20190517,1441345.4936
159915.SZ,20190516,1469945.4936
159915.SZ,20190515,1453145.4936
159915.SZ,20190514,1456145.4936
159915.SZ,20190513,1452945.4936
159915.SZ,20190510,1414945.4936
159915.SZ,20190509,1400745.4936
159915.SZ,20190508,1393745.4936
159915.SZ,20190507,1351745.4936
159915.SZ,20190506,1346945.4936
159915.SZ,20190430,1317545.4936
159915.SZ,20190429,1306545.4936
159915.SZ,20190426,1316345.4936
159915.SZ,20190425,1297145.4936
159915.SZ,20190424,1290145.4936
159915.SZ,20190423,1307345.4936
159915.SZ,20190422,1313745.4936
159915.SZ,20190419,1328145.4936
159915.SZ,20190418,1363345.4936
159915.SZ,20190417,1336545.4936
159915.SZ,20190416,1338745.4936
159915.SZ,20190415,1319545.4936
159915.SZ,20190412,1309345.4936
159915.SZ,20190411,1308145.4936
159915.SZ,20190410,1322145.4936
159915.SZ,20190409,1320945.4936
159915.SZ,20190408,1264345.4936
159915.SZ,20190404,1266345.4936
159915.SZ,20190403,1260545.4936
159915.SZ,20190402,1288945.4936
159915.SZ,20190401,1252945.4936
159915.SZ,20190331,1292310.6843
159915.SZ,20190329,1275145.4936
159915.SZ,20190328,1269545.4936
159915.SZ,20190327,1268945.4936
159915.SZ,20190326,1262745.4936
159915.SZ,20190325,1254945.4936
159915.SZ,20190322,1258345.4936
159915.SZ,20190321,1246745.4936
159915.SZ,20190320,1281145.4936
159915.SZ,20190319,1320745.4936
159915.SZ,20190318,1327345.4936
159915.SZ,20190315,1256745.4936
159915.SZ,20190314,1233145.4936
159915.SZ,20190313,1173145.4936
159915.SZ,20190312,1144545.4936
159915.SZ,20190311,1227745.4936
159915.SZ,20190308,1251745.4936
159915.SZ,20190307,1236145.4936
159915.SZ,20190306,1223945.4936
159915.SZ,20190305,1264145.4936
159915.SZ,20190304,1290145.4936
159915.SZ,20190301,1307345.4936
159915.SZ,20190228,1320345.4936
159915.SZ,20190227,1370545.4936
159915.SZ,20190226,1356945.4936
159915.SZ,20190225,1342545.4936
159915.SZ,20190222,1342345.4936
159915.SZ,20190221,1341145.4936
159915.SZ,20190220,1370745.4936
159915.SZ,20190219,1360945.4936
159915.SZ,20190218,1403145.4936
159915.SZ,20190215,1423745.4936
159915.SZ,20190214,1442945.4936
159915.SZ,20190213,1468545.4936
159915.SZ,20190212,1455945.4936
159915.SZ,20190211,1455945.4936
159915.SZ,20190201,1422145.4936
159915.SZ,20190131,1418545.4936
159915.SZ,20190130,1410345.4936
159915.SZ,20190129,1403945.4936
159915.SZ,20190128,1426145.4936
159915.SZ,20190125,1440545.4936
159915.SZ,20190124,1438345.4936
159915.SZ,20190123,1415345.4936
159915.SZ,20190122,1423545.4936
159915.SZ,20190121,1433345.4936
159915.SZ,20190118,1423545.4936
159915.SZ,20190117,1444945.4936
159915.SZ,20190116,1459745.4936
159915.SZ,20190115,1462745.4936
159915.SZ,20190114,1455345.4936
159915.SZ,20190111,1458545.4936
159915.SZ,20190110,1471945.4936
159915.SZ,20190109,1486945.4936
159915.SZ,20190108,1530145.4936
159915.SZ,20190107,1550545.4936
159915.SZ,20190104,1542945.4936
159915.SZ,20190103,1538345.4936
159915.SZ,20190102,1535545.4936
159915.SZ,20181231,1550049.5488
159915.SZ,20181228,1536945.4936
159915.SZ,20181227,1543745.4936
159915.SZ,20181226,1527945.4936
159915.SZ,20181225,1518945.4936
159915.SZ,20181224,1507145.4936
159915.SZ,20181221,1494945.4936
159915.SZ,20181220,1481145.4936
159915.SZ,20181219,1467545.4936
159915.SZ,20181218,1435345.4936
159915.SZ,20181217,1430945.4936
159915.SZ,20181214,1409745.4936
159915.SZ,20181213,1398345.4936
159915.SZ,20181212,1394145.4936
159915.SZ,20181211,1392745.4936
159915.SZ,20181210,1377145.4936
159915.SZ,20181207,1368745.4936
159915.SZ,20181206,1384545.4936
159915.SZ,20181205,1392345.4936
159915.SZ,20181204,1405945.4936
159915.SZ,20181203,1388545.4936
159915.SZ,20181130,1373945.4936
159915.SZ,20181129,1374945.4936
159915.SZ,20181128,1390145.4936
159915.SZ,20181127,1384745.4936
159915.SZ,20181126,1373145.4936
159915.SZ,20181123,1405745.4936
159915.SZ,20181122,1412545.4936
159915.SZ,20181121,1450145.4936
159915.SZ,20181120,1506345.4936
159915.SZ,20181119,1534745.4936
159915.SZ,20181116,1550545.4936
159915.SZ,20181115,1559945.4936
159915.SZ,20181114,1601545.4936
159915.SZ,20181113,1583945.4936
159915.SZ,20181112,1576345.4936
159915.SZ,20181109,1589945.4936
159915.SZ,20181108,1598745.4936
159915.SZ,20181107,1618145.4936
159915.SZ,20181106,1625745.4936
159915.SZ,20181105,1602345.4936
159915.SZ,20181102,1609745.4936
159915.SZ,20181101,1620545.4936
159915.SZ,20181031,1596745.4936
159915.SZ,20181030,1554545.4936
159915.SZ,20181029,1545545.4936
159915.SZ,20181026,1561145.4936
159915.SZ,20181025,1532945.4936
159915.SZ,20181024,1498145.4936
159915.SZ,20181023,1500545.4936
159915.SZ,20181022,1490345.4936
159915.SZ,20181019,1432345.4936
159915.SZ,20181018,1385145.4936
159915.SZ,20181017,1339145.4936
159915.SZ,20181016,1335945.4936
159915.SZ,20181015,1333945.4936
159915.SZ,20181012,1311145.4936
159915.SZ,20181011,1298345.4936
159915.SZ,20181010,1280145.4936
159915.SZ,20181009,1256145.4936
159915.SZ,20181008,1251345.4936
159915.SZ,20180930,1263546.5502
159915.SZ,20180928,1246545.4936
159915.SZ,20180927,1259945.4936
159915.SZ,20180926,1295345.4936
159915.SZ,20180925,1295545.4936
159915.SZ,20180921,1307345.4936
159915.SZ,20180920,1350345.4936
159915.SZ,20180919,1347145.4936
159915.SZ,20180918,1321945.4936
159915.SZ,20180917,1306345.4936
159915.SZ,20180914,1263545.4936
159915.SZ,20180913,1236945.4936
159915.SZ,20180912,1217345.4936
159915.SZ,20180911,1181545.4936
159915.SZ,20180910,1178345.4936
159915.SZ,20180907,1152945.4936
159915.SZ,20180906,1157945.4936
159915.SZ,20180905,1152345.4936
159915.SZ,20180904,1132545.4936
159915.SZ,20180903,1119345.4936
159915.SZ,20180831,1105545.4936
159915.SZ,20180830,1097345.4936
159915.SZ,20180829,1101145.4936
159915.SZ,20180828,1114545.4936
159915.SZ,20180827,1118345.4936
159915.SZ,20180824,1111345.4936
159915.SZ,20180823,1109345.4936
159915.SZ,20180822,1137545.4936
159915.SZ,20180821,1095345.4936
159915.SZ,20180820,1047945.4936
159915.SZ,20180817,1035545.4936
159915.SZ,20180816,994945.4936
159915.SZ,20180815,976545.4936
159915.SZ,20180814,979345.4936
159915.SZ,20180813,998945.4936
159915.SZ,20180810,1025545.4936
159915.SZ,20180809,1019745.4936
159915.SZ,20180808,1036145.4936
159915.SZ,20180807,960145.4936
159915.SZ,20180806,930145.4936
159915.SZ,20180803,891945.4936
159915.SZ,20180802,894945.4936
159915.SZ,20180801,899545.4936
159915.SZ,20180731,880745.4936
159915.SZ,20180730,866145.4936
159915.SZ,20180727,859745.4936
159915.SZ,20180726,880545.4936
159915.SZ,20180725,874945.4936
159915.SZ,20180724,859745.4936
159915.SZ,20180723,855145.4936
159915.SZ,20180720,836345.4936
159915.SZ,20180719,845345.4936
159915.SZ,20180718,844345.4936
159915.SZ,20180717,849345.4936
159915.SZ,20180716,865145.4936
159915.SZ,20180713,883145.4936
159915.SZ,20180712,875945.4936
159915.SZ,20180711,889545.4936
159915.SZ,20180710,907745.4936
159915.SZ,20180709,888745.4936
159915.SZ,20180706,876145.4936
159915.SZ,20180705,868345.4936
159915.SZ,20180704,849545.4936
159915.SZ,20180703,850545.4936
159915.SZ,20180702,856745.4936
159915.SZ,20180630,852802.9886
159915.SZ,20180629,854145.4936
159915.SZ,20180628,840145.4936
159915.SZ,20180627,823945.4936
159915.SZ,20180626,834945.4936
159915.SZ,20180625,832745.4936
159915.SZ,20180622,836945.4936
159915.SZ,20180621,825545.4936
159915.SZ,20180620,796145.4936
159915.SZ,20180619,779745.4936
159915.SZ,20180615,761745.4936
159915.SZ,20180614,763545.4936
159915.SZ,20180613,763545.4936
159915.SZ,20180612,743945.4936
159915.SZ,20180611,740945.4936
159915.SZ,20180608,740545.4936
159915.SZ,20180607,751745.4936
159915.SZ,20180606,764945.4936
159915.SZ,20180605,744945.4936
159915.SZ,20180604,734145.4936
159915.SZ,20180601,764745.4936
159915.SZ,20180531,748545.4936
159915.SZ,20180530,740945.4936
159915.SZ,20180529,735545.4936
159915.SZ,20180528,710945.4936
159915.SZ,20180525,703345.4936
159915.SZ,20180524,699545.4936
159915.SZ,20180523,709745.4936
159915.SZ,20180522,723545.4936
159915.SZ,20180521,709945.4936
159915.SZ,20180518,702345.4936
159915.SZ,20180517,713145.4936
159915.SZ,20180516,719745.4936
159915.SZ,20180515,713745.4936
159915.SZ,20180514,706145.4936
159915.SZ,20180511,702945.4936
159915.SZ,20180510,705745.4936
159915.SZ,20180509,708345.4936
159915.SZ,20180508,707545.4936
159915.SZ,20180507,717945.4936
159915.SZ,20180504,703745.4936
159915.SZ,20180503,696945.4936
159915.SZ,20180502,696745.4936
159915.SZ,20180427,681145.4936
159915.SZ,20180426,695545.4936
159915.SZ,20180425,703945.4936
159915.SZ,20180424,683145.4936
159915.SZ,20180423,663745.4936
159915.SZ,20180420,677545.4936
159915.SZ,20180419,652745.4936
159915.SZ,20180418,636145.4936
159915.SZ,20180417,624945.4936
159915.SZ,20180416,629345.4936
159915.SZ,20180413,627945.4936
159915.SZ,20180412,625545.4936
159915.SZ,20180411,605545.4936
159915.SZ,20180410,595345.4936
159915.SZ,20180409,589145.4936
159915.SZ,20180404,574745.4936
159915.SZ,20180403,556745.4936
159915.SZ,20180402,533945.4936
159915.SZ,20180331,559002.9886
159915.SZ,20180330,522345.4936
159915.SZ,20180329,531745.4936
159915.SZ,20180328,558945.4936
159915.SZ,20180327,564345.4936
159915.SZ,20180326,535745.4936
159915.SZ,20180323,529545.4936
159915.SZ,20180322,534745.4936
159915.SZ,20180321,519945.4936
159915.SZ,20180320,522545.4936
159915.SZ,20180319,534145.4936
159915.SZ,20180316,551945.4936
159915.SZ,20180315,541945.4936
159915.SZ,20180314,539545.4936
159915.SZ,20180313,524545.4936
159915.SZ,20180312,497545.4936
159915.SZ,20180309,505145.4936
159915.SZ,20180308,513545.4936
159915.SZ,20180307,521345.4936
159915.SZ,20180306,517545.4936
159915.SZ,20180305,522745.4936
159915.SZ,20180302,528745.4936
159915.SZ,20180301,532745.4936
159915.SZ,20180228,550545.4936
159915.SZ,20180227,556345.4936
159915.SZ,20180226,557545.4936
159915.SZ,20180223,561345.4936
159915.SZ,20180222,557945.4936
159915.SZ,20180214,565545.4936
159915.SZ,20180213,569145.4936
159915.SZ,20180212,550345.4936
159915.SZ,20180209,552945.4936
159915.SZ,20180208,557945.4936
159915.SZ,20180207,538745.4936
159915.SZ,20180206,528345.4936
159915.SZ,20180205,530145.4936
159915.SZ,20180202,514745.4936
159915.SZ,20180201,496545.4936
159915.SZ,20180131,470945.4936
159915.SZ,20180130,422145.4936
159915.SZ,20180129,392145.4936
159915.SZ,20180126,364545.4936
159915.SZ,20180125,337145.4936
159915.SZ,20180124,331145.4936
159915.SZ,20180123,331945.4936
159915.SZ,20180122,323945.4936
159915.SZ,20180119,322945.4936
159915.SZ,20180118,312545.4936
159915.SZ,20180117,309145.4936
159915.SZ,20180116,300745.4936
159915.SZ,20180115,300945.4936
159915.SZ,20180112,295145.4936
159915.SZ,20180111,293345.4936
159915.SZ,20180110,294145.4936
159915.SZ,20180109,295345.4936
159915.SZ,20180108,295945.4936
159915.SZ,20180105,295945.4936
159915.SZ,20180104,307345.4936
159915.SZ,20180103,307345.4936
159915.SZ,20180102,306745.4936
159915.SZ,20251231,3146145.4936
159915.SZ,20251230,3145445.4936
159915.SZ,20251229,3174545.4936
159915.SZ,20251226,3178245.4936
159915.SZ,20251225,3181445.4936
159915.SZ,20251224,3173545.4936
159915.SZ,20251223,3197545.4936
159915.SZ,20251222,3229745.4936
159915.SZ,20251219,3213745.4936
159915.SZ,20251218,3151545.4936
159915.SZ,20251217,3166445.4936
159915.SZ,20251216,3144545.4936
159915.SZ,20251215,3130545.4936
159915.SZ,20251212,3112545.4936
159915.SZ,20251211,3131645.4936
159915.SZ,20251210,3129245.4936
159915.SZ,20251209,3159845.4936
159915.SZ,20251208,3187745.4936
159915.SZ,20251205,3184045.4936
159915.SZ,20251204,3182545.4936
159915.SZ,20251203,3183845.4936
159915.SZ,20251202,3186745.4936
159915.SZ,20251201,3211545.4936
159915.SZ,20251128,3207845.4936
159915.SZ,20251127,3231645.4936
159915.SZ,20251126,3319545.4936
159915.SZ,20251125,3400045.4936
159915.SZ,20251124,3398345.4936
159915.SZ,20251121,3303545.4936
159915.SZ,20251120,3293945.4936
159915.SZ,20251119,3292845.4936
159915.SZ,20251118,3256245.4936
159915.SZ,20251117,3241845.4936
159915.SZ,20251114,3224045.4936
159915.SZ,20251113,3266845.4936
159915.SZ,20251112,3255045.4936
159915.SZ,20251111,3256445.4936
159915.SZ,20251110,3227745.4936
159915.SZ,20251107,3236845.4936
159915.SZ,20251106,3274245.4936
159915.SZ,20251105,3275645.4936
159915.SZ,20251104,3271745.4936
159915.SZ,20251103,3267345.4936
159915.SZ,20251031,3247445.4936
159915.SZ,20251030,3234245.4936
159915.SZ,20251029,3260845.4936
159915.SZ,20251028,3270545.4936
159915.SZ,20251027,3272745.4936
159915.SZ,20251024,3294945.4936
159915.SZ,20251023,3295045.4936
159915.SZ,20251022,3302745.4936
159915.SZ,20251021,3342845.4936
159915.SZ,20251020,3395545.4936
159915.SZ,20251017,3385445.4936
159915.SZ,20251016,3445845.4936
159915.SZ,20251015,3477845.4936
159915.SZ,20251014,3493345.4936
159915.SZ,20251013,3496145.4936
159915.SZ,20251010,3461345.4936
159915.SZ,20251009,3429645.4936
159915.SZ,20250930,3411745.4936
159915.SZ,20250929,3448145.4936
159915.SZ,20250926,3403545.4936
159915.SZ,20250925,3392245.4936
159915.SZ,20250924,3395445.4936
159915.SZ,20250923,3414345.4936
159915.SZ,20250922,3432145.4936
159915.SZ,20250919,3453545.4936
159915.SZ,20250918,3435245.4936
159915.SZ,20250917,3423645.4936
159915.SZ,20250916,3438945.4936
159915.SZ,20250915,3469545.4936
159915.SZ,20250912,3447445.4936
159915.SZ,20250911,3438945.4936
159915.SZ,20250910,3442045.4936
159915.SZ,20250909,3463345.4936
159915.SZ,20250908,3419445.4936
159915.SZ,20250905,3471945.4936
159915.SZ,20250904,3515545.4936
159915.SZ,20250903,3595245.4936
159915.SZ,20250902,3590145.4936
159915.SZ,20250901,3567445.4936
159915.SZ,20250829,3575045.4936
159915.SZ,20250828,3616745.4936
159915.SZ,20250827,3715845.4936
159915.SZ,20250826,3676945.4936
159915.SZ,20250825,3708245.4936
159915.SZ,20250822,3708245.4936
159915.SZ,20250821,3689445.4936
159915.SZ,20250820,3634545.4936
159915.SZ,20250819,3641245.4936
159915.SZ,20250818,3616345.4936
159915.SZ,20250815,3596445.4936
159915.SZ,20250814,3623245.4936
159915.SZ,20250813,3663745.4936
159915.SZ,20250812,3695745.4936
159915.SZ,20250811,3707545.4936
159915.SZ,20250808,3723845.4936
159915.SZ,20250807,3720145.4936
159915.SZ,20250806,3719045.4936
159915.SZ,20250805,3712445.4936
159915.SZ,20250804,3696645.4936
159915.SZ,20250801,3723645.4936
159915.SZ,20250731,3807345.4936
159915.SZ,20250730,3741845.4936
159915.SZ,20250729,3755945.4936
159915.SZ,20250728,3768245.4936
159915.SZ,20250725,3766045.4936
159915.SZ,20250724,3787345.4936
159915.SZ,20250723,3805545.4936
159915.SZ,20250722,3808145.4936
159915.SZ,20250721,3806145.4936
159915.SZ,20250718,3815545.4936
159915.SZ,20250717,3849645.4936
159915.SZ,20250716,3863445.4936
159915.SZ,20250715,3924645.4936
159915.SZ,20250714,3917745.4936
159915.SZ,20250711,3907845.4936
159915.SZ,20250710,3909345.4936
159915.SZ,20250709,3934545.4936
159915.SZ,20250708,3965945.4936
159915.SZ,20250707,3953845.4936
159915.SZ,20250704,3969045.4936
159915.SZ,20250703,4001845.4936
159915.SZ,20250702,3993345.4936
159915.SZ,20250701,4012145.4936
159915.SZ,20250630,4004645.4936
159915.SZ,20250627,4023145.4936
159915.SZ,20250626,4003545.4936
159915.SZ,20250625,4005245.4936
159915.SZ,20250624,4017745.4936
159915.SZ,20250623,4031545.4936
159915.SZ,20250620,4011945.4936
159915.SZ,20250619,3995945.4936
159915.SZ,20250618,4001345.4936
159915.SZ,20250617,4000145.4936
159915.SZ,20250616,4007245.4936
159915.SZ,20250613,4014545.4936
159915.SZ,20250612,4039045.4936
159915.SZ,20250611,4065745.4936
159915.SZ,20250610,4084045.4936
159915.SZ,20250609,4101645.4936
159915.SZ,20250606,4107845.4936
159915.SZ,20250605,4129245.4936
159915.SZ,20250604,4161745.4936
159915.SZ,20250603,4174545.4936
159915.SZ,20250530,4170045.4936
159915.SZ,20250529,4181045.4936
159915.SZ,20250528,4175545.4936
159915.SZ,20250527,4145645.4936
159915.SZ,20250526,4115645.4936
159915.SZ,20250523,4117145.4936
159915.SZ,20250522,4123345.4936
159915.SZ,20250521,4179045.4936
159915.SZ,20250520,4174445.4936
159915.SZ,20250519,4191745.4936
159915.SZ,20250516,4207645.4936
159915.SZ,20250515,4214845.4936
159915.SZ,20250514,4223245.4936
159915.SZ,20250513,4250445.4936
159915.SZ,20250512,4329945.4936
159915.SZ,20250509,4320345.4936
159915.SZ,20250508,4407845.4936
159915.SZ,20250507,4382845.4936
159915.SZ,20250506,4389445.4936
159915.SZ,20250430,4429245.4936
159915.SZ,20250429,4416445.4936
159915.SZ,20250428,4408745.4936
159915.SZ,20250425,4397145.4936
159915.SZ,20250424,4365645.4936
159915.SZ,20250423,4397645.4936
159915.SZ,20250422,4395745.4936
159915.SZ,20250421,4438545.4936
159915.SZ,20250418,4438945.4936
159915.SZ,20250417,4457045.4936
159915.SZ,20250416,4397745.4936
159915.SZ,20250415,4414545.4936
159915.SZ,20250414,4443545.4936
159915.SZ,20250411,4515345.4936
159915.SZ,20250410,4557645.4936
159915.SZ,20250409,4500945.4936
159915.SZ,20250408,4449545.4936
159915.SZ,20250407,4107945.4936
159915.SZ,20250403,4036245.4936
159915.SZ,20250402,4034345.4936
159915.SZ,20250401,4035145.4936
159915.SZ,20250331,4019245.4936
159915.SZ,20250328,4038445.4936
159915.SZ,20250327,4038245.4936
159915.SZ,20250326,4047245.4936
159915.SZ,20250325,4053845.4936
159915.SZ,20250324,4040645.4936
159915.SZ,20250321,3999945.4936
159915.SZ,20250320,3999445.4936
159915.SZ,20250319,4009545.4936
159915.SZ,20250318,3996545.4936
159915.SZ,20250317,3983245.4936
159915.SZ,20250314,3994845.4936
159915.SZ,20250313,3993745.4936
159915.SZ,20250312,3995645.4936
159915.SZ,20250311,3960645.4936
159915.SZ,20250310,3978745.4936
159915.SZ,20250307,3987745.4936
159915.SZ,20250306,3977145.4936
159915.SZ,20250305,3979545.4936
159915.SZ,20250304,3959845.4936
159915.SZ,20250303,4014045.4936
159915.SZ,20250228,3991045.4936
159915.SZ,20250227,3985045.4936
159915.SZ,20250226,4011445.4936
159915.SZ,20250225,4008645.4936
159915.SZ,20250224,4000945.4936
159915.SZ,20250221,4044945.4936
159915.SZ,20250220,4059645.4936
159915.SZ,20250219,4095645.4936
159915.SZ,20250218,4084745.4936
159915.SZ,20250217,4102145.4936
159915.SZ,20250214,4207245.4936
159915.SZ,20250213,4246545.4936
159915.SZ,20250212,4253245.4936
159915.SZ,20250211,4230345.4936
159915.SZ,20250210,4243645.4936
159915.SZ,20250207,4275545.4936
159915.SZ,20250206,4327545.4936
159915.SZ,20250205,4302445.4936
159915.SZ,20250127,4258945.4936
159915.SZ,20250124,4311345.4936
159915.SZ,20250123,4266845.4936
159915.SZ,20250122,4267345.4936
159915.SZ,20250121,4289045.4936
159915.SZ,20250120,4383045.4936
159915.SZ,20250117,4433845.4936
159915.SZ,20250116,4463245.4936
159915.SZ,20250115,4406245.4936
159915.SZ,20250114,4432745.4936
159915.SZ,20250113,4424145.4936
159915.SZ,20250110,4417145.4936
159915.SZ,20250109,4476345.4936
159915.SZ,20250108,4462145.4936
159915.SZ,20250107,4449145.4936
159915.SZ,20250106,4450545.4936
159915.SZ,20250103,4396045.4936
159915.SZ,20250102,4356745.4936
159915.SZ,20241231,4344145.4936
159915.SZ,20241230,4337945.4936
159915.SZ,20241227,4332545.4936
159915.SZ,20241226,4340945.4936
159915.SZ,20241225,4329645.4936
159915.SZ,20241224,4368245.4936
159915.SZ,20241223,4356145.4936
159915.SZ,20241220,4352245.4936
159915.SZ,20241219,4374545.4936
159915.SZ,20241218,4363645.4936
159915.SZ,20241217,4370945.4936
159915.SZ,20241216,4347445.4936
159915.SZ,20241213,4366345.4936
159915.SZ,20241212,4403345.4936
159915.SZ,20241211,4403745.4936
159915.SZ,20241210,4344145.4936
159915.SZ,20241209,4342445.4936
159915.SZ,20241206,4308845.4936
159915.SZ,20241205,4295145.4936
159915.SZ,20241204,4298145.4936
159915.SZ,20241203,4305645.4936
159915.SZ,20241202,4344945.4936
159915.SZ,20241129,4381145.4936
159915.SZ,20241128,4365245.4936
159915.SZ,20241127,4360045.4936
159915.SZ,20241126,4357745.4936
159915.SZ,20241125,4321345.4936
159915.SZ,20241122,4346745.4936
159915.SZ,20241121,4372845.4936
159915.SZ,20241120,4424845.4936
159915.SZ,20241119,4397845.4936
159915.SZ,20241118,4355245.4936
159915.SZ,20241115,4316645.4936
159915.SZ,20241114,4285745.4936
159915.SZ,20241113,4329145.4936
159915.SZ,20241112,4437345.4936
159915.SZ,20241111,4557345.4936
159915.SZ,20241108,4584545.4936
159915.SZ,20241107,4613245.4936
159915.SZ,20241106,4663945.4936
159915.SZ,20241105,4675145.4936
159915.SZ,20241104,4737945.4936
159915.SZ,20241101,4786945.4936
159915.SZ,20241031,4815045.4936
159915.SZ,20241030,4828845.4936
159915.SZ,20241029,4794645.4936
159915.SZ,20241028,4784045.4936
159915.SZ,20241025,4845945.4936
159915.SZ,20241024,4876045.4936
159915.SZ,20241023,4929445.4936
159915.SZ,20241022,5016045.4936
159915.SZ,20241021,5217845.4936
159915.SZ,20241018,5208945.4936
159915.SZ,20241017,5282145.4936
159915.SZ,20241016,5306545.4936
159915.SZ,20241015,5396745.4936
159915.SZ,20241014,5504245.4936
159915.SZ,20241011,5555345.4936
159915.SZ,20241010,5672745.4936
159915.SZ,20241009,5297345.4936
159915.SZ,20241008,4256845.4936
159915.SZ,20240930,4012745.4936
159915.SZ,20240927,4006745.4936
159915.SZ,20240926,3964445.4936
159915.SZ,20240925,4014445.4936
159915.SZ,20240924,4099245.4936
159915.SZ,20240923,4128345.4936
159915.SZ,20240920,4035645.4936
159915.SZ,20240919,3964745.4936
159915.SZ,20240918,3923345.4936
159915.SZ,20240913,3896845.4936
159915.SZ,20240912,3883245.4936
159915.SZ,20240911,3931145.4936
159915.SZ,20240910,3856345.4936
159915.SZ,20240909,3744745.4936
159915.SZ,20240906,3737745.4936
159915.SZ,20240905,3732945.4936
159915.SZ,20240904,3731045.4936
159915.SZ,20240903,3773045.4936
159915.SZ,20240902,3762345.4936
159915.SZ,20240830,3801945.4936
159915.SZ,20240829,3714845.4936
159915.SZ,20240828,3708745.4936
159915.SZ,20240827,3710645.4936
159915.SZ,20240826,3707545.4936
159915.SZ,20240823,3659345.4936
159915.SZ,20240822,3647345.4936
159915.SZ,20240821,3633045.4936
159915.SZ,20240820,3614945.4936
159915.SZ,20240819,3606645.4936
159915.SZ,20240816,3596745.4936
159915.SZ,20240815,3553445.4936
159915.SZ,20240814,3524745.4936
159915.SZ,20240813,3518145.4936
159915.SZ,20240812,3510545.4936
159915.SZ,20240809,3500045.4936
159915.SZ,20240808,3479345.4936
159915.SZ,20240807,3472045.4936
159915.SZ,20240806,3481545.4936
159915.SZ,20240805,3469945.4936
159915.SZ,20240802,3427245.4936
159915.SZ,20240801,3405345.4936
159915.SZ,20240731,3352245.4936
159915.SZ,20240730,3327345.4936
159915.SZ,20240729,3309045.4936
159915.SZ,20240726,3311745.4936
159915.SZ,20240725,3297545.4936
159915.SZ,20240724,3299045.4936
159915.SZ,20240723,3287545.4936
159915.SZ,20240722,3286745.4936
159915.SZ,20240719,3212245.4936
159915.SZ,20240718,3108845.4936
159915.SZ,20240717,3126545.4936
159915.SZ,20240716,3162545.4936
159915.SZ,20240715,3173145.4936
159915.SZ,20240712,3186245.4936
159915.SZ,20240711,3207045.4936
159915.SZ,20240710,3217145.4936
159915.SZ,20240709,3182345.4936
159915.SZ,20240708,3177845.4936
159915.SZ,20240705,3165345.4936
159915.SZ,20240704,3161745.4936
159915.SZ,20240703,3157845.4936
159915.SZ,20240702,3146045.4936
159915.SZ,20240701,3124345.4936
159915.SZ,20240630,3124812.3559
159915.SZ,20240628,3112545.4936
159915.SZ,20240627,3114745.4936
159915.SZ,20240626,3118745.4936
159915.SZ,20240625,3092645.4936
159915.SZ,20240624,3080445.4936
159915.SZ,20240621,3061845.4936
159915.SZ,20240620,3052345.4936
159915.SZ,20240619,3060645.4936
159915.SZ,20240618,3072945.4936
159915.SZ,20240617,3098845.4936
159915.SZ,20240614,3094745.4936
159915.SZ,20240613,3109345.4936
159915.SZ,20240612,3111145.4936
159915.SZ,20240611,3095845.4936
159915.SZ,20240607,3063145.4936
159915.SZ,20240606,3049245.4936
159915.SZ,20240605,3050445.4936
159915.SZ,20240604,3052345.4936
159915.SZ,20240603,3062345.4936
159915.SZ,20240531,3049745.4936
159915.SZ,20240530,3050145.4936
159915.SZ,20240529,3077145.4936
159915.SZ,20240528,3075645.4936
159915.SZ,20240527,3072845.4936
159915.SZ,20240524,3054545.4936
159915.SZ,20240523,3064145.4936
159915.SZ,20240522,3072145.4936
159915.SZ,20240521,3081445.4936
159915.SZ,20240520,3089045.4936
159915.SZ,20240517,3067245.4936
159915.SZ,20240516,3074945.4936
159915.SZ,20240515,3096745.4936
159915.SZ,20240514,3097445.4936
159915.SZ,20240513,3091345.4936
159915.SZ,20240510,3101045.4936
159915.SZ,20240509,3119745.4936
159915.SZ,20240508,3135445.4936
159915.SZ,20240507,3157545.4936
159915.SZ,20240506,3144445.4936
159915.SZ,20240430,3127345.4936
159915.SZ,20240429,3129845.4936
159915.SZ,20240426,3135345.4936
159915.SZ,20240425,3131645.4936
159915.SZ,20240424,3124545.4936
159915.SZ,20240423,3118945.4936
159915.SZ,20240422,3127745.4936
159915.SZ,20240419,3110745.4936
159915.SZ,20240418,3114845.4936
159915.SZ,20240417,3117945.4936
159915.SZ,20240416,3113445.4936
159915.SZ,20240415,3138445.4936
159915.SZ,20240412,3153345.4936
159915.SZ,20240411,3135345.4936
159915.SZ,20240410,3107845.4936
159915.SZ,20240409,3109845.4936
159915.SZ,20240408,3113845.4936
159915.SZ,20240403,3104445.4936
159915.SZ,20240402,3083145.4936
159915.SZ,20240401,3112645.4936
159915.SZ,20240331,3113112.3559
159915.SZ,20240329,3125145.4936
159915.SZ,20240328,3120845.4936
159915.SZ,20240327,3100845.4936
159915.SZ,20240326,3153245.4936
159915.SZ,20240325,3191045.4936
159915.SZ,20240322,3221945.4936
159915.SZ,20240321,3249245.4936
159915.SZ,20240320,3273945.4936
159915.SZ,20240319,3301345.4936
159915.SZ,20240318,3384545.4936
159915.SZ,20240315,3394245.4936
159915.SZ,20240314,3413945.4936
159915.SZ,20240313,3455445.4936
159915.SZ,20240312,3498845.4936
159915.SZ,20240311,3631145.4936
159915.SZ,20240308,3661345.4936
159915.SZ,20240307,3649345.4936
159915.SZ,20240306,3579745.4936
159915.SZ,20240305,3345445.4936
159915.SZ,20240304,3379545.4936
159915.SZ,20240301,3405445.4936
159915.SZ,20240229,3451445.4936
159915.SZ,20240228,3447745.4936
159915.SZ,20240227,3460345.4936
159915.SZ,20240226,3495545.4936
159915.SZ,20240223,3501845.4936
159915.SZ,20240222,3522345.4936
159915.SZ,20240221,3551345.4936
159915.SZ,20240220,3543045.4936
159915.SZ,20240219,3456645.4936
159915.SZ,20240208,3410045.4936
159915.SZ,20240207,3201445.4936
159915.SZ,20240206,3141045.4936
159915.SZ,20240205,2779545.4936
159915.SZ,20240202,2681645.4936
159915.SZ,20240201,2633445.4936
159915.SZ,20240131,2587145.4936
159915.SZ,20240130,2559745.4936
159915.SZ,20240129,2511845.4936
159915.SZ,20240126,2494045.4936
159915.SZ,20240125,2448945.4936
159915.SZ,20240124,2426645.4936
159915.SZ,20240123,2436945.4936
159915.SZ,20240122,2421845.4936
159915.SZ,20240119,2443845.4936
159915.SZ,20240118,2441545.4936
159915.SZ,20240117,2417945.4936
159915.SZ,20240116,2416245.4936
159915.SZ,20240115,2413745.4936
159915.SZ,20240112,2429845.4936
159915.SZ,20240111,2426945.4936
159915.SZ,20240110,2413145.4936
159915.SZ,20240109,2402245.4936
159915.SZ,20240108,2373845.4936
159915.SZ,20240105,2322845.4936
159915.SZ,20240104,2266445.4936
159915.SZ,20240103,2237645.4936
159915.SZ,20240102,2214345.4936
159915.SZ,20231231,2214812.3559
159915.SZ,20231229,2207545.4936
159915.SZ,20231228,2219245.4936
159915.SZ,20231227,2226245.4936
159915.SZ,20231226,2246745.4936
159915.SZ,20231225,2259445.4936
159915.SZ,20231222,2261945.4936
159915.SZ,20231221,2267045.4936
159915.SZ,20231220,2246045.4936
159915.SZ,20231219,2218145.4936
159915.SZ,20231218,2212145.4936
159915.SZ,20231215,2186645.4936
159915.SZ,20231214,2177845.4936
159915.SZ,20231213,2177945.4936
159915.SZ,20231212,2150245.4936
159915.SZ,20231211,2105145.4936
159915.SZ,20231208,2107245.4936
159915.SZ,20231207,2095145.4936
159915.SZ,20231206,2098145.4936
159915.SZ,20231205,2103045.4936
159915.SZ,20231204,2072545.4936
159915.SZ,20231201,2053745.4936
159915.SZ,20231130,2051645.4936
159915.SZ,20231129,2045745.4936
159915.SZ,20231128,2047445.4936
159915.SZ,20231127,2035045.4936
159915.SZ,20231124,2033545.4936
159915.SZ,20231123,2033645.4936
159915.SZ,20231122,2050045.4936
159915.SZ,20231121,2064845.4936
159915.SZ,20231120,2075745.4936
159915.SZ,20231117,2080545.4936
159915.SZ,20231116,2087445.4936
159915.SZ,20231115,2072745.4936
159915.SZ,20231114,2045645.4936
159915.SZ,20231113,2040345.4936
159915.SZ,20231110,2037645.4936
159915.SZ,20231109,2032945.4936
159915.SZ,20231108,2049745.4936
159915.SZ,20231107,2031645.4936
159915.SZ,20231106,2052545.4936
159915.SZ,20231103,2044745.4936
159915.SZ,20231102,2040545.4936
159915.SZ,20231101,2030545.4936
159915.SZ,20231031,2033145.4936
159915.SZ,20231030,2118345.4936
159915.SZ,20231027,2162445.4936
159915.SZ,20231026,2162945.4936
159915.SZ,20231025,2146945.4936
159915.SZ,20231024,2156145.4936
159915.SZ,20231023,2140545.4936
159915.SZ,20231020,2113545.4936
159915.SZ,20231019,2094445.4936
159915.SZ,20231018,2082645.4936
159915.SZ,20231017,2083245.4936
159915.SZ,20231016,2062345.4936
159915.SZ,20231013,2043345.4936
159915.SZ,20231012,2034145.4936
159915.SZ,20231011,2047345.4936
159915.SZ,20231010,2042645.4936
159915.SZ,20231009,2035445.4936
159915.SZ,20230930,2037162.6552
159915.SZ,20230928,2020545.4936
159915.SZ,20230927,2037245.4936
159915.SZ,20230926,2033345.4936
159915.SZ,20230925,2041845.4936
159915.SZ,20230922,2063345.4936
159915.SZ,20230921,2057745.4936
159915.SZ,20230920,2043745.4936
159915.SZ,20230919,2051145.4936
159915.SZ,20230918,2057145.4936
159915.SZ,20230915,2036545.4936
159915.SZ,20230914,2033745.4936
159915.SZ,20230913,2022845.4936
159915.SZ,20230912,2027545.4936
159915.SZ,20230911,2026245.4936
159915.SZ,20230908,2022645.4936
159915.SZ,20230907,2032345.4936
159915.SZ,20230906,2034645.4936
159915.SZ,20230905,2031845.4936
159915.SZ,20230904,2006145.4936
159915.SZ,20230901,2000745.4936
159915.SZ,20230831,2006845.4936
159915.SZ,20230830,2013145.4936
159915.SZ,20230829,2021045.4936
159915.SZ,20230828,2014745.4936
159915.SZ,20230825,1994845.4936
159915.SZ,20230824,2039245.4936
159915.SZ,20230823,2021645.4936
159915.SZ,20230822,1993945.4936
159915.SZ,20230821,1992245.4936
159915.SZ,20230818,1995545.4936
159915.SZ,20230817,1963745.4936
159915.SZ,20230816,1954945.4936
159915.SZ,20230815,1938245.4936
159915.SZ,20230814,1919345.4936
159915.SZ,20230811,1922645.4936
159915.SZ,20230810,1914645.4936
159915.SZ,20230809,1903145.4936
159915.SZ,20230808,1893945.4936
159915.SZ,20230807,1870745.4936
159915.SZ,20230804,1884745.4936
159915.SZ,20230803,1881045.4936
159915.SZ,20230802,1874845.4936
159915.SZ,20230801,1871945.4936
159915.SZ,20230731,1874845.4936
159915.SZ,20230728,1902945.4936
159915.SZ,20230727,1908845.4936
159915.SZ,20230726,1934045.4936
159915.SZ,20230725,1950445.4936
159915.SZ,20230724,1934645.4936
159915.SZ,20230721,1934445.4936
159915.SZ,20230720,1898945.4936
159915.SZ,20230719,1867645.4936
159915.SZ,20230718,1843745.4936
159915.SZ,20230717,1841945.4936
159915.SZ,20230714,1818445.4936
159915.SZ,20230713,1836145.4936
159915.SZ,20230712,1835045.4936
159915.SZ,20230711,1833945.4936
159915.SZ,20230710,1834945.4936
159915.SZ,20230707,1813845.4936
159915.SZ,20230706,1818645.4936
159915.SZ,20230705,1823345.4936
159915.SZ,20230704,1823145.4936
159915.SZ,20230703,1803845.4936
159915.SZ,20230630,1758145.4936
159915.SZ,20230629,1757645.4936
159915.SZ,20230628,1746945.4936
159915.SZ,20230627,1718945.4936
159915.SZ,20230626,1691745.4936
159915.SZ,20230621,1709045.4936
159915.SZ,20230620,1711745.4936
159915.SZ,20230619,1699045.4936
159915.SZ,20230616,1676545.4936
159915.SZ,20230615,1814245.4936
159915.SZ,20230614,1851045.4936
159915.SZ,20230613,1887645.4936
159915.SZ,20230612,1904145.4936
159915.SZ,20230609,1878045.4936
159915.SZ,20230608,1837345.4936
159915.SZ,20230607,1810245.4936
159915.SZ,20230606,1787045.4936
159915.SZ,20230605,1738345.4936
159915.SZ,20230602,1753045.4936
159915.SZ,20230601,1746745.4936
159915.SZ,20230531,1704045.4936
159915.SZ,20230530,1693145.4936
159915.SZ,20230529,1673245.4936
159915.SZ,20230526,1630945.4936
159915.SZ,20230525,1600045.4936
159915.SZ,20230524,1615445.4936
159915.SZ,20230523,1621545.4936
159915.SZ,20230522,1617445.4936
159915.SZ,20230519,1602145.4936
159915.SZ,20230518,1603145.4936
159915.SZ,20230517,1563945.4936
159915.SZ,20230516,1547945.4936
159915.SZ,20230515,1539945.4936
159915.SZ,20230512,1534045.4936
159915.SZ,20230511,1543845.4936
159915.SZ,20230510,1471845.4936
159915.SZ,20230509,1440745.4936
159915.SZ,20230508,1390745.4936
159915.SZ,20230505,1370645.4936
159915.SZ,20230504,1372545.4936
159915.SZ,20230428,1365045.4936
159915.SZ,20230427,1364145.4936
159915.SZ,20230426,1403445.4936
159915.SZ,20230425,1304145.4936
159915.SZ,20230424,1275545.4936
159915.SZ,20230421,1302445.4936
159915.SZ,20230420,1309145.4936
159915.SZ,20230419,1316645.4936
159915.SZ,20230418,1314845.4936
159915.SZ,20230417,1309545.4936
159915.SZ,20230414,1333545.4936
159915.SZ,20230413,1338945.4936
159915.SZ,20230412,1364145.4936
159915.SZ,20230411,1381345.4936
159915.SZ,20230410,1407845.4936
159915.SZ,20230407,1420545.4936
159915.SZ,20230406,1420445.4936
159915.SZ,20230404,1403045.4936
159915.SZ,20230403,1442745.4936
159915.SZ,20230331,1458445.4936
159915.SZ,20230330,1461945.4936
159915.SZ,20230329,1461145.4936
159915.SZ,20230328,1453945.4936
159915.SZ,20230327,1515845.4936
159915.SZ,20230324,1541345.4936
159915.SZ,20230323,1544245.4936
159915.SZ,20230322,1574345.4936
159915.SZ,20230321,1589945.4936
159915.SZ,20230320,1512445.4936
159915.SZ,20230317,1434945.4936
159915.SZ,20230316,1361645.4936
159915.SZ,20230315,1337745.4936
159915.SZ,20230314,1302045.4936
159915.SZ,20230313,1245845.4936
159915.SZ,20230310,1209445.4936
159915.SZ,20230309,1181745.4936
159915.SZ,20230308,1145345.4936
159915.SZ,20230307,1107345.4936
159915.SZ,20230306,1084045.4936
159915.SZ,20230303,1066245.4936
159915.SZ,20230302,1055745.4936
159915.SZ,20230301,1030545.4936
159915.SZ,20230228,1014845.4936
159915.SZ,20230227,990245.4936
159915.SZ,20230224,967645.4936
159915.SZ,20230223,953445.4936
159915.SZ,20230222,947945.4936
159915.SZ,20230221,954245.4936
159915.SZ,20230220,938345.4936
159915.SZ,20230217,914945.4936
159915.SZ,20230216,916045.4936
159915.SZ,20230215,917945.4936
159915.SZ,20230214,919045.4936
159915.SZ,20230213,923945.4936
159915.SZ,20230210,932945.4936
159915.SZ,20230209,923645.4936
159915.SZ,20230208,933945.4936
159915.SZ,20230207,935445.4936
159915.SZ,20230206,940945.4936
159915.SZ,20230203,941645.4936
159915.SZ,20230202,939145.4936
159915.SZ,20230201,921445.4936
159915.SZ,20230131,911345.4936
159915.SZ,20230130,923045.4936
159915.SZ,20230120,903745.4936
159915.SZ,20230119,899345.4936
159915.SZ,20230118,892545.4936
159915.SZ,20230117,888645.4936
159915.SZ,20230116,872945.4936
159915.SZ,20230113,877845.4936
159915.SZ,20230112,880845.4936
159915.SZ,20230111,877745.4936
159915.SZ,20230110,889145.4936
159915.SZ,20230109,887845.4936
159915.SZ,20230106,905945.4936
159915.SZ,20230105,926245.4936
159915.SZ,20230104,918945.4936
159915.SZ,20230103,902445.4936
159915.SZ,20221231,904162.6552
159915.SZ,20221230,921145.4936
159915.SZ,20221229,932145.4936
159915.SZ,20221228,930945.4936
159915.SZ,20221227,958445.4936
159915.SZ,20221226,978845.4936
159915.SZ,20221223,957845.4936
159915.SZ,20221222,958645.4936
159915.SZ,20221221,958745.4936
159915.SZ,20221220,946645.4936
159915.SZ,20221219,951845.4936
159915.SZ,20221216,933845.4936
159915.SZ,20221215,940545.4936
159915.SZ,20221214,935845.4936
159915.SZ,20221213,930445.4936
159915.SZ,20221212,922545.4936
159915.SZ,20221209,923345.4936
159915.SZ,20221208,925545.4936
159915.SZ,20221207,955645.4936
159915.SZ,20221206,953845.4936
159915.SZ,20221205,906445.4936
159915.SZ,20221202,899445.4936
159915.SZ,20221201,917045.4936
159915.SZ,20221130,921445.4936
159915.SZ,20221129,906145.4936
159915.SZ,20221128,889145.4936
159915.SZ,20221125,882245.4936
159915.SZ,20221124,880045.4936
159915.SZ,20221123,890845.4936
159915.SZ,20221122,887145.4936
159915.SZ,20221121,880545.4936
159915.SZ,20221118,911245.4936
159915.SZ,20221117,918145.4936
159915.SZ,20221116,916645.4936
159915.SZ,20221115,911845.4936
159915.SZ,20221114,918245.4936
159915.SZ,20221111,897345.4936
159915.SZ,20221110,865145.4936
159915.SZ,20221109,855345.4936
159915.SZ,20221108,854245.4936
159915.SZ,20221107,866745.4936
159915.SZ,20221104,852345.4936
159915.SZ,20221103,828145.4936
159915.SZ,20221102,842345.4936
159915.SZ,20221101,837045.4936
159915.SZ,20221031,811245.4936
159915.SZ,20221028,783445.4936
159915.SZ,20221027,777445.4936
159915.SZ,20221026,782345.4936
159915.SZ,20221025,761945.4936
159915.SZ,20221024,743445.4936
159915.SZ,20221021,739545.4936
159915.SZ,20221020,732345.4936
159915.SZ,20221019,739145.4936
159915.SZ,20221018,743345.4936
159915.SZ,20221017,736645.4936
159915.SZ,20221014,741145.4936
159915.SZ,20221013,749445.4936
159915.SZ,20221012,726745.4936
159915.SZ,20221011,732145.4936
159915.SZ,20221010,721145.4936
159915.SZ,20220930,722581.732
159915.SZ,20220929,704945.4936
159915.SZ,20220928,689945.4936
159915.SZ,20220927,689445.4936
159915.SZ,20220926,700045.4936
159915.SZ,20220923,684845.4936
159915.SZ,20220922,679445.4936
159915.SZ,20220921,654945.4936
159915.SZ,20220920,656345.4936
159915.SZ,20220919,644745.4936
159915.SZ,20220916,630845.4936
159915.SZ,20220915,612445.4936
159915.SZ,20220914,608845.4936
159915.SZ,20220913,610745.4936
159915.SZ,20220909,615445.4936
159915.SZ,20220908,617845.4936
159915.SZ,20220907,626445.4936
159915.SZ,20220906,612445.4936
159915.SZ,20220905,607445.4936
159915.SZ,20220902,596045.4936
159915.SZ,20220901,596245.4936
159915.SZ,20220831,591145.4936
159915.SZ,20220830,586545.4936
159915.SZ,20220829,583245.4936
159915.SZ,20220826,580845.4936
159915.SZ,20220825,575145.4936
159915.SZ,20220824,562445.4936
159915.SZ,20220823,563845.4936
159915.SZ,20220822,564945.4936
159915.SZ,20220819,562345.4936
159915.SZ,20220818,565045.4936
159915.SZ,20220817,569545.4936
159915.SZ,20220816,570345.4936
159915.SZ,20220815,573645.4936
159915.SZ,20220812,566845.4936
159915.SZ,20220811,567645.4936
159915.SZ,20220810,565745.4936
159915.SZ,20220809,569545.4936
159915.SZ,20220808,573145.4936
159915.SZ,20220805,574445.4936
159915.SZ,20220804,572845.4936
159915.SZ,20220803,570645.4936
159915.SZ,20220802,562345.4936
159915.SZ,20220801,567445.4936
159915.SZ,20220729,569645.4936
159915.SZ,20220728,570645.4936
159915.SZ,20220727,572245.4936
159915.SZ,20220726,574245.4936
159915.SZ,20220725,573945.4936
159915.SZ,20220722,575345.4936
159915.SZ,20220721,576445.4936
159915.SZ,20220720,577045.4936
159915.SZ,20220719,571145.4936
159915.SZ,20220718,567045.4936
159915.SZ,20220715,563145.4936
159915.SZ,20220714,575245.4936
159915.SZ,20220713,583745.4936
159915.SZ,20220712,587345.4936
159915.SZ,20220711,586045.4936
159915.SZ,20220708,592345.4936
159915.SZ,20220707,599845.4936
159915.SZ,20220706,606045.4936
159915.SZ,20220705,605045.4936
159915.SZ,20220704,619045.4936
159915.SZ,20220701,620545.4936
159915.SZ,20220630,622708.7446
159915.SZ,20220629,645345.4936
159915.SZ,20220628,644845.4936
159915.SZ,20220627,650145.4936
159915.SZ,20220624,653545.4936
159915.SZ,20220623,655745.4936
159915.SZ,20220622,660245.4936
159915.SZ,20220621,658845.4936
159915.SZ,20220620,670645.4936
159915.SZ,20220617,673545.4936
159915.SZ,20220616,675045.4936
159915.SZ,20220615,681045.4936
159915.SZ,20220614,679145.4936
159915.SZ,20220613,684645.4936
159915.SZ,20220610,685745.4936
159915.SZ,20220609,683845.4936
159915.SZ,20220608,685545.4936
159915.SZ,20220607,680645.4936
159915.SZ,20220606,687945.4936
159915.SZ,20220602,691145.4936
159915.SZ,20220601,699145.4936
159915.SZ,20220531,708945.4936
159915.SZ,20220530,709945.4936
159915.SZ,20220527,724045.4936
159915.SZ,20220526,735845.4936
159915.SZ,20220525,737645.4936
159915.SZ,20220524,754145.4936
159915.SZ,20220523,752845.4936
159915.SZ,20220520,759645.4936
159915.SZ,20220519,768045.4936
159915.SZ,20220518,770645.4936
159915.SZ,20220517,776945.4936
159915.SZ,20220516,772645.4936
159915.SZ,20220513,771745.4936
159915.SZ,20220512,764845.4936
159915.SZ,20220511,832745.4936
159915.SZ,20220510,822945.4936
159915.SZ,20220509,817545.4936
159915.SZ,20220506,826745.4936
159915.SZ,20220505,817545.4936
159915.SZ,20220429,820645.4936
159915.SZ,20220428,836745.4936
159915.SZ,20220427,826645.4936
159915.SZ,20220426,799445.4936
159915.SZ,20220425,754945.4936
159915.SZ,20220422,748545.4936
159915.SZ,20220421,738945.4936
159915.SZ,20220420,707645.4936
159915.SZ,20220419,704345.4936
159915.SZ,20220418,697045.4936
159915.SZ,20220415,703745.4936
159915.SZ,20220414,702445.4936
159915.SZ,20220413,710145.4936
159915.SZ,20220412,715745.4936
159915.SZ,20220411,687945.4936
159915.SZ,20220408,681545.4936
159915.SZ,20220407,667545.4936
159915.SZ,20220406,660045.4936
159915.SZ,20220401,661145.4936
159915.SZ,20220331,662936.9344
159915.SZ,20220330,674445.4936
159915.SZ,20220329,680545.4936
159915.SZ,20220328,665045.4936
159915.SZ,20220325,648545.4936
159915.SZ,20220324,659645.4936
159915.SZ,20220323,663245.4936
159915.SZ,20220322,662145.4936
159915.SZ,20220321,682345.4936
159915.SZ,20220318,680145.4936
159915.SZ,20220317,720045.4936
159915.SZ,20220316,695145.4936
159915.SZ,20220315,687145.4936
159915.SZ,20220314,683745.4936
159915.SZ,20220311,681745.4936
159915.SZ,20220310,727845.4936
159915.SZ,20220309,683645.4936
159915.SZ,20220308,648245.4936
159915.SZ,20220307,619445.4936
159915.SZ,20220304,603745.4936
159915.SZ,20220303,592345.4936
159915.SZ,20220302,583445.4936
159915.SZ,20220301,588645.4936
159915.SZ,20220228,589845.4936
159915.SZ,20220225,588245.4936
159915.SZ,20220224,587045.4936
159915.SZ,20220223,588445.4936
159915.SZ,20220222,576245.4936
159915.SZ,20220221,573145.4936
159915.SZ,20220218,567645.4936
159915.SZ,20220217,580245.4936
159915.SZ,20220216,590545.4936
159915.SZ,20220215,606245.4936
159915.SZ,20220214,593745.4936
159915.SZ,20220211,570745.4936
159915.SZ,20220210,557545.4936
159915.SZ,20220209,557645.4936
159915.SZ,20220208,532445.4936
159915.SZ,20220207,531745.4936
159915.SZ,20220128,530545.4936
159915.SZ,20220127,510645.4936
159915.SZ,20220126,509445.4936
159915.SZ,20220125,501045.4936
159915.SZ,20220124,496845.4936
159915.SZ,20220121,481045.4936
159915.SZ,20220120,475545.4936
159915.SZ,20220119,455045.4936
159915.SZ,20220118,454045.4936
159915.SZ,20220117,460045.4936
159915.SZ,20220114,462845.4936
159915.SZ,20220113,460145.4936
159915.SZ,20220112,473745.4936
159915.SZ,20220111,463245.4936
159915.SZ,20220110,452545.4936
159915.SZ,20220107,443945.4936
159915.SZ,20220106,418645.4936
159915.SZ,20220105,394645.4936
159915.SZ,20220104,390145.4936
159915.SZ,20260731,2199645.4936
159915.SZ,20260730,2004845.4936
159915.SZ,20260729,1897445.4936
159915.SZ,20260728,1697345.4936
159915.SZ,20260727,1665345.4936
159915.SZ,20260724,1661945.4936
159915.SZ,20260723,1662645.4936
159915.SZ,20260722,1704345.4936
159915.SZ,20260721,1763945.4936
159915.SZ,20260720,1492045.4936
159915.SZ,20260717,1302445.4936
159915.SZ,20260716,1245645.4936
159915.SZ,20260715,1246945.4936
159915.SZ,20260714,1233845.4936
159915.SZ,20260713,1180145.4936
159915.SZ,20260710,1180045.4936
159915.SZ,20260709,1174645.4936
159915.SZ,20260708,1153345.4936
159915.SZ,20260707,1114345.4936
159915.SZ,20260706,1104245.4936
159915.SZ,20260703,1116545.4936
159915.SZ,20260702,1069445.4936
159915.SZ,20260701,1074645.4936
159915.SZ,20260630,1095945.4936
159915.SZ,20260629,1102945.4936
159915.SZ,20260626,1099045.4936
159915.SZ,20260625,1114345.4936
159915.SZ,20260624,1136345.4936
159915.SZ,20260623,1081745.4936
159915.SZ,20260622,1052245.4936
159915.SZ,20260618,1052345.4936
159915.SZ,20260617,1040545.4936
159915.SZ,20260616,1050545.4936
159915.SZ,20260615,1064245.4936
159915.SZ,20260612,1068945.4936
159915.SZ,20260611,1058945.4936
159915.SZ,20260610,1041045.4936
159915.SZ,20260609,1082645.4936
159915.SZ,20260608,1066745.4936
159915.SZ,20260605,1033145.4936
159915.SZ,20260604,1007145.4936
159915.SZ,20260603,1023445.4936
159915.SZ,20260602,1060445.4936
159915.SZ,20260601,1055945.4936
159915.SZ,20260529,1051545.4936
159915.SZ,20260528,1056945.4936
159915.SZ,20260527,1094545.4936
159915.SZ,20260526,1112645.4936
159915.SZ,20260525,1141345.4936
159915.SZ,20260522,1176045.4936
159915.SZ,20260521,1195845.4936
159915.SZ,20260520,1200745.4936
159915.SZ,20260519,1180945.4936
159915.SZ,20260518,1199345.4936
159915.SZ,20260515,1215645.4936
159915.SZ,20260514,1205245.4936
159915.SZ,20260513,1197145.4936
159915.SZ,20260512,1206745.4936
159915.SZ,20260511,1215445.4936
159915.SZ,20260508,1206645.4936
159915.SZ,20260507,1214345.4936
159915.SZ,20260506,1240945.4936
159915.SZ,20260430,1237245.4936
159915.SZ,20260429,1248145.4936
159915.SZ,20260428,1259945.4936
159915.SZ,20260427,1242045.4936
159915.SZ,20260424,1225245.4936
159915.SZ,20260423,1251045.4936
159915.SZ,20260422,1320145.4936
159915.SZ,20260421,1368445.4936
159915.SZ,20260420,1409945.4936
159915.SZ,20260417,1467845.4936
159915.SZ,20260416,1491445.4936
159915.SZ,20260415,1511445.4936
159915.SZ,20260414,1490845.4936
159915.SZ,20260413,1495245.4936
159915.SZ,20260410,1523845.4936
159915.SZ,20260409,1522845.4936
159915.SZ,20260408,1563645.4936
159915.SZ,20260407,1584145.4936
159915.SZ,20260403,1591745.4936
159915.SZ,20260402,1577745.4936
159915.SZ,20260401,1605845.4936
159915.SZ,20260331,1580145.4936
159915.SZ,20260330,1561845.4936
159915.SZ,20260327,1569445.4936
159915.SZ,20260326,1556845.4936
159915.SZ,20260325,1604345.4936
159915.SZ,20260324,1598845.4936
159915.SZ,20260323,1561545.4936
159915.SZ,20260320,1636645.4936
159915.SZ,20260319,1616345.4936
159915.SZ,20260318,1650045.4936
159915.SZ,20260317,1629445.4936
159915.SZ,20260316,1631045.4936
159915.SZ,20260313,1631145.4936
159915.SZ,20260312,1617345.4936
159915.SZ,20260311,1653545.4936
159915.SZ,20260310,1725745.4936
159915.SZ,20260309,1731745.4936
159915.SZ,20260306,1727445.4936
159915.SZ,20260305,1800445.4936
159915.SZ,20260304,1778745.4936
159915.SZ,20260303,1773545.4936
159915.SZ,20260302,1835045.4936
159915.SZ,20260227,1848945.4936
159915.SZ,20260226,1841945.4936
159915.SZ,20260225,1892545.4936
159915.SZ,20260224,1915345.4936
159915.SZ,20260213,1915845.4936
159915.SZ,20260212,1946545.4936
159915.SZ,20260211,1914145.4936
159915.SZ,20260210,1911045.4936
159915.SZ,20260209,1946245.4936
159915.SZ,20260206,1942245.4936
159915.SZ,20260205,1939045.4936
159915.SZ,20260204,1921445.4936
159915.SZ,20260203,1908345.4936
159915.SZ,20260202,1892445.4936
159915.SZ,20260130,1942345.4936
159915.SZ,20260129,1992745.4936
159915.SZ,20260128,2069045.4936
159915.SZ,20260127,2125345.4936
159915.SZ,20260126,2178345.4936
159915.SZ,20260123,2175845.4936
159915.SZ,20260122,2262545.4936
159915.SZ,20260121,2274745.4936
159915.SZ,20260120,2365845.4936
159915.SZ,20260119,2440545.4936
159915.SZ,20260117,2440545.4936
159915.SZ,20260116,2694245.4936
159915.SZ,20260115,2965445.4936
159915.SZ,20260114,3071945.4936
159915.SZ,20260113,3113345.4936
159915.SZ,20260112,3156745.4936
159915.SZ,20260109,3170845.4936
159915.SZ,20260108,3140745.4936
159915.SZ,20260107,3161845.4936
159915.SZ,20260106,3149845.4936
159915.SZ,20260105,3150245.4936
588000.SH,20211231,1423616.8177
588000.SH,20211230,1436816.82
588000.SH,20211229,1440416.82
588000.SH,20211228,1435616.82
588000.SH,20211227,1436816.82
588000.SH,20211224,1426916.82
588000.SH,20211223,1415816.82
588000.SH,20211222,1413416.82
588000.SH,20211221,1416116.82
588000.SH,20211220,1408916.82
588000.SH,20211217,1381916.82
588000.SH,20211216,1372316.82
588000.SH,20211215,1371116.82
588000.SH,20211214,1376816.82
588000.SH,20211213,1387016.82
588000.SH,20211210,1390916.82
588000.SH,20211209,1410416.82
588000.SH,20211208,1431116.82
588000.SH,20211207,1442516.82
588000.SH,20211206,1418596.82
588000.SH,20211203,1410536.82
588000.SH,20211202,1417036.82
588000.SH,20211201,1415216.82
588000.SH,20211130,1413656.82
588000.SH,20211129,1426656.82
588000.SH,20211126,1429516.82
588000.SH,20211125,1429516.82
588000.SH,20211124,1431856.82
588000.SH,20211123,1436796.82
588000.SH,20211122,1456816.82
588000.SH,20211119,1482816.82
588000.SH,20211118,1490096.82
588000.SH,20211117,1494776.82
588000.SH,20211116,1504136.82
588000.SH,20211115,1505696.82
588000.SH,20211112,1501536.82
588000.SH,20211111,1506736.82
588000.SH,20211110,1518696.82
588000.SH,20211109,1523636.82
588000.SH,20211108,1541316.82
588000.SH,20211105,1543916.82
588000.SH,20211104,1557176.82
588000.SH,20211103,1564716.82
588000.SH,20211102,1557696.82
588000.SH,20211101,1560036.82
588000.SH,20211029,1568876.82
588000.SH,20211028,1594616.82
588000.SH,20211027,1598256.82
588000.SH,20211026,1598776.82
588000.SH,20211025,1608656.82
588000.SH,20211022,1611256.82
588000.SH,20211021,1611516.82
588000.SH,20211020,1605016.82
588000.SH,20211019,1614636.82
588000.SH,20211018,1620356.82
588000.SH,20211015,1609696.82
588000.SH,20211014,1623216.82
588000.SH,20211013,1629196.82
588000.SH,20211012,1647136.82
588000.SH,20211011,1589676.82
588000.SH,20211008,1579536.82
588000.SH,20210930,1567316.8177
588000.SH,20210929,1569656.82
588000.SH,20210928,1535596.82
588000.SH,20210927,1514796.82
588000.SH,20210924,1518176.82
588000.SH,20210923,1528056.82
588000.SH,20210922,1529356.82
588000.SH,20210917,1517916.82
588000.SH,20210916,1469036.82
588000.SH,20210915,1418076.82
588000.SH,20210914,1405076.82
588000.SH,20210913,1417036.82
588000.SH,20210910,1383496.82
588000.SH,20210909,1376996.82
588000.SH,20210908,1362956.82
588000.SH,20210907,1349956.82
588000.SH,20210906,1351516.82
588000.SH,20210903,1360616.82
588000.SH,20210902,1324736.82
588000.SH,20210901,1302376.82
588000.SH,20210831,1270656.82
588000.SH,20210830,1258696.82
588000.SH,20210827,1255056.82
588000.SH,20210826,1241796.82
588000.SH,20210825,1231916.82
588000.SH,20210824,1218916.82
588000.SH,20210823,1222036.82
588000.SH,20210820,1230356.82
588000.SH,20210819,1211116.82
588000.SH,20210818,1222556.82
588000.SH,20210817,1213976.82
588000.SH,20210816,1199936.82
588000.SH,20210813,1197336.82
588000.SH,20210812,1189276.82
588000.SH,20210811,1201236.82
588000.SH,20210810,1205396.82
588000.SH,20210809,1212416.82
588000.SH,20210806,1213976.82
588000.SH,20210805,1212416.82
588000.SH,20210804,1226196.82
588000.SH,20210803,1254536.82
588000.SH,20210802,1258436.82
588000.SH,20210730,1263636.82
588000.SH,20210729,1255576.82
588000.SH,20210728,1264156.82
588000.SH,20210727,1254536.82
588000.SH,20210726,1262596.82
588000.SH,20210723,1252456.82
588000.SH,20210722,1262596.82
588000.SH,20210721,1269616.82
588000.SH,20210720,1256096.82
588000.SH,20210719,1257916.82
588000.SH,20210716,1252976.82
588000.SH,20210715,1240236.82
588000.SH,20210714,1236596.82
588000.SH,20210713,1237896.82
588000.SH,20210712,1228796.82
588000.SH,20210709,1221256.82
588000.SH,20210708,1187456.82
588000.SH,20210707,1206436.82
588000.SH,20210706,1221776.82
588000.SH,20210705,1199676.82
588000.SH,20210702,1199936.82
588000.SH,20210701,1209556.82
588000.SH,20210630,1221516.8177
588000.SH,20210629,1211896.82
588000.SH,20210628,1210336.82
588000.SH,20210625,1219696.82
588000.SH,20210624,1223336.82
588000.SH,20210623,1229316.82
588000.SH,20210622,1241276.82
588000.SH,20210621,1243876.82
588000.SH,20210618,1242836.82
588000.SH,20210617,1247776.82
588000.SH,20210616,1266496.82
588000.SH,20210615,1264936.82
588000.SH,20210611,1274816.82
588000.SH,20210610,1289116.82
588000.SH,20210609,1300816.82
588000.SH,20210608,1304456.82
588000.SH,20210607,1303416.82
588000.SH,20210604,1302116.82
588000.SH,20210603,1296136.82
588000.SH,20210602,1295616.82
588000.SH,20210601,1298476.82
588000.SH,20210531,1311736.82
588000.SH,20210528,1332016.82
588000.SH,20210527,1348136.82
588000.SH,20210526,1369976.82
588000.SH,20210525,1378036.82
588000.SH,20210524,1402476.82
588000.SH,20210521,1397536.82
588000.SH,20210520,1399876.82
588000.SH,20210519,1399616.82
588000.SH,20210518,1401956.82
588000.SH,20210517,1404556.82
588000.SH,20210514,1422236.82
588000.SH,20210513,1428996.82
588000.SH,20210512,1423796.82
588000.SH,20210511,1420416.82
588000.SH,20210510,1404816.82
588000.SH,20210507,1388956.82
588000.SH,20210506,1370756.82
588000.SH,20210430,1371276.82
588000.SH,20210429,1374396.82
588000.SH,20210428,1375436.82
588000.SH,20210427,1380636.82
588000.SH,20210426,1382196.82
588000.SH,20210423,1394416.82
588000.SH,20210422,1392076.82
588000.SH,20210421,1389996.82
588000.SH,20210420,1388176.82
588000.SH,20210419,1385316.82
588000.SH,20210416,1387396.82
588000.SH,20210415,1383236.82
588000.SH,20210414,1384536.82
588000.SH,20210413,1386616.82
588000.SH,20210412,1380376.82
588000.SH,20210409,1360876.82
588000.SH,20210408,1354376.82
588000.SH,20210407,1355416.82
588000.SH,20210406,1356456.82
588000.SH,20210402,1359056.82
588000.SH,20210401,1394416.82
588000.SH,20210331,1409756.8177
588000.SH,20210330,1411836.82
588000.SH,20210329,1413396.82
588000.SH,20210326,1424836.82
588000.SH,20210325,1445376.82
588000.SH,20210324,1439136.82
588000.SH,20210323,1423276.82
588000.SH,20210322,1419636.82
588000.SH,20210319,1416516.82
588000.SH,20210318,1417816.82
588000.SH,20210317,1419376.82
588000.SH,20210316,1422756.82
588000.SH,20210315,1406896.82
588000.SH,20210312,1368156.82
588000.SH,20210311,1367376.82
588000.SH,20210310,1375696.82
588000.SH,20210309,1370496.82
588000.SH,20210308,1342416.82
588000.SH,20210305,1269356.82
588000.SH,20210304,1240756.82
588000.SH,20210303,1181996.82
588000.SH,20210302,1177056.82
588000.SH,20210301,1175236.82
588000.SH,20210226,1194736.82
588000.SH,20210225,1129736.82
588000.SH,20210224,1083716.82
588000.SH,20210223,1029116.82
588000.SH,20210222,1014816.82
588000.SH,20210219,980756.82
588000.SH,20210218,970356.82
588000.SH,20210210,975816.82
588000.SH,20210209,985956.82
588000.SH,20210208,996356.82
588000.SH,20210205,992196.82
588000.SH,20210204,986736.82
588000.SH,20210203,967236.82
588000.SH,20210202,969576.82
588000.SH,20210201,978676.82
588000.SH,20210129,956056.82
588000.SH,20210128,935516.82
588000.SH,20210127,914456.82
588000.SH,20210126,905096.82
588000.SH,20210125,898856.82
588000.SH,20210122,906656.82
588000.SH,20210121,910556.82
588000.SH,20210120,914716.82
588000.SH,20210119,944096.82
588000.SH,20210118,914976.82
588000.SH,20210115,909516.82
588000.SH,20210114,897556.82
588000.SH,20210113,873116.82
588000.SH,20210112,873636.82
588000.SH,20210111,878316.82
588000.SH,20210108,884036.82
588000.SH,20210107,854656.82
588000.SH,20210106,818516.82
588000.SH,20210105,827356.82
588000.SH,20210104,843996.82
588000.SH,20201231,867656.8177
588000.SH,20201230,908996.82
588000.SH,20201229,929536.82
588000.SH,20201228,917836.82
588000.SH,20201225,891316.82
588000.SH,20201224,875716.82
588000.SH,20201223,855436.82
588000.SH,20201222,855956.82
588000.SH,20201221,847376.82
588000.SH,20201218,875456.82
588000.SH,20201217,881176.82
588000.SH,20201216,878836.82
588000.SH,20201215,864796.82
588000.SH,20201214,855696.82
588000.SH,20201211,865056.82
588000.SH,20201210,873896.82
588000.SH,20201209,867396.82
588000.SH,20201208,829696.82
588000.SH,20201207,818976.82
588000.SH,20201204,815456.82
588000.SH,20201203,804896.82
588000.SH,20201202,803936.82
588000.SH,20201201,801216.82
588000.SH,20201130,794336.82
588000.SH,20201127,767296.82
588000.SH,20201126,754176.82
588000.SH,20201125,735616.82
588000.SH,20201124,700576.82
588000.SH,20201123,680096.82
588000.SH,20201120,641536.82
588000.SH,20201119,622656.82
588000.SH,20201118,602496.82
588000.SH,20201117,549696.82
588000.SH,20201116,473696.82
588000.SH,20201115,355776.8177
588000.SH,20201113,355776.8177
588000.SH,20201109,355776.8177
588000.SH,20200928,512338.7091
588000.SH,20251231,5371016.82
588000.SH,20251230,5308916.82
588000.SH,20251229,5370566.82
588000.SH,20251226,5434916.82
588000.SH,20251225,5384966.82
588000.SH,20251224,5335916.82
588000.SH,20251223,5361566.82
588000.SH,20251222,5404766.82
588000.SH,20251219,5431766.82
588000.SH,20251218,5398916.82
588000.SH,20251217,5366966.82
588000.SH,20251216,5416466.82
588000.SH,20251215,5353466.82
588000.SH,20251212,5302616.82
588000.SH,20251211,5344466.82
588000.SH,20251210,5308466.82
588000.SH,20251209,5287316.82
588000.SH,20251208,5297666.82
588000.SH,20251205,5241866.82
588000.SH,20251204,5164016.82
588000.SH,20251203,5159966.82
588000.SH,20251202,5155016.82
588000.SH,20251201,5153216.82
588000.SH,20251128,5148266.82
588000.SH,20251127,5172566.82
588000.SH,20251126,5209016.82
588000.SH,20251125,5321066.82
588000.SH,20251124,5364716.82
588000.SH,20251121,5326466.82
588000.SH,20251120,5150066.82
588000.SH,20251119,5096066.82
588000.SH,20251118,5061416.82
588000.SH,20251117,5082116.82
588000.SH,20251114,5073566.82
588000.SH,20251113,5022716.82
588000.SH,20251112,5035766.82
588000.SH,20251111,4946666.82
588000.SH,20251110,4933616.82
588000.SH,20251107,4901216.82
588000.SH,20251106,4900316.82
588000.SH,20251105,5006066.82
588000.SH,20251104,4997516.82
588000.SH,20251103,5049716.82
588000.SH,20251031,5027216.82
588000.SH,20251030,4917416.82
588000.SH,20251029,4909766.82
588000.SH,20251028,4890416.82
588000.SH,20251027,4895816.82
588000.SH,20251024,4832366.82
588000.SH,20251023,4900766.82
588000.SH,20251022,4862966.82
588000.SH,20251021,4906166.82
588000.SH,20251020,4961516.82
588000.SH,20251017,4966466.82
588000.SH,20251016,4892216.82
588000.SH,20251015,4943516.82
588000.SH,20251014,4967816.82
588000.SH,20251013,4922816.82
588000.SH,20251010,4997966.82
588000.SH,20251009,4785116.82
588000.SH,20250930,4817516.82
588000.SH,20250929,4820666.82
588000.SH,20250926,4778816.82
588000.SH,20250925,4760816.82
588000.SH,20250924,4747766.82
588000.SH,20250923,4835066.82
588000.SH,20250922,4844966.82
588000.SH,20250919,4958366.82
588000.SH,20250918,5060516.82
588000.SH,20250917,5104166.82
588000.SH,20250916,5158616.82
588000.SH,20250915,5244116.82
588000.SH,20250912,5258066.82
588000.SH,20250911,5338616.82
588000.SH,20250910,5405666.82
588000.SH,20250909,5450666.82
588000.SH,20250908,5497916.82
588000.SH,20250905,5565416.82
588000.SH,20250904,5552816.82
588000.SH,20250903,5557316.82
588000.SH,20250902,5645966.82
588000.SH,20250901,5731016.82
588000.SH,20250829,5813816.82
588000.SH,20250828,5792666.82
588000.SH,20250827,6039716.82
588000.SH,20250826,6258416.82
588000.SH,20250825,6244466.82
588000.SH,20250822,6408716.82
588000.SH,20250821,6796166.82
588000.SH,20250820,6885716.82
588000.SH,20250819,7070216.82
588000.SH,20250818,7063016.82
588000.SH,20250815,7193966.82
588000.SH,20250814,7197116.82
588000.SH,20250813,7502216.82
588000.SH,20250812,7545866.82
588000.SH,20250811,7770866.82
588000.SH,20250808,7814066.82
588000.SH,20250807,7838366.82
588000.SH,20250806,7921166.82
588000.SH,20250805,7895516.82
588000.SH,20250804,7876166.82
588000.SH,20250801,7949516.82
588000.SH,20250731,8000816.82
588000.SH,20250730,8159666.82
588000.SH,20250729,8157416.82
588000.SH,20250728,8260016.82
588000.SH,20250725,8180366.82
588000.SH,20250724,8255516.82
588000.SH,20250723,8287916.82
588000.SH,20250722,8336516.82
588000.SH,20250721,8351816.82
588000.SH,20250718,8310416.82
588000.SH,20250717,8347316.82
588000.SH,20250716,8404016.82
588000.SH,20250715,8376116.82
588000.SH,20250714,8283416.82
588000.SH,20250711,8231216.82
588000.SH,20250710,8193416.82
588000.SH,20250709,8074616.82
588000.SH,20250708,8017466.82
588000.SH,20250707,8051216.82
588000.SH,20250704,8032766.82
588000.SH,20250703,8024666.82
588000.SH,20250702,7991816.82
588000.SH,20250701,7929266.82
588000.SH,20250630,7896416.8177
588000.SH,20250627,7948616.82
588000.SH,20250626,7936916.82
588000.SH,20250625,7973366.82
588000.SH,20250624,8008916.82
588000.SH,20250623,8027816.82
588000.SH,20250620,8062916.82
588000.SH,20250619,8047616.82
588000.SH,20250618,8055266.82
588000.SH,20250617,8028266.82
588000.SH,20250616,7896866.82
588000.SH,20250613,7864016.82
588000.SH,20250612,7837466.82
588000.SH,20250611,7807766.82
588000.SH,20250610,7744316.82
588000.SH,20250609,7682216.82
588000.SH,20250606,7685366.82
588000.SH,20250605,7670966.82
588000.SH,20250604,7709666.82
588000.SH,20250603,7715066.82
588000.SH,20250530,7733516.82
588000.SH,20250529,7697066.82
588000.SH,20250528,7693466.82
588000.SH,20250527,7675466.82
588000.SH,20250526,7642616.82
588000.SH,20250523,7669166.82
588000.SH,20250522,7657916.82
588000.SH,20250521,7648916.82
588000.SH,20250520,7625966.82
588000.SH,20250519,7629116.82
588000.SH,20250516,7573766.82
588000.SH,20250515,7557116.82
588000.SH,20250514,7513916.82
588000.SH,20250513,7484666.82
588000.SH,20250512,7486016.82
588000.SH,20250509,7439216.82
588000.SH,20250508,7363616.82
588000.SH,20250507,7306016.82
588000.SH,20250506,7248416.82
588000.SH,20250430,7266416.82
588000.SH,20250429,7305116.82
588000.SH,20250428,7320866.82
588000.SH,20250425,7342016.82
588000.SH,20250424,7363616.82
588000.SH,20250423,7350116.82
588000.SH,20250422,7313666.82
588000.SH,20250421,7331216.82
588000.SH,20250418,7388816.82
588000.SH,20250417,7360016.82
588000.SH,20250416,7414016.82
588000.SH,20250415,7470266.82
588000.SH,20250414,7445066.82
588000.SH,20250411,7502216.82
588000.SH,20250410,7613816.82
588000.SH,20250409,7607066.82
588000.SH,20250408,7796966.82
588000.SH,20250407,7791566.82
588000.SH,20250403,7752416.82
588000.SH,20250402,7722266.82
588000.SH,20250401,7696166.82
588000.SH,20250331,7679066.8177
588000.SH,20250328,7634516.82
588000.SH,20250327,7604366.82
588000.SH,20250326,7669166.82
588000.SH,20250325,7689866.82
588000.SH,20250324,7616066.82
588000.SH,20250321,7573766.82
588000.SH,20250320,7453166.82
588000.SH,20250319,7360466.82
588000.SH,20250318,7310516.82
588000.SH,20250317,7298366.82
588000.SH,20250314,7269116.82
588000.SH,20250313,7248866.82
588000.SH,20250312,7184516.82
588000.SH,20250311,7173716.82
588000.SH,20250310,7089116.82
588000.SH,20250307,7063466.82
588000.SH,20250306,6917216.82
588000.SH,20250305,7126916.82
588000.SH,20250304,7122866.82
588000.SH,20250303,7204766.82
588000.SH,20250228,7190366.82
588000.SH,20250227,7156166.82
588000.SH,20250226,7099016.82
588000.SH,20250225,7217816.82
588000.SH,20250224,7292516.82
588000.SH,20250221,7301516.82
588000.SH,20250220,7723616.82
588000.SH,20250219,7771766.82
588000.SH,20250218,7984616.82
588000.SH,20250217,7907666.82
588000.SH,20250214,8032766.82
588000.SH,20250213,8086766.82
588000.SH,20250212,8017466.82
588000.SH,20250211,8181266.82
588000.SH,20250210,8159666.82
588000.SH,20250207,8348216.82
588000.SH,20250206,8455766.82
588000.SH,20250205,8664566.82
588000.SH,20250127,8956166.82
588000.SH,20250124,8832866.82
588000.SH,20250123,8882366.82
588000.SH,20250122,8790116.82
588000.SH,20250121,8800466.82
588000.SH,20250120,8903066.82
588000.SH,20250117,8908016.82
588000.SH,20250116,8960666.82
588000.SH,20250115,8800916.82
588000.SH,20250114,8862116.82
588000.SH,20250113,8920616.82
588000.SH,20250110,8873816.82
588000.SH,20250109,8977766.82
588000.SH,20250108,9040316.82
588000.SH,20250107,9079016.82
588000.SH,20250106,9250466.82
588000.SH,20250103,9208166.82
588000.SH,20250102,9092966.82
588000.SH,20241231,8911166.8177
588000.SH,20241230,8822066.82
588000.SH,20241227,8854016.82
588000.SH,20241226,8936366.82
588000.SH,20241225,9080816.82
588000.SH,20241224,9221216.82
588000.SH,20241223,9250466.82
588000.SH,20241220,9253166.82
588000.SH,20241219,9606416.82
588000.SH,20241218,9751316.82
588000.SH,20241217,9840416.82
588000.SH,20241216,9772016.82
588000.SH,20241213,9777866.82
588000.SH,20241212,9810266.82
588000.SH,20241211,9790916.82
588000.SH,20241210,9800816.82
588000.SH,20241209,9715316.82
588000.SH,20241206,9685166.82
588000.SH,20241205,9646916.82
588000.SH,20241204,9641066.82
588000.SH,20241203,9686066.82
588000.SH,20241202,9647816.82
588000.SH,20241129,9667616.82
588000.SH,20241128,9767066.82
588000.SH,20241127,9879116.82
588000.SH,20241126,9936716.82
588000.SH,20241125,9939866.82
588000.SH,20241122,9790016.82
588000.SH,20241121,9799016.82
588000.SH,20241120,10031666.82
588000.SH,20241119,10078466.82
588000.SH,20241118,10014566.82
588000.SH,20241115,9946166.82
588000.SH,20241114,9805766.82
588000.SH,20241113,9820166.82
588000.SH,20241112,10053266.82
588000.SH,20241111,10004666.82
588000.SH,20241108,10428116.82
588000.SH,20241107,10516766.82
588000.SH,20241106,10622066.82
588000.SH,20241105,10800716.82
588000.SH,20241104,11013116.82
588000.SH,20241101,11039666.82
588000.SH,20241031,10806116.82
588000.SH,20241030,10878566.82
588000.SH,20241029,10779116.82
588000.SH,20241028,10784066.82
588000.SH,20241025,10802516.82
588000.SH,20241024,10954166.82
588000.SH,20241023,11033366.82
588000.SH,20241022,11128766.82
588000.SH,20241021,11277266.82
588000.SH,20241018,11520266.82
588000.SH,20241017,11315066.82
588000.SH,20241016,11448716.82
588000.SH,20241015,11463116.82
588000.SH,20241014,11560766.82
588000.SH,20241011,11526116.82
588000.SH,20241010,11129216.82
588000.SH,20241009,10790366.82
588000.SH,20241008,10298066.82
588000.SH,20240930,10098266.8177
588000.SH,20240927,9912416.82
588000.SH,20240926,9936266.82
588000.SH,20240925,9863816.82
588000.SH,20240924,9841766.82
588000.SH,20240923,9783266.82
588000.SH,20240920,9761666.82
588000.SH,20240919,9740066.82
588000.SH,20240918,9670766.82
588000.SH,20240913,9632516.82
588000.SH,20240912,9622166.82
588000.SH,20240911,9622616.82
588000.SH,20240910,9676166.82
588000.SH,20240909,9667166.82
588000.SH,20240906,9626216.82
588000.SH,20240905,9596516.82
588000.SH,20240904,9579416.82
588000.SH,20240903,9570416.82
588000.SH,20240902,9592016.82
588000.SH,20240830,9524066.82
588000.SH,20240829,9563666.82
588000.SH,20240828,9552416.82
588000.SH,20240827,9543866.82
588000.SH,20240826,9540716.82
588000.SH,20240823,9530366.82
588000.SH,20240822,9524966.82
588000.SH,20240821,9530366.82
588000.SH,20240820,9540266.82
588000.SH,20240819,9497966.82
588000.SH,20240816,9476816.82
588000.SH,20240815,9448016.82
588000.SH,20240814,9428666.82
588000.SH,20240813,9399866.82
588000.SH,20240812,9385016.82
588000.SH,20240809,9384116.82
588000.SH,20240808,9382766.82
588000.SH,20240807,9362966.82
588000.SH,20240806,9351266.82
588000.SH,20240805,9355766.82
588000.SH,20240802,9292316.82
588000.SH,20240801,9248216.82
588000.SH,20240731,9243266.82
588000.SH,20240730,9270716.82
588000.SH,20240729,9307616.82
588000.SH,20240726,9311216.82
588000.SH,20240725,9306266.82
588000.SH,20240724,9296816.82
588000.SH,20240723,9248216.82
588000.SH,20240722,9200966.82
588000.SH,20240719,9278366.82
588000.SH,20240718,9416966.82
588000.SH,20240717,9455666.82
588000.SH,20240716,9525416.82
588000.SH,20240715,9686066.82
588000.SH,20240712,9695066.82
588000.SH,20240711,9694166.82
588000.SH,20240710,9694166.82
588000.SH,20240709,9718016.82
588000.SH,20240708,9696866.82
588000.SH,20240705,9699116.82
588000.SH,20240704,9711266.82
588000.SH,20240703,9701816.82
588000.SH,20240702,9696416.82
588000.SH,20240701,9629366.82
588000.SH,20240630,9602816.8177
588000.SH,20240628,9602816.82
588000.SH,20240627,9568166.82
588000.SH,20240626,9567716.82
588000.SH,20240625,9601016.82
588000.SH,20240624,9547916.82
588000.SH,20240621,9518216.82
588000.SH,20240620,9509216.82
588000.SH,20240619,9494366.82
588000.SH,20240618,9463766.82
588000.SH,20240617,9454316.82
588000.SH,20240614,9435416.82
588000.SH,20240613,9344516.82
588000.SH,20240612,9340016.82
588000.SH,20240611,9260366.82
588000.SH,20240607,9213116.82
588000.SH,20240606,9220316.82
588000.SH,20240605,9214466.82
588000.SH,20240604,9229316.82
588000.SH,20240603,9214916.82
588000.SH,20240531,9190616.82
588000.SH,20240530,9191966.82
588000.SH,20240529,9256766.82
588000.SH,20240528,9285116.82
588000.SH,20240527,9332816.82
588000.SH,20240524,9307166.82
588000.SH,20240523,9265316.82
588000.SH,20240522,9248666.82
588000.SH,20240521,9261716.82
588000.SH,20240520,9263516.82
588000.SH,20240517,9243716.82
588000.SH,20240516,9260816.82
588000.SH,20240515,9272966.82
588000.SH,20240514,9247766.82
588000.SH,20240513,9233816.82
588000.SH,20240510,9230216.82
588000.SH,20240509,9177566.82
588000.SH,20240508,9271616.82
588000.SH,20240507,9284666.82
588000.SH,20240506,9254066.82
588000.SH,20240430,9207716.82
588000.SH,20240429,9208616.82
588000.SH,20240426,9207716.82
588000.SH,20240425,9141566.82
588000.SH,20240424,9099716.82
588000.SH,20240423,9114566.82
588000.SH,20240422,9126266.82
588000.SH,20240419,9155066.82
588000.SH,20240418,9099266.82
588000.SH,20240417,9139316.82
588000.SH,20240416,9173066.82
588000.SH,20240415,9154166.82
588000.SH,20240412,9186566.82
588000.SH,20240411,9218066.82
588000.SH,20240410,9214466.82
588000.SH,20240409,9180716.82
588000.SH,20240408,9164066.82
588000.SH,20240403,9139316.82
588000.SH,20240402,9124016.82
588000.SH,20240401,9100166.82
588000.SH,20240331,9117716.8177
588000.SH,20240329,9117716.82
588000.SH,20240328,9112316.82
588000.SH,20240327,9150566.82
588000.SH,20240326,9117266.82
588000.SH,20240325,9078566.82
588000.SH,20240322,9089816.82
588000.SH,20240321,9110516.82
588000.SH,20240320,9146516.82
588000.SH,20240319,9151016.82
588000.SH,20240318,9208166.82
588000.SH,20240315,9308066.82
588000.SH,20240314,9289616.82
588000.SH,20240313,9305366.82
588000.SH,20240312,9328316.82
588000.SH,20240311,9314816.82
588000.SH,20240308,9375566.82
588000.SH,20240307,9404816.82
588000.SH,20240306,9416966.82
588000.SH,20240305,9442616.82
588000.SH,20240304,9564116.82
588000.SH,20240301,9662666.82
588000.SH,20240229,9722066.82
588000.SH,20240228,9880466.82
588000.SH,20240227,9932666.82
588000.SH,20240226,10042466.82
588000.SH,20240223,10101416.82
588000.SH,20240222,10128416.82
588000.SH,20240221,10186016.82
588000.SH,20240220,10242716.82
588000.SH,20240219,10297616.82
588000.SH,20240208,10437116.82
588000.SH,20240207,10576166.82
588000.SH,20240206,10741766.82
588000.SH,20240205,10849316.82
588000.SH,20240202,10828166.82
588000.SH,20240201,10811066.82
588000.SH,20240131,10817816.82
588000.SH,20240130,10756166.82
588000.SH,20240129,10740866.82
588000.SH,20240126,10675616.82
588000.SH,20240125,10622066.82
588000.SH,20240124,10652666.82
588000.SH,20240123,10604066.82
588000.SH,20240122,10688216.82
588000.SH,20240119,10703516.82
588000.SH,20240118,10743116.82
588000.SH,20240117,10782716.82
588000.SH,20240116,10757516.82
588000.SH,20240115,10748966.82
588000.SH,20240112,10743116.82
588000.SH,20240111,10733216.82
588000.SH,20240110,10748966.82
588000.SH,20240109,10748516.82
588000.SH,20240108,10739516.82
588000.SH,20240105,10672916.82
588000.SH,20240104,10588766.82
588000.SH,20240103,10510466.82
588000.SH,20240102,10425416.82
588000.SH,20231231,10408316.8177
588000.SH,20231229,10408316.82
588000.SH,20231228,10469966.82
588000.SH,20231227,10582916.82
588000.SH,20231226,10611716.82
588000.SH,20231225,10561766.82
588000.SH,20231222,10506416.82
588000.SH,20231221,10503266.82
588000.SH,20231220,10476266.82
588000.SH,20231219,10400666.82
588000.SH,20231218,10362866.82
588000.SH,20231215,10304816.82
588000.SH,20231214,10228766.82
588000.SH,20231213,10192316.82
588000.SH,20231212,10150466.82
588000.SH,20231211,10098266.82
588000.SH,20231208,10097366.82
588000.SH,20231207,10218866.82
588000.SH,20231206,10181516.82
588000.SH,20231205,10203116.82
588000.SH,20231204,10141016.82
588000.SH,20231201,10123466.82
588000.SH,20231130,10090166.82
588000.SH,20231129,10075766.82
588000.SH,20231128,10097366.82
588000.SH,20231127,10085666.82
588000.SH,20231124,10066316.82
588000.SH,20231123,10030766.82
588000.SH,20231122,10019066.82
588000.SH,20231121,9990266.82
588000.SH,20231120,9985316.82
588000.SH,20231117,10010516.82
588000.SH,20231116,10006916.82
588000.SH,20231115,10008716.82
588000.SH,20231114,10016816.82
588000.SH,20231113,10055966.82
588000.SH,20231110,10042916.82
588000.SH,20231109,10044266.82
588000.SH,20231108,10060016.82
588000.SH,20231107,10222016.82
588000.SH,20231106,10249916.82
588000.SH,20231103,10307966.82
588000.SH,20231102,10373666.82
588000.SH,20231101,10346666.82
588000.SH,20231031,10354316.82
588000.SH,20231030,10354316.82
588000.SH,20231027,10368266.82
588000.SH,20231026,10388066.82
588000.SH,20231025,10364216.82
588000.SH,20231024,10324616.82
588000.SH,20231023,10241366.82
588000.SH,20231020,10122566.82
588000.SH,20231019,10069466.82
588000.SH,20231018,10115816.82
588000.SH,20231017,10086116.82
588000.SH,20231016,10106816.82
588000.SH,20231013,10117166.82
588000.SH,20231012,10132466.82
588000.SH,20231011,10147766.82
588000.SH,20231010,10217966.82
588000.SH,20231009,10178366.82
588000.SH,20230930,10163966.8177
588000.SH,20230928,10163966.82
588000.SH,20230927,10173866.82
588000.SH,20230926,10195016.82
588000.SH,20230925,10271516.82
588000.SH,20230922,10237766.82
588000.SH,20230921,10132916.82
588000.SH,20230920,10047866.82
588000.SH,20230919,9977216.82
588000.SH,20230918,9952016.82
588000.SH,20230915,9904316.82
588000.SH,20230914,9885416.82
588000.SH,20230913,9871466.82
588000.SH,20230912,9907466.82
588000.SH,20230911,9929066.82
588000.SH,20230908,9944816.82
588000.SH,20230907,9970916.82
588000.SH,20230906,9974066.82
588000.SH,20230905,10008266.82
588000.SH,20230904,9961466.82
588000.SH,20230901,9816116.82
588000.SH,20230831,9765716.82
588000.SH,20230830,9694166.82
588000.SH,20230829,9559166.82
588000.SH,20230828,9414716.82
588000.SH,20230825,9200966.82
588000.SH,20230824,9080816.82
588000.SH,20230823,9015116.82
588000.SH,20230822,8891816.82
588000.SH,20230821,8747366.82
588000.SH,20230818,8605616.82
588000.SH,20230817,8419316.82
588000.SH,20230816,8311316.82
588000.SH,20230815,8211416.82
588000.SH,20230814,8122316.82
588000.SH,20230811,8063816.82
588000.SH,20230810,7944566.82
588000.SH,20230809,7920266.82
588000.SH,20230808,7893716.82
588000.SH,20230807,7822616.82
588000.SH,20230804,7749716.82
588000.SH,20230803,7676366.82
588000.SH,20230802,7655666.82
588000.SH,20230801,7613366.82
588000.SH,20230731,7554866.82
588000.SH,20230728,7393316.82
588000.SH,20230727,7310516.82
588000.SH,20230726,7212866.82
588000.SH,20230725,7185416.82
588000.SH,20230724,7140416.82
588000.SH,20230721,7069316.82
588000.SH,20230720,6958616.82
588000.SH,20230719,6894716.82
588000.SH,20230718,6848816.82
588000.SH,20230717,6795266.82
588000.SH,20230714,6726866.82
588000.SH,20230713,6734066.82
588000.SH,20230712,6774566.82
588000.SH,20230711,6685916.82
588000.SH,20230710,6683666.82
588000.SH,20230707,6660266.82
588000.SH,20230706,6567116.82
588000.SH,20230705,6537416.82
588000.SH,20230704,6463616.82
588000.SH,20230703,6476666.82
588000.SH,20230630,6395216.8177
588000.SH,20230629,6417266.82
588000.SH,20230628,6372266.82
588000.SH,20230627,6333566.82
588000.SH,20230626,6259316.82
588000.SH,20230621,6134666.82
588000.SH,20230620,6083366.82
588000.SH,20230619,6168866.82
588000.SH,20230616,6253466.82
588000.SH,20230615,6316466.82
588000.SH,20230614,6259766.82
588000.SH,20230613,6206666.82
588000.SH,20230612,6232316.82
588000.SH,20230609,6176066.82
588000.SH,20230608,6155366.82
588000.SH,20230607,6042416.82
588000.SH,20230606,5980316.82
588000.SH,20230605,5891216.82
588000.SH,20230602,5901566.82
588000.SH,20230601,5902466.82
588000.SH,20230531,5931266.82
588000.SH,20230530,5912816.82
588000.SH,20230529,5888516.82
588000.SH,20230526,5836316.82
588000.SH,20230525,5833616.82
588000.SH,20230524,5774666.82
588000.SH,20230523,5725166.82
588000.SH,20230522,5696816.82
588000.SH,20230519,5665316.82
588000.SH,20230518,5695016.82
588000.SH,20230517,5716616.82
588000.SH,20230516,5671616.82
588000.SH,20230515,5634716.82
588000.SH,20230512,5567666.82
588000.SH,20230511,5458316.82
588000.SH,20230510,5380016.82
588000.SH,20230509,5215766.82
588000.SH,20230508,5049716.82
588000.SH,20230505,5000216.82
588000.SH,20230504,4845416.82
588000.SH,20230428,4661366.82
588000.SH,20230427,4550666.82
588000.SH,20230426,4450316.82
588000.SH,20230425,4381016.82
588000.SH,20230424,4247366.82
588000.SH,20230421,4180766.82
588000.SH,20230420,4148816.82
588000.SH,20230419,4276616.82
588000.SH,20230418,4343216.82
588000.SH,20230417,4311266.82
588000.SH,20230414,4302266.82
588000.SH,20230413,4363016.82
588000.SH,20230412,4338266.82
588000.SH,20230411,4365716.82
588000.SH,20230410,4431866.82
588000.SH,20230407,4497566.82
588000.SH,20230406,4572716.82
588000.SH,20230404,4728416.82
588000.SH,20230403,4863866.82
588000.SH,20230331,4986716.8177
588000.SH,20230330,5040716.82
588000.SH,20230329,5094716.82
588000.SH,20230328,5177516.82
588000.SH,20230327,5187416.82
588000.SH,20230324,5225216.82
588000.SH,20230323,5243216.82
588000.SH,20230322,5404316.82
588000.SH,20230321,5411516.82
588000.SH,20230320,5399366.82
588000.SH,20230317,5439416.82
588000.SH,20230316,5519516.82
588000.SH,20230315,5457866.82
588000.SH,20230314,5443016.82
588000.SH,20230313,5447066.82
588000.SH,20230310,5427716.82
588000.SH,20230309,5420066.82
588000.SH,20230308,5440316.82
588000.SH,20230307,5452916.82
588000.SH,20230306,5418716.82
588000.SH,20230303,5412866.82
588000.SH,20230302,5427266.82
588000.SH,20230301,5407916.82
588000.SH,20230228,5419166.82
588000.SH,20230227,5398466.82
588000.SH,20230224,5379566.82
588000.SH,20230223,5381366.82
588000.SH,20230222,5382716.82
588000.SH,20230221,5380016.82
588000.SH,20230220,5366066.82
588000.SH,20230217,5376866.82
588000.SH,20230216,5332316.82
588000.SH,20230215,5310716.82
588000.SH,20230214,5323766.82
588000.SH,20230213,5314316.82
588000.SH,20230210,5294966.82
588000.SH,20230209,5245916.82
588000.SH,20230208,5278316.82
588000.SH,20230207,5279216.82
588000.SH,20230206,5254466.82
588000.SH,20230203,5241416.82
588000.SH,20230202,5228366.82
588000.SH,20230201,5214416.82
588000.SH,20230131,5165366.82
588000.SH,20230130,5169866.82
588000.SH,20230120,5176166.82
588000.SH,20230119,5159966.82
588000.SH,20230118,5156816.82
588000.SH,20230117,5163116.82
588000.SH,20230116,5121716.82
588000.SH,20230113,5055116.82
588000.SH,20230112,5001116.82
588000.SH,20230111,5012366.82
588000.SH,20230110,5008766.82
588000.SH,20230109,5015516.82
588000.SH,20230106,5010116.82
588000.SH,20230105,5116766.82
588000.SH,20230104,5136116.82
588000.SH,20230103,5057366.82
588000.SH,20221231,5078516.8177
588000.SH,20221230,5078516.82
588000.SH,20221229,5058716.82
588000.SH,20221228,5073116.82
588000.SH,20221227,5070866.82
588000.SH,20221226,5062766.82
588000.SH,20221223,5042516.82
588000.SH,20221222,4989416.82
588000.SH,20221221,4967816.82
588000.SH,20221220,4930016.82
588000.SH,20221219,4893566.82
588000.SH,20221216,4848566.82
588000.SH,20221215,4787816.82
588000.SH,20221214,4781516.82
588000.SH,20221213,4747316.82
588000.SH,20221212,4658666.82
588000.SH,20221209,4563716.82
588000.SH,20221208,4531766.82
588000.SH,20221207,4530866.82
588000.SH,20221206,4514216.82
588000.SH,20221205,4447616.82
588000.SH,20221202,4288766.82
588000.SH,20221201,4255016.82
588000.SH,20221130,4210916.82
588000.SH,20221129,4168616.82
588000.SH,20221128,4066016.82
588000.SH,20221125,4031366.82
588000.SH,20221124,3994916.82
588000.SH,20221123,3979616.82
588000.SH,20221122,3988166.82
588000.SH,20221121,3960266.82
588000.SH,20221118,3974216.82
588000.SH,20221117,3981416.82
588000.SH,20221116,3955766.82
588000.SH,20221115,3908966.82
588000.SH,20221114,3878816.82
588000.SH,20221111,3758666.82
588000.SH,20221110,3744716.82
588000.SH,20221109,3658316.82
588000.SH,20221108,3607466.82
588000.SH,20221107,3598916.82
588000.SH,20221104,3564266.82
588000.SH,20221103,3510266.82
588000.SH,20221102,3430616.82
588000.SH,20221101,3377966.82
588000.SH,20221031,3314966.82
588000.SH,20221028,3261416.82
588000.SH,20221027,3218216.82
588000.SH,20221026,3181316.82
588000.SH,20221025,3169166.82
588000.SH,20221024,3123266.82
588000.SH,20221021,3087716.82
588000.SH,20221020,3084116.82
588000.SH,20221019,3059816.82
588000.SH,20221018,3047216.82
588000.SH,20221017,3043166.82
588000.SH,20221014,3036416.82
588000.SH,20221013,3020216.82
588000.SH,20221012,3036416.82
588000.SH,20221011,3020216.82
588000.SH,20221010,3015716.82
588000.SH,20220930,2989616.8177
588000.SH,20220929,2932916.82
588000.SH,20220928,2930516.82
588000.SH,20220927,2909816.82
588000.SH,20220926,2893916.82
588000.SH,20220923,2899616.82
588000.SH,20220922,2867816.82
588000.SH,20220921,2860316.82
588000.SH,20220920,2834516.82
588000.SH,20220919,2839016.82
588000.SH,20220916,2809916.82
588000.SH,20220915,2843216.82
588000.SH,20220914,2788016.82
588000.SH,20220913,2791616.82
588000.SH,20220909,2779616.82
588000.SH,20220908,2743616.82
588000.SH,20220907,2739416.82
588000.SH,20220906,2763416.82
588000.SH,20220905,2755616.82
588000.SH,20220902,2746316.82
588000.SH,20220901,2739116.82
588000.SH,20220831,2749016.82
588000.SH,20220830,2728616.82
588000.SH,20220829,2727716.82
588000.SH,20220826,2733716.82
588000.SH,20220825,2716316.82
588000.SH,20220824,2676116.82
588000.SH,20220823,2662316.82
588000.SH,20220822,2667116.82
588000.SH,20220819,2666516.82
588000.SH,20220818,2635616.82
588000.SH,20220817,2640716.82
588000.SH,20220816,2633816.82
588000.SH,20220815,2635016.82
588000.SH,20220812,2624516.82
588000.SH,20220811,2589716.82
588000.SH,20220810,2577116.82
588000.SH,20220809,2587916.82
588000.SH,20220808,2598116.82
588000.SH,20220805,2545016.82
588000.SH,20220804,2455016.82
588000.SH,20220803,2434616.82
588000.SH,20220802,2408816.82
588000.SH,20220801,2392916.82
588000.SH,20220729,2398016.82
588000.SH,20220728,2382116.82
588000.SH,20220727,2393516.82
588000.SH,20220726,2406716.82
588000.SH,20220725,2408516.82
588000.SH,20220722,2384516.82
588000.SH,20220721,2377616.82
588000.SH,20220720,2387216.82
588000.SH,20220719,2409116.82
588000.SH,20220718,2380616.82
588000.SH,20220715,2346416.82
588000.SH,20220714,2365916.82
588000.SH,20220713,2407016.82
588000.SH,20220712,2408216.82
588000.SH,20220711,2376716.82
588000.SH,20220708,2359016.82
588000.SH,20220707,2354816.82
588000.SH,20220706,2371616.82
588000.SH,20220705,2413616.82
588000.SH,20220704,2422316.82
588000.SH,20220701,2457716.82
588000.SH,20220630,2445416.8177
588000.SH,20220629,2481116.82
588000.SH,20220628,2477816.82
588000.SH,20220627,2479616.82
588000.SH,20220624,2505116.82
588000.SH,20220623,2500316.82
588000.SH,20220622,2517116.82
588000.SH,20220621,2542016.82
588000.SH,20220620,2553416.82
588000.SH,20220617,2570816.82
588000.SH,20220616,2582516.82
588000.SH,20220615,2569016.82
588000.SH,20220614,2523716.82
588000.SH,20220613,2467916.82
588000.SH,20220610,2489216.82
588000.SH,20220609,2465216.82
588000.SH,20220608,2511416.82
588000.SH,20220607,2498516.82
588000.SH,20220606,2518616.82
588000.SH,20220602,2413016.82
588000.SH,20220601,2329016.82
588000.SH,20220531,2334716.82
588000.SH,20220530,2295416.82
588000.SH,20220527,2300216.82
588000.SH,20220526,2286116.82
588000.SH,20220525,2289416.82
588000.SH,20220524,2285516.82
588000.SH,20220523,2295416.82
588000.SH,20220520,2300216.82
588000.SH,20220519,2271416.82
588000.SH,20220518,2267516.82
588000.SH,20220517,2277716.82
588000.SH,20220516,2272616.82
588000.SH,20220513,2248916.82
588000.SH,20220512,2245016.82
588000.SH,20220511,2258516.82
588000.SH,20220510,2305916.82
588000.SH,20220509,2310416.82
588000.SH,20220506,2317016.82
588000.SH,20220505,2327216.82
588000.SH,20220429,2352116.82
588000.SH,20220428,2347316.82
588000.SH,20220427,2386016.82
588000.SH,20220426,2373416.82
588000.SH,20220425,2342816.82
588000.SH,20220422,2304716.82
588000.SH,20220421,2266616.82
588000.SH,20220420,2227316.82
588000.SH,20220419,2217116.82
588000.SH,20220418,2224916.82
588000.SH,20220415,2215016.82
588000.SH,20220414,2216816.82
588000.SH,20220413,2192516.82
588000.SH,20220412,2182916.82
588000.SH,20220411,2139716.82
588000.SH,20220408,2106116.82
588000.SH,20220407,2085116.82
588000.SH,20220406,2062616.82
588000.SH,20220401,1998716.82
588000.SH,20220331,1989716.8177
588000.SH,20220330,1975916.82
588000.SH,20220329,1984916.82
588000.SH,20220328,1973216.82
588000.SH,20220325,1946816.82
588000.SH,20220324,1931216.82
588000.SH,20220323,1931516.82
588000.SH,20220322,1933616.82
588000.SH,20220321,1918016.82
588000.SH,20220318,1942916.82
588000.SH,20220317,1932416.82
588000.SH,20220316,1971716.82
588000.SH,20220315,1957916.82
588000.SH,20220314,1941716.82
588000.SH,20220311,1930016.82
588000.SH,20220310,1927016.82
588000.SH,20220309,1947116.82
588000.SH,20220308,1915016.82
588000.SH,20220307,1849616.82
588000.SH,20220304,1820216.82
588000.SH,20220303,1806416.82
588000.SH,20220302,1778216.82
588000.SH,20220301,1769216.82
588000.SH,20220228,1771316.82
588000.SH,20220225,1772516.82
588000.SH,20220224,1784816.82
588000.SH,20220223,1766516.82
588000.SH,20220222,1806716.82
588000.SH,20220221,1797116.82
588000.SH,20220218,1788716.82
588000.SH,20220217,1779716.82
588000.SH,20220216,1807016.82
588000.SH,20220215,1819616.82
588000.SH,20220214,1859816.82
588000.SH,20220211,1852616.82
588000.SH,20220210,1837316.82
588000.SH,20220209,1786916.82
588000.SH,20220208,1757516.82
588000.SH,20220207,1707716.82
588000.SH,20220128,1694816.82
588000.SH,20220127,1667216.82
588000.SH,20220126,1645616.82
588000.SH,20220125,1633016.82
588000.SH,20220124,1607516.82
588000.SH,20220121,1609616.82
588000.SH,20220120,1581116.82
588000.SH,20220119,1558016.82
588000.SH,20220118,1549016.82
588000.SH,20220117,1557116.82
588000.SH,20220114,1582316.82
588000.SH,20220113,1587116.82
588000.SH,20220112,1575716.82
588000.SH,20220111,1586516.82
588000.SH,20220110,1555316.82
588000.SH,20220107,1549616.82
588000.SH,20220106,1520216.82
588000.SH,20220105,1491116.82
588000.SH,20220104,1440416.82
588000.SH,20260730,5390066.82
588000.SH,20260729,5047466.82
588000.SH,20260728,4817366.82
588000.SH,20260727,4609466.82
588000.SH,20260724,4556066.82
588000.SH,20260723,4614566.82
588000.SH,20260722,4436066.82
588000.SH,20260721,4551266.82
588000.SH,20260720,4505366.82
588000.SH,20260717,3742466.82
588000.SH,20260716,3464666.82
588000.SH,20260715,3385766.82
588000.SH,20260714,3317666.82
588000.SH,20260713,3268166.82
588000.SH,20260710,3173366.82
588000.SH,20260709,3124166.82
588000.SH,20260708,3080066.82
588000.SH,20260707,3091766.82
588000.SH,20260706,3114866.82
588000.SH,20260703,3119066.82
588000.SH,20260702,3113066.82
588000.SH,20260701,2996366.82
588000.SH,20260630,2983166.82
588000.SH,20260629,2980466.82
588000.SH,20260626,3088166.82
588000.SH,20260625,3104066.82
588000.SH,20260624,3120266.82
588000.SH,20260623,3166166.82
588000.SH,20260622,3160466.82
588000.SH,20260618,3123566.82
588000.SH,20260617,3207266.82
588000.SH,20260616,3309566.82
588000.SH,20260615,3287666.82
588000.SH,20260612,3322766.82
588000.SH,20260611,3305966.82
588000.SH,20260610,3297566.82
588000.SH,20260609,3350366.82
588000.SH,20260608,3441266.82
588000.SH,20260605,3346466.82
588000.SH,20260604,3297866.82
588000.SH,20260603,3331766.82
588000.SH,20260602,3439766.82
588000.SH,20260601,3452666.82
588000.SH,20260529,3387866.82
588000.SH,20260528,3303566.82
588000.SH,20260527,3370466.82
588000.SH,20260526,3360266.82
588000.SH,20260525,3323066.82
588000.SH,20260522,3449066.82
588000.SH,20260521,3489866.82
588000.SH,20260520,3514466.82
588000.SH,20260519,3588866.82
588000.SH,20260518,3629066.82
588000.SH,20260515,3725966.82
588000.SH,20260514,3783866.82
588000.SH,20260513,3820766.82
588000.SH,20260512,3847466.82
588000.SH,20260511,3899066.82
588000.SH,20260508,4002566.82
588000.SH,20260507,3984266.82
588000.SH,20260506,4025666.82
588000.SH,20260430,4192766.82
588000.SH,20260429,4485866.82
588000.SH,20260428,4467866.82
588000.SH,20260427,4478666.82
588000.SH,20260424,4575866.82
588000.SH,20260423,4642466.82
588000.SH,20260422,4674566.82
588000.SH,20260421,4744166.82
588000.SH,20260420,4713866.82
588000.SH,20260417,4782866.82
588000.SH,20260416,4803866.82
588000.SH,20260415,4801766.82
588000.SH,20260414,4886066.82
588000.SH,20260413,4957166.82
588000.SH,20260410,5068166.82
588000.SH,20260409,5083166.82
588000.SH,20260408,5096966.82
588000.SH,20260407,5118266.82
588000.SH,20260403,5179466.82
588000.SH,20260402,5156666.82
588000.SH,20260401,5059466.82
588000.SH,20260331,5178866.82
588000.SH,20260330,5144366.82
588000.SH,20260327,5140766.82
588000.SH,20260326,5140766.82
588000.SH,20260325,5101166.82
588000.SH,20260324,5201666.82
588000.SH,20260323,5179466.82
588000.SH,20260320,5086766.82
588000.SH,20260319,5030666.82
588000.SH,20260318,4927466.82
588000.SH,20260317,4959566.82
588000.SH,20260316,4955066.82
588000.SH,20260313,4938566.82
588000.SH,20260312,4925066.82
588000.SH,20260311,4884566.82
588000.SH,20260310,4873466.82
588000.SH,20260309,4937366.82
588000.SH,20260306,4899266.82
588000.SH,20260305,4899566.82
588000.SH,20260304,5006066.82
588000.SH,20260303,5024966.82
588000.SH,20260302,4884566.82
588000.SH,20260227,4908866.82
588000.SH,20260226,4942616.82
588000.SH,20260225,5007416.82
588000.SH,20260224,5040716.82
588000.SH,20260213,5046116.82
588000.SH,20260212,5090666.82
588000.SH,20260211,5145116.82
588000.SH,20260210,5134766.82
588000.SH,20260209,5186516.82
588000.SH,20260206,5238266.82
588000.SH,20260205,5211266.82
588000.SH,20260204,5179766.82
588000.SH,20260203,5119916.82
588000.SH,20260202,5070416.82
588000.SH,20260130,5039366.82
588000.SH,20260129,5070416.82
588000.SH,20260128,4992566.82
588000.SH,20260127,5028116.82
588000.SH,20260126,5077166.82
588000.SH,20260123,5096516.82
588000.SH,20260122,5052866.82
588000.SH,20260121,5061866.82
588000.SH,20260120,5221166.82
588000.SH,20260119,5309816.82
588000.SH,20260116,5311616.82
588000.SH,20260115,5307566.82
588000.SH,20260114,5294066.82
588000.SH,20260113,5378666.82
588000.SH,20260112,5338616.82
588000.SH,20260109,5349866.82
588000.SH,20260108,5329616.82
588000.SH,20260107,5351666.82
588000.SH,20260106,5419616.82
588000.SH,20260105,5316566.82
512100.SH,20211231,178789.2
512100.SH,20211230,178489.2
512100.SH,20211229,176689.2
512100.SH,20211228,178489.2
512100.SH,20211227,177289.2
512100.SH,20211224,176689.2
512100.SH,20211223,179989.2
512100.SH,20211222,181489.2
512100.SH,20211221,188089.2
512100.SH,20211220,188689.2
512100.SH,20211217,187789.2
512100.SH,20211216,191089.2
512100.SH,20211215,190189.2
512100.SH,20211214,191389.2
512100.SH,20211213,193189.2
512100.SH,20211210,193789.2
512100.SH,20211209,192589.2
512100.SH,20211208,191989.2
512100.SH,20211207,191089.2
512100.SH,20211206,187189.2
512100.SH,20211203,189589.2
512100.SH,20211202,190789.2
512100.SH,20211201,194689.2
512100.SH,20211130,186289.2
512100.SH,20211129,174889.2
512100.SH,20211126,171589.2
512100.SH,20211125,169489.2
512100.SH,20211124,169489.2
512100.SH,20211123,169189.2
512100.SH,20211122,165289.2
512100.SH,20211119,155089.2
512100.SH,20211118,151189.2
512100.SH,20211117,146689.2
512100.SH,20211116,139789.2
512100.SH,20211115,134989.2
512100.SH,20211112,128089.2
512100.SH,20211111,122989.2
512100.SH,20211110,121789.2
512100.SH,20211109,121189.2
512100.SH,20211108,122089.2
512100.SH,20211105,118789.2
512100.SH,20211104,119089.2
512100.SH,20211103,119389.2
512100.SH,20211102,119089.2
512100.SH,20211101,119089.2
512100.SH,20211029,120589.2
512100.SH,20211028,120289.2
512100.SH,20211027,118189.2
512100.SH,20211026,120589.2
512100.SH,20211025,120589.2
512100.SH,20211022,122089.2
512100.SH,20211021,130189.2
512100.SH,20211020,129589.2
512100.SH,20211019,131389.2
512100.SH,20211018,132889.2
512100.SH,20211015,133789.2
512100.SH,20211014,133489.2
512100.SH,20211013,133789.2
512100.SH,20211012,134689.2
512100.SH,20211011,134989.2
512100.SH,20211008,135589.2
512100.SH,20210930,134089.2
512100.SH,20210929,139189.2
512100.SH,20210928,139189.2
512100.SH,20210927,140389.2
512100.SH,20210924,144289.2
512100.SH,20210923,146989.2
512100.SH,20210922,146689.2
512100.SH,20210917,146389.2
512100.SH,20210916,156289.2
512100.SH,20210915,149389.2
512100.SH,20210914,147889.2
512100.SH,20210913,145489.2
512100.SH,20210910,133189.2
512100.SH,20210909,135589.2
512100.SH,20210908,137389.2
512100.SH,20210907,138289.2
512100.SH,20210906,131989.2
512100.SH,20210903,132589.2
512100.SH,20210902,135589.2
512100.SH,20210901,135289.2
512100.SH,20210831,137089.2
512100.SH,20210830,134389.2
512100.SH,20210827,131089.2
512100.SH,20210826,133489.2
512100.SH,20210825,135589.2
512100.SH,20210824,135889.2
512100.SH,20210823,133789.2
512100.SH,20210820,122689.2
512100.SH,20210819,122089.2
512100.SH,20210818,121789.2
512100.SH,20210817,122389.2
512100.SH,20210816,123589.2
512100.SH,20210813,121789.2
512100.SH,20210812,115189.2
512100.SH,20210811,110089.2
512100.SH,20210810,107689.2
512100.SH,20210809,106489.2
512100.SH,20210806,105289.2
512100.SH,20210805,104989.2
512100.SH,20210804,104989.2
512100.SH,20210803,106189.2
512100.SH,20210802,106789.2
512100.SH,20210730,106789.2
512100.SH,20210729,104689.2
512100.SH,20210728,105289.2
512100.SH,20210727,106789.2
512100.SH,20210726,106189.2
512100.SH,20210723,105589.2
512100.SH,20210722,103789.2
512100.SH,20210721,102889.2
512100.SH,20210720,99289.2
512100.SH,20210719,98989.2
512100.SH,20210716,99889.2
512100.SH,20210715,102289.2
512100.SH,20210714,104089.2
512100.SH,20210713,103489.2
512100.SH,20210712,100489.2
512100.SH,20210709,99289.2
512100.SH,20210708,97789.2
512100.SH,20210707,96889.2
512100.SH,20210706,95689.2
512100.SH,20210705,88489.2
512100.SH,20210702,89089.2
512100.SH,20210701,85789.2
512100.SH,20210630,87589.2
512100.SH,20210629,88489.2
512100.SH,20210628,88789.2
512100.SH,20210625,86689.2
512100.SH,20210624,84589.2
512100.SH,20210623,88489.2
512100.SH,20210622,90289.2
512100.SH,20210621,94189.2
512100.SH,20210618,86689.2
512100.SH,20210617,80689.2
512100.SH,20210616,81589.2
512100.SH,20210615,83089.2
512100.SH,20210611,79789.2
512100.SH,20210610,75589.2
512100.SH,20210609,69889.2
512100.SH,20210608,70189.2
512100.SH,20210607,68989.2
512100.SH,20210604,65989.2
512100.SH,20210603,65089.2
512100.SH,20210602,67789.2
512100.SH,20210601,71089.2
512100.SH,20210531,71089.2
512100.SH,20210528,71689.2
512100.SH,20210527,70489.2
512100.SH,20210526,67189.2
512100.SH,20210525,67189.2
512100.SH,20210524,66889.2
512100.SH,20210521,67489.2
512100.SH,20210520,67489.2
512100.SH,20210519,67789.2
512100.SH,20210518,69289.2
512100.SH,20210517,70489.2
512100.SH,20210514,70789.2
512100.SH,20210513,70489.2
512100.SH,20210512,69589.2
512100.SH,20210511,68989.2
512100.SH,20210510,72589.2
512100.SH,20210507,74089.2
512100.SH,20210506,73789.2
512100.SH,20210430,74089.2
512100.SH,20210429,75589.2
512100.SH,20210428,74689.2
512100.SH,20210427,74989.2
512100.SH,20210426,75889.2
512100.SH,20210423,75889.2
512100.SH,20210422,75889.2
512100.SH,20210421,77689.2
512100.SH,20210420,74989.2
512100.SH,20210419,74689.2
512100.SH,20210416,74389.2
512100.SH,20210415,73189.2
512100.SH,20210414,72889.2
512100.SH,20210413,74389.2
512100.SH,20210412,76789.2
512100.SH,20210409,75289.2
512100.SH,20210408,70789.2
512100.SH,20210407,73489.2
512100.SH,20210406,71089.2
512100.SH,20210402,75289.2
512100.SH,20210401,75889.2
512100.SH,20210331,74989.2
512100.SH,20210330,74089.2
512100.SH,20210329,74689.2
512100.SH,20210326,75289.2
512100.SH,20210325,72589.2
512100.SH,20210324,72589.2
512100.SH,20210323,72289.2
512100.SH,20210322,69589.2
512100.SH,20210319,68389.2
512100.SH,20210318,69889.2
512100.SH,20210317,73189.2
512100.SH,20210316,74689.2
512100.SH,20210315,74989.2
512100.SH,20210312,72589.2
512100.SH,20210311,73489.2
512100.SH,20210310,71989.2
512100.SH,20210309,73489.2
512100.SH,20210308,75289.2
512100.SH,20210305,76189.2
512100.SH,20210304,76189.2
512100.SH,20210303,74989.2
512100.SH,20210302,72289.2
512100.SH,20210301,68689.2
512100.SH,20210226,62689.2
512100.SH,20210225,59989.2
512100.SH,20210224,60289.2
512100.SH,20210223,56989.2
512100.SH,20210222,60889.2
512100.SH,20210219,50089.2
512100.SH,20210218,47089.2
512100.SH,20210210,44989.2
512100.SH,20210209,45589.2
512100.SH,20210208,44389.2
512100.SH,20210205,43189.2
512100.SH,20210204,42589.2
512100.SH,20210203,40189.2
512100.SH,20210202,40189.2
512100.SH,20210201,41089.2
512100.SH,20210129,41089.2
512100.SH,20210128,39889.2
512100.SH,20210127,37789.2
512100.SH,20210126,37489.2
512100.SH,20210125,36889.2
512100.SH,20210122,37189.2
512100.SH,20210121,38689.2
512100.SH,20210120,40189.2
512100.SH,20210119,39589.2
512100.SH,20210118,40189.2
512100.SH,20210115,39889.2
512100.SH,20210114,41389.2
512100.SH,20210113,41089.2
512100.SH,20210112,40789.2
512100.SH,20210111,40189.2
512100.SH,20210108,41089.2
512100.SH,20210107,38389.2
512100.SH,20210106,40189.2
512100.SH,20210105,41989.2
512100.SH,20210104,45589.2
512100.SH,20201231,57589.2
512100.SH,20201230,62689.2
512100.SH,20201229,62989.2
512100.SH,20201228,62389.2
512100.SH,20201225,61189.2
512100.SH,20201224,42589.2
512100.SH,20201223,40489.2
512100.SH,20201222,33889.2
512100.SH,20201221,26689.2
512100.SH,20201218,26089.2
512100.SH,20201217,26089.2
512100.SH,20201216,26089.2
512100.SH,20201215,26089.2
512100.SH,20201214,26089.2
512100.SH,20201211,25189.2
512100.SH,20201210,25189.2
512100.SH,20201209,24889.2
512100.SH,20201208,24889.2
512100.SH,20201207,25489.2
512100.SH,20201204,25489.2
512100.SH,20201203,25489.2
512100.SH,20201202,25789.2
512100.SH,20201201,26389.2
512100.SH,20201130,26689.2
512100.SH,20201127,26689.2
512100.SH,20201126,26689.2
512100.SH,20201125,26689.2
512100.SH,20201124,26689.2
512100.SH,20201123,26689.2
512100.SH,20201120,26689.2
512100.SH,20201119,26389.2
512100.SH,20201118,26389.2
512100.SH,20201117,26389.2
512100.SH,20201116,25189.2
512100.SH,20201113,25189.2
512100.SH,20201112,24889.2
512100.SH,20201111,24889.2
512100.SH,20201110,25189.2
512100.SH,20201109,25489.2
512100.SH,20201106,25189.2
512100.SH,20201105,25489.2
512100.SH,20201104,25489.2
512100.SH,20201103,25489.2
512100.SH,20201102,24889.2
512100.SH,20201030,24589.2
512100.SH,20201029,24289.2
512100.SH,20201028,23989.2
512100.SH,20201027,23089.2
512100.SH,20201026,23689.2
512100.SH,20201023,23689.2
512100.SH,20201022,23389.2
512100.SH,20201021,23089.2
512100.SH,20201020,21589.2
512100.SH,20201019,21289.2
512100.SH,20201016,21289.2
512100.SH,20201015,21589.2
512100.SH,20201014,21889.2
512100.SH,20201013,22189.2
512100.SH,20201012,26089.2
512100.SH,20201009,29389.2
512100.SH,20200930,41689.2
512100.SH,20200929,62689.2
512100.SH,20200928,66589.2
512100.SH,20200925,65989.2
512100.SH,20200924,61789.2
512100.SH,20200923,29089.2
512100.SH,20200922,25789.2
512100.SH,20200921,21889.2
512100.SH,20200918,21889.2
512100.SH,20200917,21889.2
512100.SH,20200916,21289.2
512100.SH,20200915,21289.2
512100.SH,20200914,20989.2
512100.SH,20200911,20989.2
512100.SH,20200910,20989.2
512100.SH,20200909,20989.2
512100.SH,20200908,20689.2
512100.SH,20200907,20689.2
512100.SH,20200904,20689.2
512100.SH,20200903,20689.2
512100.SH,20200902,20689.2
512100.SH,20200901,21289.2
512100.SH,20200831,21289.2
512100.SH,20200828,21889.2
512100.SH,20200827,22189.2
512100.SH,20200826,22189.2
512100.SH,20200825,22189.2
512100.SH,20200824,23389.2
512100.SH,20200821,27589.2
512100.SH,20200820,22189.2
512100.SH,20200819,22489.2
512100.SH,20200818,22489.2
512100.SH,20200817,22489.2
512100.SH,20200814,22189.2
512100.SH,20200813,22189.2
512100.SH,20200812,22489.2
512100.SH,20200811,22789.2
512100.SH,20200810,23389.2
512100.SH,20200807,23689.2
512100.SH,20200806,24589.2
512100.SH,20200805,25189.2
512100.SH,20200804,25189.2
512100.SH,20200803,23389.2
512100.SH,20200731,23389.2
512100.SH,20200730,23689.2
512100.SH,20200729,23689.2
512100.SH,20200728,23989.2
512100.SH,20200727,23989.2
512100.SH,20200724,23989.2
512100.SH,20200723,24289.2
512100.SH,20200722,24589.2
512100.SH,20200721,24889.2
512100.SH,20200720,24889.2
512100.SH,20200717,25189.2
512100.SH,20200716,24889.2
512100.SH,20200715,24889.2
512100.SH,20200714,24589.2
512100.SH,20200713,22789.2
512100.SH,20200710,23389.2
512100.SH,20200709,23689.2
512100.SH,20200708,23089.2
512100.SH,20200707,23089.2
512100.SH,20200706,22489.2
512100.SH,20200703,21589.2
512100.SH,20200702,21589.2
512100.SH,20200701,21589.2
512100.SH,20200630,21889.2
512100.SH,20200629,22489.2
512100.SH,20200624,22789.2
512100.SH,20200623,23089.2
512100.SH,20200622,23089.2
512100.SH,20200619,23089.2
512100.SH,20200618,23089.2
512100.SH,20200617,23389.2
512100.SH,20200616,23389.2
512100.SH,20200615,23389.2
512100.SH,20200612,24289.2
512100.SH,20200611,24289.2
512100.SH,20200610,24589.2
512100.SH,20200609,34189.2
512100.SH,20200608,40189.2
512100.SH,20200605,40189.2
512100.SH,20200604,27289.2
512100.SH,20200603,24289.2
512100.SH,20200602,24289.2
512100.SH,20200601,24289.2
512100.SH,20200529,24289.2
512100.SH,20200528,24289.2
512100.SH,20200527,24289.2
512100.SH,20200526,24289.2
512100.SH,20200525,24589.2
512100.SH,20200522,24589.2
512100.SH,20200521,24589.2
512100.SH,20200520,24889.2
512100.SH,20200519,24289.2
512100.SH,20200518,24589.2
512100.SH,20200515,24589.2
512100.SH,20200514,24589.2
512100.SH,20200513,24889.2
512100.SH,20200512,25189.2
512100.SH,20200511,25189.2
512100.SH,20200508,24889.2
512100.SH,20200507,24889.2
512100.SH,20200506,24889.2
512100.SH,20200430,25189.2
512100.SH,20200429,25189.2
512100.SH,20200428,25189.2
512100.SH,20200427,25189.2
512100.SH,20200424,25189.2
512100.SH,20200423,25489.2
512100.SH,20200422,25489.2
512100.SH,20200421,25789.2
512100.SH,20200420,26389.2
512100.SH,20200417,26989.2
512100.SH,20200416,27289.2
512100.SH,20200415,27289.2
512100.SH,20200414,27589.2
512100.SH,20200413,27889.2
512100.SH,20200410,27589.2
512100.SH,20200409,26689.2
512100.SH,20200408,26689.2
512100.SH,20200407,26689.2
512100.SH,20200403,27589.2
512100.SH,20200402,27589.2
512100.SH,20200401,27589.2
512100.SH,20200331,27889.2
512100.SH,20200330,28189.2
512100.SH,20200327,27589.2
512100.SH,20200326,27589.2
512100.SH,20200325,27589.2
512100.SH,20200324,28189.2
512100.SH,20200323,27889.2
512100.SH,20200320,27589.2
512100.SH,20200319,27589.2
512100.SH,20200318,26689.2
512100.SH,20200317,28789.2
512100.SH,20200316,26989.2
512100.SH,20200313,26989.2
512100.SH,20200312,26389.2
512100.SH,20200311,26689.2
512100.SH,20200310,26989.2
512100.SH,20200309,27589.2
512100.SH,20200306,27889.2
512100.SH,20200305,27589.2
512100.SH,20200304,27289.2
512100.SH,20200303,27889.2
512100.SH,20200302,27289.2
512100.SH,20200228,28189.2
512100.SH,20200227,29389.2
512100.SH,20200226,29989.2
512100.SH,20200225,30289.2
512100.SH,20200224,29389.2
512100.SH,20200221,26389.2
512100.SH,20200220,26689.2
512100.SH,20200219,26689.2
512100.SH,20200218,26689.2
512100.SH,20200217,25789.2
512100.SH,20200214,25189.2
512100.SH,20200213,24889.2
512100.SH,20200212,24889.2
512100.SH,20200211,24889.2
512100.SH,20200210,24889.2
512100.SH,20200207,24889.2
512100.SH,20200206,24889.2
512100.SH,20200205,24589.2
512100.SH,20200204,24289.2
512100.SH,20200203,23989.2
512100.SH,20200123,23989.2
512100.SH,20200122,25489.2
512100.SH,20200121,25489.2
512100.SH,20200120,26389.2
512100.SH,20200117,26389.2
512100.SH,20200116,27289.2
512100.SH,20200115,27558.88
512100.SH,20200114,26989.2
512100.SH,20200113,26989.2
512100.SH,20200110,26989.2
512100.SH,20200109,27289.2
512100.SH,20200108,27589.2
512100.SH,20200107,27889.2
512100.SH,20200106,28189.2
512100.SH,20200103,28189.2
512100.SH,20200102,28189.2
512100.SH,20191231,27889.2
512100.SH,20191230,27889.2
512100.SH,20191227,27589.2
512100.SH,20191226,27889.2
512100.SH,20191225,28789.2
512100.SH,20191224,30889.2
512100.SH,20191223,32689.2
512100.SH,20191220,33289.2
512100.SH,20191219,33289.2
512100.SH,20191218,33289.2
512100.SH,20191217,33589.2
512100.SH,20191216,33889.2
512100.SH,20191213,33889.2
512100.SH,20191212,33889.2
512100.SH,20191211,34789.2
512100.SH,20191210,35089.2
512100.SH,20191209,35089.2
512100.SH,20191206,35389.2
512100.SH,20191205,35389.2
512100.SH,20191204,35389.2
512100.SH,20191203,35389.2
512100.SH,20191202,35331.94
512100.SH,20191129,35089.2
512100.SH,20191128,33354.4
512100.SH,20191127,33289.2
512100.SH,20191126,32989.2
512100.SH,20191125,32989.2
512100.SH,20191122,32989.2
512100.SH,20191121,32899.29
512100.SH,20191120,32689.2
512100.SH,20191119,32689.2
512100.SH,20191118,32689.2
512100.SH,20191115,32989.2
512100.SH,20191114,32089.2
512100.SH,20191113,32389.2
512100.SH,20191112,32372.57
512100.SH,20191111,32049.86
512100.SH,20191108,30889.2
512100.SH,20191107,29989.2
512100.SH,20191106,29989.2
512100.SH,20191105,29989.2
512100.SH,20191104,29989.2
512100.SH,20191101,30589.2
512100.SH,20191031,30589.2
512100.SH,20191030,30476.17
512100.SH,20191029,29989.2
512100.SH,20191028,30544.7
512100.SH,20191025,30095.12
512100.SH,20191024,29689.2
512100.SH,20191023,29689.2
512100.SH,20191022,29989.2
512100.SH,20191021,30289.2
512100.SH,20191018,29989.2
512100.SH,20191017,30289.2
512100.SH,20191016,30289.2
512100.SH,20191015,30279.94
512100.SH,20191014,29689.2
512100.SH,20191011,29689.2
512100.SH,20191010,29689.2
512100.SH,20191009,29689.2
512100.SH,20191008,29340.4
512100.SH,20190930,29089.2
512100.SH,20190927,29665.64
512100.SH,20190926,29949.86
512100.SH,20190925,29089.2
512100.SH,20190924,29089.2
512100.SH,20190923,28789.2
512100.SH,20190920,28789.2
512100.SH,20190919,28789.2
512100.SH,20190918,29089.2
512100.SH,20190917,29089.2
512100.SH,20190916,29017.61
512100.SH,20190912,28778.71
512100.SH,20190911,28191.34
512100.SH,20190910,27589.2
512100.SH,20190909,27589.2
512100.SH,20190906,27589.2
512100.SH,20190905,27589.2
512100.SH,20190904,27289.2
512100.SH,20190903,27289.2
512100.SH,20190902,27589.2
512100.SH,20190830,27589.2
512100.SH,20190829,27889.2
512100.SH,20190828,27560.19
512100.SH,20190827,27876.41
512100.SH,20190826,28189.2
512100.SH,20190823,28189.2
512100.SH,20190822,28789.2
512100.SH,20190821,29989.2
512100.SH,20190820,29989.2
512100.SH,20190819,29989.2
512100.SH,20190816,30289.2
512100.SH,20190815,31789.2
512100.SH,20190814,31789.2
512100.SH,20190813,32089.2
512100.SH,20190812,32389.2
512100.SH,20190809,32989.2
512100.SH,20190808,35585.04
512100.SH,20190807,31789.2
512100.SH,20190806,31489.2
512100.SH,20190805,30289.2
512100.SH,20190802,29989.2
512100.SH,20190801,29689.2
512100.SH,20190731,29101.0
512100.SH,20190730,28789.2
512100.SH,20190729,28726.11
512100.SH,20190726,28789.2
512100.SH,20190725,29389.2
512100.SH,20190724,37489.2
512100.SH,20190723,46189.2
512100.SH,20190722,60209.14
512100.SH,20190719,38389.2
512100.SH,20190718,32409.2
512100.SH,20190717,32089.2
512100.SH,20190716,32089.2
512100.SH,20190715,31969.25
512100.SH,20190712,30957.44
512100.SH,20190711,29689.2
512100.SH,20190710,29689.2
512100.SH,20190709,29989.2
512100.SH,20190708,29982.63
512100.SH,20190705,29689.2
512100.SH,20190704,29689.2
512100.SH,20190703,29989.2
512100.SH,20190702,30889.2
512100.SH,20190701,31489.2
512100.SH,20190630,32089.2
512100.SH,20190628,31789.2
512100.SH,20190627,32089.2
512100.SH,20190626,32689.2
512100.SH,20190625,33289.2
512100.SH,20190624,34489.2
512100.SH,20190621,35389.2
512100.SH,20190620,29989.2
512100.SH,20190619,29689.2
512100.SH,20190618,29989.2
512100.SH,20190617,29689.2
512100.SH,20190614,29089.2
512100.SH,20190613,29089.2
512100.SH,20190612,29389.2
512100.SH,20190611,29689.2
512100.SH,20190610,28789.2
512100.SH,20190606,29389.2
512100.SH,20190605,28789.2
512100.SH,20190604,28789.2
512100.SH,20190603,27589.2
512100.SH,20190531,27589.2
512100.SH,20190530,27589.2
512100.SH,20190529,27589.2
512100.SH,20190528,27589.2
512100.SH,20190527,28189.2
512100.SH,20190524,27797.01
512100.SH,20190523,26989.2
512100.SH,20190522,27289.2
512100.SH,20190521,27889.2
512100.SH,20190520,26989.2
512100.SH,20190517,26989.2
512100.SH,20190516,26389.2
512100.SH,20190515,27589.2
512100.SH,20190514,27289.2
512100.SH,20190513,27289.2
512100.SH,20190510,27589.2
512100.SH,20190509,27889.2
512100.SH,20190508,27728.71
512100.SH,20190507,28489.2
512100.SH,20190506,29389.2
512100.SH,20190430,31489.2
512100.SH,20190429,32089.2
512100.SH,20190426,31489.2
512100.SH,20190425,31789.2
512100.SH,20190424,31189.2
512100.SH,20190423,31189.2
512100.SH,20190422,31693.81
512100.SH,20190419,31189.2
512100.SH,20190418,30889.2
512100.SH,20190417,30889.2
512100.SH,20190416,30855.76
512100.SH,20190415,30257.47
512100.SH,20190412,30289.2
512100.SH,20190411,29689.2
512100.SH,20190410,30289.2
512100.SH,20190409,31789.2
512100.SH,20190408,33289.2
512100.SH,20190404,33574.17
512100.SH,20190403,32389.2
512100.SH,20190402,32389.2
512100.SH,20190401,31789.2
512100.SH,20190331,30889.2
512100.SH,20190329,30794.27
512100.SH,20190328,30289.2
512100.SH,20190327,31189.2
512100.SH,20190326,29933.1
512100.SH,20190325,29989.2
512100.SH,20190322,30289.2
512100.SH,20190321,29941.74
512100.SH,20190320,30289.2
512100.SH,20190319,31189.2
512100.SH,20190318,32171.36
512100.SH,20190315,32389.2
512100.SH,20190314,32089.2
512100.SH,20190313,31763.74
512100.SH,20190312,32089.2
512100.SH,20190311,30889.2
512100.SH,20190308,31173.35
512100.SH,20190307,29089.2
512100.SH,20190306,26864.51
512100.SH,20190305,23689.2
512100.SH,20190304,23989.2
512100.SH,20190301,25489.2
512100.SH,20190228,26389.2
512100.SH,20190227,26389.2
512100.SH,20190226,26089.2
512100.SH,20190225,25489.2
512100.SH,20190222,25789.2
512100.SH,20190221,25489.2
512100.SH,20190220,25789.2
512100.SH,20190219,25989.2
512100.SH,20190218,25489.2
512100.SH,20190215,25189.2
512100.SH,20190214,25489.2
512100.SH,20190213,25189.2
512100.SH,20190212,24889.2
512100.SH,20190211,23947.8
512100.SH,20190201,23389.2
512100.SH,20190131,23389.2
512100.SH,20190130,23089.2
512100.SH,20190129,23089.2
512100.SH,20190128,23089.2
512100.SH,20190125,23089.2
512100.SH,20190124,23089.2
512100.SH,20190123,23089.2
512100.SH,20190122,23089.2
512100.SH,20190121,23089.2
512100.SH,20190118,22950.78
512100.SH,20190117,22789.2
512100.SH,20190116,22789.2
512100.SH,20190115,22789.2
512100.SH,20190114,22789.2
512100.SH,20190111,22789.2
512100.SH,20190110,22789.2
512100.SH,20190109,22789.2
512100.SH,20190108,22789.2
512100.SH,20190107,22789.2
512100.SH,20190104,22789.2
512100.SH,20190103,22789.2
512100.SH,20190102,22789.2
512100.SH,20181231,22789.2
512100.SH,20181228,22789.2
512100.SH,20181227,22789.2
512100.SH,20181226,22789.2
512100.SH,20181225,23050.49
512100.SH,20181224,22583.46
512100.SH,20181221,22489.2
512100.SH,20181220,22435.49
512100.SH,20181219,22189.2
512100.SH,20181218,22489.2
512100.SH,20181217,22765.08
512100.SH,20181214,22789.2
512100.SH,20181213,22789.2
512100.SH,20181212,22789.2
512100.SH,20181211,22789.2
512100.SH,20181210,23089.2
512100.SH,20181207,22646.46
512100.SH,20181206,22789.2
512100.SH,20181205,23089.2
512100.SH,20181204,23089.2
512100.SH,20181203,23389.2
512100.SH,20181130,23389.2
512100.SH,20181129,23689.2
512100.SH,20181128,23689.2
512100.SH,20181127,23389.2
512100.SH,20181126,23089.2
512100.SH,20181123,23989.2
512100.SH,20181122,24289.2
512100.SH,20181121,23389.2
512100.SH,20181120,23089.2
512100.SH,20181119,23389.2
512100.SH,20181116,23389.2
512100.SH,20181115,22789.2
512100.SH,20181114,22135.05
512100.SH,20181113,20389.2
512100.SH,20181112,18739.21
512100.SH,20181109,17089.2
512100.SH,20181108,17019.6
512100.SH,20181107,16789.2
512100.SH,20181106,16789.2
512100.SH,20181105,16789.2
512100.SH,20181102,16789.2
512100.SH,20181101,16789.2
512100.SH,20181031,16646.46
512100.SH,20181030,16489.2
512100.SH,20181029,16489.2
512100.SH,20181026,16489.2
512100.SH,20181025,16489.2
512100.SH,20181024,16489.2
512100.SH,20181023,16489.2
512100.SH,20181022,17089.2
512100.SH,20181019,16431.27
512100.SH,20181018,16189.2
512100.SH,20181017,16189.2
512100.SH,20181016,16189.2
512100.SH,20181015,16189.2
512100.SH,20181012,16057.61
512100.SH,20181011,15889.2
512100.SH,20181010,15289.2
512100.SH,20181009,15289.2
512100.SH,20181008,15289.2
512100.SH,20180930,15289.2
512100.SH,20180928,15289.2
512100.SH,20180927,15289.2
512100.SH,20180926,15589.2
512100.SH,20180925,15589.2
512100.SH,20180921,15589.2
512100.SH,20180920,15289.2
512100.SH,20180919,15289.2
512100.SH,20180918,15589.2
512100.SH,20180917,15426.19
512100.SH,20180914,15289.2
512100.SH,20180913,15289.2
512100.SH,20180912,15289.2
512100.SH,20180911,15289.2
512100.SH,20180910,15289.2
512100.SH,20180907,14997.44
512100.SH,20180906,14989.2
512100.SH,20180905,14989.2
512100.SH,20180904,14989.2
512100.SH,20180903,14989.2
512100.SH,20180831,14989.2
512100.SH,20180830,14989.2
512100.SH,20180829,14989.2
512100.SH,20180828,14989.2
512100.SH,20180827,15289.2
512100.SH,20180824,15043.57
512100.SH,20180823,14989.2
512100.SH,20180822,14989.2
512100.SH,20180821,14989.2
512100.SH,20180820,14989.2
512100.SH,20180817,14989.2
512100.SH,20180816,14989.2
512100.SH,20180815,14989.2
512100.SH,20180814,14989.2
512100.SH,20180813,14989.2
512100.SH,20180810,14989.2
512100.SH,20180809,14989.2
512100.SH,20180808,14989.2
512100.SH,20180807,14989.2
512100.SH,20180806,14989.2
512100.SH,20180803,14989.2
512100.SH,20180802,14843.01
512100.SH,20180801,14689.2
512100.SH,20180731,14689.2
512100.SH,20180730,14689.2
512100.SH,20180727,14689.2
512100.SH,20180726,14689.2
512100.SH,20180725,15000.0
512100.SH,20180724,14900.0
512100.SH,20180723,14700.0
512100.SH,20180720,14700.0
512100.SH,20180719,14700.0
512100.SH,20180718,14700.0
512100.SH,20180717,14700.0
512100.SH,20180716,14700.0
512100.SH,20180713,14700.0
512100.SH,20180712,14700.0
512100.SH,20180711,14700.0
512100.SH,20180710,14700.0
512100.SH,20180709,14700.0
512100.SH,20180706,14600.0
512100.SH,20180705,14400.0
512100.SH,20180704,14200.0
512100.SH,20180703,14100.0
512100.SH,20180702,14100.0
512100.SH,20180630,14989.2
512100.SH,20180629,15000.0
512100.SH,20180628,14900.0
512100.SH,20180627,14700.0
512100.SH,20180626,14700.0
512100.SH,20180625,14700.0
512100.SH,20180622,14700.0
512100.SH,20180621,14700.0
512100.SH,20180620,14700.0
512100.SH,20180619,14700.0
512100.SH,20180615,14400.0
512100.SH,20180614,13900.0
512100.SH,20180613,13800.0
512100.SH,20180612,13800.0
512100.SH,20180611,13800.0
512100.SH,20180608,13800.0
512100.SH,20180607,13800.0
512100.SH,20180606,13800.0
512100.SH,20180605,13800.0
512100.SH,20180604,13800.0
512100.SH,20180601,13600.0
512100.SH,20180531,12900.0
512100.SH,20180530,12900.0
512100.SH,20180529,12900.0
512100.SH,20180528,12900.0
512100.SH,20180525,12900.0
512100.SH,20180524,12900.0
512100.SH,20180523,12900.0
512100.SH,20180522,12900.0
512100.SH,20180521,12900.0
512100.SH,20180518,13200.0
512100.SH,20180517,13500.0
512100.SH,20180516,13500.0
512100.SH,20180515,13500.0
512100.SH,20180514,13300.0
512100.SH,20180511,13200.0
512100.SH,20180510,13100.0
512100.SH,20180509,12900.0
512100.SH,20180508,12900.0
512100.SH,20180507,12900.0
512100.SH,20180504,12900.0
512100.SH,20180503,12900.0
512100.SH,20180502,12900.0
512100.SH,20180427,12900.0
512100.SH,20180426,12900.0
512100.SH,20180425,12900.0
512100.SH,20180424,12900.0
512100.SH,20180423,12900.0
512100.SH,20180420,12900.0
512100.SH,20180419,12900.0
512100.SH,20180418,12900.0
512100.SH,20180417,12900.0
512100.SH,20180416,12900.0
512100.SH,20180413,12900.0
512100.SH,20180412,12900.0
512100.SH,20180411,12700.0
512100.SH,20180410,12600.0
512100.SH,20180409,12600.0
512100.SH,20180404,12900.0
512100.SH,20180403,12900.0
512100.SH,20180402,12900.0
512100.SH,20180331,12889.2
512100.SH,20180330,12900.0
512100.SH,20180329,12900.0
512100.SH,20180328,12900.0
512100.SH,20180327,12900.0
512100.SH,20180326,13100.0
512100.SH,20180323,12900.0
512100.SH,20180322,12600.0
512100.SH,20180321,12600.0
512100.SH,20180320,12600.0
512100.SH,20180319,12900.0
512100.SH,20180316,12900.0
512100.SH,20180315,12900.0
512100.SH,20180314,12900.0
512100.SH,20180313,12900.0
512100.SH,20180312,13200.0
512100.SH,20180309,13200.0
512100.SH,20180308,13200.0
512100.SH,20180307,13200.0
512100.SH,20180306,13200.0
512100.SH,20180305,13200.0
512100.SH,20180302,13200.0
512100.SH,20180301,13500.0
512100.SH,20180228,13500.0
512100.SH,20180227,13500.0
512100.SH,20180226,13200.0
512100.SH,20180223,13200.0
512100.SH,20180222,13200.0
512100.SH,20180214,13200.0
512100.SH,20180213,13200.0
512100.SH,20180212,13200.0
512100.SH,20180209,13200.0
512100.SH,20180208,13200.0
512100.SH,20180207,13100.0
512100.SH,20180206,12800.0
512100.SH,20180205,12600.0
512100.SH,20180202,12600.0
512100.SH,20180201,12600.0
512100.SH,20180131,12300.0
512100.SH,20180130,12000.0
512100.SH,20180129,12300.0
512100.SH,20180126,12300.0
512100.SH,20180125,12300.0
512100.SH,20180124,12300.0
512100.SH,20180123,12300.0
512100.SH,20180122,12200.0
512100.SH,20180119,12000.0
512100.SH,20180118,12300.0
512100.SH,20180117,12300.0
512100.SH,20180116,12300.0
512100.SH,20180115,12100.0
512100.SH,20180112,12000.0
512100.SH,20180111,12000.0
512100.SH,20180110,12000.0
512100.SH,20180109,12000.0
512100.SH,20180108,12000.0
512100.SH,20180105,12000.0
512100.SH,20180104,12300.0
512100.SH,20180103,12300.0
512100.SH,20180102,12300.0
512100.SH,20251231,2565121.76
512100.SH,20251230,2583521.76
512100.SH,20251229,2573921.76
512100.SH,20251226,2590721.76
512100.SH,20251225,2535921.76
512100.SH,20251224,2518521.76
512100.SH,20251223,2508521.76
512100.SH,20251222,2513721.76
512100.SH,20251219,2526121.76
512100.SH,20251218,2517521.76
512100.SH,20251217,2524521.76
512100.SH,20251216,2513521.76
512100.SH,20251215,2508321.76
512100.SH,20251212,2508921.76
512100.SH,20251211,2478121.76
512100.SH,20251210,2488121.76
512100.SH,20251209,2511321.76
512100.SH,20251208,2514721.76
512100.SH,20251205,2517921.76
512100.SH,20251204,2490721.76
512100.SH,20251203,2480521.76
512100.SH,20251202,2465521.76
512100.SH,20251201,2472721.76
512100.SH,20251128,2487721.76
512100.SH,20251127,2490521.76
512100.SH,20251126,2504121.76
512100.SH,20251125,2522321.76
512100.SH,20251124,2574521.76
512100.SH,20251121,2570321.76
512100.SH,20251120,2499521.76
512100.SH,20251119,2485521.76
512100.SH,20251118,2467521.76
512100.SH,20251117,2467721.76
512100.SH,20251114,2478721.76
512100.SH,20251113,2489321.76
512100.SH,20251112,2478721.76
512100.SH,20251111,2466521.76
512100.SH,20251110,2469921.76
512100.SH,20251107,2472321.76
512100.SH,20251106,2471521.76
512100.SH,20251105,2474521.76
512100.SH,20251104,2468721.76
512100.SH,20251103,2477321.76
512100.SH,20251031,2491121.76
512100.SH,20251030,2460521.76
512100.SH,20251029,2484721.76
512100.SH,20251028,2469121.76
512100.SH,20251027,2466521.76
512100.SH,20251024,2477921.76
512100.SH,20251023,2472721.76
512100.SH,20251022,2478721.76
512100.SH,20251021,2492921.76
512100.SH,20251020,2480921.76
512100.SH,20251017,2478121.76
512100.SH,20251016,2463321.76
512100.SH,20251015,2474521.76
512100.SH,20251014,2453921.76
512100.SH,20251013,2468321.76
512100.SH,20251010,2477921.76
512100.SH,20251009,2499721.76
512100.SH,20250930,2500921.76
512100.SH,20250929,2506321.76
512100.SH,20250926,2462321.76
512100.SH,20250925,2464921.76
512100.SH,20250924,2482921.76
512100.SH,20250923,2465721.76
512100.SH,20250922,2462321.76
512100.SH,20250919,2470721.76
512100.SH,20250918,2472321.76
512100.SH,20250917,2496921.76
512100.SH,20250916,2483521.76
512100.SH,20250915,2476721.76
512100.SH,20250912,2501521.76
512100.SH,20250911,2518121.76
512100.SH,20250910,2480321.76
512100.SH,20250909,2486321.76
512100.SH,20250908,2501721.76
512100.SH,20250905,2600321.76
512100.SH,20250904,2599121.76
512100.SH,20250903,2506521.76
512100.SH,20250902,2513321.76
512100.SH,20250901,2508921.76
512100.SH,20250829,2516121.76
512100.SH,20250828,2522121.76
512100.SH,20250827,2548521.76
512100.SH,20250826,2566321.76
512100.SH,20250825,2580321.76
512100.SH,20250822,2600721.76
512100.SH,20250821,2570721.76
512100.SH,20250820,2594921.76
512100.SH,20250819,2580121.76
512100.SH,20250818,2602721.76
512100.SH,20250815,2603321.76
512100.SH,20250814,2582121.76
512100.SH,20250813,2593321.76
512100.SH,20250812,2564721.76
512100.SH,20250811,2560921.76
512100.SH,20250808,2515721.76
512100.SH,20250807,2523121.76
512100.SH,20250806,2549721.76
512100.SH,20250805,2506121.76
512100.SH,20250804,2515321.76
512100.SH,20250801,2499721.76
512100.SH,20250731,2487921.76
512100.SH,20250730,2503921.76
512100.SH,20250729,2498721.76
512100.SH,20250728,2511521.76
512100.SH,20250725,2554121.76
512100.SH,20250724,2570321.76
512100.SH,20250723,2525921.76
512100.SH,20250722,2507921.76
512100.SH,20250721,2517321.76
512100.SH,20250718,2533521.76
512100.SH,20250717,2525521.76
512100.SH,20250716,2521521.76
512100.SH,20250715,2530121.76
512100.SH,20250714,2546921.76
512100.SH,20250711,2579721.76
512100.SH,20250710,2539121.76
512100.SH,20250709,2547921.76
512100.SH,20250708,2538321.76
512100.SH,20250707,2508121.76
512100.SH,20250704,2510721.76
512100.SH,20250703,2512921.76
512100.SH,20250702,2526121.76
512100.SH,20250701,2507921.76
512100.SH,20250630,2534321.7646
512100.SH,20250627,2570521.76
512100.SH,20250626,2595521.76
512100.SH,20250625,2583321.76
512100.SH,20250624,2565121.76
512100.SH,20250623,2546721.76
512100.SH,20250620,2570121.76
512100.SH,20250619,2532721.76
512100.SH,20250618,2521121.76
512100.SH,20250617,2528321.76
512100.SH,20250616,2538321.76
512100.SH,20250613,2526721.76
512100.SH,20250612,2536521.76
512100.SH,20250611,2540921.76
512100.SH,20250610,2542521.76
512100.SH,20250609,2554121.76
512100.SH,20250606,2536321.76
512100.SH,20250605,2543921.76
512100.SH,20250604,2555521.76
512100.SH,20250603,2566521.76
512100.SH,20250530,2574121.76
512100.SH,20250529,2627321.76
512100.SH,20250528,2576721.76
512100.SH,20250527,2593321.76
512100.SH,20250526,2592921.76
512100.SH,20250523,2587121.76
512100.SH,20250522,2577521.76
512100.SH,20250521,2580521.76
512100.SH,20250520,2589121.76
512100.SH,20250519,2599321.76
512100.SH,20250516,2611321.76
512100.SH,20250515,2626121.76
512100.SH,20250514,2631921.76
512100.SH,20250513,2628921.76
512100.SH,20250512,2663121.76
512100.SH,20250509,2652521.76
512100.SH,20250508,2656321.76
512100.SH,20250507,2653521.76
512100.SH,20250506,2635321.76
512100.SH,20250430,2626721.76
512100.SH,20250429,2653521.76
512100.SH,20250428,2645921.76
512100.SH,20250425,2664921.76
512100.SH,20250424,2653321.76
512100.SH,20250423,2667321.76
512100.SH,20250422,2635321.76
512100.SH,20250421,2652521.76
512100.SH,20250418,2641921.76
512100.SH,20250417,2656521.76
512100.SH,20250416,2633121.76
512100.SH,20250415,2582921.76
512100.SH,20250414,2566321.76
512100.SH,20250411,2603121.76
512100.SH,20250410,2611521.76
512100.SH,20250409,2640921.76
512100.SH,20250408,2638321.76
512100.SH,20250407,2131921.76
512100.SH,20250403,2032521.76
512100.SH,20250402,2025321.76
512100.SH,20250401,2019921.76
512100.SH,20250331,2064521.7646
512100.SH,20250328,2035921.76
512100.SH,20250327,2049721.76
512100.SH,20250326,2046521.76
512100.SH,20250325,2036521.76
512100.SH,20250324,2061521.76
512100.SH,20250321,2047321.76
512100.SH,20250320,2045121.76
512100.SH,20250319,2059921.76
512100.SH,20250318,2071921.76
512100.SH,20250317,2070921.76
512100.SH,20250314,2127921.76
512100.SH,20250313,2085721.76
512100.SH,20250312,2071521.76
512100.SH,20250311,2070321.76
512100.SH,20250310,2061121.76
512100.SH,20250307,2103521.76
512100.SH,20250306,2116121.76
512100.SH,20250305,2092721.76
512100.SH,20250304,2123721.76
512100.SH,20250303,2142321.76
512100.SH,20250228,2155521.76
512100.SH,20250227,2058121.76
512100.SH,20250226,2051521.76
512100.SH,20250225,2057321.76
512100.SH,20250224,2070721.76
512100.SH,20250221,2118721.76
512100.SH,20250220,2098321.76
512100.SH,20250219,2150521.76
512100.SH,20250218,2168521.76
512100.SH,20250217,2129921.76
512100.SH,20250214,2255921.76
512100.SH,20250213,2232921.76
512100.SH,20250212,2230721.76
512100.SH,20250211,2235321.76
512100.SH,20250210,2259921.76
512100.SH,20250207,2350921.76
512100.SH,20250206,2289521.76
512100.SH,20250205,2283321.76
512100.SH,20250127,2282921.76
512100.SH,20250124,2320721.76
512100.SH,20250123,2234321.76
512100.SH,20250122,2207321.76
512100.SH,20250121,2212121.76
512100.SH,20250120,2243721.76
512100.SH,20250117,2237121.76
512100.SH,20250116,2226321.76
512100.SH,20250115,2227521.76
512100.SH,20250114,2284721.76
512100.SH,20250113,2196721.76
512100.SH,20250110,2147721.76
512100.SH,20250109,2147321.76
512100.SH,20250108,2211721.76
512100.SH,20250107,2292921.76
512100.SH,20250106,2374521.76
512100.SH,20250103,2360921.76
512100.SH,20250102,2245121.76
512100.SH,20241231,2225321.7646
512100.SH,20241230,2267721.76
512100.SH,20241227,2275921.76
512100.SH,20241226,2263721.76
512100.SH,20241225,2277521.76
512100.SH,20241224,2219521.76
512100.SH,20241223,2207721.76
512100.SH,20241220,2171721.76
512100.SH,20241219,2177721.76
512100.SH,20241218,2186921.76
512100.SH,20241217,2204921.76
512100.SH,20241216,2154721.76
512100.SH,20241213,2177721.76
512100.SH,20241212,2278521.76
512100.SH,20241211,2302521.76
512100.SH,20241210,2333721.76
512100.SH,20241209,2197121.76
512100.SH,20241206,2254721.76
512100.SH,20241205,2207121.76
512100.SH,20241204,2165121.76
512100.SH,20241203,2233521.76
512100.SH,20241202,2265321.76
512100.SH,20241129,2280921.76
512100.SH,20241128,2181321.76
512100.SH,20241127,2229721.76
512100.SH,20241126,2141521.76
512100.SH,20241125,2154521.76
512100.SH,20241122,2157921.76
512100.SH,20241121,2185721.76
512100.SH,20241120,2202921.76
512100.SH,20241119,2308121.76
512100.SH,20241118,2318721.76
512100.SH,20241115,2319521.76
512100.SH,20241114,2270921.76
512100.SH,20241113,2240921.76
512100.SH,20241112,2259321.76
512100.SH,20241111,2291721.76
512100.SH,20241108,2416721.76
512100.SH,20241107,2465721.76
512100.SH,20241106,2471121.76
512100.SH,20241105,2522321.76
512100.SH,20241104,2380721.76
512100.SH,20241101,2383321.76
512100.SH,20241031,2407121.76
512100.SH,20241030,2431521.76
512100.SH,20241029,2476721.76
512100.SH,20241028,2614521.76
512100.SH,20241025,2647121.76
512100.SH,20241024,2565721.76
512100.SH,20241023,2594321.76
512100.SH,20241022,2591321.76
512100.SH,20241021,2704121.76
512100.SH,20241018,2801321.76
512100.SH,20241017,2539321.76
512100.SH,20241016,2643721.76
512100.SH,20241015,2637521.76
512100.SH,20241014,2833121.76
512100.SH,20241011,2929121.76
512100.SH,20241010,3057721.76
512100.SH,20241009,3121121.76
512100.SH,20241008,3145521.76
512100.SH,20240930,3020921.7646
512100.SH,20240927,2531121.76
512100.SH,20240926,2481121.76
512100.SH,20240925,2316921.76
512100.SH,20240924,2330321.76
512100.SH,20240923,2176921.76
512100.SH,20240920,2173521.76
512100.SH,20240919,2151921.76
512100.SH,20240918,2110121.76
512100.SH,20240913,2106721.76
512100.SH,20240912,2067921.76
512100.SH,20240911,2045921.76
512100.SH,20240910,2008721.76
512100.SH,20240909,2008521.76
512100.SH,20240906,2001721.76
512100.SH,20240905,2030321.76
512100.SH,20240904,2029521.76
512100.SH,20240903,2032321.76
512100.SH,20240902,2078321.76
512100.SH,20240830,2124921.76
512100.SH,20240829,2040521.76
512100.SH,20240828,2009521.76
512100.SH,20240827,1957721.76
512100.SH,20240826,1904521.76
512100.SH,20240823,1888121.76
512100.SH,20240822,1861921.76
512100.SH,20240821,1841121.76
512100.SH,20240820,1827521.76
512100.SH,20240819,1819521.76
512100.SH,20240816,1815321.76
512100.SH,20240815,1824921.76
512100.SH,20240814,1788721.76
512100.SH,20240813,1793521.76
512100.SH,20240812,1774521.76
512100.SH,20240809,1775721.76
512100.SH,20240808,1788721.76
512100.SH,20240807,1776121.76
512100.SH,20240806,1811121.76
512100.SH,20240805,1819321.76
512100.SH,20240802,1831721.76
512100.SH,20240801,1836921.76
512100.SH,20240731,1816721.76
512100.SH,20240730,1687521.76
512100.SH,20240729,1689921.76
512100.SH,20240726,1695321.76
512100.SH,20240725,1686321.76
512100.SH,20240724,1664121.76
512100.SH,20240723,1646721.76
512100.SH,20240722,1655321.76
512100.SH,20240719,1650521.76
512100.SH,20240718,1618721.76
512100.SH,20240717,1506921.76
512100.SH,20240716,1377121.76
512100.SH,20240715,1344921.76
512100.SH,20240712,1301921.76
512100.SH,20240711,1300921.76
512100.SH,20240710,1285321.76
512100.SH,20240709,1285921.76
512100.SH,20240708,1213321.76
512100.SH,20240705,1223321.76
512100.SH,20240704,1195721.76
512100.SH,20240703,1182921.76
512100.SH,20240702,1178121.76
512100.SH,20240701,1198121.76
512100.SH,20240630,1215721.7646
512100.SH,20240628,1215721.76
512100.SH,20240627,1188921.76
512100.SH,20240626,1200321.76
512100.SH,20240625,1181121.76
512100.SH,20240624,1168321.76
512100.SH,20240621,1163521.76
512100.SH,20240620,1165121.76
512100.SH,20240619,1182721.76
512100.SH,20240618,1208721.76
512100.SH,20240617,1161921.76
512100.SH,20240614,1146921.76
512100.SH,20240613,1127721.76
512100.SH,20240612,1131921.76
512100.SH,20240611,1150321.76
512100.SH,20240607,1143321.76
512100.SH,20240606,1138921.76
512100.SH,20240605,1129321.76
512100.SH,20240604,1131321.76
512100.SH,20240603,1121321.76
512100.SH,20240531,1131721.76
512100.SH,20240530,1120921.76
512100.SH,20240529,1118521.76
512100.SH,20240528,1113521.76
512100.SH,20240527,1121521.76
512100.SH,20240524,1122321.76
512100.SH,20240523,1116721.76
512100.SH,20240522,1125921.76
512100.SH,20240521,1134321.76
512100.SH,20240520,1183721.76
512100.SH,20240517,1185321.76
512100.SH,20240516,1155121.76
512100.SH,20240515,1149321.76
512100.SH,20240514,1152321.76
512100.SH,20240513,1161721.76
512100.SH,20240510,1182521.76
512100.SH,20240509,1237521.76
512100.SH,20240508,1231321.76
512100.SH,20240507,1264121.76
512100.SH,20240506,1292521.76
512100.SH,20240430,1272521.76
512100.SH,20240429,1277121.76
512100.SH,20240426,1210121.76
512100.SH,20240425,1151121.76
512100.SH,20240424,1140721.76
512100.SH,20240423,1109121.76
512100.SH,20240422,1117121.76
512100.SH,20240419,1116121.76
512100.SH,20240418,1150921.76
512100.SH,20240417,1139721.76
512100.SH,20240416,1135121.76
512100.SH,20240415,1117921.76
512100.SH,20240412,1120521.76
512100.SH,20240411,1125721.76
512100.SH,20240410,1112921.76
512100.SH,20240409,1121321.76
512100.SH,20240408,1124121.76
512100.SH,20240403,1142521.76
512100.SH,20240402,1178721.76
512100.SH,20240401,1212921.76
512100.SH,20240331,1177521.7646
512100.SH,20240329,1177521.76
512100.SH,20240328,1179921.76
512100.SH,20240327,1165721.76
512100.SH,20240326,1184921.76
512100.SH,20240325,1190521.76
512100.SH,20240322,1218921.76
512100.SH,20240321,1238921.76
512100.SH,20240320,1250521.76
512100.SH,20240319,1254321.76
512100.SH,20240318,1262721.76
512100.SH,20240315,1230121.76
512100.SH,20240314,1214121.76
512100.SH,20240313,1226521.76
512100.SH,20240312,1227321.76
512100.SH,20240311,1221121.76
512100.SH,20240308,1224921.76
512100.SH,20240307,1217921.76
512100.SH,20240306,1221521.76
512100.SH,20240305,1202121.76
512100.SH,20240304,1067521.76
512100.SH,20240301,1099721.76
512100.SH,20240229,1112321.76
512100.SH,20240228,1103721.76
512100.SH,20240227,1119921.76
512100.SH,20240226,1104521.76
512100.SH,20240223,1120121.76
512100.SH,20240222,1130121.76
512100.SH,20240221,1141721.76
512100.SH,20240220,1130921.76
512100.SH,20240219,1159521.76
512100.SH,20240208,1150421.76
512100.SH,20240207,1082621.76
512100.SH,20240206,1000421.76
512100.SH,20240205,769221.76
512100.SH,20240202,330421.76
512100.SH,20240201,323521.76
512100.SH,20240131,299821.76
512100.SH,20240130,285021.76
512100.SH,20240129,290421.76
512100.SH,20240126,295621.76
512100.SH,20240125,308621.76
512100.SH,20240124,295421.76
512100.SH,20240123,299321.76
512100.SH,20240122,292621.76
512100.SH,20240119,287321.76
512100.SH,20240118,310821.76
512100.SH,20240117,310921.76
512100.SH,20240116,313621.76
512100.SH,20240115,316321.76
512100.SH,20240112,321721.76
512100.SH,20240111,326721.76
512100.SH,20240110,318121.76
512100.SH,20240109,318521.76
512100.SH,20240108,323421.76
512100.SH,20240105,328321.76
512100.SH,20240104,334321.76
512100.SH,20240103,349621.76
512100.SH,20240102,366421.76
512100.SH,20231231,386721.7646
512100.SH,20231229,386721.76
512100.SH,20231228,373021.76
512100.SH,20231227,351521.76
512100.SH,20231226,338321.76
512100.SH,20231225,325821.76
512100.SH,20231222,323621.76
512100.SH,20231221,322521.76
512100.SH,20231220,323921.76
512100.SH,20231219,325621.76
512100.SH,20231218,321121.76
512100.SH,20231215,319621.76
512100.SH,20231214,329521.76
512100.SH,20231213,323621.76
512100.SH,20231212,328221.76
512100.SH,20231211,336221.76
512100.SH,20231208,327621.76
512100.SH,20231207,319721.76
512100.SH,20231206,313721.76
512100.SH,20231205,312221.76
512100.SH,20231204,310021.76
512100.SH,20231201,314021.76
512100.SH,20231130,312721.76
512100.SH,20231129,319821.76
512100.SH,20231128,326221.76
512100.SH,20231127,326521.76
512100.SH,20231124,329621.76
512100.SH,20231123,342221.76
512100.SH,20231122,339121.76
512100.SH,20231121,335321.76
512100.SH,20231120,336621.76
512100.SH,20231117,338221.76
512100.SH,20231116,344721.76
512100.SH,20231115,347321.76
512100.SH,20231114,348521.76
512100.SH,20231113,350721.76
512100.SH,20231110,356521.76
512100.SH,20231109,364321.76
512100.SH,20231108,372221.76
512100.SH,20231107,377421.76
512100.SH,20231106,393521.76
512100.SH,20231103,392721.76
512100.SH,20231102,369121.76
512100.SH,20231101,361021.76
512100.SH,20231031,364921.76
512100.SH,20231030,368521.76
512100.SH,20231027,372021.76
512100.SH,20231026,367721.76
512100.SH,20231025,374921.76
512100.SH,20231024,391521.76
512100.SH,20231023,401721.76
512100.SH,20231020,410321.76
512100.SH,20231019,412521.76
512100.SH,20231018,416021.76
512100.SH,20231017,418821.76
512100.SH,20231016,420821.76
512100.SH,20231013,436021.76
512100.SH,20231012,439421.76
512100.SH,20231011,451821.76
512100.SH,20231010,477021.76
512100.SH,20231009,484221.76
512100.SH,20230930,495021.7646
512100.SH,20230928,495021.76
512100.SH,20230927,497221.76
512100.SH,20230926,484921.76
512100.SH,20230925,482621.76
512100.SH,20230922,492321.76
512100.SH,20230921,478321.76
512100.SH,20230920,476921.76
512100.SH,20230919,466421.76
512100.SH,20230918,464621.76
512100.SH,20230915,456721.76
512100.SH,20230914,459021.76
512100.SH,20230913,457121.76
512100.SH,20230912,463221.76
512100.SH,20230911,464321.76
512100.SH,20230908,467921.76
512100.SH,20230907,474021.76
512100.SH,20230906,486621.76
512100.SH,20230905,494621.76
512100.SH,20230904,518521.76
512100.SH,20230901,514521.76
512100.SH,20230831,514221.76
512100.SH,20230830,516121.76
512100.SH,20230829,517021.76
512100.SH,20230828,449121.76
512100.SH,20230825,448821.76
512100.SH,20230824,438421.76
512100.SH,20230823,441821.76
512100.SH,20230822,454121.76
512100.SH,20230821,465021.76
512100.SH,20230818,470521.76
512100.SH,20230817,471921.76
512100.SH,20230816,464321.76
512100.SH,20230815,460121.76
512100.SH,20230814,458421.76
512100.SH,20230811,458121.76
512100.SH,20230810,459421.76
512100.SH,20230809,459021.76
512100.SH,20230808,451921.76
512100.SH,20230807,448121.76
512100.SH,20230804,443121.76
512100.SH,20230803,440721.76
512100.SH,20230802,465421.76
512100.SH,20230801,473821.76
512100.SH,20230731,473721.76
512100.SH,20230728,466821.76
512100.SH,20230727,445321.76
512100.SH,20230726,440021.76
512100.SH,20230725,434721.76
512100.SH,20230724,417821.76
512100.SH,20230721,412021.76
512100.SH,20230720,396921.76
512100.SH,20230719,365621.76
512100.SH,20230718,365121.76
512100.SH,20230717,362721.76
512100.SH,20230714,369721.76
512100.SH,20230713,369721.76
512100.SH,20230712,351921.76
512100.SH,20230711,346621.76
512100.SH,20230710,343721.76
512100.SH,20230707,340821.76
512100.SH,20230706,344021.76
512100.SH,20230705,354821.76
512100.SH,20230704,359621.76
512100.SH,20230703,372321.76
512100.SH,20230630,369921.7646
512100.SH,20230629,362821.76
512100.SH,20230628,381221.76
512100.SH,20230627,366621.76
512100.SH,20230626,374821.76
512100.SH,20230621,322221.76
512100.SH,20230620,325221.76
512100.SH,20230619,342421.76
512100.SH,20230616,359321.76
512100.SH,20230615,361721.76
512100.SH,20230614,362221.76
512100.SH,20230613,364121.76
512100.SH,20230612,363621.76
512100.SH,20230609,369221.76
512100.SH,20230608,368621.76
512100.SH,20230607,369121.76
512100.SH,20230606,369921.76
512100.SH,20230605,373621.76
512100.SH,20230602,379721.76
512100.SH,20230601,380021.76
512100.SH,20230531,374921.76
512100.SH,20230530,379621.76
512100.SH,20230529,365021.76
512100.SH,20230526,366421.76
512100.SH,20230525,366121.76
512100.SH,20230524,365321.76
512100.SH,20230523,354221.76
512100.SH,20230522,356721.76
512100.SH,20230519,363121.76
512100.SH,20230518,363721.76
512100.SH,20230517,376321.76
512100.SH,20230516,369821.76
512100.SH,20230515,374821.76
512100.SH,20230512,375521.76
512100.SH,20230511,379521.76
512100.SH,20230510,384221.76
512100.SH,20230509,382221.76
512100.SH,20230508,387021.76
512100.SH,20230505,400721.76
512100.SH,20230504,407021.76
512100.SH,20230428,410821.76
512100.SH,20230427,404021.76
512100.SH,20230426,378021.76
512100.SH,20230425,368821.76
512100.SH,20230424,334121.76
512100.SH,20230421,317221.76
512100.SH,20230420,315421.76
512100.SH,20230419,318221.76
512100.SH,20230418,322421.76
512100.SH,20230417,326821.76
512100.SH,20230414,325721.76
512100.SH,20230413,325421.76
512100.SH,20230412,324421.76
512100.SH,20230411,332921.76
512100.SH,20230410,327221.76
512100.SH,20230407,326321.76
512100.SH,20230406,326421.76
512100.SH,20230404,340021.76
512100.SH,20230403,343221.76
512100.SH,20230331,360621.7646
512100.SH,20230330,358321.76
512100.SH,20230329,347721.76
512100.SH,20230328,340021.76
512100.SH,20230327,346221.76
512100.SH,20230324,352521.76
512100.SH,20230323,360221.76
512100.SH,20230322,370121.76
512100.SH,20230321,372021.76
512100.SH,20230320,362521.76
512100.SH,20230317,352721.76
512100.SH,20230316,346721.76
512100.SH,20230315,342021.76
512100.SH,20230314,344721.76
512100.SH,20230313,352121.76
512100.SH,20230310,349621.76
512100.SH,20230309,332521.76
512100.SH,20230308,344621.76
512100.SH,20230307,340921.76
512100.SH,20230306,330121.76
512100.SH,20230303,343121.76
512100.SH,20230302,361921.76
512100.SH,20230301,366821.76
512100.SH,20230228,366821.76
512100.SH,20230227,356321.76
512100.SH,20230224,382721.76
512100.SH,20230223,390321.76
512100.SH,20230222,403621.76
512100.SH,20230221,406321.76
512100.SH,20230220,422621.76
512100.SH,20230217,465421.76
512100.SH,20230216,483521.76
512100.SH,20230215,498521.76
512100.SH,20230214,508821.76
512100.SH,20230213,521321.76
512100.SH,20230210,533321.76
512100.SH,20230209,546221.76
512100.SH,20230208,488821.76
512100.SH,20230207,512821.76
512100.SH,20230206,565621.76
512100.SH,20230203,579221.76
512100.SH,20230202,581621.76
512100.SH,20230201,578221.76
512100.SH,20230131,588921.76
512100.SH,20230130,573421.76
512100.SH,20230120,541121.76
512100.SH,20230119,475021.76
512100.SH,20230118,453321.76
512100.SH,20230117,447221.76
512100.SH,20230116,437021.76
512100.SH,20230113,383221.76
512100.SH,20230112,382821.76
512100.SH,20230111,378121.76
512100.SH,20230110,380521.76
512100.SH,20230109,383821.76
512100.SH,20230106,391321.76
512100.SH,20230105,396021.76
512100.SH,20230104,392621.76
512100.SH,20230103,405621.76
512100.SH,20221231,422621.7646
512100.SH,20221230,422621.76
512100.SH,20221229,426321.76
512100.SH,20221228,424221.76
512100.SH,20221227,417621.76
512100.SH,20221226,419221.76
512100.SH,20221223,403221.76
512100.SH,20221222,383121.76
512100.SH,20221221,382021.76
512100.SH,20221220,392521.76
512100.SH,20221219,376021.76
512100.SH,20221216,362721.76
512100.SH,20221215,374221.76
512100.SH,20221214,374421.76
512100.SH,20221213,378121.76
512100.SH,20221212,378321.76
512100.SH,20221209,379921.76
512100.SH,20221208,380721.76
512100.SH,20221207,400921.76
512100.SH,20221206,412521.76
512100.SH,20221205,426721.76
512100.SH,20221202,437421.76
512100.SH,20221201,431221.76
512100.SH,20221130,418621.76
512100.SH,20221129,429321.76
512100.SH,20221128,406921.76
512100.SH,20221125,392021.76
512100.SH,20221124,391321.76
512100.SH,20221123,402321.76
512100.SH,20221122,402421.76
512100.SH,20221121,456821.76
512100.SH,20221118,454621.76
512100.SH,20221117,467921.76
512100.SH,20221116,472821.76
512100.SH,20221115,487121.76
512100.SH,20221114,488921.76
512100.SH,20221111,521921.76
512100.SH,20221110,484521.76
512100.SH,20221109,500721.76
512100.SH,20221108,507721.76
512100.SH,20221107,510821.76
512100.SH,20221104,507321.76
512100.SH,20221103,493021.76
512100.SH,20221102,491421.76
512100.SH,20221101,490421.76
512100.SH,20221031,472321.76
512100.SH,20221028,473121.76
512100.SH,20221027,474921.76
512100.SH,20221026,452321.76
512100.SH,20221025,389921.76
512100.SH,20221024,368021.76
512100.SH,20221021,356821.76
512100.SH,20221020,363021.76
512100.SH,20221019,395921.76
512100.SH,20221018,397421.76
512100.SH,20221017,403621.76
512100.SH,20221014,402921.76
512100.SH,20221013,392421.76
512100.SH,20221012,412121.76
512100.SH,20221011,426021.76
512100.SH,20221010,424621.76
512100.SH,20220930,420621.7646
512100.SH,20220929,417021.76
512100.SH,20220928,402921.76
512100.SH,20220927,399221.76
512100.SH,20220926,363521.76
512100.SH,20220923,342621.76
512100.SH,20220922,332621.76
512100.SH,20220921,325221.76
512100.SH,20220920,298621.76
512100.SH,20220919,308821.76
512100.SH,20220916,325121.76
512100.SH,20220915,346321.76
512100.SH,20220914,372721.76
512100.SH,20220913,372821.76
512100.SH,20220909,377221.76
512100.SH,20220908,360221.76
512100.SH,20220907,351521.76
512100.SH,20220906,358521.76
512100.SH,20220905,362821.76
512100.SH,20220902,373121.7646
512100.SH,20220901,1020709.2
512100.SH,20220831,1080629.2
512100.SH,20220830,1006709.2
512100.SH,20220829,957989.2
512100.SH,20220826,926349.2
512100.SH,20220825,941189.2
512100.SH,20220824,940349.2
512100.SH,20220823,1015389.2
512100.SH,20220822,1066069.2
512100.SH,20220819,1047589.2
512100.SH,20220818,1057109.2
512100.SH,20220817,1051229.2
512100.SH,20220816,1023509.2
512100.SH,20220815,1035549.2
512100.SH,20220812,1014269.2
512100.SH,20220811,1022669.2
512100.SH,20220810,974229.2
512100.SH,20220809,1009789.2
512100.SH,20220808,1011469.2
512100.SH,20220805,993549.2
512100.SH,20220804,970589.2
512100.SH,20220803,1136069.2
512100.SH,20220802,1165189.2
512100.SH,20220801,1100389.2
512100.SH,20220729,1113889.2
512100.SH,20220728,997189.2
512100.SH,20220727,866689.2
512100.SH,20220726,749089.2
512100.SH,20220725,616789.2
512100.SH,20220722,580789.2
512100.SH,20220721,415189.2
512100.SH,20220720,356389.2
512100.SH,20220719,302689.2
512100.SH,20220718,273289.2
512100.SH,20220715,245989.2
512100.SH,20220714,241189.2
512100.SH,20220713,239989.2
512100.SH,20220712,242689.2
512100.SH,20220711,245389.2
512100.SH,20220708,255589.2
512100.SH,20220707,262189.2
512100.SH,20220706,265789.2
512100.SH,20220705,260089.2
512100.SH,20220704,260689.2
512100.SH,20220701,260389.2
512100.SH,20220630,258289.2
512100.SH,20220629,257689.2
512100.SH,20220628,258589.2
512100.SH,20220627,231289.2
512100.SH,20220624,229189.2
512100.SH,20220623,231289.2
512100.SH,20220622,225289.2
512100.SH,20220621,231889.2
512100.SH,20220620,231889.2
512100.SH,20220617,236089.2
512100.SH,20220616,242689.2
512100.SH,20220615,241789.2
512100.SH,20220614,239389.2
512100.SH,20220613,240289.2
512100.SH,20220610,237889.2
512100.SH,20220609,236689.2
512100.SH,20220608,239689.2
512100.SH,20220607,236389.2
512100.SH,20220606,241489.2
512100.SH,20220602,243289.2
512100.SH,20220601,244489.2
512100.SH,20220531,243289.2
512100.SH,20220530,233089.2
512100.SH,20220527,234589.2
512100.SH,20220526,238489.2
512100.SH,20220525,232789.2
512100.SH,20220524,231589.2
512100.SH,20220523,227689.2
512100.SH,20220520,226189.2
512100.SH,20220519,227389.2
512100.SH,20220518,227689.2
512100.SH,20220517,226189.2
512100.SH,20220516,226489.2
512100.SH,20220513,228589.2
512100.SH,20220512,238789.2
512100.SH,20220511,235489.2
512100.SH,20220510,236689.2
512100.SH,20220509,235489.2
512100.SH,20220506,239389.2
512100.SH,20220505,239989.2
512100.SH,20220429,238489.2
512100.SH,20220428,239089.2
512100.SH,20220427,245989.2
512100.SH,20220426,246289.2
512100.SH,20220425,223489.2
512100.SH,20220422,215389.2
512100.SH,20220421,206389.2
512100.SH,20220420,203089.2
512100.SH,20220419,206089.2
512100.SH,20220418,203989.2
512100.SH,20220415,205789.2
512100.SH,20220414,218089.2
512100.SH,20220413,209089.2
512100.SH,20220412,201289.2
512100.SH,20220411,199189.2
512100.SH,20220408,200089.2
512100.SH,20220407,201589.2
512100.SH,20220406,203089.2
512100.SH,20220401,205489.2
512100.SH,20220331,205489.2
512100.SH,20220330,200989.2
512100.SH,20220329,181489.2
512100.SH,20220328,183589.2
512100.SH,20220325,178189.2
512100.SH,20220324,181789.2
512100.SH,20220323,180589.2
512100.SH,20220322,181489.2
512100.SH,20220321,176389.2
512100.SH,20220318,171589.2
512100.SH,20220317,169789.2
512100.SH,20220316,188389.2
512100.SH,20220315,175189.2
512100.SH,20220314,176089.2
512100.SH,20220311,171589.2
512100.SH,20220310,166789.2
512100.SH,20220309,176389.2
512100.SH,20220308,177289.2
512100.SH,20220307,181489.2
512100.SH,20220304,182689.2
512100.SH,20220303,181789.2
512100.SH,20220302,177589.2
512100.SH,20220301,178489.2
512100.SH,20220228,179989.2
512100.SH,20220225,177889.2
512100.SH,20220224,178189.2
512100.SH,20220223,172189.2
512100.SH,20220222,169189.2
512100.SH,20220221,167989.2
512100.SH,20220218,168589.2
512100.SH,20220217,167989.2
512100.SH,20220216,170689.2
512100.SH,20220215,171589.2
512100.SH,20220214,174589.2
512100.SH,20220211,178489.2
512100.SH,20220210,179689.2
512100.SH,20220209,176689.2
512100.SH,20220208,178489.2
512100.SH,20220207,172789.2
512100.SH,20220128,177289.2
512100.SH,20220127,177889.2
512100.SH,20220126,181189.2
512100.SH,20220125,184489.2
512100.SH,20220124,183889.2
512100.SH,20220121,185389.2
512100.SH,20220120,182689.2
512100.SH,20220119,178489.2
512100.SH,20220118,172489.2
512100.SH,20220117,170989.2
512100.SH,20220114,162889.2
512100.SH,20220113,164689.2
512100.SH,20220112,162889.2
512100.SH,20220111,164089.2
512100.SH,20220110,167089.2
512100.SH,20220107,173089.2
512100.SH,20220106,180289.2
512100.SH,20220105,181189.2
512100.SH,20220104,181489.2
512100.SH,20260730,1133121.76
512100.SH,20260729,1105521.76
512100.SH,20260728,905121.76
512100.SH,20260727,941321.76
512100.SH,20260724,838121.76
512100.SH,20260723,862521.76
512100.SH,20260722,867121.76
512100.SH,20260721,1069321.76
512100.SH,20260720,1044721.76
512100.SH,20260717,974121.76
512100.SH,20260716,870521.76
512100.SH,20260715,754521.76
512100.SH,20260714,762921.76
512100.SH,20260713,712121.76
512100.SH,20260710,525921.76
512100.SH,20260709,590521.76
512100.SH,20260708,578921.76
512100.SH,20260707,473921.76
512100.SH,20260706,396121.76
512100.SH,20260703,345321.76
512100.SH,20260702,339521.76
512100.SH,20260701,301121.76
512100.SH,20260630,307721.76
512100.SH,20260629,336921.76
512100.SH,20260626,303721.76
512100.SH,20260625,296721.76
512100.SH,20260624,303521.76
512100.SH,20260623,320921.76
512100.SH,20260622,317921.76
512100.SH,20260618,323321.76
512100.SH,20260617,324321.76
512100.SH,20260616,319121.76
512100.SH,20260615,357721.76
512100.SH,20260612,350721.76
512100.SH,20260611,329921.76
512100.SH,20260610,315721.76
512100.SH,20260609,322321.76
512100.SH,20260608,422321.76
512100.SH,20260605,335921.76
512100.SH,20260604,344921.76
512100.SH,20260603,372721.76
512100.SH,20260602,451321.76
512100.SH,20260601,443521.76
512100.SH,20260529,362121.76
512100.SH,20260528,294321.76
512100.SH,20260527,305321.76
512100.SH,20260526,311321.76
512100.SH,20260525,300921.76
512100.SH,20260522,352321.76
512100.SH,20260521,341521.76
512100.SH,20260520,304121.76
512100.SH,20260519,337521.76
512100.SH,20260518,337521.76
512100.SH,20260515,346321.76
512100.SH,20260514,332321.76
512100.SH,20260513,359721.76
512100.SH,20260512,347521.76
512100.SH,20260511,367521.76
512100.SH,20260508,424121.76
512100.SH,20260507,463121.76
512100.SH,20260506,474721.76
512100.SH,20260430,432121.76
512100.SH,20260429,555921.76
512100.SH,20260428,553721.76
512100.SH,20260427,601521.76
512100.SH,20260424,675521.76
512100.SH,20260423,685321.76
512100.SH,20260422,672921.76
512100.SH,20260421,693121.76
512100.SH,20260420,716921.76
512100.SH,20260417,742521.76
512100.SH,20260416,752521.76
512100.SH,20260415,751121.76
512100.SH,20260414,744121.76
512100.SH,20260413,763521.76
512100.SH,20260410,792121.76
512100.SH,20260409,813521.76
512100.SH,20260408,877521.76
512100.SH,20260407,782321.76
512100.SH,20260403,755721.76
512100.SH,20260402,741921.76
512100.SH,20260401,765121.76
512100.SH,20260331,756521.76
512100.SH,20260330,752721.76
512100.SH,20260327,773721.76
512100.SH,20260326,763921.76
512100.SH,20260325,782121.76
512100.SH,20260324,824321.76
512100.SH,20260323,813121.76
512100.SH,20260320,769321.76
512100.SH,20260319,741921.76
512100.SH,20260318,750921.76
512100.SH,20260317,740921.76
512100.SH,20260316,731321.76
512100.SH,20260313,728721.76
512100.SH,20260312,723121.76
512100.SH,20260311,747521.76
512100.SH,20260310,773521.76
512100.SH,20260309,772121.76
512100.SH,20260306,778121.76
512100.SH,20260305,784321.76
512100.SH,20260304,835521.76
512100.SH,20260303,825921.76
512100.SH,20260302,822721.76
512100.SH,20260227,893921.76
512100.SH,20260226,911521.76
512100.SH,20260225,1006321.76
512100.SH,20260224,1001921.76
512100.SH,20260213,1015121.76
512100.SH,20260212,1083721.76
512100.SH,20260211,1059121.76
512100.SH,20260210,1043721.76
512100.SH,20260209,1054521.76
512100.SH,20260206,1005121.76
512100.SH,20260205,988721.76
512100.SH,20260204,998321.76
512100.SH,20260203,1043121.76
512100.SH,20260202,1022321.76
512100.SH,20260130,1071121.76
512100.SH,20260129,1065121.76
512100.SH,20260128,1105921.76
512100.SH,20260127,1275321.76
512100.SH,20260126,1350121.76
512100.SH,20260123,1594921.76
512100.SH,20260122,1690921.76
512100.SH,20260121,1842321.76
512100.SH,20260120,2262721.76
512100.SH,20260119,2374721.76
512100.SH,20260116,2532921.76
512100.SH,20260115,2655921.76
512100.SH,20260114,2689521.76
512100.SH,20260113,2695921.76
512100.SH,20260112,2669521.76
512100.SH,20260109,2628721.76
512100.SH,20260108,2569921.76
512100.SH,20260107,2571321.76
512100.SH,20260106,2601721.76
512100.SH,20260105,2586721.76
159949.SZ,20211231,600078.5113
159949.SZ,20211230,618078.5113
159949.SZ,20211229,596878.5113
159949.SZ,20211228,600478.5113
159949.SZ,20211227,591278.5113
159949.SZ,20211224,578278.5113
159949.SZ,20211223,580678.5113
159949.SZ,20211222,584078.5113
159949.SZ,20211221,571678.5113
159949.SZ,20211220,538478.5113
159949.SZ,20211217,550078.5113
159949.SZ,20211216,559078.5113
159949.SZ,20211215,562478.5113
159949.SZ,20211214,567678.5113
159949.SZ,20211213,581278.5113
159949.SZ,20211210,588078.5113
159949.SZ,20211209,598678.5113
159949.SZ,20211208,612878.5113
159949.SZ,20211207,613078.5113
159949.SZ,20211206,618478.5113
159949.SZ,20211203,602078.5113
159949.SZ,20211202,610278.5113
159949.SZ,20211201,608478.5113
159949.SZ,20211130,599878.5113
159949.SZ,20211129,587878.5113
159949.SZ,20211126,603678.5113
159949.SZ,20211125,614478.5113
159949.SZ,20211124,620078.5113
159949.SZ,20211123,622078.5113
159949.SZ,20211122,637878.5113
159949.SZ,20211119,642078.5113
159949.SZ,20211118,642478.5113
159949.SZ,20211117,647678.5113
159949.SZ,20211116,652078.5113
159949.SZ,20211115,648078.5113
159949.SZ,20211112,640078.5113
159949.SZ,20211111,642078.5113
159949.SZ,20211110,656478.5113
159949.SZ,20211109,667678.5113
159949.SZ,20211108,668278.5113
159949.SZ,20211105,642678.5113
159949.SZ,20211104,650878.5113
159949.SZ,20211103,645678.5113
159949.SZ,20211102,657078.5113
159949.SZ,20211101,655078.5113
159949.SZ,20211029,647878.5113
159949.SZ,20211028,657278.5113
159949.SZ,20211027,651278.5113
159949.SZ,20211026,655078.5113
159949.SZ,20211025,643678.5113
159949.SZ,20211022,643478.5113
159949.SZ,20211021,645878.5113
159949.SZ,20211020,655678.5113
159949.SZ,20211019,656478.5113
159949.SZ,20211018,668078.5113
159949.SZ,20211015,685278.5113
159949.SZ,20211014,694078.5113
159949.SZ,20211013,714278.5113
159949.SZ,20211012,690878.5113
159949.SZ,20211011,677678.5113
159949.SZ,20211008,668078.5113
159949.SZ,20210930,668078.5113
159949.SZ,20210929,672078.5113
159949.SZ,20210928,663878.5113
159949.SZ,20210927,671878.5113
159949.SZ,20210924,679078.5113
159949.SZ,20210923,674478.5113
159949.SZ,20210922,668278.5113
159949.SZ,20210918,668278.5113
159949.SZ,20210917,668478.5113
159949.SZ,20210916,658678.5113
159949.SZ,20210915,659278.5113
159949.SZ,20210914,671278.5113
159949.SZ,20210913,677478.5113
159949.SZ,20210910,674078.5113
159949.SZ,20210909,668278.5113
159949.SZ,20210908,674278.5113
159949.SZ,20210907,684878.5113
159949.SZ,20210906,705478.5113
159949.SZ,20210903,684678.5113
159949.SZ,20210902,681478.5113
159949.SZ,20210901,664078.5113
159949.SZ,20210831,651078.5113
159949.SZ,20210830,658078.5113
159949.SZ,20210827,663478.5113
159949.SZ,20210826,665278.5113
159949.SZ,20210825,686878.5113
159949.SZ,20210824,689878.5113
159949.SZ,20210823,715678.5113
159949.SZ,20210820,696278.5113
159949.SZ,20210819,680478.5113
159949.SZ,20210818,674278.5113
159949.SZ,20210817,644078.5113
159949.SZ,20210816,633678.5113
159949.SZ,20210813,619078.5113
159949.SZ,20210812,634678.5113
159949.SZ,20210811,646878.5113
159949.SZ,20210810,676178.5113
159949.SZ,20210809,720978.5113
159949.SZ,20210806,744078.5113
159949.SZ,20210805,756978.5113
159949.SZ,20210804,770278.5113
159949.SZ,20210803,786678.5113
159949.SZ,20210802,817178.5113
159949.SZ,20210730,814878.5113
159949.SZ,20210729,841678.5113
159949.SZ,20210728,834778.5113
159949.SZ,20210727,837778.5113
159949.SZ,20210726,815278.5113
159949.SZ,20210723,813078.5113
159949.SZ,20210722,801778.5113
159949.SZ,20210721,787178.5113
159949.SZ,20210720,787678.5113
159949.SZ,20210719,792278.5113
159949.SZ,20210716,790678.5113
159949.SZ,20210715,787978.5113
159949.SZ,20210714,798978.5113
159949.SZ,20210713,789478.5113
159949.SZ,20210712,785478.5113
159949.SZ,20210709,777278.5113
159949.SZ,20210708,786978.5113
159949.SZ,20210707,796478.5113
159949.SZ,20210706,781278.5113
159949.SZ,20210705,780978.5113
159949.SZ,20210702,769778.5113
159949.SZ,20210701,791378.5113
159949.SZ,20210630,791378.5113
159949.SZ,20210629,819578.5113
159949.SZ,20210628,789778.5113
159949.SZ,20210625,750378.5113
159949.SZ,20210624,761278.5113
159949.SZ,20210623,765478.5113
159949.SZ,20210622,768078.5113
159949.SZ,20210621,781378.5113
159949.SZ,20210618,775278.5113
159949.SZ,20210617,803678.5113
159949.SZ,20210616,789578.5113
159949.SZ,20210615,796978.5113
159949.SZ,20210611,821378.5113
159949.SZ,20210610,833178.5113
159949.SZ,20210609,830878.5113
159949.SZ,20210608,810578.5113
159949.SZ,20210607,800278.5113
159949.SZ,20210604,797978.5113
159949.SZ,20210603,797278.5113
159949.SZ,20210602,807178.5113
159949.SZ,20210601,799978.5113
159949.SZ,20210531,805678.5113
159949.SZ,20210528,830278.5113
159949.SZ,20210527,822278.5113
159949.SZ,20210526,817778.5113
159949.SZ,20210525,796678.5113
159949.SZ,20210524,795678.5113
159949.SZ,20210521,811478.5113
159949.SZ,20210520,815678.5113
159949.SZ,20210519,825778.5113
159949.SZ,20210518,828978.5113
159949.SZ,20210517,854178.5113
159949.SZ,20210514,859778.5113
159949.SZ,20210513,858878.5113
159949.SZ,20210512,845578.5113
159949.SZ,20210511,836678.5113
159949.SZ,20210510,861578.5113
159949.SZ,20210507,853578.5113
159949.SZ,20210506,817978.5113
159949.SZ,20210430,841278.5113
159949.SZ,20210429,800378.5113
159949.SZ,20210428,804578.5113
159949.SZ,20210427,815778.5113
159949.SZ,20210426,842878.5113
159949.SZ,20210423,862378.5113
159949.SZ,20210422,875178.5113
159949.SZ,20210421,882378.5113
159949.SZ,20210420,900978.5113
159949.SZ,20210419,953378.5113
159949.SZ,20210416,934578.5113
159949.SZ,20210415,928378.5113
159949.SZ,20210414,925078.5113
159949.SZ,20210413,957178.5113
159949.SZ,20210412,937678.5113
159949.SZ,20210409,923678.5113
159949.SZ,20210408,939778.5113
159949.SZ,20210407,943678.5113
159949.SZ,20210406,953878.5113
159949.SZ,20210402,984978.5113
159949.SZ,20210401,1007578.5113
159949.SZ,20210331,1007578.5113
159949.SZ,20210330,1056578.5113
159949.SZ,20210329,1093778.5113
159949.SZ,20210326,1168778.5113
159949.SZ,20210325,1155478.5113
159949.SZ,20210324,1127978.5113
159949.SZ,20210323,1111878.5113
159949.SZ,20210322,1095478.5113
159949.SZ,20210319,1070378.5113
159949.SZ,20210318,1117278.5113
159949.SZ,20210317,1156878.5113
159949.SZ,20210316,1165278.5113
159949.SZ,20210315,1104578.5113
159949.SZ,20210312,1148878.5113
159949.SZ,20210311,1187378.5113
159949.SZ,20210310,1302978.5113
159949.SZ,20210309,1219078.5113
159949.SZ,20210308,1186178.5113
159949.SZ,20210305,1160578.5113
159949.SZ,20210304,1050978.5113
159949.SZ,20210303,1033378.5113
159949.SZ,20210302,1044578.5113
159949.SZ,20210301,1104678.5113
159949.SZ,20210226,1053578.5113
159949.SZ,20210225,1036878.5113
159949.SZ,20210224,916278.5113
159949.SZ,20210223,892278.5113
159949.SZ,20210222,870778.5113
159949.SZ,20210219,851078.5113
159949.SZ,20210218,811578.5113
159949.SZ,20210210,797178.5113
159949.SZ,20210209,803278.5113
159949.SZ,20210208,801678.5113
159949.SZ,20210205,796878.5113
159949.SZ,20210204,769478.5113
159949.SZ,20210203,791078.5113
159949.SZ,20210202,815078.5113
159949.SZ,20210201,818178.5113
159949.SZ,20210129,784778.5113
159949.SZ,20210128,746678.5113
159949.SZ,20210127,739278.5113
159949.SZ,20210126,732178.5113
159949.SZ,20210125,756178.5113
159949.SZ,20210122,746778.5113
159949.SZ,20210121,741178.5113
159949.SZ,20210120,767278.5113
159949.SZ,20210119,756978.5113
159949.SZ,20210118,769178.5113
159949.SZ,20210115,772378.5113
159949.SZ,20210114,775778.5113
159949.SZ,20210113,760578.5113
159949.SZ,20210112,769078.5113
159949.SZ,20210111,804078.5113
159949.SZ,20210108,816578.5113
159949.SZ,20210107,829078.5113
159949.SZ,20210106,862378.5113
159949.SZ,20210105,851578.5113
159949.SZ,20210104,841978.5113
159949.SZ,20201231,841978.5113
159949.SZ,20201230,839678.5113
159949.SZ,20201229,848378.5113
159949.SZ,20201228,857878.5113
159949.SZ,20201225,836578.5113
159949.SZ,20201224,858878.5113
159949.SZ,20201223,877378.5113
159949.SZ,20201222,889178.5113
159949.SZ,20201221,888278.5113
159949.SZ,20201218,903978.5113
159949.SZ,20201217,908278.5113
159949.SZ,20201216,927978.5113
159949.SZ,20201215,946378.5113
159949.SZ,20201214,941678.5113
159949.SZ,20201211,947978.5113
159949.SZ,20201210,953378.5113
159949.SZ,20201209,992178.5113
159949.SZ,20201208,1029478.5113
159949.SZ,20201207,1049878.5113
159949.SZ,20201204,1069078.5113
159949.SZ,20201203,1097278.5113
159949.SZ,20201202,1078378.5113
159949.SZ,20201201,1116978.5113
159949.SZ,20201130,1128778.5113
159949.SZ,20201127,1120278.5113
159949.SZ,20201126,1088378.5113
159949.SZ,20201125,1069278.5113
159949.SZ,20201124,1079978.5113
159949.SZ,20201123,1128078.5113
159949.SZ,20201120,1164578.5113
159949.SZ,20201119,1158578.5113
159949.SZ,20201118,1096678.5113
159949.SZ,20201117,1056278.5113
159949.SZ,20201116,1070078.5113
159949.SZ,20201113,1056878.5113
159949.SZ,20201112,1068478.5113
159949.SZ,20201111,1041778.5113
159949.SZ,20201110,1052578.5113
159949.SZ,20201109,1052878.5113
159949.SZ,20201106,1042878.5113
159949.SZ,20201105,1044978.5113
159949.SZ,20201104,1072278.5113
159949.SZ,20201103,1078578.5113
159949.SZ,20201102,1084378.5113
159949.SZ,20201030,1100278.5113
159949.SZ,20201029,1107878.5113
159949.SZ,20201028,1119978.5113
159949.SZ,20201027,1147478.5113
159949.SZ,20201026,1151778.5113
159949.SZ,20201023,1108578.5113
159949.SZ,20201022,1088078.5113
159949.SZ,20201021,1095078.5113
159949.SZ,20201020,1085678.5113
159949.SZ,20201019,1060778.5113
159949.SZ,20201016,1051078.5113
159949.SZ,20201015,1034978.5113
159949.SZ,20201014,1035978.5113
159949.SZ,20201013,1051078.5113
159949.SZ,20201012,1007778.5113
159949.SZ,20201009,1027978.5113
159949.SZ,20200930,1027978.5113
159949.SZ,20200929,1036778.5113
159949.SZ,20200928,1026778.5113
159949.SZ,20200925,1019078.5113
159949.SZ,20200924,1011378.5113
159949.SZ,20200923,1033078.5113
159949.SZ,20200922,1056578.5113
159949.SZ,20200921,1064078.5113
159949.SZ,20200918,1080178.5113
159949.SZ,20200917,1083678.5113
159949.SZ,20200916,1081678.5113
159949.SZ,20200915,1100278.5113
159949.SZ,20200914,1122278.5113
159949.SZ,20200911,1142578.5113
159949.SZ,20200910,1155478.5113
159949.SZ,20200909,1110978.5113
159949.SZ,20200908,1099278.5113
159949.SZ,20200907,1096678.5113
159949.SZ,20200904,1077778.5113
159949.SZ,20200903,1104378.5113
159949.SZ,20200902,1112878.5113
159949.SZ,20200901,1120778.5113
159949.SZ,20200831,1116678.5113
159949.SZ,20200828,1116078.5113
159949.SZ,20200827,1135878.5113
159949.SZ,20200826,1177478.5113
159949.SZ,20200825,1203578.5113
159949.SZ,20200824,1196878.5113
159949.SZ,20200821,1214578.5113
159949.SZ,20200820,1209378.5113
159949.SZ,20200819,1204678.5113
159949.SZ,20200818,1243378.5113
159949.SZ,20200817,1219578.5113
159949.SZ,20200814,1173578.5113
159949.SZ,20200813,1202978.5113
159949.SZ,20200812,1171578.5113
159949.SZ,20200811,1202778.5113
159949.SZ,20200810,1218878.5113
159949.SZ,20200807,1294978.5113
159949.SZ,20200806,1315578.5113
159949.SZ,20200805,1350978.5113
159949.SZ,20200804,1331878.5113
159949.SZ,20200803,1275978.5113
159949.SZ,20200731,1277178.5113
159949.SZ,20200730,1251378.5113
159949.SZ,20200729,1246978.5113
159949.SZ,20200728,1263778.5113
159949.SZ,20200727,1301978.5113
159949.SZ,20200724,1225578.5113
159949.SZ,20200723,1242878.5113
159949.SZ,20200722,1237178.5113
159949.SZ,20200721,1263278.5113
159949.SZ,20200720,1269178.5113
159949.SZ,20200717,1297478.5113
159949.SZ,20200716,1315278.5113
159949.SZ,20200715,1360178.5113
159949.SZ,20200714,1276478.5113
159949.SZ,20200713,1176678.5113
159949.SZ,20200710,1167678.5113
159949.SZ,20200709,1110778.5113
159949.SZ,20200708,1094478.5113
159949.SZ,20200707,1034978.5113
159949.SZ,20200706,1005378.5113
159949.SZ,20200703,981978.5113
159949.SZ,20200702,1037078.5113
159949.SZ,20200701,1018778.5113
159949.SZ,20200630,1018778.5113
159949.SZ,20200629,1011478.5113
159949.SZ,20200624,975378.5113
159949.SZ,20200623,933878.5113
159949.SZ,20200622,892278.5113
159949.SZ,20200619,873878.5113
159949.SZ,20200618,890378.5113
159949.SZ,20200617,877578.5113
159949.SZ,20200616,857778.5113
159949.SZ,20200615,856578.5113
159949.SZ,20200612,830678.5113
159949.SZ,20200611,839478.5113
159949.SZ,20200610,841578.5113
159949.SZ,20200609,874778.5113
159949.SZ,20200608,850578.5113
159949.SZ,20200605,857578.5113
159949.SZ,20200604,880078.5113
159949.SZ,20200603,913078.5113
159949.SZ,20200602,901078.5113
159949.SZ,20200601,901878.5113
159949.SZ,20200529,925778.5113
159949.SZ,20200528,911378.5113
159949.SZ,20200527,912278.5113
159949.SZ,20200526,930578.5113
159949.SZ,20200525,943978.5113
159949.SZ,20200522,947578.5113
159949.SZ,20200521,966178.5113
159949.SZ,20200520,981378.5113
159949.SZ,20200519,1012078.5113
159949.SZ,20200518,1019378.5113
159949.SZ,20200515,1028778.5113
159949.SZ,20200514,1037678.5113
159949.SZ,20200513,1055278.5113
159949.SZ,20200512,1102878.5113
159949.SZ,20200511,1099278.5113
159949.SZ,20200508,1069578.5113
159949.SZ,20200507,1074778.5113
159949.SZ,20200506,1062178.5113
159949.SZ,20200430,1032578.5113
159949.SZ,20200429,1021878.5113
159949.SZ,20200428,994978.5113
159949.SZ,20200427,1028378.5113
159949.SZ,20200424,1092978.5113
159949.SZ,20200423,1107778.5113
159949.SZ,20200422,1111378.5113
159949.SZ,20200421,1115878.5113
159949.SZ,20200420,1116178.5113
159949.SZ,20200417,1096978.5113
159949.SZ,20200416,1087278.5113
159949.SZ,20200415,1098578.5113
159949.SZ,20200414,1108978.5113
159949.SZ,20200413,1106778.5113
159949.SZ,20200410,1111478.5113
159949.SZ,20200409,1153178.5113
159949.SZ,20200408,1154278.5113
159949.SZ,20200407,1168478.5113
159949.SZ,20200403,1176978.5113
159949.SZ,20200402,1128078.5113
159949.SZ,20200401,1129778.5113
159949.SZ,20200331,1129778.5113
159949.SZ,20200330,1130978.5113
159949.SZ,20200327,1109478.5113
159949.SZ,20200326,1123878.5113
159949.SZ,20200325,1160978.5113
159949.SZ,20200324,1166578.5113
159949.SZ,20200323,1143478.5113
159949.SZ,20200320,1130178.5113
159949.SZ,20200319,1060078.5113
159949.SZ,20200318,1061078.5113
159949.SZ,20200317,1024978.5113
159949.SZ,20200316,989478.5113
159949.SZ,20200313,967878.5113
159949.SZ,20200312,960678.5113
159949.SZ,20200311,976678.5113
159949.SZ,20200310,980478.5113
159949.SZ,20200309,982578.5113
159949.SZ,20200306,988878.5113
159949.SZ,20200305,1010078.5113
159949.SZ,20200304,1003178.5113
159949.SZ,20200303,1038878.5113
159949.SZ,20200302,1061978.5113
159949.SZ,20200228,1050978.5113
159949.SZ,20200227,1115778.5113
159949.SZ,20200226,1102678.5113
159949.SZ,20200225,1138078.5113
159949.SZ,20200224,1146878.5113
159949.SZ,20200221,1121278.5113
159949.SZ,20200220,1141678.5113
159949.SZ,20200219,1153978.5113
159949.SZ,20200218,1095778.5113
159949.SZ,20200217,1030478.5113
159949.SZ,20200214,997278.5113
159949.SZ,20200213,957878.5113
159949.SZ,20200212,887078.5113
159949.SZ,20200211,888278.5113
159949.SZ,20200210,864478.5113
159949.SZ,20200207,879278.5113
159949.SZ,20200206,880478.5113
159949.SZ,20200205,848778.5113
159949.SZ,20200204,854878.5113
159949.SZ,20200203,855678.5113
159949.SZ,20200123,858178.5113
159949.SZ,20200122,858678.5113
159949.SZ,20200121,863778.5113
159949.SZ,20200120,860678.5113
159949.SZ,20200117,864178.5113
159949.SZ,20200116,873278.5113
159949.SZ,20200115,880578.5113
159949.SZ,20200114,880578.5113
159949.SZ,20200113,863178.5113
159949.SZ,20200110,853478.5113
159949.SZ,20200109,849878.5113
159949.SZ,20200108,860378.5113
159949.SZ,20200107,856778.5113
159949.SZ,20200106,851878.5113
159949.SZ,20200103,852178.5113
159949.SZ,20200102,834278.5113
159949.SZ,20191231,834278.5113
159949.SZ,20191230,832078.5113
159949.SZ,20191227,827578.5113
159949.SZ,20191226,828778.5113
159949.SZ,20191225,831678.5113
159949.SZ,20191224,840378.5113
159949.SZ,20191223,876878.5113
159949.SZ,20191220,871878.5113
159949.SZ,20191219,864378.5113
159949.SZ,20191218,864578.5113
159949.SZ,20191217,868878.5113
159949.SZ,20191216,863878.5113
159949.SZ,20191213,863278.5113
159949.SZ,20191212,863678.5113
159949.SZ,20191211,863678.5113
159949.SZ,20191210,861378.5113
159949.SZ,20191209,858278.5113
159949.SZ,20191206,864878.5113
159949.SZ,20191205,880478.5113
159949.SZ,20191204,886978.5113
159949.SZ,20191203,883478.5113
159949.SZ,20191202,888578.5113
159949.SZ,20191129,879178.5113
159949.SZ,20191128,879678.5113
159949.SZ,20191127,885678.5113
159949.SZ,20191126,895278.5113
159949.SZ,20191125,901378.5113
159949.SZ,20191122,887678.5113
159949.SZ,20191121,879278.5113
159949.SZ,20191120,882178.5113
159949.SZ,20191119,911178.5113
159949.SZ,20191118,909078.5113
159949.SZ,20191115,903078.5113
159949.SZ,20191114,906778.5113
159949.SZ,20191113,914178.5113
159949.SZ,20191112,909578.5113
159949.SZ,20191111,911578.5113
159949.SZ,20191108,923778.5113
159949.SZ,20191107,926178.5113
159949.SZ,20191106,944578.5113
159949.SZ,20191105,966678.5113
159949.SZ,20191104,977278.5113
159949.SZ,20191101,986678.5113
159949.SZ,20191031,987978.5113
159949.SZ,20191030,991978.5113
159949.SZ,20191029,1005278.5113
159949.SZ,20191028,1020478.5113
159949.SZ,20191025,1010378.5113
159949.SZ,20191024,1006778.5113
159949.SZ,20191023,1010378.5113
159949.SZ,20191022,1013778.5113
159949.SZ,20191021,1024278.5113
159949.SZ,20191018,1018878.5113
159949.SZ,20191017,1024378.5113
159949.SZ,20191016,1017578.5113
159949.SZ,20191015,1018078.5113
159949.SZ,20191014,1028878.5113
159949.SZ,20191011,1044578.5113
159949.SZ,20191010,1037778.5113
159949.SZ,20191009,1030878.5113
159949.SZ,20191008,1037078.5113
159949.SZ,20190930,1030878.5113
159949.SZ,20190927,1036578.5113
159949.SZ,20190926,1029978.5113
159949.SZ,20190925,1038478.5113
159949.SZ,20190924,1042278.5113
159949.SZ,20190923,1065778.5113
159949.SZ,20190920,1076378.5113
159949.SZ,20190919,1087378.5113
159949.SZ,20190918,1115878.5113
159949.SZ,20190917,1137078.5113
159949.SZ,20190916,1151478.5113
159949.SZ,20190912,1178978.5113
159949.SZ,20190911,1178378.5113
159949.SZ,20190910,1189378.5113
159949.SZ,20190909,1215178.5113
159949.SZ,20190906,1257178.5113
159949.SZ,20190905,1261778.5113
159949.SZ,20190904,1272678.5113
159949.SZ,20190903,1291878.5113
159949.SZ,20190902,1297678.5113
159949.SZ,20190830,1301478.5113
159949.SZ,20190829,1305878.5113
159949.SZ,20190828,1324078.5113
159949.SZ,20190827,1314478.5113
159949.SZ,20190826,1325778.5113
159949.SZ,20190823,1333878.5113
159949.SZ,20190822,1368578.5113
159949.SZ,20190821,1354478.5113
159949.SZ,20190820,1327178.5113
159949.SZ,20190819,1348478.5113
159949.SZ,20190816,1351378.5113
159949.SZ,20190815,1371078.5113
159949.SZ,20190814,1371078.5113
159949.SZ,20190813,1375278.5113
159949.SZ,20190812,1387478.5113
159949.SZ,20190809,1403278.5113
159949.SZ,20190808,1416778.5113
159949.SZ,20190807,1437878.5113
159949.SZ,20190806,1437778.5113
159949.SZ,20190805,1438378.5113
159949.SZ,20190802,1439178.5113
159949.SZ,20190801,1438878.5113
159949.SZ,20190731,1447278.5113
159949.SZ,20190730,1446678.5113
159949.SZ,20190729,1452378.5113
159949.SZ,20190726,1447978.5113
159949.SZ,20190725,1457978.5113
159949.SZ,20190724,1471778.5113
159949.SZ,20190723,1465378.5113
159949.SZ,20190722,1451778.5113
159949.SZ,20190719,1449978.5113
159949.SZ,20190718,1433978.5113
159949.SZ,20190717,1429978.5113
159949.SZ,20190716,1412378.5113
159949.SZ,20190715,1412078.5113
159949.SZ,20190712,1413978.5113
159949.SZ,20190711,1413078.5113
159949.SZ,20190710,1423178.5113
159949.SZ,20190709,1408278.5113
159949.SZ,20190708,1397978.5113
159949.SZ,20190705,1391378.5113
159949.SZ,20190704,1397978.5113
159949.SZ,20190703,1439578.5113
159949.SZ,20190702,1448578.5113
159949.SZ,20190701,1445178.5113
159949.SZ,20190630,1448578.5113
159949.SZ,20190628,1476278.5113
159949.SZ,20190627,1491478.5113
159949.SZ,20190626,1491578.5113
159949.SZ,20190625,1494578.5113
159949.SZ,20190624,1484178.5113
159949.SZ,20190621,1505978.5113
159949.SZ,20190620,1498978.5113
159949.SZ,20190619,1499878.5113
159949.SZ,20190618,1492178.5113
159949.SZ,20190617,1490478.5113
159949.SZ,20190614,1505678.5113
159949.SZ,20190613,1503978.5113
159949.SZ,20190612,1535978.5113
159949.SZ,20190611,1552778.5113
159949.SZ,20190610,1523578.5113
159949.SZ,20190606,1520478.5113
159949.SZ,20190605,1496178.5113
159949.SZ,20190604,1495278.5113
159949.SZ,20190603,1495278.5113
159949.SZ,20190531,1469078.5113
159949.SZ,20190530,1488478.5113
159949.SZ,20190529,1510278.5113
159949.SZ,20190528,1487478.5113
159949.SZ,20190527,1479578.5113
159949.SZ,20190524,1434278.5113
159949.SZ,20190523,1434878.5113
159949.SZ,20190522,1416778.5113
159949.SZ,20190521,1384678.5113
159949.SZ,20190520,1368778.5113
159949.SZ,20190517,1382978.5113
159949.SZ,20190516,1413878.5113
159949.SZ,20190515,1402178.5113
159949.SZ,20190514,1404078.5113
159949.SZ,20190513,1405478.5113
159949.SZ,20190510,1389578.5113
159949.SZ,20190509,1391978.5113
159949.SZ,20190508,1402078.5113
159949.SZ,20190507,1387678.5113
159949.SZ,20190506,1380878.5113
159949.SZ,20190430,1345278.5113
159949.SZ,20190429,1347978.5113
159949.SZ,20190426,1351178.5113
159949.SZ,20190425,1338178.5113
159949.SZ,20190424,1329678.5113
159949.SZ,20190423,1338578.5113
159949.SZ,20190422,1334978.5113
159949.SZ,20190419,1340878.5113
159949.SZ,20190418,1350778.5113
159949.SZ,20190417,1380878.5113
159949.SZ,20190416,1379778.5113
159949.SZ,20190415,1363278.5113
159949.SZ,20190412,1360578.5113
159949.SZ,20190411,1376378.5113
159949.SZ,20190410,1388878.5113
159949.SZ,20190409,1408878.5113
159949.SZ,20190408,1397278.5113
159949.SZ,20190404,1409878.5113
159949.SZ,20190403,1397178.5113
159949.SZ,20190402,1399078.5113
159949.SZ,20190401,1386978.5113
159949.SZ,20190331,1399078.5113
159949.SZ,20190329,1349378.5113
159949.SZ,20190328,1322078.5113
159949.SZ,20190327,1323678.5113
159949.SZ,20190326,1318778.5113
159949.SZ,20190325,1296878.5113
159949.SZ,20190322,1314178.5113
159949.SZ,20190321,1338778.5113
159949.SZ,20190320,1358778.5113
159949.SZ,20190319,1386178.5113
159949.SZ,20190318,1394678.5113
159949.SZ,20190315,1457878.5113
159949.SZ,20190314,1444178.5113
159949.SZ,20190313,1429778.5113
159949.SZ,20190312,1478678.5113
159949.SZ,20190311,1543128.5113
159949.SZ,20190308,1544078.5113
159949.SZ,20190307,1555428.5113
159949.SZ,20190306,1588828.5113
159949.SZ,20190305,1612228.5113
159949.SZ,20190304,1601128.5113
159949.SZ,20190301,1675978.5113
159949.SZ,20190228,1670428.5113
159949.SZ,20190227,1735678.5113
159949.SZ,20190226,1779978.5113
159949.SZ,20190225,1822028.5113
159949.SZ,20190222,1875128.5113
159949.SZ,20190221,1878178.5113
159949.SZ,20190220,1891128.5113
159949.SZ,20190219,1886678.5113
159949.SZ,20190218,1903778.5113
159949.SZ,20190215,1963828.5113
159949.SZ,20190214,2034778.5113
159949.SZ,20190213,2076728.5113
159949.SZ,20190212,2076228.5113
159949.SZ,20190211,2097628.5113
159949.SZ,20190201,2064228.5113
159949.SZ,20190131,2021928.5113
159949.SZ,20190130,2016628.5113
159949.SZ,20190129,2022578.5113
159949.SZ,20190128,2036728.5113
159949.SZ,20190125,2064128.5113
159949.SZ,20190124,2058578.5113
159949.SZ,20190123,2023128.5113
159949.SZ,20190122,2051428.5113
159949.SZ,20190121,2060978.5113
159949.SZ,20190118,2060228.5113
159949.SZ,20190117,2069778.5113
159949.SZ,20190116,2092928.5113
159949.SZ,20190115,2078028.5113
159949.SZ,20190114,2061828.5113
159949.SZ,20190111,2062778.5113
159949.SZ,20190110,2062028.5113
159949.SZ,20190109,2077028.5113
159949.SZ,20190108,2116128.5113
159949.SZ,20190107,2121278.5113
159949.SZ,20190104,2096978.5113
159949.SZ,20190103,2099528.5113
159949.SZ,20190102,2089678.5113
159949.SZ,20181231,2099528.5113
159949.SZ,20181228,2080728.5113
159949.SZ,20181227,2073428.5113
159949.SZ,20181226,2033628.5113
159949.SZ,20181225,2035778.5113
159949.SZ,20181224,2021828.5113
159949.SZ,20181221,2025778.5113
159949.SZ,20181220,2014778.5113
159949.SZ,20181219,2012478.5113
159949.SZ,20181218,1983978.5113
159949.SZ,20181217,1940628.5113
159949.SZ,20181214,1949028.5113
159949.SZ,20181213,1915728.5113
159949.SZ,20181212,1922928.5113
159949.SZ,20181211,1923728.5113
159949.SZ,20181210,1920828.5113
159949.SZ,20181207,1893028.5113
159949.SZ,20181206,1880928.5113
159949.SZ,20181205,1890778.5113
159949.SZ,20181204,1875028.5113
159949.SZ,20181203,1863428.5113
159949.SZ,20181130,1872228.5113
159949.SZ,20181129,1892828.5113
159949.SZ,20181128,1916728.5113
159949.SZ,20181127,1914578.5113
159949.SZ,20181126,1897528.5113
159949.SZ,20181123,1922128.5113
159949.SZ,20181122,1976528.5113
159949.SZ,20181121,2035928.5113
159949.SZ,20181120,2084928.5113
159949.SZ,20181119,2129478.5113
159949.SZ,20181116,2162378.5113
159949.SZ,20181115,2190978.5113
159949.SZ,20181114,2215728.5113
159949.SZ,20181113,2206678.5113
159949.SZ,20181112,2187028.5113
159949.SZ,20181109,2156328.5113
159949.SZ,20181108,2111978.5113
159949.SZ,20181107,2110728.5113
159949.SZ,20181106,2072078.5113
159949.SZ,20181105,1930578.5113
159949.SZ,20181102,2007928.5113
159949.SZ,20181101,2000328.5113
159949.SZ,20181031,1959128.5113
159949.SZ,20181030,1934028.5113
159949.SZ,20181029,1954228.5113
159949.SZ,20181026,1952128.5113
159949.SZ,20181025,1912478.5113
159949.SZ,20181024,1823828.5113
159949.SZ,20181023,1772378.5113
159949.SZ,20181022,1667278.5113
159949.SZ,20181019,1604578.5113
159949.SZ,20181018,1556128.5113
159949.SZ,20181017,1547428.5113
159949.SZ,20181016,1545978.5113
159949.SZ,20181015,1572978.5113
159949.SZ,20181012,1548628.5113
159949.SZ,20181011,1540128.5113
159949.SZ,20181010,1535728.5113
159949.SZ,20181009,1475428.5113
159949.SZ,20181008,1483378.5113
159949.SZ,20180930,1475428.5113
159949.SZ,20180928,1479228.5113
159949.SZ,20180927,1502028.5113
159949.SZ,20180926,1502828.5113
159949.SZ,20180925,1514778.5113
159949.SZ,20180921,1509878.5113
159949.SZ,20180920,1551428.5113
159949.SZ,20180919,1563628.5113
159949.SZ,20180918,1557428.5113
159949.SZ,20180917,1527828.5113
159949.SZ,20180914,1502178.5113
159949.SZ,20180913,1494778.5113
159949.SZ,20180912,1486328.5113
159949.SZ,20180911,1438928.5113
159949.SZ,20180910,1418978.5113
159949.SZ,20180907,1409678.5113
159949.SZ,20180906,1415978.5113
159949.SZ,20180905,1431878.5113
159949.SZ,20180904,1400028.5113
159949.SZ,20180903,1385328.5113
159949.SZ,20180831,1363528.5113
159949.SZ,20180830,1362978.5113
159949.SZ,20180829,1358628.5113
159949.SZ,20180828,1377078.5113
159949.SZ,20180827,1355278.5113
159949.SZ,20180824,1345828.5113
159949.SZ,20180823,1334178.5113
159949.SZ,20180822,1357778.5113
159949.SZ,20180821,1329978.5113
159949.SZ,20180820,1315378.5113
159949.SZ,20180817,1305228.5113
159949.SZ,20180816,1251828.5113
159949.SZ,20180815,1225228.5113
159949.SZ,20180814,1231278.5113
159949.SZ,20180813,1240528.5113
159949.SZ,20180810,1259278.5113
159949.SZ,20180809,1244328.5113
159949.SZ,20180808,1248028.5113
159949.SZ,20180807,1219228.5113
159949.SZ,20180806,1207778.5113
159949.SZ,20180803,1153078.5113
159949.SZ,20180802,1154428.5113
159949.SZ,20180801,1128978.5113
159949.SZ,20180731,1099278.5113
159949.SZ,20180730,1059828.5113
159949.SZ,20180727,1057478.5113
159949.SZ,20180726,1063828.5113
159949.SZ,20180725,1060328.5113
159949.SZ,20180724,1080278.5113
159949.SZ,20180723,1072728.5113
159949.SZ,20180720,1050378.5113
159949.SZ,20180719,1060678.5113
159949.SZ,20180718,1061428.5113
159949.SZ,20180717,1055178.5113
159949.SZ,20180716,1046678.5113
159949.SZ,20180713,1073478.5113
159949.SZ,20180712,1041378.5113
159949.SZ,20180711,1036478.5113
159949.SZ,20180710,1025028.5113
159949.SZ,20180709,1004578.5113
159949.SZ,20180706,998128.5113
159949.SZ,20180705,989228.5113
159949.SZ,20180704,947778.5113
159949.SZ,20180703,957678.5113
159949.SZ,20180702,963278.5113
159949.SZ,20180630,957678.5113
159949.SZ,20180629,940678.5113
159949.SZ,20180628,932078.5113
159949.SZ,20180627,921028.5113
159949.SZ,20180626,935578.5113
159949.SZ,20180625,947428.5113
159949.SZ,20180622,962228.5113
159949.SZ,20180621,969278.5113
159949.SZ,20180620,913978.5113
159949.SZ,20180619,883878.5113
159949.SZ,20180615,861978.5113
159949.SZ,20180614,862278.5113
159949.SZ,20180613,862878.5113
159949.SZ,20180612,855678.5113
159949.SZ,20180611,860078.5113
159949.SZ,20180608,862028.5113
159949.SZ,20180607,868278.5113
159949.SZ,20180606,859028.5113
159949.SZ,20180605,848178.5113
159949.SZ,20180604,844528.5113
159949.SZ,20180601,829578.5113
159949.SZ,20180531,809628.5113
159949.SZ,20180530,793428.5113
159949.SZ,20180529,779578.5113
159949.SZ,20180528,748978.5113
159949.SZ,20180525,737378.5113
159949.SZ,20180524,738478.5113
159949.SZ,20180523,723678.5113
159949.SZ,20180522,757528.5113
159949.SZ,20180521,754278.5113
159949.SZ,20180518,743228.5113
159949.SZ,20180517,749628.5113
159949.SZ,20180516,740578.5113
159949.SZ,20180515,731878.5113
159949.SZ,20180514,726828.5113
159949.SZ,20180511,703578.5113
159949.SZ,20180510,706528.5113
159949.SZ,20180509,712478.5113
159949.SZ,20180508,703528.5113
159949.SZ,20180507,689828.5113
159949.SZ,20180504,693028.5113
159949.SZ,20180503,689928.5113
159949.SZ,20180502,672328.5113
159949.SZ,20180427,664528.5113
159949.SZ,20180426,671428.5113
159949.SZ,20180425,675928.5113
159949.SZ,20180424,644378.5113
159949.SZ,20180423,621478.5113
159949.SZ,20180420,614678.5113
159949.SZ,20180419,579128.5113
159949.SZ,20180418,540328.5113
159949.SZ,20180417,525778.5113
159949.SZ,20180416,524128.5113
159949.SZ,20180413,519328.5113
159949.SZ,20180412,517628.5113
159949.SZ,20180411,488578.5113
159949.SZ,20180410,471378.5113
159949.SZ,20180409,448828.5113
159949.SZ,20180404,417928.5113
159949.SZ,20180403,388928.5113
159949.SZ,20180402,368028.5113
159949.SZ,20180331,388928.5113
159949.SZ,20180330,349478.5113
159949.SZ,20180329,352528.5113
159949.SZ,20180328,379428.5113
159949.SZ,20180327,409128.5113
159949.SZ,20180326,360178.5113
159949.SZ,20180323,370028.5113
159949.SZ,20180322,389528.5113
159949.SZ,20180321,377928.5113
159949.SZ,20180320,364178.5113
159949.SZ,20180319,355428.5113
159949.SZ,20180316,337828.5113
159949.SZ,20180315,306328.5113
159949.SZ,20180314,278678.5113
159949.SZ,20180313,201028.5113
159949.SZ,20180312,178128.5113
159949.SZ,20180309,177128.5113
159949.SZ,20180308,175578.5113
159949.SZ,20180307,170328.5113
159949.SZ,20180306,164928.5113
159949.SZ,20180305,164778.5113
159949.SZ,20180302,160728.5113
159949.SZ,20180301,155728.5113
159949.SZ,20180228,150178.5113
159949.SZ,20180227,154078.5113
159949.SZ,20180226,161728.5113
159949.SZ,20180223,164828.5113
159949.SZ,20180222,160878.5113
159949.SZ,20180214,160528.5113
159949.SZ,20180213,165178.5113
159949.SZ,20180212,157928.5113
159949.SZ,20180209,145278.5113
159949.SZ,20180208,133078.5113
159949.SZ,20180207,125778.5113
159949.SZ,20180206,113178.5113
159949.SZ,20180205,107528.5113
159949.SZ,20180202,93828.5113
159949.SZ,20180201,91178.5113
159949.SZ,20180131,77078.5113
159949.SZ,20180130,67778.5113
159949.SZ,20180129,64528.5113
159949.SZ,20180126,47328.5113
159949.SZ,20180125,36228.5113
159949.SZ,20180124,33928.5113
159949.SZ,20180123,34428.5113
159949.SZ,20180122,34078.5113
159949.SZ,20180119,33478.5113
159949.SZ,20180118,32628.5113
159949.SZ,20180117,31878.5113
159949.SZ,20180116,29828.5113
159949.SZ,20180115,29378.5113
159949.SZ,20180112,29278.5113
159949.SZ,20180111,28978.5113
159949.SZ,20180110,28878.5113
159949.SZ,20180109,28628.5113
159949.SZ,20180108,28678.5113
159949.SZ,20180105,28428.5113
159949.SZ,20180104,28828.5113
159949.SZ,20180103,28828.5113
159949.SZ,20180102,28978.5113
159949.SZ,20251231,1947078.5113
159949.SZ,20251230,1919978.5113
159949.SZ,20251229,1902778.5113
159949.SZ,20251226,1800878.5113
159949.SZ,20251225,1777478.5113
159949.SZ,20251224,1778578.5113
159949.SZ,20251223,1767578.5113
159949.SZ,20251222,1790978.5113
159949.SZ,20251219,1783778.5113
159949.SZ,20251218,1751278.5113
159949.SZ,20251217,1719378.5113
159949.SZ,20251216,1747878.5113
159949.SZ,20251215,1747078.5113
159949.SZ,20251212,1752878.5113
159949.SZ,20251211,1757978.5113
159949.SZ,20251210,1758978.5113
159949.SZ,20251209,1736178.5113
159949.SZ,20251208,1742078.5113
159949.SZ,20251205,1727978.5113
159949.SZ,20251204,1731778.5113
159949.SZ,20251203,1732278.5113
159949.SZ,20251202,1737478.5113
159949.SZ,20251201,1744078.5113
159949.SZ,20251128,1734678.5113
159949.SZ,20251127,1715878.5113
159949.SZ,20251126,1757878.5113
159949.SZ,20251125,1789678.5113
159949.SZ,20251124,1768778.5113
159949.SZ,20251121,1755178.5113
159949.SZ,20251120,1753778.5113
159949.SZ,20251119,1738078.5113
159949.SZ,20251118,1725278.5113
159949.SZ,20251117,1723778.5113
159949.SZ,20251114,1721678.5113
159949.SZ,20251113,1737178.5113
159949.SZ,20251112,1757178.5113
159949.SZ,20251111,1786578.5113
159949.SZ,20251110,1767978.5113
159949.SZ,20251107,1760578.5113
159949.SZ,20251106,1776678.5113
159949.SZ,20251105,1774378.5113
159949.SZ,20251104,1778978.5113
159949.SZ,20251103,1794178.5113
159949.SZ,20251031,1815978.5113
159949.SZ,20251030,1788778.5113
159949.SZ,20251029,1762178.5113
159949.SZ,20251028,1755878.5113
159949.SZ,20251027,1740778.5113
159949.SZ,20251024,1756778.5113
159949.SZ,20251023,1742778.5113
159949.SZ,20251022,1759578.5113
159949.SZ,20251021,1765178.5113
159949.SZ,20251020,1838778.5113
159949.SZ,20251017,1840878.5113
159949.SZ,20251016,1845878.5113
159949.SZ,20251015,1864978.5113
159949.SZ,20251014,1878278.5113
159949.SZ,20251013,1911278.5113
159949.SZ,20251010,1903878.5113
159949.SZ,20251009,1891878.5113
159949.SZ,20250930,1868178.5113
159949.SZ,20250929,1861278.5113
159949.SZ,20250926,1812078.5113
159949.SZ,20250925,1800278.5113
159949.SZ,20250924,1797778.5113
159949.SZ,20250923,1773078.5113
159949.SZ,20250922,1789578.5113
159949.SZ,20250919,1786478.5113
159949.SZ,20250918,1766778.5113
159949.SZ,20250917,1735678.5113
159949.SZ,20250916,1738478.5113
159949.SZ,20250915,1758378.5113
159949.SZ,20250912,1730178.5113
159949.SZ,20250911,1722978.5113
159949.SZ,20250910,1768678.5113
159949.SZ,20250909,1802278.5113
159949.SZ,20250908,1774578.5113
159949.SZ,20250905,1794278.5113
159949.SZ,20250904,1852378.5113
159949.SZ,20250903,1915978.5113
159949.SZ,20250902,1903378.5113
159949.SZ,20250901,1878278.5113
159949.SZ,20250829,1867878.5113
159949.SZ,20250828,1888578.5113
159949.SZ,20250827,2014778.5113
159949.SZ,20250826,2066078.5113
159949.SZ,20250825,2115478.5113
159949.SZ,20250822,2144978.5113
159949.SZ,20250821,2175478.5113
159949.SZ,20250820,2131578.5113
159949.SZ,20250819,2144178.5113
159949.SZ,20250818,2157078.5113
159949.SZ,20250815,2151278.5113
159949.SZ,20250814,2178078.5113
159949.SZ,20250813,2212878.5113
159949.SZ,20250812,2234578.5113
159949.SZ,20250811,2240778.5113
159949.SZ,20250808,2254878.5113
159949.SZ,20250807,2270278.5113
159949.SZ,20250806,2308678.5113
159949.SZ,20250805,2334278.5113
159949.SZ,20250804,2331578.5113
159949.SZ,20250801,2357478.5113
159949.SZ,20250731,2409978.5113
159949.SZ,20250730,2373278.5113
159949.SZ,20250729,2376578.5113
159949.SZ,20250728,2387278.5113
159949.SZ,20250725,2372178.5113
159949.SZ,20250724,2387578.5113
159949.SZ,20250723,2425078.5113
159949.SZ,20250722,2436178.5113
159949.SZ,20250721,2439878.5113
159949.SZ,20250718,2450778.5113
159949.SZ,20250717,2452578.5113
159949.SZ,20250716,2462478.5113
159949.SZ,20250715,2536178.5113
159949.SZ,20250714,2520778.5113
159949.SZ,20250711,2515378.5113
159949.SZ,20250710,2517478.5113
159949.SZ,20250709,2543378.5113
159949.SZ,20250708,2554978.5113
159949.SZ,20250707,2552278.5113
159949.SZ,20250704,2561278.5113
159949.SZ,20250703,2620178.5113
159949.SZ,20250702,2615978.5113
159949.SZ,20250701,2609578.5113
159949.SZ,20250630,2615378.5113
159949.SZ,20250627,2617578.5113
159949.SZ,20250626,2618278.5113
159949.SZ,20250625,2620378.5113
159949.SZ,20250624,2628178.5113
159949.SZ,20250623,2627578.5113
159949.SZ,20250620,2625078.5113
159949.SZ,20250619,2625978.5113
159949.SZ,20250618,2638578.5113
159949.SZ,20250617,2637078.5113
159949.SZ,20250616,2657078.5113
159949.SZ,20250613,2667378.5113
159949.SZ,20250612,2691278.5113
159949.SZ,20250611,2711878.5113
159949.SZ,20250610,2719178.5113
159949.SZ,20250609,2728078.5113
159949.SZ,20250606,2715278.5113
159949.SZ,20250605,2735778.5113
159949.SZ,20250604,2756778.5113
159949.SZ,20250603,2764278.5113
159949.SZ,20250530,2756578.5113
159949.SZ,20250529,2753678.5113
159949.SZ,20250528,2751278.5113
159949.SZ,20250527,2741978.5113
159949.SZ,20250526,2719978.5113
159949.SZ,20250523,2723578.5113
159949.SZ,20250522,2729378.5113
159949.SZ,20250521,2770378.5113
159949.SZ,20250520,2772078.5113
159949.SZ,20250519,2795778.5113
159949.SZ,20250516,2823878.5113
159949.SZ,20250515,2822178.5113
159949.SZ,20250514,2839478.5113
159949.SZ,20250513,2863178.5113
159949.SZ,20250512,2906878.5113
159949.SZ,20250509,2913378.5113
159949.SZ,20250508,2951178.5113
159949.SZ,20250507,2954678.5113
159949.SZ,20250506,2955878.5113
159949.SZ,20250430,2937378.5113
159949.SZ,20250429,2955178.5113
159949.SZ,20250428,2956278.5113
159949.SZ,20250425,2943478.5113
159949.SZ,20250424,2904878.5113
159949.SZ,20250423,2910178.5113
159949.SZ,20250422,2909578.5113
159949.SZ,20250421,2930578.5113
159949.SZ,20250418,2907478.5113
159949.SZ,20250417,2948378.5113
159949.SZ,20250416,2927478.5113
159949.SZ,20250415,2947278.5113
159949.SZ,20250414,2957078.5113
159949.SZ,20250411,2994178.5113
159949.SZ,20250410,3044678.5113
159949.SZ,20250409,3014278.5113
159949.SZ,20250408,3016578.5113
159949.SZ,20250407,2845778.5113
159949.SZ,20250403,2787178.5113
159949.SZ,20250402,2781978.5113
159949.SZ,20250401,2768978.5113
159949.SZ,20250331,2742578.5113
159949.SZ,20250328,2738478.5113
159949.SZ,20250327,2738078.5113
159949.SZ,20250326,2728578.5113
159949.SZ,20250325,2737978.5113
159949.SZ,20250324,2734878.5113
159949.SZ,20250321,2689878.5113
159949.SZ,20250320,2681678.5113
159949.SZ,20250319,2697878.5113
159949.SZ,20250318,2724078.5113
159949.SZ,20250317,2707778.5113
159949.SZ,20250314,2730678.5113
159949.SZ,20250313,2732378.5113
159949.SZ,20250312,2727178.5113
159949.SZ,20250311,2729878.5113
159949.SZ,20250310,2732978.5113
159949.SZ,20250307,2716778.5113
159949.SZ,20250306,2723278.5113
159949.SZ,20250305,2723378.5113
159949.SZ,20250304,2693478.5113
159949.SZ,20250303,2765278.5113
159949.SZ,20250228,2737378.5113
159949.SZ,20250227,2740278.5113
159949.SZ,20250226,2770478.5113
159949.SZ,20250225,2778578.5113
159949.SZ,20250224,2788378.5113
159949.SZ,20250221,2837478.5113
159949.SZ,20250220,2860478.5113
159949.SZ,20250219,2890878.5113
159949.SZ,20250218,2903178.5113
159949.SZ,20250217,2898778.5113
159949.SZ,20250214,2949778.5113
159949.SZ,20250213,2962878.5113
159949.SZ,20250212,2988878.5113
159949.SZ,20250211,2973178.5113
159949.SZ,20250210,2988678.5113
159949.SZ,20250207,3022578.5113
159949.SZ,20250206,3069378.5113
159949.SZ,20250205,3047878.5113
159949.SZ,20250127,3009778.5113
159949.SZ,20250124,3046578.5113
159949.SZ,20250123,3029978.5113
159949.SZ,20250122,3044178.5113
159949.SZ,20250121,3053978.5113
159949.SZ,20250120,3130078.5113
159949.SZ,20250117,3153078.5113
159949.SZ,20250116,3173378.5113
159949.SZ,20250115,3129378.5113
159949.SZ,20250114,3160978.5113
159949.SZ,20250113,3154778.5113
159949.SZ,20250110,3152678.5113
159949.SZ,20250109,3181978.5113
159949.SZ,20250108,3183678.5113
159949.SZ,20250107,3179078.5113
159949.SZ,20250106,3175278.5113
159949.SZ,20250103,3161078.5113
159949.SZ,20250102,3113178.5113
159949.SZ,20241231,3108078.5113
159949.SZ,20241230,3119478.5113
159949.SZ,20241227,3127278.5113
159949.SZ,20241226,3143678.5113
159949.SZ,20241225,3146178.5113
159949.SZ,20241224,3236278.5113
159949.SZ,20241223,3209778.5113
159949.SZ,20241220,3171078.5113
159949.SZ,20241219,3172878.5113
159949.SZ,20241218,3146878.5113
159949.SZ,20241217,3168578.5113
159949.SZ,20241216,3135278.5113
159949.SZ,20241213,3132378.5113
159949.SZ,20241212,3149078.5113
159949.SZ,20241211,3148378.5113
159949.SZ,20241210,3119578.5113
159949.SZ,20241209,3110078.5113
159949.SZ,20241206,3106678.5113
159949.SZ,20241205,3101478.5113
159949.SZ,20241204,3065878.5113
159949.SZ,20241203,3063178.5113
159949.SZ,20241202,3093478.5113
159949.SZ,20241129,3117078.5113
159949.SZ,20241128,3085678.5113
159949.SZ,20241127,3060178.5113
159949.SZ,20241126,3053078.5113
159949.SZ,20241125,2979178.5113
159949.SZ,20241122,2986178.5113
159949.SZ,20241121,3003478.5113
159949.SZ,20241120,3036578.5113
159949.SZ,20241119,3025278.5113
159949.SZ,20241118,2979578.5113
159949.SZ,20241115,2930678.5113
159949.SZ,20241114,2903178.5113
159949.SZ,20241113,2907278.5113
159949.SZ,20241112,2796478.5113
159949.SZ,20241111,2854478.5113
159949.SZ,20241108,2863378.5113
159949.SZ,20241107,2887978.5113
159949.SZ,20241106,2880378.5113
159949.SZ,20241105,2924778.5113
159949.SZ,20241104,2951378.5113
159949.SZ,20241101,2972078.5113
159949.SZ,20241031,3001578.5113
159949.SZ,20241030,3015578.5113
159949.SZ,20241029,2989278.5113
159949.SZ,20241028,2976778.5113
159949.SZ,20241025,2975478.5113
159949.SZ,20241024,3001578.5113
159949.SZ,20241023,3015578.5113
159949.SZ,20241022,3091578.5113
159949.SZ,20241021,3132778.5113
159949.SZ,20241018,3162278.5113
159949.SZ,20241017,3215178.5113
159949.SZ,20241016,3238778.5113
159949.SZ,20241015,3293478.5113
159949.SZ,20241014,3330678.5113
159949.SZ,20241011,3368078.5113
159949.SZ,20241010,3385578.5113
159949.SZ,20241009,3098878.5113
159949.SZ,20241008,2329878.5113
159949.SZ,20240930,2246578.5113
159949.SZ,20240927,2271778.5113
159949.SZ,20240926,2261378.5113
159949.SZ,20240925,2297978.5113
159949.SZ,20240924,2320278.5113
159949.SZ,20240923,2323378.5113
159949.SZ,20240920,2328878.5113
159949.SZ,20240919,2305678.5113
159949.SZ,20240918,2299878.5113
159949.SZ,20240913,2284978.5113
159949.SZ,20240912,2283978.5113
159949.SZ,20240911,2306978.5113
159949.SZ,20240910,2294978.5113
159949.SZ,20240909,2292378.5113
159949.SZ,20240906,2283078.5113
159949.SZ,20240905,2277778.5113
159949.SZ,20240904,2276778.5113
159949.SZ,20240903,2299778.5113
159949.SZ,20240902,2287278.5113
159949.SZ,20240830,2300578.5113
159949.SZ,20240829,2295778.5113
159949.SZ,20240828,2290078.5113
159949.SZ,20240827,2290478.5113
159949.SZ,20240826,2294578.5113
159949.SZ,20240823,2296778.5113
159949.SZ,20240822,2295478.5113
159949.SZ,20240821,2293578.5113
159949.SZ,20240820,2296278.5113
159949.SZ,20240819,2297578.5113
159949.SZ,20240816,2302978.5113
159949.SZ,20240815,2285378.5113
159949.SZ,20240814,2277378.5113
159949.SZ,20240813,2286878.5113
159949.SZ,20240812,2296378.5113
159949.SZ,20240809,2282278.5113
159949.SZ,20240808,2268078.5113
159949.SZ,20240807,2268778.5113
159949.SZ,20240806,2270278.5113
159949.SZ,20240805,2242778.5113
159949.SZ,20240802,2218878.5113
159949.SZ,20240801,2200778.5113
159949.SZ,20240731,2189678.5113
159949.SZ,20240730,2175978.5113
159949.SZ,20240729,2163978.5113
159949.SZ,20240726,2168478.5113
159949.SZ,20240725,2154478.5113
159949.SZ,20240724,2156178.5113
159949.SZ,20240723,2155178.5113
159949.SZ,20240722,2171378.5113
159949.SZ,20240719,2178778.5113
159949.SZ,20240718,2190978.5113
159949.SZ,20240717,2198478.5113
159949.SZ,20240716,2223678.5113
159949.SZ,20240715,2229278.5113
159949.SZ,20240712,2234578.5113
159949.SZ,20240711,2251578.5113
159949.SZ,20240710,2249678.5113
159949.SZ,20240709,2233678.5113
159949.SZ,20240708,2221978.5113
159949.SZ,20240705,2216778.5113
159949.SZ,20240704,2208378.5113
159949.SZ,20240703,2202878.5113
159949.SZ,20240702,2200478.5113
159949.SZ,20240701,2188278.5113
159949.SZ,20240630,2188278.5113
159949.SZ,20240628,2173778.5113
159949.SZ,20240627,2174278.5113
159949.SZ,20240626,2180678.5113
159949.SZ,20240625,2162278.5113
159949.SZ,20240624,2160178.5113
159949.SZ,20240621,2147378.5113
159949.SZ,20240620,2149678.5113
159949.SZ,20240619,2146278.5113
159949.SZ,20240618,2152978.5113
159949.SZ,20240617,2170078.5113
159949.SZ,20240614,2170378.5113
159949.SZ,20240613,2175878.5113
159949.SZ,20240612,2169678.5113
159949.SZ,20240611,2164478.5113
159949.SZ,20240607,2149878.5113
159949.SZ,20240606,2140978.5113
159949.SZ,20240605,2137578.5113
159949.SZ,20240604,2155178.5113
159949.SZ,20240603,2164278.5113
159949.SZ,20240531,2158378.5113
159949.SZ,20240530,2160678.5113
159949.SZ,20240529,2175178.5113
159949.SZ,20240528,2178778.5113
159949.SZ,20240527,2173378.5113
159949.SZ,20240524,2150578.5113
159949.SZ,20240523,2154178.5113
159949.SZ,20240522,2160878.5113
159949.SZ,20240521,2163178.5113
159949.SZ,20240520,2164078.5113
159949.SZ,20240517,2135578.5113
159949.SZ,20240516,2126378.5113
159949.SZ,20240515,2131778.5113
159949.SZ,20240514,2128578.5113
159949.SZ,20240513,2125578.5113
159949.SZ,20240510,2122778.5113
159949.SZ,20240509,2124378.5113
159949.SZ,20240508,2132478.5113
159949.SZ,20240507,2143878.5113
159949.SZ,20240506,2136478.5113
159949.SZ,20240430,2094478.5113
159949.SZ,20240429,2080878.5113
159949.SZ,20240426,2088278.5113
159949.SZ,20240425,2078478.5113
159949.SZ,20240424,2076978.5113
159949.SZ,20240423,2078778.5113
159949.SZ,20240422,2076078.5113
159949.SZ,20240419,2058278.5113
159949.SZ,20240418,2058278.5113
159949.SZ,20240417,2056178.5113
159949.SZ,20240416,2044178.5113
159949.SZ,20240415,2058578.5113
159949.SZ,20240412,2064078.5113
159949.SZ,20240411,2058178.5113
159949.SZ,20240410,2042278.5113
159949.SZ,20240409,2048178.5113
159949.SZ,20240408,2053978.5113
159949.SZ,20240403,2048878.5113
159949.SZ,20240402,2049178.5113
159949.SZ,20240401,2069478.5113
159949.SZ,20240331,2069478.5113
159949.SZ,20240329,2068878.5113
159949.SZ,20240328,2071878.5113
159949.SZ,20240327,2062178.5113
159949.SZ,20240326,2069578.5113
159949.SZ,20240325,2082878.5113
159949.SZ,20240322,2110378.5113
159949.SZ,20240321,2148178.5113
159949.SZ,20240320,2170878.5113
159949.SZ,20240319,2183878.5113
159949.SZ,20240318,2258278.5113
159949.SZ,20240315,2267778.5113
159949.SZ,20240314,2314978.5113
159949.SZ,20240313,2346278.5113
159949.SZ,20240312,2390078.5113
159949.SZ,20240311,2474178.5113
159949.SZ,20240308,2490978.5113
159949.SZ,20240307,2484678.5113
159949.SZ,20240306,2494678.5113
159949.SZ,20240305,2516878.5113
159949.SZ,20240304,2533978.5113
159949.SZ,20240301,2542178.5113
159949.SZ,20240229,2572778.5113
159949.SZ,20240228,2582078.5113
159949.SZ,20240227,2609178.5113
159949.SZ,20240226,2631778.5113
159949.SZ,20240223,2648878.5113
159949.SZ,20240222,2682878.5113
159949.SZ,20240221,2706878.5113
159949.SZ,20240220,2727878.5113
159949.SZ,20240219,2783678.5113
159949.SZ,20240208,2800678.5113
159949.SZ,20240207,2831678.5113
159949.SZ,20240206,2814378.5113
159949.SZ,20240205,2819778.5113
159949.SZ,20240202,2737578.5113
159949.SZ,20240201,2700478.5113
159949.SZ,20240131,2686478.5113
159949.SZ,20240130,2672878.5113
159949.SZ,20240129,2619378.5113
159949.SZ,20240126,2585078.5113
159949.SZ,20240125,2550478.5113
159949.SZ,20240124,2524078.5113
159949.SZ,20240123,2514778.5113
159949.SZ,20240122,2517478.5113
159949.SZ,20240119,2537778.5113
159949.SZ,20240118,2550278.5113
159949.SZ,20240117,2521578.5113
159949.SZ,20240116,2495778.5113
159949.SZ,20240115,2489078.5113
159949.SZ,20240112,2482478.5113
159949.SZ,20240111,2478478.5113
159949.SZ,20240110,2473578.5113
159949.SZ,20240109,2473978.5113
159949.SZ,20240108,2448178.5113
159949.SZ,20240105,2426878.5113
159949.SZ,20240104,2402478.5113
159949.SZ,20240103,2379578.5113
159949.SZ,20240102,2367278.5113
159949.SZ,20231231,2367278.5113
159949.SZ,20231229,2381778.5113
159949.SZ,20231228,2380478.5113
159949.SZ,20231227,2366378.5113
159949.SZ,20231226,2355978.5113
159949.SZ,20231225,2350778.5113
159949.SZ,20231222,2346978.5113
159949.SZ,20231221,2345078.5113
159949.SZ,20231220,2331978.5113
159949.SZ,20231219,2321378.5113
159949.SZ,20231218,2297078.5113
159949.SZ,20231215,2279778.5113
159949.SZ,20231214,2269878.5113
159949.SZ,20231213,2263678.5113
159949.SZ,20231212,2244878.5113
159949.SZ,20231211,2242678.5113
159949.SZ,20231208,2255578.5113
159949.SZ,20231207,2244878.5113
159949.SZ,20231206,2242578.5113
159949.SZ,20231205,2231778.5113
159949.SZ,20231204,2223178.5113
159949.SZ,20231201,2211378.5113
159949.SZ,20231130,2210378.5113
159949.SZ,20231129,2215978.5113
159949.SZ,20231128,2214178.5113
159949.SZ,20231127,2218578.5113
159949.SZ,20231124,2230378.5113
159949.SZ,20231123,2232978.5113
159949.SZ,20231122,2233478.5113
159949.SZ,20231121,2229978.5113
159949.SZ,20231120,2222278.5113
159949.SZ,20231117,2221978.5113
159949.SZ,20231116,2209778.5113
159949.SZ,20231115,2209378.5113
159949.SZ,20231114,2198478.5113
159949.SZ,20231113,2188978.5113
159949.SZ,20231110,2184678.5113
159949.SZ,20231109,2185478.5113
159949.SZ,20231108,2188578.5113
159949.SZ,20231107,2172878.5113
159949.SZ,20231106,2202178.5113
159949.SZ,20231103,2200278.5113
159949.SZ,20231102,2198878.5113
159949.SZ,20231101,2196078.5113
159949.SZ,20231031,2191778.5113
159949.SZ,20231030,2247578.5113
159949.SZ,20231027,2280878.5113
159949.SZ,20231026,2290378.5113
159949.SZ,20231025,2269978.5113
159949.SZ,20231024,2281378.5113
159949.SZ,20231023,2257678.5113
159949.SZ,20231020,2232778.5113
159949.SZ,20231019,2213478.5113
159949.SZ,20231018,2200078.5113
159949.SZ,20231017,2194178.5113
159949.SZ,20231016,2170978.5113
159949.SZ,20231013,2153878.5113
159949.SZ,20231012,2149578.5113
159949.SZ,20231011,2158878.5113
159949.SZ,20231010,2153378.5113
159949.SZ,20231009,2149778.5113
159949.SZ,20230930,2149778.5113
159949.SZ,20230928,2143378.5113
159949.SZ,20230927,2148378.5113
159949.SZ,20230926,2137578.5113
159949.SZ,20230925,2145378.5113
159949.SZ,20230922,2156278.5113
159949.SZ,20230921,2151278.5113
159949.SZ,20230920,2142578.5113
159949.SZ,20230919,2138778.5113
159949.SZ,20230918,2147278.5113
159949.SZ,20230915,2117678.5113
159949.SZ,20230914,2100978.5113
159949.SZ,20230913,2080478.5113
159949.SZ,20230912,2074878.5113
159949.SZ,20230911,2070478.5113
159949.SZ,20230908,2065178.5113
159949.SZ,20230907,2050478.5113
159949.SZ,20230906,2026278.5113
159949.SZ,20230905,2036778.5113
159949.SZ,20230904,2030378.5113
159949.SZ,20230901,2022378.5113
159949.SZ,20230831,2030978.5113
159949.SZ,20230830,2017278.5113
159949.SZ,20230829,2025078.5113
159949.SZ,20230828,2018278.5113
159949.SZ,20230825,2000278.5113
159949.SZ,20230824,2014978.5113
159949.SZ,20230823,1992078.5113
159949.SZ,20230822,1964978.5113
159949.SZ,20230821,1939578.5113
159949.SZ,20230818,1933878.5113
159949.SZ,20230817,1923478.5113
159949.SZ,20230816,1915078.5113
159949.SZ,20230815,1907578.5113
159949.SZ,20230814,1870378.5113
159949.SZ,20230811,1857678.5113
159949.SZ,20230810,1848478.5113
159949.SZ,20230809,1843178.5113
159949.SZ,20230808,1838778.5113
159949.SZ,20230807,1833178.5113
159949.SZ,20230804,1856378.5113
159949.SZ,20230803,1853678.5113
159949.SZ,20230802,1859778.5113
159949.SZ,20230801,1870578.5113
159949.SZ,20230731,1876578.5113
159949.SZ,20230728,1875578.5113
159949.SZ,20230727,1882978.5113
159949.SZ,20230726,1885478.5113
159949.SZ,20230725,1901478.5113
159949.SZ,20230724,1885078.5113
159949.SZ,20230721,1878878.5113
159949.SZ,20230720,1856278.5113
159949.SZ,20230719,1835478.5113
159949.SZ,20230718,1831278.5113
159949.SZ,20230717,1823478.5113
159949.SZ,20230714,1825678.5113
159949.SZ,20230713,1839278.5113
159949.SZ,20230712,1840078.5113
159949.SZ,20230711,1846678.5113
159949.SZ,20230710,1852878.5113
159949.SZ,20230707,1843678.5113
159949.SZ,20230706,1859478.5113
159949.SZ,20230705,1862878.5113
159949.SZ,20230704,1870278.5113
159949.SZ,20230703,1869678.5113
159949.SZ,20230630,1842878.5113
159949.SZ,20230629,1841478.5113
159949.SZ,20230628,1832678.5113
159949.SZ,20230627,1816278.5113
159949.SZ,20230626,1806878.5113
159949.SZ,20230621,1817678.5113
159949.SZ,20230620,1822278.5113
159949.SZ,20230619,1833878.5113
159949.SZ,20230616,1855878.5113
159949.SZ,20230615,1928678.5113
159949.SZ,20230614,1944278.5113
159949.SZ,20230613,1945878.5113
159949.SZ,20230612,1962078.5113
159949.SZ,20230609,1945278.5113
159949.SZ,20230608,1922878.5113
159949.SZ,20230607,1887878.5113
159949.SZ,20230606,1865878.5113
159949.SZ,20230605,1830878.5113
159949.SZ,20230602,1851478.5113
159949.SZ,20230601,1859078.5113
159949.SZ,20230531,1834278.5113
159949.SZ,20230530,1832678.5113
159949.SZ,20230529,1814478.5113
159949.SZ,20230526,1783078.5113
159949.SZ,20230525,1774478.5113
159949.SZ,20230524,1767478.5113
159949.SZ,20230523,1759878.5113
159949.SZ,20230522,1765478.5113
159949.SZ,20230519,1766278.5113
159949.SZ,20230518,1740078.5113
159949.SZ,20230517,1720678.5113
159949.SZ,20230516,1717878.5113
159949.SZ,20230515,1716278.5113
159949.SZ,20230512,1717878.5113
159949.SZ,20230511,1728678.5113
159949.SZ,20230510,1686678.5113
159949.SZ,20230509,1666678.5113
159949.SZ,20230508,1648678.5113
159949.SZ,20230505,1638278.5113
159949.SZ,20230504,1629878.5113
159949.SZ,20230428,1628278.5113
159949.SZ,20230427,1637878.5113
159949.SZ,20230426,1675278.5113
159949.SZ,20230425,1631878.5113
159949.SZ,20230424,1578078.5113
159949.SZ,20230421,1576678.5113
159949.SZ,20230420,1556278.5113
159949.SZ,20230419,1567278.5113
159949.SZ,20230418,1588878.5113
159949.SZ,20230417,1592878.5113
159949.SZ,20230414,1615878.5113
159949.SZ,20230413,1626678.5113
159949.SZ,20230412,1637478.5113
159949.SZ,20230411,1649678.5113
159949.SZ,20230410,1656678.5113
159949.SZ,20230407,1673278.5113
159949.SZ,20230406,1682878.5113
159949.SZ,20230404,1661878.5113
159949.SZ,20230403,1720078.5113
159949.SZ,20230331,1732078.5113
159949.SZ,20230330,1751078.5113
159949.SZ,20230329,1782078.5113
159949.SZ,20230328,1778478.5113
159949.SZ,20230327,1829878.5113
159949.SZ,20230324,1846478.5113
159949.SZ,20230323,1842278.5113
159949.SZ,20230322,1837078.5113
159949.SZ,20230321,1850878.5113
159949.SZ,20230320,1828278.5113
159949.SZ,20230317,1735878.5113
159949.SZ,20230316,1661078.5113
159949.SZ,20230315,1630078.5113
159949.SZ,20230314,1563678.5113
159949.SZ,20230313,1496678.5113
159949.SZ,20230310,1477278.5113
159949.SZ,20230309,1453478.5113
159949.SZ,20230308,1416478.5113
159949.SZ,20230307,1378478.5113
159949.SZ,20230306,1343878.5113
159949.SZ,20230303,1326878.5113
159949.SZ,20230302,1304478.5113
159949.SZ,20230301,1272478.5113
159949.SZ,20230228,1258878.5113
159949.SZ,20230227,1226678.5113
159949.SZ,20230224,1199278.5113
159949.SZ,20230223,1196278.5113
159949.SZ,20230222,1179278.5113
159949.SZ,20230221,1163278.5113
159949.SZ,20230220,1145078.5113
159949.SZ,20230217,1124678.5113
159949.SZ,20230216,1129078.5113
159949.SZ,20230215,1139478.5113
159949.SZ,20230214,1140878.5113
159949.SZ,20230213,1139678.5113
159949.SZ,20230210,1140278.5113
159949.SZ,20230209,1120278.5113
159949.SZ,20230208,1127278.5113
159949.SZ,20230207,1135078.5113
159949.SZ,20230206,1137678.5113
159949.SZ,20230203,1139278.5113
159949.SZ,20230202,1121678.5113
159949.SZ,20230201,1108278.5113
159949.SZ,20230131,1108278.5113
159949.SZ,20230130,1105878.5113
159949.SZ,20230120,1091078.5113
159949.SZ,20230119,1070878.5113
159949.SZ,20230118,1053478.5113
159949.SZ,20230117,1051478.5113
159949.SZ,20230116,1048078.5113
159949.SZ,20230113,1051278.5113
159949.SZ,20230112,1054078.5113
159949.SZ,20230111,1032678.5113
159949.SZ,20230110,1044078.5113
159949.SZ,20230109,1048078.5113
159949.SZ,20230106,1068078.5113
159949.SZ,20230105,1101478.5113
159949.SZ,20230104,1101478.5113
159949.SZ,20230103,1083878.5113
159949.SZ,20221231,1083878.5113
159949.SZ,20221230,1087078.5113
159949.SZ,20221229,1100278.5113
159949.SZ,20221228,1097278.5113
159949.SZ,20221227,1111278.5113
159949.SZ,20221226,1119078.5113
159949.SZ,20221223,1104078.5113
159949.SZ,20221222,1091278.5113
159949.SZ,20221221,1088878.5113
159949.SZ,20221220,1079278.5113
159949.SZ,20221219,1073678.5113
159949.SZ,20221216,1060078.5113
159949.SZ,20221215,1060478.5113
159949.SZ,20221214,1047478.5113
159949.SZ,20221213,1037278.5113
159949.SZ,20221212,1039878.5113
159949.SZ,20221209,1042078.5113
159949.SZ,20221208,1053678.5113
159949.SZ,20221207,1067878.5113
159949.SZ,20221206,1064278.5113
159949.SZ,20221205,1029078.5113
159949.SZ,20221202,1030678.5113
159949.SZ,20221201,1011278.5113
159949.SZ,20221130,1011078.5113
159949.SZ,20221129,1004478.5113
159949.SZ,20221128,986078.5113
159949.SZ,20221125,972478.5113
159949.SZ,20221124,974878.5113
159949.SZ,20221123,975078.5113
159949.SZ,20221122,969278.5113
159949.SZ,20221121,969678.5113
159949.SZ,20221118,1003478.5113
159949.SZ,20221117,980878.5113
159949.SZ,20221116,983078.5113
159949.SZ,20221115,970478.5113
159949.SZ,20221114,968278.5113
159949.SZ,20221111,978078.5113
159949.SZ,20221110,961678.5113
159949.SZ,20221109,956878.5113
159949.SZ,20221108,960678.5113
159949.SZ,20221107,977478.5113
159949.SZ,20221104,981878.5113
159949.SZ,20221103,962078.5113
159949.SZ,20221102,990878.5113
159949.SZ,20221101,989278.5113
159949.SZ,20221031,985478.5113
159949.SZ,20221028,951678.5113
159949.SZ,20221027,933478.5113
159949.SZ,20221026,958478.5113
159949.SZ,20221025,931478.5113
159949.SZ,20221024,909878.5113
159949.SZ,20221021,907278.5113
159949.SZ,20221020,907678.5113
159949.SZ,20221019,912478.5113
159949.SZ,20221018,920478.5113
159949.SZ,20221017,899478.5113
159949.SZ,20221014,920078.5113
159949.SZ,20221013,939878.5113
159949.SZ,20221012,934078.5113
159949.SZ,20221011,944678.5113
159949.SZ,20221010,929078.5113
159949.SZ,20220930,929078.5113
159949.SZ,20220929,908678.5113
159949.SZ,20220928,891878.5113
159949.SZ,20220927,891078.5113
159949.SZ,20220926,928678.5113
159949.SZ,20220923,904078.5113
159949.SZ,20220922,894478.5113
159949.SZ,20220921,867078.5113
159949.SZ,20220920,883478.5113
159949.SZ,20220919,868478.5113
159949.SZ,20220916,838278.5113
159949.SZ,20220915,803278.5113
159949.SZ,20220914,791478.5113
159949.SZ,20220913,793278.5113
159949.SZ,20220909,812278.5113
159949.SZ,20220908,800278.5113
159949.SZ,20220907,834278.5113
159949.SZ,20220906,814878.5113
159949.SZ,20220905,812078.5113
159949.SZ,20220902,795878.5113
159949.SZ,20220901,789478.5113
159949.SZ,20220831,773478.5113
159949.SZ,20220830,764278.5113
159949.SZ,20220829,761278.5113
159949.SZ,20220826,754078.5113
159949.SZ,20220825,755078.5113
159949.SZ,20220824,733278.5113
159949.SZ,20220823,737478.5113
159949.SZ,20220822,761078.5113
159949.SZ,20220819,755678.5113
159949.SZ,20220818,765278.5113
159949.SZ,20220817,759478.5113
159949.SZ,20220816,760878.5113
159949.SZ,20220815,781478.5113
159949.SZ,20220812,760478.5113
159949.SZ,20220811,766678.5113
159949.SZ,20220810,752878.5113
159949.SZ,20220809,761878.5113
159949.SZ,20220808,762878.5113
159949.SZ,20220805,765878.5113
159949.SZ,20220804,760878.5113
159949.SZ,20220803,758078.5113
159949.SZ,20220802,735878.5113
159949.SZ,20220801,761678.5113
159949.SZ,20220729,756278.5113
159949.SZ,20220728,754278.5113
159949.SZ,20220727,762078.5113
159949.SZ,20220726,759878.5113
159949.SZ,20220725,755078.5113
159949.SZ,20220722,763278.5113
159949.SZ,20220721,770478.5113
159949.SZ,20220720,779078.5113
159949.SZ,20220719,770678.5113
159949.SZ,20220718,762278.5113
159949.SZ,20220715,756078.5113
159949.SZ,20220714,783678.5113
159949.SZ,20220713,798678.5113
159949.SZ,20220712,792678.5113
159949.SZ,20220711,788478.5113
159949.SZ,20220708,787078.5113
159949.SZ,20220707,801678.5113
159949.SZ,20220706,814478.5113
159949.SZ,20220705,813078.5113
159949.SZ,20220704,813878.5113
159949.SZ,20220701,811478.5113
159949.SZ,20220630,811478.5113
159949.SZ,20220629,827078.5113
159949.SZ,20220628,824678.5113
159949.SZ,20220627,832078.5113
159949.SZ,20220624,820678.5113
159949.SZ,20220623,818678.5113
159949.SZ,20220622,839478.5113
159949.SZ,20220621,835278.5113
159949.SZ,20220620,858078.5113
159949.SZ,20220617,864678.5113
159949.SZ,20220616,874278.5113
159949.SZ,20220615,897678.5113
159949.SZ,20220614,897878.5113
159949.SZ,20220613,910678.5113
159949.SZ,20220610,918878.5113
159949.SZ,20220609,913078.5113
159949.SZ,20220608,922678.5113
159949.SZ,20220607,931878.5113
159949.SZ,20220606,952878.5113
159949.SZ,20220602,968278.5113
159949.SZ,20220601,1003278.5113
159949.SZ,20220531,1024478.5113
159949.SZ,20220530,1037078.5113
159949.SZ,20220527,1055278.5113
159949.SZ,20220526,1051078.5113
159949.SZ,20220525,1045278.5113
159949.SZ,20220524,1040478.5113
159949.SZ,20220523,1046078.5113
159949.SZ,20220520,1056678.5113
159949.SZ,20220519,1060478.5113
159949.SZ,20220518,1073278.5113
159949.SZ,20220517,1083478.5113
159949.SZ,20220516,1106678.5113
159949.SZ,20220513,1108678.5113
159949.SZ,20220512,1135678.5113
159949.SZ,20220511,1228478.5113
159949.SZ,20220510,1239478.5113
159949.SZ,20220509,1231478.5113
159949.SZ,20220506,1253878.5113
159949.SZ,20220505,1245478.5113
159949.SZ,20220429,1281878.5113
159949.SZ,20220428,1287878.5113
159949.SZ,20220427,1297078.5113
159949.SZ,20220426,1287278.5113
159949.SZ,20220425,1229078.5113
159949.SZ,20220422,1217478.5113
159949.SZ,20220421,1199478.5113
159949.SZ,20220420,1133878.5113
159949.SZ,20220419,1113078.5113
159949.SZ,20220418,1103678.5113
159949.SZ,20220415,1109278.5113
159949.SZ,20220414,1076678.5113
159949.SZ,20220413,1083278.5113
159949.SZ,20220412,1102078.5113
159949.SZ,20220411,1058678.5113
159949.SZ,20220408,1043878.5113
159949.SZ,20220407,1025478.5113
159949.SZ,20220406,1014678.5113
159949.SZ,20220401,1032878.5113
159949.SZ,20220331,1032878.5113
159949.SZ,20220330,1045278.5113
159949.SZ,20220329,1047078.5113
159949.SZ,20220328,999078.5113
159949.SZ,20220325,969478.5113
159949.SZ,20220324,972478.5113
159949.SZ,20220323,985478.5113
159949.SZ,20220322,980278.5113
159949.SZ,20220321,1013678.5113
159949.SZ,20220318,999478.5113
159949.SZ,20220317,1117878.5113
159949.SZ,20220316,1119878.5113
159949.SZ,20220315,1089278.5113
159949.SZ,20220314,1066878.5113
159949.SZ,20220311,1026678.5113
159949.SZ,20220310,1192478.5113
159949.SZ,20220309,1126278.5113
159949.SZ,20220308,1047678.5113
159949.SZ,20220307,991278.5113
159949.SZ,20220304,956678.5113
159949.SZ,20220303,922278.5113
159949.SZ,20220302,893278.5113
159949.SZ,20220301,905278.5113
159949.SZ,20220228,903478.5113
159949.SZ,20220225,933878.5113
159949.SZ,20220224,896678.5113
159949.SZ,20220223,910078.5113
159949.SZ,20220222,890078.5113
159949.SZ,20220221,878878.5113
159949.SZ,20220218,865878.5113
159949.SZ,20220217,905678.5113
159949.SZ,20220216,942678.5113
159949.SZ,20220215,986878.5113
159949.SZ,20220214,988278.5113
159949.SZ,20220211,955278.5113
159949.SZ,20220210,906278.5113
159949.SZ,20220209,924278.5113
159949.SZ,20220208,874478.5113
159949.SZ,20220207,875078.5113
159949.SZ,20220128,889278.5113
159949.SZ,20220127,869078.5113
159949.SZ,20220126,870878.5113
159949.SZ,20220125,854878.5113
159949.SZ,20220124,849078.5113
159949.SZ,20220121,813078.5113
159949.SZ,20220120,801278.5113
159949.SZ,20220119,742078.5113
159949.SZ,20220118,733878.5113
159949.SZ,20220117,742478.5113
159949.SZ,20220114,749678.5113
159949.SZ,20220113,736478.5113
159949.SZ,20220112,780878.5113
159949.SZ,20220111,749678.5113
159949.SZ,20220110,731878.5113
159949.SZ,20220107,714478.5113
159949.SZ,20220106,663278.5113
159949.SZ,20220105,630478.5113
159949.SZ,20220104,600078.5113
159949.SZ,20260731,1682578.5113
159949.SZ,20260730,1585678.5113
159949.SZ,20260729,1544278.5113
159949.SZ,20260728,1405678.5113
159949.SZ,20260727,1362478.5113
159949.SZ,20260724,1346578.5113
159949.SZ,20260723,1348278.5113
159949.SZ,20260722,1353078.5113
159949.SZ,20260721,1327878.5113
159949.SZ,20260720,1274578.5113
159949.SZ,20260717,1172878.5113
159949.SZ,20260716,1156078.5113
159949.SZ,20260715,1147778.5113
159949.SZ,20260714,1148278.5113
159949.SZ,20260713,1162078.5113
159949.SZ,20260710,1163178.5113
159949.SZ,20260709,1161978.5113
159949.SZ,20260708,1158778.5113
159949.SZ,20260707,1155778.5113
159949.SZ,20260706,1153678.5113
159949.SZ,20260703,1172578.5113
159949.SZ,20260702,1198478.5113
159949.SZ,20260701,1223078.5113
159949.SZ,20260630,1226178.5113
159949.SZ,20260629,1242578.5113
159949.SZ,20260626,1235778.5113
159949.SZ,20260625,1255278.5113
159949.SZ,20260624,1247178.5113
159949.SZ,20260623,1235478.5113
159949.SZ,20260622,1208178.5113
159949.SZ,20260618,1201478.5113
159949.SZ,20260617,1202878.5113
159949.SZ,20260616,1206678.5113
159949.SZ,20260615,1214878.5113
159949.SZ,20260612,1219378.5113
159949.SZ,20260611,1218178.5113
159949.SZ,20260610,1214778.5113
159949.SZ,20260609,1213478.5113
159949.SZ,20260608,1261078.5113
159949.SZ,20260605,1257378.5113
159949.SZ,20260604,1264978.5113
159949.SZ,20260603,1266778.5113
159949.SZ,20260602,1283778.5113
159949.SZ,20260601,1296378.5113
159949.SZ,20260529,1255978.5113
159949.SZ,20260528,1295878.5113
159949.SZ,20260527,1271578.5113
159949.SZ,20260526,1267278.5113
159949.SZ,20260525,1270778.5113
159949.SZ,20260522,1255578.5113
159949.SZ,20260521,1245278.5113
159949.SZ,20260520,1259378.5113
159949.SZ,20260519,1234078.5113
159949.SZ,20260518,1269778.5113
159949.SZ,20260515,1270278.5113
159949.SZ,20260514,1278078.5113
159949.SZ,20260513,1276478.5113
159949.SZ,20260512,1300278.5113
159949.SZ,20260511,1299178.5113
159949.SZ,20260508,1298378.5113
159949.SZ,20260507,1284478.5113
159949.SZ,20260506,1271378.5113
159949.SZ,20260430,1240778.5113
159949.SZ,20260429,1244278.5113
159949.SZ,20260428,1302378.5113
159949.SZ,20260427,1306678.5113
159949.SZ,20260424,1314178.5113
159949.SZ,20260423,1327278.5113
159949.SZ,20260422,1292578.5113
159949.SZ,20260421,1263578.5113
159949.SZ,20260420,1230978.5113
159949.SZ,20260417,1261178.5113
159949.SZ,20260416,1262378.5113
159949.SZ,20260415,1293278.5113
159949.SZ,20260414,1313078.5113
159949.SZ,20260413,1321178.5113
159949.SZ,20260410,1314378.5113
159949.SZ,20260409,1322878.5113
159949.SZ,20260408,1341678.5113
159949.SZ,20260407,1350178.5113
159949.SZ,20260403,1359478.5113
159949.SZ,20260402,1364878.5113
159949.SZ,20260401,1378578.5113
159949.SZ,20260331,1366478.5113
159949.SZ,20260330,1373778.5113
159949.SZ,20260327,1399978.5113
159949.SZ,20260326,1400178.5113
159949.SZ,20260325,1405478.5113
159949.SZ,20260324,1416678.5113
159949.SZ,20260323,1381978.5113
159949.SZ,20260320,1380678.5113
159949.SZ,20260319,1379378.5113
159949.SZ,20260318,1392678.5113
159949.SZ,20260317,1385178.5113
159949.SZ,20260316,1386278.5113
159949.SZ,20260313,1393778.5113
159949.SZ,20260312,1385378.5113
159949.SZ,20260311,1419478.5113
159949.SZ,20260310,1454678.5113
159949.SZ,20260309,1454778.5113
159949.SZ,20260306,1434478.5113
159949.SZ,20260305,1454578.5113
159949.SZ,20260304,1464178.5113
159949.SZ,20260303,1464178.5113
159949.SZ,20260302,1492078.5113
159949.SZ,20260227,1486778.5113
159949.SZ,20260226,1500678.5113
159949.SZ,20260225,1502378.5113
159949.SZ,20260224,1509278.5113
159949.SZ,20260213,1494978.5113
159949.SZ,20260212,1516378.5113
159949.SZ,20260211,1505378.5113
159949.SZ,20260210,1507378.5113
159949.SZ,20260209,1524278.5113
159949.SZ,20260206,1534078.5113
159949.SZ,20260205,1538678.5113
159949.SZ,20260204,1531078.5113
159949.SZ,20260203,1520878.5113
159949.SZ,20260202,1512178.5113
159949.SZ,20260130,1533978.5113
159949.SZ,20260129,1546078.5113
159949.SZ,20260128,1549478.5113
159949.SZ,20260127,1560878.5113
159949.SZ,20260126,1591178.5113
159949.SZ,20260123,1587478.5113
159949.SZ,20260122,1615278.5113
159949.SZ,20260121,1638678.5113
159949.SZ,20260120,1680878.5113
159949.SZ,20260119,1708878.5113
159949.SZ,20260117,1708878.5113
159949.SZ,20260116,1714378.5113
159949.SZ,20260115,1729478.5113
159949.SZ,20260114,1759078.5113
159949.SZ,20260113,1770678.5113
159949.SZ,20260112,1797178.5113
159949.SZ,20260109,1832978.5113
159949.SZ,20260108,1853478.5113
159949.SZ,20260107,1890778.5113
159949.SZ,20260106,1949778.5113
159949.SZ,20260105,2014078.5113
