code,trade_date,close
510300.SH,20211231,5.008
510300.SH,20211230,4.996
510300.SH,20211229,4.96
510300.SH,20211228,5.027
510300.SH,20211227,5.001
510300.SH,20211224,4.997
510300.SH,20211223,5.02
510300.SH,20211222,4.982
510300.SH,20211221,4.979
510300.SH,20211220,4.958
510300.SH,20211217,5.033
510300.SH,20211216,5.106
510300.SH,20211215,5.079
510300.SH,20211214,5.125
510300.SH,20211213,5.156
510300.SH,20211210,5.143
510300.SH,20211209,5.158
510300.SH,20211208,5.074
510300.SH,20211207,5.002
510300.SH,20211206,4.974
510300.SH,20211203,4.979
510300.SH,20211202,4.934
510300.SH,20211201,4.924
510300.SH,20211130,4.911
510300.SH,20211129,4.929
510300.SH,20211126,4.936
510300.SH,20211125,4.978
510300.SH,20211124,4.997
510300.SH,20211123,4.986
510300.SH,20211122,4.983
510300.SH,20211119,4.97
510300.SH,20211118,4.915
510300.SH,20211117,4.959
510300.SH,20211116,4.96
510300.SH,20211115,4.964
510300.SH,20211112,4.97
510300.SH,20211111,4.972
510300.SH,20211110,4.892
510300.SH,20211109,4.917
510300.SH,20211108,4.919
510300.SH,20211105,4.923
510300.SH,20211104,4.94
510300.SH,20211103,4.893
510300.SH,20211102,4.913
510300.SH,20211101,4.965
510300.SH,20211029,4.981
510300.SH,20211028,4.949
510300.SH,20211027,4.97
510300.SH,20211026,5.036
510300.SH,20211025,5.053
510300.SH,20211022,5.036
510300.SH,20211021,5.003
510300.SH,20211020,4.981
510300.SH,20211019,4.995
510300.SH,20211018,4.948
510300.SH,20211015,5.006
510300.SH,20211014,4.982
510300.SH,20211013,5.009
510300.SH,20211012,4.953
510300.SH,20211011,5.005
510300.SH,20211008,5.006
510300.SH,20210930,4.935
510300.SH,20210929,4.921
510300.SH,20210928,4.954
510300.SH,20210927,4.963
510300.SH,20210924,4.931
510300.SH,20210923,4.924
510300.SH,20210922,4.895
510300.SH,20210917,4.928
510300.SH,20210916,4.889
510300.SH,20210915,4.945
510300.SH,20210914,4.998
510300.SH,20210913,5.064
510300.SH,20210910,5.091
510300.SH,20210909,5.042
510300.SH,20210908,5.044
510300.SH,20210907,5.065
510300.SH,20210906,5.002
510300.SH,20210903,4.918
510300.SH,20210902,4.945
510300.SH,20210901,4.949
510300.SH,20210831,4.879
510300.SH,20210830,4.881
510300.SH,20210827,4.899
510300.SH,20210826,4.886
510300.SH,20210825,4.971
510300.SH,20210824,4.957
510300.SH,20210823,4.905
510300.SH,20210820,4.833
510300.SH,20210819,4.923
510300.SH,20210818,4.957
510300.SH,20210817,4.904
510300.SH,20210816,5.016
510300.SH,20210813,5.019
510300.SH,20210812,5.046
510300.SH,20210811,5.078
510300.SH,20210810,5.105
510300.SH,20210809,5.048
510300.SH,20210806,4.993
510300.SH,20210805,5.009
510300.SH,20210804,5.039
510300.SH,20210803,4.995
510300.SH,20210802,4.993
510300.SH,20210730,4.872
510300.SH,20210729,4.906
510300.SH,20210728,4.819
510300.SH,20210727,4.809
510300.SH,20210726,4.982
510300.SH,20210723,5.157
510300.SH,20210722,5.209
510300.SH,20210721,5.204
510300.SH,20210720,5.165
510300.SH,20210719,5.178
510300.SH,20210716,5.156
510300.SH,20210715,5.207
510300.SH,20210714,5.139
510300.SH,20210713,5.196
510300.SH,20210712,5.18
510300.SH,20210709,5.112
510300.SH,20210708,5.136
510300.SH,20210707,5.18
510300.SH,20210706,5.127
510300.SH,20210705,5.12
510300.SH,20210702,5.113
510300.SH,20210701,5.254
510300.SH,20210630,5.256
510300.SH,20210629,5.225
510300.SH,20210628,5.279
510300.SH,20210625,5.27
510300.SH,20210624,5.189
510300.SH,20210623,5.176
510300.SH,20210622,5.145
510300.SH,20210621,5.119
510300.SH,20210618,5.126
510300.SH,20210617,5.121
510300.SH,20210616,5.11
510300.SH,20210615,5.181
510300.SH,20210611,5.24
510300.SH,20210610,5.289
510300.SH,20210609,5.255
510300.SH,20210608,5.247
510300.SH,20210607,5.289
510300.SH,20210604,5.295
510300.SH,20210603,5.262
510300.SH,20210602,5.303
510300.SH,20210601,5.346
510300.SH,20210531,5.338
510300.SH,20210528,5.332
510300.SH,20210527,5.347
510300.SH,20210526,5.328
510300.SH,20210525,5.327
510300.SH,20210524,5.163
510300.SH,20210521,5.135
510300.SH,20210520,5.19
510300.SH,20210519,5.176
510300.SH,20210518,5.19
510300.SH,20210517,5.188
510300.SH,20210514,5.127
510300.SH,20210513,5.001
510300.SH,20210512,5.056
510300.SH,20210511,5.025
510300.SH,20210510,4.999
510300.SH,20210507,5.0
510300.SH,20210506,5.061
510300.SH,20210430,5.128
510300.SH,20210429,5.173
510300.SH,20210428,5.127
510300.SH,20210427,5.089
510300.SH,20210426,5.076
510300.SH,20210423,5.14
510300.SH,20210422,5.089
510300.SH,20210421,5.093
510300.SH,20210420,5.081
510300.SH,20210419,5.089
510300.SH,20210416,4.963
510300.SH,20210415,4.947
510300.SH,20210414,4.975
510300.SH,20210413,4.947
510300.SH,20210412,4.954
510300.SH,20210409,5.038
510300.SH,20210408,5.109
510300.SH,20210407,5.098
510300.SH,20210406,5.133
510300.SH,20210402,5.161
510300.SH,20210401,5.112
510300.SH,20210331,5.05
510300.SH,20210330,5.087
510300.SH,20210329,5.043
510300.SH,20210326,5.033
510300.SH,20210325,4.929
510300.SH,20210324,4.933
510300.SH,20210323,5.009
510300.SH,20210322,5.054
510300.SH,20210319,4.997
510300.SH,20210318,5.136
510300.SH,20210317,5.096
510300.SH,20210316,5.073
510300.SH,20210315,5.04
510300.SH,20210312,5.142
510300.SH,20210311,5.129
510300.SH,20210310,5.0
510300.SH,20210309,4.979
510300.SH,20210308,5.08
510300.SH,20210305,5.266
510300.SH,20210304,5.287
510300.SH,20210303,5.454
510300.SH,20210302,5.349
510300.SH,20210301,5.418
510300.SH,20210226,5.329
510300.SH,20210225,5.478
510300.SH,20210224,5.427
510300.SH,20210223,5.574
510300.SH,20210222,5.589
510300.SH,20210219,5.796
510300.SH,20210218,5.764
510300.SH,20210210,5.807
510300.SH,20210209,5.692
510300.SH,20210208,5.554
510300.SH,20210205,5.482
510300.SH,20210204,5.474
510300.SH,20210203,5.485
510300.SH,20210202,5.491
510300.SH,20210201,5.411
510300.SH,20210129,5.348
510300.SH,20210128,5.385
510300.SH,20210127,5.521
510300.SH,20210126,5.511
510300.SH,20210125,5.631
510300.SH,20210122,5.565
510300.SH,20210121,5.562
510300.SH,20210120,5.468
510300.SH,20210119,5.438
510300.SH,20210118,5.513
510300.SH,20210115,5.526
510300.SH,20210114,5.543
510300.SH,20210113,5.646
510300.SH,20210112,5.668
510300.SH,20210111,5.508
510300.SH,20210108,5.571
510300.SH,20210107,5.599
510300.SH,20210106,5.482
510300.SH,20210105,5.433
510300.SH,20210104,5.334
510300.SH,20201231,5.287
510300.SH,20201230,5.178
510300.SH,20201229,5.114
510300.SH,20201228,5.13
510300.SH,20201225,5.116
510300.SH,20201224,5.074
510300.SH,20201223,5.074
510300.SH,20201222,5.033
510300.SH,20201221,5.11
510300.SH,20201218,5.065
510300.SH,20201217,5.094
510300.SH,20201216,5.023
510300.SH,20201215,5.013
510300.SH,20201214,4.998
510300.SH,20201211,4.954
510300.SH,20201210,5.01
510300.SH,20201209,5.02
510300.SH,20201208,5.08
510300.SH,20201207,5.096
510300.SH,20201204,5.14
510300.SH,20201203,5.129
510300.SH,20201202,5.131
510300.SH,20201201,5.142
510300.SH,20201130,5.031
510300.SH,20201127,5.056
510300.SH,20201126,4.985
510300.SH,20201125,4.978
510300.SH,20201124,5.04
510300.SH,20201123,5.072
510300.SH,20201120,5.014
510300.SH,20201119,4.999
510300.SH,20201118,4.957
510300.SH,20201117,4.964
510300.SH,20201116,4.973
510300.SH,20201113,4.92
510300.SH,20201112,4.971
510300.SH,20201111,4.974
510300.SH,20201110,5.021
510300.SH,20201109,5.048
510300.SH,20201106,4.951
510300.SH,20201105,4.949
510300.SH,20201104,4.873
510300.SH,20201103,4.836
510300.SH,20201102,4.785
510300.SH,20201030,4.757
510300.SH,20201029,4.848
510300.SH,20201028,4.804
510300.SH,20201027,4.764
510300.SH,20201026,4.75
510300.SH,20201023,4.786
510300.SH,20201022,4.842
510300.SH,20201021,4.858
510300.SH,20201020,4.852
510300.SH,20201019,4.822
510300.SH,20201016,4.853
510300.SH,20201015,4.867
510300.SH,20201014,4.879
510300.SH,20201013,4.903
510300.SH,20201012,4.887
510300.SH,20201009,4.739
510300.SH,20200930,4.646
510300.SH,20200929,4.66
510300.SH,20200928,4.649
510300.SH,20200925,4.639
510300.SH,20200924,4.636
510300.SH,20200923,4.713
510300.SH,20200922,4.699
510300.SH,20200921,4.756
510300.SH,20200918,4.811
510300.SH,20200917,4.69
510300.SH,20200916,4.719
510300.SH,20200915,4.747
510300.SH,20200914,4.712
510300.SH,20200911,4.685
510300.SH,20200910,4.649
510300.SH,20200909,4.645
510300.SH,20200908,4.756
510300.SH,20200907,4.732
510300.SH,20200904,4.829
510300.SH,20200903,4.884
510300.SH,20200902,4.904
510300.SH,20200901,4.908
510300.SH,20200831,4.874
510300.SH,20200828,4.917
510300.SH,20200827,4.799
510300.SH,20200826,4.763
510300.SH,20200825,4.822
510300.SH,20200824,4.813
510300.SH,20200821,4.783
510300.SH,20200820,4.743
510300.SH,20200819,4.794
510300.SH,20200818,4.87
510300.SH,20200817,4.877
510300.SH,20200814,4.778
510300.SH,20200813,4.687
510300.SH,20200812,4.702
510300.SH,20200811,4.734
510300.SH,20200810,4.781
510300.SH,20200807,4.765
510300.SH,20200806,4.813
510300.SH,20200805,4.831
510300.SH,20200804,4.829
510300.SH,20200803,4.825
510300.SH,20200731,4.75
510300.SH,20200730,4.714
510300.SH,20200729,4.749
510300.SH,20200728,4.617
510300.SH,20200727,4.582
510300.SH,20200724,4.554
510300.SH,20200723,4.766
510300.SH,20200722,4.792
510300.SH,20200721,4.739
510300.SH,20200720,4.727
510300.SH,20200717,4.605
510300.SH,20200716,4.556
510300.SH,20200715,4.784
510300.SH,20200714,4.842
510300.SH,20200713,4.885
510300.SH,20200710,4.785
510300.SH,20200709,4.872
510300.SH,20200708,4.798
510300.SH,20200707,4.736
510300.SH,20200706,4.784
510300.SH,20200703,4.457
510300.SH,20200702,4.37
510300.SH,20200701,4.272
510300.SH,20200630,4.178
510300.SH,20200629,4.128
510300.SH,20200624,4.164
510300.SH,20200623,4.128
510300.SH,20200622,4.109
510300.SH,20200619,4.105
510300.SH,20200618,4.053
510300.SH,20200617,4.022
510300.SH,20200616,4.018
510300.SH,20200615,3.956
510300.SH,20200612,4.013
510300.SH,20200611,4.003
510300.SH,20200610,4.04
510300.SH,20200609,4.049
510300.SH,20200608,4.022
510300.SH,20200605,4.003
510300.SH,20200604,3.98
510300.SH,20200603,3.978
510300.SH,20200602,3.979
510300.SH,20200601,3.968
510300.SH,20200529,3.866
510300.SH,20200528,3.85
510300.SH,20200527,3.845
510300.SH,20200526,3.863
510300.SH,20200525,3.817
510300.SH,20200522,3.815
510300.SH,20200521,3.901
510300.SH,20200520,3.927
510300.SH,20200519,3.943
510300.SH,20200518,3.914
510300.SH,20200515,3.902
510300.SH,20200514,3.921
510300.SH,20200513,3.954
510300.SH,20200512,3.945
510300.SH,20200511,3.946
510300.SH,20200508,3.953
510300.SH,20200507,3.911
510300.SH,20200506,3.918
510300.SH,20200430,3.908
510300.SH,20200429,3.851
510300.SH,20200428,3.831
510300.SH,20200427,3.807
510300.SH,20200424,3.79
510300.SH,20200423,3.822
510300.SH,20200422,3.829
510300.SH,20200421,3.795
510300.SH,20200420,3.835
510300.SH,20200417,3.819
510300.SH,20200416,3.785
510300.SH,20200415,3.783
510300.SH,20200414,3.805
510300.SH,20200413,3.743
510300.SH,20200410,3.764
510300.SH,20200409,3.776
510300.SH,20200408,3.765
510300.SH,20200407,3.78
510300.SH,20200403,3.697
510300.SH,20200402,3.723
510300.SH,20200401,3.673
510300.SH,20200331,3.669
510300.SH,20200330,3.666
510300.SH,20200327,3.7
510300.SH,20200326,3.683
510300.SH,20200325,3.706
510300.SH,20200324,3.611
510300.SH,20200323,3.526
510300.SH,20200320,3.644
510300.SH,20200319,3.596
510300.SH,20200318,3.631
510300.SH,20200317,3.693
510300.SH,20200316,3.726
510300.SH,20200313,3.889
510300.SH,20200312,3.948
510300.SH,20200311,4.011
510300.SH,20200310,4.078
510300.SH,20200309,3.99
510300.SH,20200306,4.121
510300.SH,20200305,4.2
510300.SH,20200304,4.102
510300.SH,20200303,4.073
510300.SH,20200302,4.076
510300.SH,20200228,3.933
510300.SH,20200227,4.071
510300.SH,20200226,4.07
510300.SH,20200225,4.104
510300.SH,20200224,4.112
510300.SH,20200221,4.145
510300.SH,20200220,4.131
510300.SH,20200219,4.04
510300.SH,20200218,4.039
510300.SH,20200217,4.064
510300.SH,20200214,3.977
510300.SH,20200213,3.95
510300.SH,20200212,3.971
510300.SH,20200211,3.943
510300.SH,20200210,3.901
510300.SH,20200207,3.888
510300.SH,20200206,3.897
510300.SH,20200205,3.807
510300.SH,20200204,3.77
510300.SH,20200203,3.659
510300.SH,20200123,3.996
510300.SH,20200122,4.119
510300.SH,20200121,4.105
510300.SH,20200120,4.181
510300.SH,20200117,4.151
510300.SH,20200116,4.146
510300.SH,20200115,4.152
510300.SH,20200114,4.184
510300.SH,20200113,4.202
510300.SH,20200110,4.157
510300.SH,20200109,4.158
510300.SH,20200108,4.114
510300.SH,20200107,4.155
510300.SH,20200106,4.123
510300.SH,20200103,4.139
510300.SH,20200102,4.149
510300.SH,20191231,4.096
510300.SH,20191230,4.075
510300.SH,20191227,4.017
510300.SH,20191226,4.021
510300.SH,20191225,3.992
510300.SH,20191224,3.985
510300.SH,20191223,3.964
510300.SH,20191220,4.016
510300.SH,20191219,4.02
510300.SH,20191218,4.027
510300.SH,20191217,4.042
510300.SH,20191216,3.98
510300.SH,20191213,3.968
510300.SH,20191212,3.889
510300.SH,20191211,3.9
510300.SH,20191210,3.956
510300.SH,20191209,3.953
510300.SH,20191206,3.966
510300.SH,20191205,3.942
510300.SH,20191204,3.913
510300.SH,20191203,3.911
510300.SH,20191202,3.895
510300.SH,20191129,3.887
510300.SH,20191128,3.93
510300.SH,20191127,3.936
510300.SH,20191126,3.942
510300.SH,20191125,3.936
510300.SH,20191122,3.908
510300.SH,20191121,3.95
510300.SH,20191120,3.97
510300.SH,20191119,4.011
510300.SH,20191118,3.971
510300.SH,20191115,3.943
510300.SH,20191114,3.962
510300.SH,20191113,3.959
510300.SH,20191112,3.962
510300.SH,20191111,3.967
510300.SH,20191108,4.034
510300.SH,20191107,4.05
510300.SH,20191106,4.045
510300.SH,20191105,4.062
510300.SH,20191104,4.039
510300.SH,20191101,4.026
510300.SH,20191031,3.945
510300.SH,20191030,3.947
510300.SH,20191029,3.973
510300.SH,20191028,3.986
510300.SH,20191025,3.963
510300.SH,20191024,3.939
510300.SH,20191023,3.934
510300.SH,20191022,3.955
510300.SH,20191021,3.94
510300.SH,20191018,3.931
510300.SH,20191017,3.989
510300.SH,20191016,3.983
510300.SH,20191015,3.997
510300.SH,20191014,4.01
510300.SH,20191011,3.981
510300.SH,20191010,3.933
510300.SH,20191009,3.905
510300.SH,20191008,3.894
510300.SH,20190930,3.869
510300.SH,20190927,3.916
510300.SH,20190926,3.907
510300.SH,20190925,3.934
510300.SH,20190924,3.961
510300.SH,20190923,3.958
510300.SH,20190920,3.993
510300.SH,20190919,3.987
510300.SH,20190918,3.968
510300.SH,20190917,3.951
510300.SH,20190916,4.024
510300.SH,20190912,4.038
510300.SH,20190911,3.997
510300.SH,20190910,4.026
510300.SH,20190909,4.037
510300.SH,20190906,4.021
510300.SH,20190905,3.994
510300.SH,20190904,3.957
510300.SH,20190903,3.908
510300.SH,20190902,3.904
510300.SH,20190830,3.861
510300.SH,20190829,3.851
510300.SH,20190828,3.862
510300.SH,20190827,3.874
510300.SH,20190826,3.834
510300.SH,20190823,3.877
510300.SH,20190822,3.85
510300.SH,20190821,3.842
510300.SH,20190820,3.843
510300.SH,20190819,3.859
510300.SH,20190816,3.769
510300.SH,20190815,3.753
510300.SH,20190814,3.738
510300.SH,20190813,3.724
510300.SH,20190812,3.756
510300.SH,20190809,3.697
510300.SH,20190808,3.726
510300.SH,20190807,3.672
510300.SH,20190806,3.696
510300.SH,20190805,3.735
510300.SH,20190802,3.801
510300.SH,20190801,3.86
510300.SH,20190731,3.896
510300.SH,20190730,3.924
510300.SH,20190729,3.906
510300.SH,20190726,3.912
510300.SH,20190725,3.907
510300.SH,20190724,3.872
510300.SH,20190723,3.841
510300.SH,20190722,3.832
510300.SH,20190719,3.862
510300.SH,20190718,3.822
510300.SH,20190717,3.847
510300.SH,20190716,3.853
510300.SH,20190715,3.869
510300.SH,20190712,3.855
510300.SH,20190711,3.824
510300.SH,20190710,3.823
510300.SH,20190709,3.822
510300.SH,20190708,3.831
510300.SH,20190705,3.921
510300.SH,20190704,3.901
510300.SH,20190703,3.927
510300.SH,20190702,3.96
510300.SH,20190701,3.954
510300.SH,20190628,3.859
510300.SH,20190627,3.86
510300.SH,20190626,3.818
510300.SH,20190625,3.817
510300.SH,20190624,3.856
510300.SH,20190621,3.85
510300.SH,20190620,3.843
510300.SH,20190619,3.735
510300.SH,20190618,3.681
510300.SH,20190617,3.673
510300.SH,20190614,3.67
510300.SH,20190613,3.692
510300.SH,20190612,3.699
510300.SH,20190611,3.727
510300.SH,20190610,3.614
510300.SH,20190606,3.568
510300.SH,20190605,3.599
510300.SH,20190604,3.607
510300.SH,20190603,3.64
510300.SH,20190531,3.632
510300.SH,20190530,3.65
510300.SH,20190529,3.652
510300.SH,20190528,3.65
510300.SH,20190527,3.633
510300.SH,20190524,3.59
510300.SH,20190523,3.584
510300.SH,20190522,3.642
510300.SH,20190521,3.651
510300.SH,20190520,3.606
510300.SH,20190517,3.646
510300.SH,20190516,3.73
510300.SH,20190515,3.712
510300.SH,20190514,3.634
510300.SH,20190513,3.652
510300.SH,20190510,3.72
510300.SH,20190509,3.607
510300.SH,20190508,3.659
510300.SH,20190507,3.707
510300.SH,20190506,3.673
510300.SH,20190430,3.896
510300.SH,20190429,3.894
510300.SH,20190426,3.879
510300.SH,20190425,3.933
510300.SH,20190424,4.016
510300.SH,20190423,4.01
510300.SH,20190422,4.017
510300.SH,20190419,4.12
510300.SH,20190418,4.06
510300.SH,20190417,4.067
510300.SH,20190416,4.077
510300.SH,20190415,3.957
510300.SH,20190412,3.982
510300.SH,20190411,3.996
510300.SH,20190410,4.066
510300.SH,20190409,4.06
510300.SH,20190408,4.036
510300.SH,20190404,4.062
510300.SH,20190403,4.015
510300.SH,20190402,3.962
510300.SH,20190401,3.969
510300.SH,20190329,3.869
510300.SH,20190328,3.717
510300.SH,20190327,3.727
510300.SH,20190326,3.695
510300.SH,20190325,3.734
510300.SH,20190322,3.829
510300.SH,20190321,3.824
510300.SH,20190320,3.822
510300.SH,20190319,3.822
510300.SH,20190318,3.85
510300.SH,20190315,3.735
510300.SH,20190314,3.686
510300.SH,20190313,3.713
510300.SH,20190312,3.735
510300.SH,20190311,3.71
510300.SH,20190308,3.661
510300.SH,20190307,3.793
510300.SH,20190306,3.835
510300.SH,20190305,3.809
510300.SH,20190304,3.777
510300.SH,20190301,3.738
510300.SH,20190228,3.663
510300.SH,20190227,3.67
510300.SH,20190226,3.69
510300.SH,20190225,3.775
510300.SH,20190222,3.526
510300.SH,20190221,3.434
510300.SH,20190220,3.438
510300.SH,20190219,3.429
510300.SH,20190218,3.438
510300.SH,20190215,3.341
510300.SH,20190214,3.397
510300.SH,20190213,3.393
510300.SH,20190212,3.324
510300.SH,20190211,3.3
510300.SH,20190201,3.255
510300.SH,20190131,3.202
510300.SH,20190130,3.172
510300.SH,20190129,3.193
510300.SH,20190128,3.179
510300.SH,20190125,3.183
510300.SH,20190124,3.159
510300.SH,20190123,3.135
510300.SH,20190122,3.143
510300.SH,20190121,3.183
510300.SH,20190118,3.166
510300.SH,20190117,3.112
510300.SH,20190116,3.129
510300.SH,20190115,3.188
510300.SH,20190114,3.129
510300.SH,20190111,3.156
510300.SH,20190110,3.133
510300.SH,20190109,3.13
510300.SH,20190108,3.107
510300.SH,20190107,3.107
510300.SH,20190104,3.094
510300.SH,20190103,3.017
510300.SH,20190102,3.017
510300.SH,20181228,3.059
510300.SH,20181227,3.052
510300.SH,20181226,3.059
510300.SH,20181225,3.076
510300.SH,20181224,3.095
510300.SH,20181221,3.088
510300.SH,20181220,3.127
510300.SH,20181219,3.15
510300.SH,20181218,3.183
510300.SH,20181217,3.223
510300.SH,20181214,3.227
510300.SH,20181213,3.284
510300.SH,20181212,3.229
510300.SH,20181211,3.218
510300.SH,20181210,3.205
510300.SH,20181207,3.235
510300.SH,20181206,3.242
510300.SH,20181205,3.309
510300.SH,20181204,3.324
510300.SH,20181203,3.319
510300.SH,20181130,3.235
510300.SH,20181129,3.202
510300.SH,20181128,3.234
510300.SH,20181127,3.186
510300.SH,20181126,3.189
510300.SH,20181123,3.184
510300.SH,20181122,3.269
510300.SH,20181121,3.278
510300.SH,20181120,3.275
510300.SH,20181119,3.348
510300.SH,20181116,3.311
510300.SH,20181115,3.301
510300.SH,20181114,3.258
510300.SH,20181113,3.298
510300.SH,20181112,3.264
510300.SH,20181109,3.228
510300.SH,20181108,3.269
510300.SH,20181107,3.272
510300.SH,20181106,3.299
510300.SH,20181105,3.32
510300.SH,20181102,3.363
510300.SH,20181101,3.228
510300.SH,20181031,3.205
510300.SH,20181030,3.168
510300.SH,20181029,3.131
510300.SH,20181026,3.228
510300.SH,20181025,3.261
510300.SH,20181024,3.245
510300.SH,20181023,3.24
510300.SH,20181022,3.353
510300.SH,20181019,3.185
510300.SH,20181018,3.106
510300.SH,20181017,3.176
510300.SH,20181016,3.165
510300.SH,20181015,3.186
510300.SH,20181012,3.233
510300.SH,20181011,3.174
510300.SH,20181010,3.346
510300.SH,20181009,3.348
510300.SH,20181008,3.341
510300.SH,20180928,3.508
510300.SH,20180927,3.472
510300.SH,20180926,3.487
510300.SH,20180925,3.449
510300.SH,20180921,3.484
510300.SH,20180920,3.378
510300.SH,20180919,3.38
510300.SH,20180918,3.335
510300.SH,20180917,3.272
510300.SH,20180914,3.303
510300.SH,20180913,3.298
510300.SH,20180912,3.263
510300.SH,20180911,3.286
510300.SH,20180910,3.298
510300.SH,20180907,3.346
510300.SH,20180906,3.324
510300.SH,20180905,3.353
510300.SH,20180904,3.423
510300.SH,20180903,3.383
510300.SH,20180831,3.39
510300.SH,20180830,3.416
510300.SH,20180829,3.45
510300.SH,20180828,3.463
510300.SH,20180827,3.473
510300.SH,20180824,3.388
510300.SH,20180823,3.383
510300.SH,20180822,3.373
510300.SH,20180821,3.379
510300.SH,20180820,3.322
510300.SH,20180817,3.287
510300.SH,20180816,3.338
510300.SH,20180815,3.352
510300.SH,20180814,3.434
510300.SH,20180813,3.449
510300.SH,20180810,3.464
510300.SH,20180809,3.458
510300.SH,20180808,3.377
510300.SH,20180807,3.427
510300.SH,20180806,3.334
510300.SH,20180803,3.369
510300.SH,20180802,3.417
510300.SH,20180801,3.495
510300.SH,20180731,3.575
510300.SH,20180730,3.562
510300.SH,20180727,3.582
510300.SH,20180726,3.591
510300.SH,20180725,3.638
510300.SH,20180724,3.639
510300.SH,20180723,3.573
510300.SH,20180720,3.55
510300.SH,20180719,3.483
510300.SH,20180718,3.481
510300.SH,20180717,3.497
510300.SH,20180716,3.519
510300.SH,20180713,3.534
510300.SH,20180712,3.528
510300.SH,20180711,3.445
510300.SH,20180710,3.503
510300.SH,20180709,3.494
510300.SH,20180706,3.395
510300.SH,20180705,3.366
510300.SH,20180704,3.394
510300.SH,20180703,3.43
510300.SH,20180702,3.443
510300.SH,20180629,3.537
510300.SH,20180628,3.446
510300.SH,20180627,3.466
510300.SH,20180626,3.55
510300.SH,20180625,3.585
510300.SH,20180622,3.636
510300.SH,20180621,3.62
510300.SH,20180620,3.65
510300.SH,20180619,3.65
510300.SH,20180615,3.78
510300.SH,20180614,3.786
510300.SH,20180613,3.796
510300.SH,20180612,3.835
510300.SH,20180611,3.797
510300.SH,20180608,3.787
510300.SH,20180607,3.838
510300.SH,20180606,3.839
510300.SH,20180605,3.846
510300.SH,20180604,3.814
510300.SH,20180601,3.777
510300.SH,20180531,3.803
510300.SH,20180530,3.727
510300.SH,20180529,3.799
510300.SH,20180528,3.835
510300.SH,20180525,3.811
510300.SH,20180524,3.82
510300.SH,20180523,3.851
510300.SH,20180522,3.902
510300.SH,20180521,3.918
510300.SH,20180518,3.899
510300.SH,20180517,3.857
510300.SH,20180516,3.89
510300.SH,20180515,3.922
510300.SH,20180514,3.907
510300.SH,20180511,3.873
510300.SH,20180510,3.896
510300.SH,20180509,3.87
510300.SH,20180508,3.881
510300.SH,20180507,3.831
510300.SH,20180504,3.77
510300.SH,20180503,3.788
510300.SH,20180502,3.766
510300.SH,20180427,3.754
510300.SH,20180426,3.746
510300.SH,20180425,3.822
510300.SH,20180424,3.845
510300.SH,20180423,3.766
510300.SH,20180420,3.75
510300.SH,20180419,3.809
510300.SH,20180418,3.756
510300.SH,20180417,3.748
510300.SH,20180416,3.804
510300.SH,20180413,3.865
510300.SH,20180412,3.892
510300.SH,20180411,3.933
510300.SH,20180410,3.928
510300.SH,20180409,3.853
510300.SH,20180404,3.848
510300.SH,20180403,3.858
510300.SH,20180402,3.883
510300.SH,20180330,3.896
510300.SH,20180329,3.902
510300.SH,20180328,3.832
510300.SH,20180327,3.911
510300.SH,20180326,3.876
510300.SH,20180323,3.894
510300.SH,20180322,4.013
510300.SH,20180321,4.049
510300.SH,20180320,4.07
510300.SH,20180319,4.072
510300.SH,20180316,4.05
510300.SH,20180315,4.095
510300.SH,20180314,4.065
510300.SH,20180313,4.079
510300.SH,20180312,4.123
510300.SH,20180309,4.111
510300.SH,20180308,4.081
510300.SH,20180307,4.04
510300.SH,20180306,4.073
510300.SH,20180305,4.013
510300.SH,20180302,4.022
510300.SH,20180301,4.049
510300.SH,20180228,4.02
510300.SH,20180227,4.061
510300.SH,20180226,4.12
510300.SH,20180223,4.068
510300.SH,20180222,4.046
510300.SH,20180214,3.964
510300.SH,20180213,3.929
510300.SH,20180212,3.882
510300.SH,20180209,3.827
510300.SH,20180208,4.012
510300.SH,20180207,4.045
510300.SH,20180206,4.143
510300.SH,20180205,4.263
510300.SH,20180202,4.267
510300.SH,20180201,4.241
510300.SH,20180131,4.271
510300.SH,20180130,4.258
510300.SH,20180129,4.302
510300.SH,20180126,4.385
510300.SH,20180125,4.363
510300.SH,20180124,4.391
510300.SH,20180123,4.388
510300.SH,20180122,4.39
510300.SH,20180119,4.335
510300.SH,20180118,4.323
510300.SH,20180117,4.295
510300.SH,20180116,4.308
510300.SH,20180115,4.265
510300.SH,20180112,4.273
510300.SH,20180111,4.25
510300.SH,20180110,4.256
510300.SH,20180109,4.238
510300.SH,20180108,4.204
510300.SH,20180105,4.187
510300.SH,20180104,4.171
510300.SH,20180103,4.158
510300.SH,20180102,4.136
510300.SH,20251231,4.753
510300.SH,20251230,4.773
510300.SH,20251229,4.763
510300.SH,20251226,4.784
510300.SH,20251225,4.766
510300.SH,20251224,4.757
510300.SH,20251223,4.74
510300.SH,20251222,4.73
510300.SH,20251219,4.688
510300.SH,20251218,4.668
510300.SH,20251217,4.699
510300.SH,20251216,4.62
510300.SH,20251215,4.667
510300.SH,20251212,4.694
510300.SH,20251211,4.668
510300.SH,20251210,4.702
510300.SH,20251209,4.708
510300.SH,20251208,4.732
510300.SH,20251205,4.698
510300.SH,20251204,4.657
510300.SH,20251203,4.645
510300.SH,20251202,4.666
510300.SH,20251201,4.687
510300.SH,20251128,4.635
510300.SH,20251127,4.622
510300.SH,20251126,4.626
510300.SH,20251125,4.597
510300.SH,20251124,4.557
510300.SH,20251121,4.564
510300.SH,20251120,4.676
510300.SH,20251119,4.697
510300.SH,20251118,4.683
510300.SH,20251117,4.71
510300.SH,20251114,4.741
510300.SH,20251113,4.812
510300.SH,20251112,4.765
510300.SH,20251111,4.763
510300.SH,20251110,4.807
510300.SH,20251107,4.795
510300.SH,20251106,4.805
510300.SH,20251105,4.735
510300.SH,20251104,4.729
510300.SH,20251103,4.763
510300.SH,20251031,4.756
510300.SH,20251030,4.823
510300.SH,20251029,4.862
510300.SH,20251028,4.802
510300.SH,20251027,4.826
510300.SH,20251024,4.77
510300.SH,20251023,4.713
510300.SH,20251022,4.695
510300.SH,20251021,4.71
510300.SH,20251020,4.64
510300.SH,20251017,4.624
510300.SH,20251016,4.721
510300.SH,20251015,4.706
510300.SH,20251014,4.645
510300.SH,20251013,4.692
510300.SH,20251010,4.719
510300.SH,20251009,4.816
510300.SH,20250930,4.741
510300.SH,20250929,4.728
510300.SH,20250926,4.651
510300.SH,20250925,4.695
510300.SH,20250924,4.663
510300.SH,20250923,4.622
510300.SH,20250922,4.619
510300.SH,20250919,4.604
510300.SH,20250918,4.594
510300.SH,20250917,4.653
510300.SH,20250916,4.62
510300.SH,20250915,4.629
510300.SH,20250912,4.621
510300.SH,20250911,4.66
510300.SH,20250910,4.538
510300.SH,20250909,4.528
510300.SH,20250908,4.555
510300.SH,20250905,4.554
510300.SH,20250904,4.456
510300.SH,20250903,4.549
510300.SH,20250902,4.59
510300.SH,20250901,4.616
510300.SH,20250829,4.601
510300.SH,20250828,4.559
510300.SH,20250827,4.475
510300.SH,20250826,4.541
510300.SH,20250825,4.565
510300.SH,20250822,4.479
510300.SH,20250821,4.378
510300.SH,20250820,4.364
510300.SH,20250819,4.305
510300.SH,20250818,4.327
510300.SH,20250815,4.295
510300.SH,20250814,4.256
510300.SH,20250813,4.263
510300.SH,20250812,4.228
510300.SH,20250811,4.202
510300.SH,20250808,4.183
510300.SH,20250807,4.193
510300.SH,20250806,4.194
510300.SH,20250805,4.183
510300.SH,20250804,4.152
510300.SH,20250801,4.133
510300.SH,20250731,4.155
510300.SH,20250730,4.232
510300.SH,20250729,4.235
510300.SH,20250728,4.214
510300.SH,20250725,4.203
510300.SH,20250724,4.225
510300.SH,20250723,4.199
510300.SH,20250722,4.201
510300.SH,20250721,4.157
510300.SH,20250718,4.132
510300.SH,20250717,4.102
510300.SH,20250716,4.069
510300.SH,20250715,4.078
510300.SH,20250714,4.078
510300.SH,20250711,4.079
510300.SH,20250710,4.065
510300.SH,20250709,4.045
510300.SH,20250708,4.048
510300.SH,20250707,4.014
510300.SH,20250704,4.032
510300.SH,20250703,4.015
510300.SH,20250702,3.992
510300.SH,20250701,3.988
510300.SH,20250630,3.982
510300.SH,20250627,3.963
510300.SH,20250626,3.986
510300.SH,20250625,4.001
510300.SH,20250624,3.936
510300.SH,20250623,3.891
510300.SH,20250620,3.878
510300.SH,20250619,3.873
510300.SH,20250618,3.904
510300.SH,20250617,3.989
510300.SH,20250616,3.99
510300.SH,20250613,3.98
510300.SH,20250612,4.006
510300.SH,20250611,4.004
510300.SH,20250610,3.972
510300.SH,20250609,3.995
510300.SH,20250606,3.986
510300.SH,20250605,3.984
510300.SH,20250604,3.974
510300.SH,20250603,3.957
510300.SH,20250530,3.959
510300.SH,20250529,3.966
510300.SH,20250528,3.942
510300.SH,20250527,3.946
510300.SH,20250526,3.967
510300.SH,20250523,3.988
510300.SH,20250522,4.017
510300.SH,20250521,4.019
510300.SH,20250520,4.003
510300.SH,20250519,3.983
510300.SH,20250516,3.989
510300.SH,20250515,4.011
510300.SH,20250514,4.045
510300.SH,20250513,3.994
510300.SH,20250512,3.99
510300.SH,20250509,3.945
510300.SH,20250508,3.95
510300.SH,20250507,3.927
510300.SH,20250506,3.903
510300.SH,20250430,3.866
510300.SH,20250429,3.869
510300.SH,20250428,3.876
510300.SH,20250425,3.882
510300.SH,20250424,3.882
510300.SH,20250423,3.882
510300.SH,20250422,3.878
510300.SH,20250421,3.875
510300.SH,20250418,3.873
510300.SH,20250417,3.863
510300.SH,20250416,3.86
510300.SH,20250415,3.851
510300.SH,20250414,3.848
510300.SH,20250411,3.84
510300.SH,20250410,3.829
510300.SH,20250409,3.766
510300.SH,20250408,3.73
510300.SH,20250407,3.695
510300.SH,20250403,3.959
510300.SH,20250402,3.979
510300.SH,20250401,3.982
510300.SH,20250331,3.984
510300.SH,20250328,4.008
510300.SH,20250327,4.027
510300.SH,20250326,4.013
510300.SH,20250325,4.029
510300.SH,20250324,4.027
510300.SH,20250321,4.01
510300.SH,20250320,4.076
510300.SH,20250319,4.109
510300.SH,20250318,4.103
510300.SH,20250317,4.094
510300.SH,20250314,4.106
510300.SH,20250313,4.005
510300.SH,20250312,4.025
510300.SH,20250311,4.035
510300.SH,20250310,4.023
510300.SH,20250307,4.039
510300.SH,20250306,4.049
510300.SH,20250305,3.994
510300.SH,20250304,3.977
510300.SH,20250303,3.981
510300.SH,20250228,3.994
510300.SH,20250227,4.067
510300.SH,20250226,4.054
510300.SH,20250225,4.021
510300.SH,20250224,4.062
510300.SH,20250221,4.075
510300.SH,20250220,4.021
510300.SH,20250219,4.033
510300.SH,20250218,4.012
510300.SH,20250217,4.041
510300.SH,20250214,4.034
510300.SH,20250213,4.004
510300.SH,20250212,4.014
510300.SH,20250211,3.976
510300.SH,20250210,3.992
510300.SH,20250207,3.988
510300.SH,20250206,3.932
510300.SH,20250205,3.887
510300.SH,20250127,3.907
510300.SH,20250124,3.929
510300.SH,20250123,3.897
510300.SH,20250122,3.886
510300.SH,20250121,3.922
510300.SH,20250120,3.917
510300.SH,20250117,3.898
510300.SH,20250116,3.885
510300.SH,20250115,3.883
510300.SH,20250114,3.906
510300.SH,20250113,3.808
510300.SH,20250110,3.823
510300.SH,20250109,3.866
510300.SH,20250108,3.874
510300.SH,20250107,3.88
510300.SH,20250106,3.853
510300.SH,20250103,3.869
510300.SH,20250102,3.909
510300.SH,20241231,4.022
510300.SH,20241230,4.086
510300.SH,20241227,4.067
510300.SH,20241226,4.073
510300.SH,20241225,4.072
510300.SH,20241224,4.069
510300.SH,20241223,4.022
510300.SH,20241220,4.018
510300.SH,20241219,4.03
510300.SH,20241218,4.024
510300.SH,20241217,4.007
510300.SH,20241216,3.996
510300.SH,20241213,4.02
510300.SH,20241212,4.117
510300.SH,20241211,4.075
510300.SH,20241210,4.085
510300.SH,20241209,4.054
510300.SH,20241206,4.057
510300.SH,20241205,4.007
510300.SH,20241204,4.014
510300.SH,20241203,4.035
510300.SH,20241202,4.031
510300.SH,20241129,4.001
510300.SH,20241128,3.958
510300.SH,20241127,3.987
510300.SH,20241126,3.923
510300.SH,20241125,3.931
510300.SH,20241122,3.953
510300.SH,20241121,4.073
510300.SH,20241120,4.068
510300.SH,20241119,4.058
510300.SH,20241118,4.038
510300.SH,20241115,4.055
510300.SH,20241114,4.124
510300.SH,20241113,4.195
510300.SH,20241112,4.169
510300.SH,20241111,4.215
510300.SH,20241108,4.194
510300.SH,20241107,4.248
510300.SH,20241106,4.111
510300.SH,20241105,4.137
510300.SH,20241104,4.032
510300.SH,20241101,3.979
510300.SH,20241031,3.971
510300.SH,20241030,3.971
510300.SH,20241029,4.013
510300.SH,20241028,4.046
510300.SH,20241025,4.04
510300.SH,20241024,4.011
510300.SH,20241023,4.055
510300.SH,20241022,4.04
510300.SH,20241021,4.016
510300.SH,20241018,4.016
510300.SH,20241017,3.863
510300.SH,20241016,3.906
510300.SH,20241015,3.931
510300.SH,20241014,4.04
510300.SH,20241011,3.977
510300.SH,20241010,4.086
510300.SH,20241009,4.022
510300.SH,20241008,4.412
510300.SH,20240930,4.233
510300.SH,20240927,3.869
510300.SH,20240926,3.64
510300.SH,20240925,3.474
510300.SH,20240924,3.427
510300.SH,20240923,3.283
510300.SH,20240920,3.274
510300.SH,20240919,3.265
510300.SH,20240918,3.238
510300.SH,20240913,3.228
510300.SH,20240912,3.243
510300.SH,20240911,3.254
510300.SH,20240910,3.261
510300.SH,20240909,3.261
510300.SH,20240906,3.302
510300.SH,20240905,3.33
510300.SH,20240904,3.323
510300.SH,20240903,3.344
510300.SH,20240902,3.332
510300.SH,20240830,3.392
510300.SH,20240829,3.347
510300.SH,20240828,3.357
510300.SH,20240827,3.377
510300.SH,20240826,3.394
510300.SH,20240823,3.393
510300.SH,20240822,3.379
510300.SH,20240821,3.388
510300.SH,20240820,3.403
510300.SH,20240819,3.419
510300.SH,20240816,3.41
510300.SH,20240815,3.408
510300.SH,20240814,3.37
510300.SH,20240813,3.394
510300.SH,20240812,3.389
510300.SH,20240809,3.393
510300.SH,20240808,3.405
510300.SH,20240807,3.401
510300.SH,20240806,3.408
510300.SH,20240805,3.408
510300.SH,20240802,3.447
510300.SH,20240801,3.483
510300.SH,20240731,3.508
510300.SH,20240730,3.431
510300.SH,20240729,3.454
510300.SH,20240726,3.474
510300.SH,20240725,3.459
510300.SH,20240724,3.479
510300.SH,20240723,3.501
510300.SH,20240722,3.571
510300.SH,20240719,3.6
510300.SH,20240718,3.577
510300.SH,20240717,3.556
510300.SH,20240716,3.551
510300.SH,20240715,3.526
510300.SH,20240712,3.519
510300.SH,20240711,3.509
510300.SH,20240710,3.463
510300.SH,20240709,3.471
510300.SH,20240708,3.434
510300.SH,20240705,3.458
510300.SH,20240704,3.475
510300.SH,20240703,3.49
510300.SH,20240702,3.496
510300.SH,20240701,3.501
510300.SH,20240628,3.487
510300.SH,20240627,3.48
510300.SH,20240626,3.499
510300.SH,20240625,3.478
510300.SH,20240624,3.499
510300.SH,20240621,3.516
510300.SH,20240620,3.522
510300.SH,20240619,3.545
510300.SH,20240618,3.555
510300.SH,20240617,3.544
510300.SH,20240614,3.554
510300.SH,20240613,3.534
510300.SH,20240612,3.547
510300.SH,20240611,3.551
510300.SH,20240607,3.576
510300.SH,20240606,3.599
510300.SH,20240605,3.599
510300.SH,20240604,3.612
510300.SH,20240603,3.587
510300.SH,20240531,3.582
510300.SH,20240530,3.596
510300.SH,20240529,3.61
510300.SH,20240528,3.609
510300.SH,20240527,3.632
510300.SH,20240524,3.602
510300.SH,20240523,3.643
510300.SH,20240522,3.68
510300.SH,20240521,3.672
510300.SH,20240520,3.684
510300.SH,20240517,3.676
510300.SH,20240516,3.635
510300.SH,20240515,3.623
510300.SH,20240514,3.649
510300.SH,20240513,3.655
510300.SH,20240510,3.658
510300.SH,20240509,3.656
510300.SH,20240508,3.621
510300.SH,20240507,3.65
510300.SH,20240506,3.648
510300.SH,20240430,3.598
510300.SH,20240429,3.616
510300.SH,20240426,3.573
510300.SH,20240425,3.523
510300.SH,20240424,3.513
510300.SH,20240423,3.499
510300.SH,20240422,3.524
510300.SH,20240419,3.531
510300.SH,20240418,3.559
510300.SH,20240417,3.553
510300.SH,20240416,3.507
510300.SH,20240415,3.539
510300.SH,20240412,3.466
510300.SH,20240411,3.494
510300.SH,20240410,3.497
510300.SH,20240409,3.523
510300.SH,20240408,3.529
510300.SH,20240403,3.558
510300.SH,20240402,3.572
510300.SH,20240401,3.584
510300.SH,20240329,3.526
510300.SH,20240328,3.51
510300.SH,20240327,3.493
510300.SH,20240326,3.531
510300.SH,20240325,3.52
510300.SH,20240322,3.539
510300.SH,20240321,3.57
510300.SH,20240320,3.572
510300.SH,20240319,3.569
510300.SH,20240318,3.592
510300.SH,20240315,3.561
510300.SH,20240314,3.552
510300.SH,20240313,3.565
510300.SH,20240312,3.586
510300.SH,20240311,3.581
510300.SH,20240308,3.533
510300.SH,20240307,3.523
510300.SH,20240306,3.542
510300.SH,20240305,3.556
510300.SH,20240304,3.527
510300.SH,20240301,3.53
510300.SH,20240229,3.503
510300.SH,20240228,3.448
510300.SH,20240227,3.484
510300.SH,20240226,3.443
510300.SH,20240223,3.478
510300.SH,20240222,3.475
510300.SH,20240221,3.449
510300.SH,20240220,3.401
510300.SH,20240219,3.389
510300.SH,20240208,3.362
510300.SH,20240207,3.34
510300.SH,20240206,3.311
510300.SH,20240205,3.208
510300.SH,20240202,3.188
510300.SH,20240201,3.218
510300.SH,20240131,3.222
510300.SH,20240130,3.243
510300.SH,20240129,3.299
510300.SH,20240126,3.329
510300.SH,20240125,3.335
510300.SH,20240124,3.279
510300.SH,20240123,3.228
510300.SH,20240122,3.206
510300.SH,20240119,3.275
510300.SH,20240118,3.268
510300.SH,20240117,3.292
510300.SH,20240116,3.367
510300.SH,20240115,3.345
510300.SH,20240112,3.349
510300.SH,20240111,3.36
510300.SH,20240110,3.341
510300.SH,20240109,3.357
510300.SH,20240108,3.349
510300.SH,20240105,3.396
510300.SH,20240104,3.413
510300.SH,20240103,3.443
510300.SH,20240102,3.453
510300.SH,20231229,3.499
510300.SH,20231228,3.489
510300.SH,20231227,3.405
510300.SH,20231226,3.395
510300.SH,20231225,3.415
510300.SH,20231222,3.406
510300.SH,20231221,3.4
510300.SH,20231220,3.369
510300.SH,20231219,3.4
510300.SH,20231218,3.398
510300.SH,20231215,3.412
510300.SH,20231214,3.419
510300.SH,20231213,3.435
510300.SH,20231212,3.493
510300.SH,20231211,3.485
510300.SH,20231208,3.461
510300.SH,20231207,3.454
510300.SH,20231206,3.463
510300.SH,20231205,3.458
510300.SH,20231204,3.524
510300.SH,20231201,3.548
510300.SH,20231130,3.562
510300.SH,20231129,3.558
510300.SH,20231128,3.585
510300.SH,20231127,3.581
510300.SH,20231124,3.605
510300.SH,20231123,3.63
510300.SH,20231122,3.611
510300.SH,20231121,3.65
510300.SH,20231120,3.645
510300.SH,20231117,3.634
510300.SH,20231116,3.639
510300.SH,20231115,3.675
510300.SH,20231114,3.65
510300.SH,20231113,3.65
510300.SH,20231110,3.655
510300.SH,20231109,3.682
510300.SH,20231108,3.679
510300.SH,20231107,3.69
510300.SH,20231106,3.701
510300.SH,20231103,3.653
510300.SH,20231102,3.625
510300.SH,20231101,3.642
510300.SH,20231031,3.644
510300.SH,20231030,3.652
510300.SH,20231027,3.636
510300.SH,20231026,3.582
510300.SH,20231025,3.569
510300.SH,20231024,3.549
510300.SH,20231023,3.544
510300.SH,20231020,3.582
510300.SH,20231019,3.6
510300.SH,20231018,3.677
510300.SH,20231017,3.705
510300.SH,20231016,3.693
510300.SH,20231013,3.736
510300.SH,20231012,3.771
510300.SH,20231011,3.735
510300.SH,20231010,3.727
510300.SH,20231009,3.754
510300.SH,20230928,3.764
510300.SH,20230927,3.778
510300.SH,20230926,3.768
510300.SH,20230925,3.789
510300.SH,20230922,3.817
510300.SH,20230921,3.742
510300.SH,20230920,3.777
510300.SH,20230919,3.795
510300.SH,20230918,3.8
510300.SH,20230915,3.787
510300.SH,20230914,3.804
510300.SH,20230913,3.807
510300.SH,20230912,3.832
510300.SH,20230911,3.837
510300.SH,20230908,3.809
510300.SH,20230907,3.83
510300.SH,20230906,3.883
510300.SH,20230905,3.893
510300.SH,20230904,3.92
510300.SH,20230901,3.862
510300.SH,20230831,3.839
510300.SH,20230830,3.858
510300.SH,20230829,3.859
510300.SH,20230828,3.837
510300.SH,20230825,3.784
510300.SH,20230824,3.791
510300.SH,20230823,3.768
510300.SH,20230822,3.823
510300.SH,20230821,3.8
510300.SH,20230818,3.852
510300.SH,20230817,3.902
510300.SH,20230816,3.889
510300.SH,20230815,3.919
510300.SH,20230814,3.923
510300.SH,20230811,3.95
510300.SH,20230810,4.045
510300.SH,20230809,4.04
510300.SH,20230808,4.048
510300.SH,20230807,4.063
510300.SH,20230804,4.094
510300.SH,20230803,4.073
510300.SH,20230802,4.037
510300.SH,20230801,4.066
510300.SH,20230731,4.084
510300.SH,20230728,4.068
510300.SH,20230727,3.972
510300.SH,20230726,3.976
510300.SH,20230725,3.985
510300.SH,20230724,3.873
510300.SH,20230721,3.89
510300.SH,20230720,3.888
510300.SH,20230719,3.916
510300.SH,20230718,3.918
510300.SH,20230717,3.924
510300.SH,20230714,3.952
510300.SH,20230713,3.954
510300.SH,20230712,3.891
510300.SH,20230711,3.91
510300.SH,20230710,3.884
510300.SH,20230707,3.868
510300.SH,20230706,3.879
510300.SH,20230705,3.907
510300.SH,20230704,3.934
510300.SH,20230703,3.927
510300.SH,20230630,3.882
510300.SH,20230629,3.859
510300.SH,20230628,3.877
510300.SH,20230627,3.869
510300.SH,20230626,3.843
510300.SH,20230621,3.887
510300.SH,20230620,3.942
510300.SH,20230619,3.949
510300.SH,20230616,3.979
510300.SH,20230615,3.942
510300.SH,20230614,3.877
510300.SH,20230613,3.877
510300.SH,20230612,3.848
510300.SH,20230609,3.844
510300.SH,20230608,3.828
510300.SH,20230607,3.796
510300.SH,20230606,3.808
510300.SH,20230605,3.845
510300.SH,20230602,3.863
510300.SH,20230601,3.81
510300.SH,20230531,3.802
510300.SH,20230530,3.838
510300.SH,20230529,3.834
510300.SH,20230526,3.85
510300.SH,20230525,3.845
510300.SH,20230524,3.854
510300.SH,20230523,3.907
510300.SH,20230522,3.964
510300.SH,20230519,3.944
510300.SH,20230518,3.95
510300.SH,20230517,3.951
510300.SH,20230516,3.978
510300.SH,20230515,3.995
510300.SH,20230512,3.932
510300.SH,20230511,3.983
510300.SH,20230510,3.988
510300.SH,20230509,4.019
510300.SH,20230508,4.054
510300.SH,20230505,4.009
510300.SH,20230504,4.025
510300.SH,20230428,4.025
510300.SH,20230427,3.986
510300.SH,20230426,3.951
510300.SH,20230425,3.96
510300.SH,20230424,3.979
510300.SH,20230421,4.03
510300.SH,20230420,4.103
510300.SH,20230419,4.119
510300.SH,20230418,4.152
510300.SH,20230417,4.145
510300.SH,20230414,4.084
510300.SH,20230413,4.063
510300.SH,20230412,4.088
510300.SH,20230411,4.092
510300.SH,20230410,4.102
510300.SH,20230407,4.117
510300.SH,20230406,4.088
510300.SH,20230404,4.1
510300.SH,20230403,4.08
510300.SH,20230331,4.05
510300.SH,20230330,4.04
510300.SH,20230329,3.997
510300.SH,20230328,3.997
510300.SH,20230327,4.005
510300.SH,20230324,4.026
510300.SH,20230323,4.031
510300.SH,20230322,3.993
510300.SH,20230321,3.975
510300.SH,20230320,3.932
510300.SH,20230317,3.954
510300.SH,20230316,3.933
510300.SH,20230315,3.979
510300.SH,20230314,3.98
510300.SH,20230313,4.005
510300.SH,20230310,3.961
510300.SH,20230309,4.016
510300.SH,20230308,4.026
510300.SH,20230307,4.042
510300.SH,20230306,4.099
510300.SH,20230303,4.124
510300.SH,20230302,4.115
510300.SH,20230301,4.12
510300.SH,20230228,4.071
510300.SH,20230227,4.045
510300.SH,20230224,4.06
510300.SH,20230223,4.099
510300.SH,20230222,4.099
510300.SH,20230221,4.139
510300.SH,20230220,4.134
510300.SH,20230217,4.029
510300.SH,20230216,4.087
510300.SH,20230215,4.116
510300.SH,20230214,4.144
510300.SH,20230213,4.135
510300.SH,20230210,4.103
510300.SH,20230209,4.127
510300.SH,20230208,4.073
510300.SH,20230207,4.09
510300.SH,20230206,4.08
510300.SH,20230203,4.137
510300.SH,20230202,4.18
510300.SH,20230201,4.19
510300.SH,20230131,4.159
510300.SH,20230130,4.205
510300.SH,20230120,4.181
510300.SH,20230119,4.158
510300.SH,20230118,4.13
510300.SH,20230117,4.139
510300.SH,20230116,4.143
510300.SH,20230113,4.144
510300.SH,20230112,4.082
510300.SH,20230111,4.076
510300.SH,20230110,4.076
510300.SH,20230109,4.07
510300.SH,20230106,4.045
510300.SH,20230105,4.029
510300.SH,20230104,3.954
510300.SH,20230103,3.949
510300.SH,20221230,3.938
510300.SH,20221229,3.922
510300.SH,20221228,3.934
510300.SH,20221227,3.947
510300.SH,20221226,3.9
510300.SH,20221223,3.891
510300.SH,20221222,3.901
510300.SH,20221221,3.893
510300.SH,20221220,3.896
510300.SH,20221219,3.959
510300.SH,20221216,4.017
510300.SH,20221215,4.013
510300.SH,20221214,4.015
510300.SH,20221213,4.005
510300.SH,20221212,4.016
510300.SH,20221209,4.058
510300.SH,20221208,4.024
510300.SH,20221207,4.015
510300.SH,20221206,4.027
510300.SH,20221205,4.004
510300.SH,20221202,3.933
510300.SH,20221201,3.956
510300.SH,20221130,3.911
510300.SH,20221129,3.908
510300.SH,20221128,3.792
510300.SH,20221125,3.837
510300.SH,20221124,3.816
510300.SH,20221123,3.834
510300.SH,20221122,3.831
510300.SH,20221121,3.833
510300.SH,20221118,3.866
510300.SH,20221117,3.879
510300.SH,20221116,3.896
510300.SH,20221115,3.925
510300.SH,20221114,3.85
510300.SH,20221111,3.848
510300.SH,20221110,3.75
510300.SH,20221109,3.771
510300.SH,20221108,3.811
510300.SH,20221107,3.834
510300.SH,20221104,3.834
510300.SH,20221103,3.707
510300.SH,20221102,3.737
510300.SH,20221101,3.703
510300.SH,20221031,3.565
510300.SH,20221028,3.604
510300.SH,20221027,3.69
510300.SH,20221026,3.716
510300.SH,20221025,3.688
510300.SH,20221024,3.704
510300.SH,20221021,3.802
510300.SH,20221020,3.824
510300.SH,20221019,3.836
510300.SH,20221018,3.895
510300.SH,20221017,3.902
510300.SH,20221014,3.903
510300.SH,20221013,3.815
510300.SH,20221012,3.848
510300.SH,20221011,3.786
510300.SH,20221010,3.789
510300.SH,20220930,3.868
510300.SH,20220929,3.894
510300.SH,20220928,3.893
510300.SH,20220927,3.949
510300.SH,20220926,3.899
510300.SH,20220923,3.924
510300.SH,20220922,3.932
510300.SH,20220921,3.961
510300.SH,20220920,3.991
510300.SH,20220919,3.989
510300.SH,20220916,4.0
510300.SH,20220915,4.09
510300.SH,20220914,4.127
510300.SH,20220913,4.173
510300.SH,20220909,4.159
510300.SH,20220908,4.101
510300.SH,20220907,4.119
510300.SH,20220906,4.111
510300.SH,20220905,4.082
510300.SH,20220902,4.084
510300.SH,20220901,4.107
510300.SH,20220831,4.141
510300.SH,20220830,4.141
510300.SH,20220829,4.15
510300.SH,20220826,4.175
510300.SH,20220825,4.181
510300.SH,20220824,4.145
510300.SH,20220823,4.222
510300.SH,20220822,4.236
510300.SH,20220819,4.209
510300.SH,20220818,4.239
510300.SH,20220817,4.276
510300.SH,20220816,4.235
510300.SH,20220815,4.245
510300.SH,20220812,4.255
510300.SH,20220811,4.254
510300.SH,20220810,4.166
510300.SH,20220809,4.211
510300.SH,20220808,4.204
510300.SH,20220805,4.218
510300.SH,20220804,4.153
510300.SH,20220803,4.122
510300.SH,20220802,4.167
510300.SH,20220801,4.238
510300.SH,20220729,4.22
510300.SH,20220728,4.279
510300.SH,20220727,4.276
510300.SH,20220726,4.3
510300.SH,20220725,4.271
510300.SH,20220722,4.289
510300.SH,20220721,4.286
510300.SH,20220720,4.331
510300.SH,20220719,4.319
510300.SH,20220718,4.341
510300.SH,20220715,4.295
510300.SH,20220714,4.36
510300.SH,20220713,4.359
510300.SH,20220712,4.352
510300.SH,20220711,4.388
510300.SH,20220708,4.464
510300.SH,20220707,4.468
510300.SH,20220706,4.452
510300.SH,20220705,4.511
510300.SH,20220704,4.521
510300.SH,20220701,4.493
510300.SH,20220630,4.508
510300.SH,20220629,4.458
510300.SH,20220628,4.513
510300.SH,20220627,4.461
510300.SH,20220624,4.413
510300.SH,20220623,4.365
510300.SH,20220622,4.29
510300.SH,20220621,4.34
510300.SH,20220620,4.342
510300.SH,20220617,4.321
510300.SH,20220616,4.258
510300.SH,20220615,4.285
510300.SH,20220614,4.236
510300.SH,20220613,4.196
510300.SH,20220610,4.248
510300.SH,20220609,4.19
510300.SH,20220608,4.224
510300.SH,20220607,4.182
510300.SH,20220606,4.176
510300.SH,20220602,4.094
510300.SH,20220601,4.083
510300.SH,20220531,4.089
510300.SH,20220530,4.025
510300.SH,20220527,4.002
510300.SH,20220526,3.992
510300.SH,20220525,3.982
510300.SH,20220524,3.965
510300.SH,20220523,4.047
510300.SH,20220520,4.079
510300.SH,20220519,3.995
510300.SH,20220518,3.986
510300.SH,20220517,4.0
510300.SH,20220516,3.951
510300.SH,20220513,3.982
510300.SH,20220512,3.951
510300.SH,20220511,3.971
510300.SH,20220510,3.916
510300.SH,20220509,3.871
510300.SH,20220506,3.903
510300.SH,20220505,4.0
510300.SH,20220429,4.015
510300.SH,20220428,3.915
510300.SH,20220427,3.889
510300.SH,20220426,3.783
510300.SH,20220425,3.813
510300.SH,20220422,4.006
510300.SH,20220421,3.996
510300.SH,20220420,4.064
510300.SH,20220419,4.134
510300.SH,20220418,4.161
510300.SH,20220415,4.181
510300.SH,20220414,4.183
510300.SH,20220413,4.139
510300.SH,20220412,4.171
510300.SH,20220411,4.101
510300.SH,20220408,4.233
510300.SH,20220407,4.205
510300.SH,20220406,4.257
510300.SH,20220401,4.269
510300.SH,20220331,4.218
510300.SH,20220330,4.249
510300.SH,20220329,4.126
510300.SH,20220328,4.144
510300.SH,20220325,4.169
510300.SH,20220324,4.246
510300.SH,20220323,4.273
510300.SH,20220322,4.248
510300.SH,20220321,4.252
510300.SH,20220318,4.258
510300.SH,20220317,4.23
510300.SH,20220316,4.146
510300.SH,20220315,3.973
510300.SH,20220314,4.172
510300.SH,20220311,4.312
510300.SH,20220310,4.284
510300.SH,20220309,4.224
510300.SH,20220308,4.264
510300.SH,20220307,4.346
510300.SH,20220304,4.494
510300.SH,20220303,4.545
510300.SH,20220302,4.574
510300.SH,20220301,4.609
510300.SH,20220228,4.571
510300.SH,20220225,4.565
510300.SH,20220224,4.53
510300.SH,20220223,4.615
510300.SH,20220222,4.567
510300.SH,20220221,4.627
510300.SH,20220218,4.644
510300.SH,20220217,4.62
510300.SH,20220216,4.61
510300.SH,20220215,4.589
510300.SH,20220214,4.547
510300.SH,20220211,4.596
510300.SH,20220210,4.632
510300.SH,20220209,4.643
510300.SH,20220208,4.604
510300.SH,20220207,4.626
510300.SH,20220128,4.554
510300.SH,20220127,4.625
510300.SH,20220126,4.706
510300.SH,20220125,4.68
510300.SH,20220124,4.786
510300.SH,20220121,4.784
510300.SH,20220120,4.818
510300.SH,20220119,4.78
510300.SH,20220118,4.881
510300.SH,20220117,4.835
510300.SH,20220114,4.794
510300.SH,20220113,4.838
510300.SH,20220112,4.919
510300.SH,20220111,4.867
510300.SH,20220110,4.912
510300.SH,20220107,4.899
510300.SH,20220106,4.887
510300.SH,20220105,4.943
510300.SH,20220104,4.99
510300.SH,20260731,4.653
510300.SH,20260730,4.605
510300.SH,20260729,4.657
510300.SH,20260728,4.627
510300.SH,20260727,4.753
510300.SH,20260724,4.701
510300.SH,20260723,4.787
510300.SH,20260722,4.765
510300.SH,20260721,4.787
510300.SH,20260720,4.65
510300.SH,20260717,4.589
510300.SH,20260716,4.753
510300.SH,20260715,4.838
510300.SH,20260714,4.837
510300.SH,20260713,4.744
510300.SH,20260710,4.829
510300.SH,20260709,4.916
510300.SH,20260708,4.798
510300.SH,20260707,4.826
510300.SH,20260706,4.877
510300.SH,20260703,4.876
510300.SH,20260702,4.85
510300.SH,20260701,4.998
510300.SH,20260630,5.019
510300.SH,20260629,4.959
510300.SH,20260626,4.907
510300.SH,20260625,5.048
510300.SH,20260624,4.967
510300.SH,20260623,4.942
510300.SH,20260622,5.091
510300.SH,20260618,4.984
510300.SH,20260617,4.958
510300.SH,20260616,4.91
510300.SH,20260615,4.919
510300.SH,20260612,4.818
510300.SH,20260611,4.751
510300.SH,20260610,4.784
510300.SH,20260609,4.826
510300.SH,20260608,4.739
510300.SH,20260605,4.843
510300.SH,20260604,4.926
510300.SH,20260603,4.965
510300.SH,20260602,4.936
510300.SH,20260601,4.868
510300.SH,20260529,4.923
510300.SH,20260528,4.932
510300.SH,20260527,4.932
510300.SH,20260526,4.972
510300.SH,20260525,4.937
510300.SH,20260522,4.862
510300.SH,20260521,4.808
510300.SH,20260520,4.871
510300.SH,20260519,4.869
510300.SH,20260518,4.852
510300.SH,20260515,4.878
510300.SH,20260514,4.941
510300.SH,20260513,5.017
510300.SH,20260512,4.963
510300.SH,20260511,4.966
510300.SH,20260508,4.886
510300.SH,20260507,4.912
510300.SH,20260506,4.888
510300.SH,20260430,4.824
510300.SH,20260429,4.821
510300.SH,20260428,4.77
510300.SH,20260427,4.782
510300.SH,20260424,4.782
510300.SH,20260423,4.801
510300.SH,20260422,4.811
510300.SH,20260421,4.776
510300.SH,20260420,4.765
510300.SH,20260417,4.739
510300.SH,20260416,4.746
510300.SH,20260415,4.694
510300.SH,20260414,4.712
510300.SH,20260413,4.652
510300.SH,20260410,4.642
510300.SH,20260409,4.572
510300.SH,20260408,4.602
510300.SH,20260407,4.446
510300.SH,20260403,4.454
510300.SH,20260402,4.489
510300.SH,20260401,4.534
510300.SH,20260331,4.463
510300.SH,20260330,4.5
510300.SH,20260327,4.508
510300.SH,20260326,4.488
510300.SH,20260325,4.544
510300.SH,20260324,4.479
510300.SH,20260323,4.43
510300.SH,20260320,4.576
510300.SH,20260319,4.599
510300.SH,20260318,4.662
510300.SH,20260317,4.646
510300.SH,20260316,4.68
510300.SH,20260313,4.677
510300.SH,20260312,4.694
510300.SH,20260311,4.711
510300.SH,20260310,4.683
510300.SH,20260309,4.629
510300.SH,20260306,4.667
510300.SH,20260305,4.654
510300.SH,20260304,4.61
510300.SH,20260303,4.678
510300.SH,20260302,4.739
510300.SH,20260227,4.725
510300.SH,20260226,4.735
510300.SH,20260225,4.75
510300.SH,20260224,4.716
510300.SH,20260213,4.671
510300.SH,20260212,4.727
510300.SH,20260211,4.723
510300.SH,20260210,4.733
510300.SH,20260209,4.727
510300.SH,20260206,4.649
510300.SH,20260205,4.679
510300.SH,20260204,4.707
510300.SH,20260203,4.664
510300.SH,20260202,4.6
510300.SH,20260130,4.711
510300.SH,20260129,4.768
510300.SH,20260128,4.725
510300.SH,20260127,4.71
510300.SH,20260126,4.712
510300.SH,20260123,4.704
510300.SH,20260122,4.727
510300.SH,20260121,4.73
510300.SH,20260120,4.724
510300.SH,20260119,4.738
510300.SH,20260116,4.859
510300.SH,20260115,4.875
510300.SH,20260114,4.866
510300.SH,20260113,4.896
510300.SH,20260112,4.913
510300.SH,20260109,4.885
510300.SH,20260108,4.863
510300.SH,20260107,4.901
510300.SH,20260106,4.919
510300.SH,20260105,4.844
510050.SH,20211231,3.256
510050.SH,20211230,3.247
510050.SH,20211229,3.225
510050.SH,20211228,3.286
510050.SH,20211227,3.268
510050.SH,20211224,3.273
510050.SH,20211223,3.275
510050.SH,20211222,3.244
510050.SH,20211221,3.258
510050.SH,20211220,3.243
510050.SH,20211217,3.265
510050.SH,20211216,3.315
510050.SH,20211215,3.304
510050.SH,20211214,3.337
510050.SH,20211213,3.354
510050.SH,20211210,3.349
510050.SH,20211209,3.352
510050.SH,20211208,3.301
510050.SH,20211207,3.251
510050.SH,20211206,3.225
510050.SH,20211203,3.215
510050.SH,20211202,3.188
510050.SH,20211201,3.176
510050.SH,20211130,3.164
510050.SH,20211129,3.182
510050.SH,20211126,3.223
510050.SH,20211125,3.254
510050.SH,20211124,3.273
510050.SH,20211123,3.261
510050.SH,20211122,3.248
510050.SH,20211119,3.25
510050.SH,20211118,3.211
510050.SH,20211117,3.244
510050.SH,20211116,3.264
510050.SH,20211115,3.264
510050.SH,20211112,3.262
510050.SH,20211111,3.275
510050.SH,20211110,3.206
510050.SH,20211109,3.224
510050.SH,20211108,3.231
510050.SH,20211105,3.243
510050.SH,20211104,3.245
510050.SH,20211103,3.219
510050.SH,20211102,3.25
510050.SH,20211101,3.289
510050.SH,20211029,3.304
510050.SH,20211028,3.286
510050.SH,20211027,3.287
510050.SH,20211026,3.329
510050.SH,20211025,3.35
510050.SH,20211022,3.352
510050.SH,20211021,3.314
510050.SH,20211020,3.293
510050.SH,20211019,3.291
510050.SH,20211018,3.268
510050.SH,20211015,3.332
510050.SH,20211014,3.306
510050.SH,20211013,3.327
510050.SH,20211012,3.295
510050.SH,20211011,3.312
510050.SH,20211008,3.295
510050.SH,20210930,3.231
510050.SH,20210929,3.248
510050.SH,20210928,3.247
510050.SH,20210927,3.247
510050.SH,20210924,3.186
510050.SH,20210923,3.164
510050.SH,20210922,3.158
510050.SH,20210917,3.199
510050.SH,20210916,3.167
510050.SH,20210915,3.186
510050.SH,20210914,3.228
510050.SH,20210913,3.281
510050.SH,20210910,3.292
510050.SH,20210909,3.24
510050.SH,20210908,3.249
510050.SH,20210907,3.284
510050.SH,20210906,3.247
510050.SH,20210903,3.212
510050.SH,20210902,3.204
510050.SH,20210901,3.207
510050.SH,20210831,3.138
510050.SH,20210830,3.149
510050.SH,20210827,3.159
510050.SH,20210826,3.128
510050.SH,20210825,3.197
510050.SH,20210824,3.185
510050.SH,20210823,3.136
510050.SH,20210820,3.108
510050.SH,20210819,3.178
510050.SH,20210818,3.224
510050.SH,20210817,3.182
510050.SH,20210816,3.262
510050.SH,20210813,3.254
510050.SH,20210812,3.261
510050.SH,20210811,3.295
510050.SH,20210810,3.322
510050.SH,20210809,3.268
510050.SH,20210806,3.232
510050.SH,20210805,3.258
510050.SH,20210804,3.264
510050.SH,20210803,3.254
510050.SH,20210802,3.242
510050.SH,20210730,3.163
510050.SH,20210729,3.212
510050.SH,20210728,3.183
510050.SH,20210727,3.156
510050.SH,20210726,3.259
510050.SH,20210723,3.388
510050.SH,20210722,3.425
510050.SH,20210721,3.421
510050.SH,20210720,3.408
510050.SH,20210719,3.416
510050.SH,20210716,3.403
510050.SH,20210715,3.44
510050.SH,20210714,3.368
510050.SH,20210713,3.421
510050.SH,20210712,3.41
510050.SH,20210709,3.382
510050.SH,20210708,3.395
510050.SH,20210707,3.442
510050.SH,20210706,3.431
510050.SH,20210705,3.42
510050.SH,20210702,3.423
510050.SH,20210701,3.548
510050.SH,20210630,3.515
510050.SH,20210629,3.497
510050.SH,20210628,3.527
510050.SH,20210625,3.541
510050.SH,20210624,3.488
510050.SH,20210623,3.469
510050.SH,20210622,3.464
510050.SH,20210621,3.435
510050.SH,20210618,3.455
510050.SH,20210617,3.479
510050.SH,20210616,3.486
510050.SH,20210615,3.522
510050.SH,20210611,3.571
510050.SH,20210610,3.601
510050.SH,20210609,3.582
510050.SH,20210608,3.572
510050.SH,20210607,3.593
510050.SH,20210604,3.601
510050.SH,20210603,3.584
510050.SH,20210602,3.613
510050.SH,20210601,3.64
510050.SH,20210531,3.639
510050.SH,20210528,3.651
510050.SH,20210527,3.658
510050.SH,20210526,3.648
510050.SH,20210525,3.635
510050.SH,20210524,3.489
510050.SH,20210521,3.475
510050.SH,20210520,3.516
510050.SH,20210519,3.504
510050.SH,20210518,3.528
510050.SH,20210517,3.53
510050.SH,20210514,3.498
510050.SH,20210513,3.407
510050.SH,20210512,3.442
510050.SH,20210511,3.429
510050.SH,20210510,3.399
510050.SH,20210507,3.399
510050.SH,20210506,3.444
510050.SH,20210430,3.482
510050.SH,20210429,3.513
510050.SH,20210428,3.467
510050.SH,20210427,3.466
510050.SH,20210426,3.458
510050.SH,20210423,3.514
510050.SH,20210422,3.481
510050.SH,20210421,3.498
510050.SH,20210420,3.492
510050.SH,20210419,3.5
510050.SH,20210416,3.434
510050.SH,20210415,3.419
510050.SH,20210414,3.456
510050.SH,20210413,3.45
510050.SH,20210412,3.468
510050.SH,20210409,3.506
510050.SH,20210408,3.558
510050.SH,20210407,3.542
510050.SH,20210406,3.578
510050.SH,20210402,3.601
510050.SH,20210401,3.567
510050.SH,20210331,3.527
510050.SH,20210330,3.561
510050.SH,20210329,3.521
510050.SH,20210326,3.514
510050.SH,20210325,3.452
510050.SH,20210324,3.454
510050.SH,20210323,3.504
510050.SH,20210322,3.523
510050.SH,20210319,3.496
510050.SH,20210318,3.591
510050.SH,20210317,3.576
510050.SH,20210316,3.582
510050.SH,20210315,3.558
510050.SH,20210312,3.617
510050.SH,20210311,3.614
510050.SH,20210310,3.523
510050.SH,20210309,3.505
510050.SH,20210308,3.561
510050.SH,20210305,3.678
510050.SH,20210304,3.698
510050.SH,20210303,3.804
510050.SH,20210302,3.707
510050.SH,20210301,3.773
510050.SH,20210226,3.743
510050.SH,20210225,3.843
510050.SH,20210224,3.788
510050.SH,20210223,3.886
510050.SH,20210222,3.873
510050.SH,20210219,3.998
510050.SH,20210218,4.007
510050.SH,20210210,4.012
510050.SH,20210209,3.939
510050.SH,20210208,3.875
510050.SH,20210205,3.834
510050.SH,20210204,3.787
510050.SH,20210203,3.764
510050.SH,20210202,3.752
510050.SH,20210201,3.731
510050.SH,20210129,3.704
510050.SH,20210128,3.731
510050.SH,20210127,3.806
510050.SH,20210126,3.8
510050.SH,20210125,3.89
510050.SH,20210122,3.833
510050.SH,20210121,3.84
510050.SH,20210120,3.8
510050.SH,20210119,3.797
510050.SH,20210118,3.837
510050.SH,20210115,3.805
510050.SH,20210114,3.802
510050.SH,20210113,3.862
510050.SH,20210112,3.899
510050.SH,20210111,3.765
510050.SH,20210108,3.782
510050.SH,20210107,3.803
510050.SH,20210106,3.726
510050.SH,20210105,3.671
510050.SH,20210104,3.632
510050.SH,20201231,3.634
510050.SH,20201230,3.563
510050.SH,20201229,3.512
510050.SH,20201228,3.519
510050.SH,20201225,3.509
510050.SH,20201224,3.485
510050.SH,20201223,3.491
510050.SH,20201222,3.464
510050.SH,20201221,3.513
510050.SH,20201218,3.505
510050.SH,20201217,3.537
510050.SH,20201216,3.482
510050.SH,20201215,3.464
510050.SH,20201214,3.461
510050.SH,20201211,3.429
510050.SH,20201210,3.456
510050.SH,20201209,3.47
510050.SH,20201208,3.499
510050.SH,20201207,3.511
510050.SH,20201204,3.543
510050.SH,20201203,3.538
510050.SH,20201202,3.545
510050.SH,20201201,3.557
510050.SH,20201130,3.473
510050.SH,20201127,3.557
510050.SH,20201126,3.497
510050.SH,20201125,3.468
510050.SH,20201124,3.493
510050.SH,20201123,3.521
510050.SH,20201120,3.465
510050.SH,20201119,3.46
510050.SH,20201118,3.435
510050.SH,20201117,3.43
510050.SH,20201116,3.429
510050.SH,20201113,3.388
510050.SH,20201112,3.447
510050.SH,20201111,3.464
510050.SH,20201110,3.466
510050.SH,20201109,3.468
510050.SH,20201106,3.408
510050.SH,20201105,3.418
510050.SH,20201104,3.38
510050.SH,20201103,3.355
510050.SH,20201102,3.317
510050.SH,20201030,3.329
510050.SH,20201029,3.383
510050.SH,20201028,3.364
510050.SH,20201027,3.346
510050.SH,20201026,3.354
510050.SH,20201023,3.408
510050.SH,20201022,3.42
510050.SH,20201021,3.433
510050.SH,20201020,3.412
510050.SH,20201019,3.409
510050.SH,20201016,3.432
510050.SH,20201015,3.425
510050.SH,20201014,3.424
510050.SH,20201013,3.437
510050.SH,20201012,3.442
510050.SH,20201009,3.337
510050.SH,20200930,3.281
510050.SH,20200929,3.295
510050.SH,20200928,3.302
510050.SH,20200925,3.282
510050.SH,20200924,3.271
510050.SH,20200923,3.325
510050.SH,20200922,3.322
510050.SH,20200921,3.362
510050.SH,20200918,3.406
510050.SH,20200917,3.314
510050.SH,20200916,3.346
510050.SH,20200915,3.367
510050.SH,20200914,3.341
510050.SH,20200911,3.313
510050.SH,20200910,3.296
510050.SH,20200909,3.285
510050.SH,20200908,3.336
510050.SH,20200907,3.301
510050.SH,20200904,3.356
510050.SH,20200903,3.387
510050.SH,20200902,3.395
510050.SH,20200901,3.404
510050.SH,20200831,3.395
510050.SH,20200828,3.424
510050.SH,20200827,3.342
510050.SH,20200826,3.323
510050.SH,20200825,3.359
510050.SH,20200824,3.346
510050.SH,20200821,3.336
510050.SH,20200820,3.312
510050.SH,20200819,3.351
510050.SH,20200818,3.413
510050.SH,20200817,3.418
510050.SH,20200814,3.343
510050.SH,20200813,3.286
510050.SH,20200812,3.297
510050.SH,20200811,3.307
510050.SH,20200810,3.333
510050.SH,20200807,3.308
510050.SH,20200806,3.338
510050.SH,20200805,3.336
510050.SH,20200804,3.359
510050.SH,20200803,3.328
510050.SH,20200731,3.295
510050.SH,20200730,3.277
510050.SH,20200729,3.291
510050.SH,20200728,3.231
510050.SH,20200727,3.211
510050.SH,20200724,3.2
510050.SH,20200723,3.331
510050.SH,20200722,3.334
510050.SH,20200721,3.329
510050.SH,20200720,3.331
510050.SH,20200717,3.229
510050.SH,20200716,3.206
510050.SH,20200715,3.35
510050.SH,20200714,3.38
510050.SH,20200713,3.416
510050.SH,20200710,3.373
510050.SH,20200709,3.459
510050.SH,20200708,3.447
510050.SH,20200707,3.402
510050.SH,20200706,3.469
510050.SH,20200703,3.187
510050.SH,20200702,3.103
510050.SH,20200701,3.027
510050.SH,20200630,2.956
510050.SH,20200629,2.937
510050.SH,20200624,2.958
510050.SH,20200623,2.93
510050.SH,20200622,2.924
510050.SH,20200619,2.927
510050.SH,20200618,2.895
510050.SH,20200617,2.881
510050.SH,20200616,2.877
510050.SH,20200615,2.847
510050.SH,20200612,2.891
510050.SH,20200611,2.878
510050.SH,20200610,2.908
510050.SH,20200609,2.923
510050.SH,20200608,2.905
510050.SH,20200605,2.892
510050.SH,20200604,2.878
510050.SH,20200603,2.884
510050.SH,20200602,2.879
510050.SH,20200601,2.864
510050.SH,20200529,2.802
510050.SH,20200528,2.801
510050.SH,20200527,2.792
510050.SH,20200526,2.802
510050.SH,20200525,2.78
510050.SH,20200522,2.768
510050.SH,20200521,2.838
510050.SH,20200520,2.849
510050.SH,20200519,2.852
510050.SH,20200518,2.833
510050.SH,20200515,2.812
510050.SH,20200514,2.831
510050.SH,20200513,2.86
510050.SH,20200512,2.86
510050.SH,20200511,2.863
510050.SH,20200508,2.863
510050.SH,20200507,2.843
510050.SH,20200506,2.848
510050.SH,20200430,2.852
510050.SH,20200429,2.829
510050.SH,20200428,2.81
510050.SH,20200427,2.79
510050.SH,20200424,2.765
510050.SH,20200423,2.787
510050.SH,20200422,2.79
510050.SH,20200421,2.771
510050.SH,20200420,2.803
510050.SH,20200417,2.793
510050.SH,20200416,2.753
510050.SH,20200415,2.751
510050.SH,20200414,2.771
510050.SH,20200413,2.726
510050.SH,20200410,2.738
510050.SH,20200409,2.739
510050.SH,20200408,2.73
510050.SH,20200407,2.743
510050.SH,20200403,2.694
510050.SH,20200402,2.706
510050.SH,20200401,2.671
510050.SH,20200331,2.675
510050.SH,20200330,2.68
510050.SH,20200327,2.692
510050.SH,20200326,2.677
510050.SH,20200325,2.687
510050.SH,20200324,2.627
510050.SH,20200323,2.553
510050.SH,20200320,2.624
510050.SH,20200319,2.564
510050.SH,20200318,2.618
510050.SH,20200317,2.675
510050.SH,20200316,2.687
510050.SH,20200313,2.796
510050.SH,20200312,2.836
510050.SH,20200311,2.874
510050.SH,20200310,2.911
510050.SH,20200309,2.861
510050.SH,20200306,2.951
510050.SH,20200305,3.004
510050.SH,20200304,2.939
510050.SH,20200303,2.907
510050.SH,20200302,2.899
510050.SH,20200228,2.814
510050.SH,20200227,2.898
510050.SH,20200226,2.894
510050.SH,20200225,2.899
510050.SH,20200224,2.924
510050.SH,20200221,2.958
510050.SH,20200220,2.967
510050.SH,20200219,2.913
510050.SH,20200218,2.913
510050.SH,20200217,2.939
510050.SH,20200214,2.885
510050.SH,20200213,2.869
510050.SH,20200212,2.883
510050.SH,20200211,2.87
510050.SH,20200210,2.839
510050.SH,20200207,2.841
510050.SH,20200206,2.842
510050.SH,20200205,2.801
510050.SH,20200204,2.785
510050.SH,20200203,2.707
510050.SH,20200123,2.925
510050.SH,20200122,3.006
510050.SH,20200121,3.007
510050.SH,20200120,3.058
510050.SH,20200117,3.042
510050.SH,20200116,3.036
510050.SH,20200115,3.046
510050.SH,20200114,3.076
510050.SH,20200113,3.08
510050.SH,20200110,3.061
510050.SH,20200109,3.057
510050.SH,20200108,3.033
510050.SH,20200107,3.062
510050.SH,20200106,3.05
510050.SH,20200103,3.068
510050.SH,20200102,3.081
510050.SH,20191231,3.058
510050.SH,20191230,3.051
510050.SH,20191227,3.009
510050.SH,20191226,3.002
510050.SH,20191225,2.98
510050.SH,20191224,2.988
510050.SH,20191223,2.979
510050.SH,20191220,3.005
510050.SH,20191219,3.01
510050.SH,20191218,3.017
510050.SH,20191217,3.025
510050.SH,20191216,2.993
510050.SH,20191213,3.0
510050.SH,20191212,2.937
510050.SH,20191211,2.947
510050.SH,20191210,2.933
510050.SH,20191209,2.931
510050.SH,20191206,2.936
510050.SH,20191205,2.919
510050.SH,20191204,2.901
510050.SH,20191203,2.907
510050.SH,20191202,2.897
510050.SH,20191129,2.938
510050.SH,20191128,2.978
510050.SH,20191127,2.988
510050.SH,20191126,2.993
510050.SH,20191125,2.994
510050.SH,20191122,2.967
510050.SH,20191121,2.995
510050.SH,20191120,3.013
510050.SH,20191119,3.046
510050.SH,20191118,3.027
510050.SH,20191115,3.003
510050.SH,20191114,3.013
510050.SH,20191113,3.015
510050.SH,20191112,3.017
510050.SH,20191111,3.013
510050.SH,20191108,3.06
510050.SH,20191107,3.079
510050.SH,20191106,3.079
510050.SH,20191105,3.086
510050.SH,20191104,3.069
510050.SH,20191101,3.052
510050.SH,20191031,3.003
510050.SH,20191030,2.999
510050.SH,20191029,3.016
510050.SH,20191028,3.028
510050.SH,20191025,3.014
510050.SH,20191024,3.008
510050.SH,20191023,3.0
510050.SH,20191022,3.019
510050.SH,20191021,3.016
510050.SH,20191018,3.014
510050.SH,20191017,3.059
510050.SH,20191016,3.051
510050.SH,20191015,3.062
510050.SH,20191014,3.061
510050.SH,20191011,3.032
510050.SH,20191010,2.987
510050.SH,20191009,2.971
510050.SH,20191008,2.968
510050.SH,20190930,2.945
510050.SH,20190927,2.978
510050.SH,20190926,2.978
510050.SH,20190925,2.977
510050.SH,20190924,2.987
510050.SH,20190923,2.981
510050.SH,20190920,3.013
510050.SH,20190919,3.007
510050.SH,20190918,3.003
510050.SH,20190917,2.987
510050.SH,20190916,3.034
510050.SH,20190912,3.047
510050.SH,20190911,3.007
510050.SH,20190910,3.021
510050.SH,20190909,3.032
510050.SH,20190906,3.037
510050.SH,20190905,3.004
510050.SH,20190904,2.973
510050.SH,20190903,2.939
510050.SH,20190902,2.94
510050.SH,20190830,2.916
510050.SH,20190829,2.901
510050.SH,20190828,2.912
510050.SH,20190827,2.934
510050.SH,20190826,2.914
510050.SH,20190823,2.963
510050.SH,20190822,2.923
510050.SH,20190821,2.919
510050.SH,20190820,2.921
510050.SH,20190819,2.927
510050.SH,20190816,2.87
510050.SH,20190815,2.858
510050.SH,20190814,2.849
510050.SH,20190813,2.84
510050.SH,20190812,2.869
510050.SH,20190809,2.82
510050.SH,20190808,2.831
510050.SH,20190807,2.791
510050.SH,20190806,2.805
510050.SH,20190805,2.835
510050.SH,20190802,2.89
510050.SH,20190801,2.935
510050.SH,20190731,2.96
510050.SH,20190730,2.988
510050.SH,20190729,2.978
510050.SH,20190726,2.982
510050.SH,20190725,2.977
510050.SH,20190724,2.952
510050.SH,20190723,2.923
510050.SH,20190722,2.922
510050.SH,20190719,2.94
510050.SH,20190718,2.905
510050.SH,20190717,2.916
510050.SH,20190716,2.925
510050.SH,20190715,2.942
510050.SH,20190712,2.943
510050.SH,20190711,2.922
510050.SH,20190710,2.912
510050.SH,20190709,2.914
510050.SH,20190708,2.924
510050.SH,20190705,2.987
510050.SH,20190704,2.976
510050.SH,20190703,2.987
510050.SH,20190702,3.016
510050.SH,20190701,3.02
510050.SH,20190628,2.952
510050.SH,20190627,2.955
510050.SH,20190626,2.916
510050.SH,20190625,2.919
510050.SH,20190624,2.959
510050.SH,20190621,2.953
510050.SH,20190620,2.954
510050.SH,20190619,2.856
510050.SH,20190618,2.81
510050.SH,20190617,2.799
510050.SH,20190614,2.79
510050.SH,20190613,2.796
510050.SH,20190612,2.802
510050.SH,20190611,2.814
510050.SH,20190610,2.739
510050.SH,20190606,2.704
510050.SH,20190605,2.718
510050.SH,20190604,2.722
510050.SH,20190603,2.74
510050.SH,20190531,2.728
510050.SH,20190530,2.737
510050.SH,20190529,2.748
510050.SH,20190528,2.733
510050.SH,20190527,2.714
510050.SH,20190524,2.691
510050.SH,20190523,2.677
510050.SH,20190522,2.709
510050.SH,20190521,2.722
510050.SH,20190520,2.699
510050.SH,20190517,2.723
510050.SH,20190516,2.774
510050.SH,20190515,2.765
510050.SH,20190514,2.708
510050.SH,20190513,2.725
510050.SH,20190510,2.777
510050.SH,20190509,2.686
510050.SH,20190508,2.745
510050.SH,20190507,2.79
510050.SH,20190506,2.787
510050.SH,20190430,2.928
510050.SH,20190429,2.921
510050.SH,20190426,2.88
510050.SH,20190425,2.913
510050.SH,20190424,2.958
510050.SH,20190423,2.963
510050.SH,20190422,2.958
510050.SH,20190419,3.024
510050.SH,20190418,2.987
510050.SH,20190417,2.997
510050.SH,20190416,3.008
510050.SH,20190415,2.906
510050.SH,20190412,2.906
510050.SH,20190411,2.912
510050.SH,20190410,2.964
510050.SH,20190409,2.949
510050.SH,20190408,2.943
510050.SH,20190404,2.939
510050.SH,20190403,2.901
510050.SH,20190402,2.872
510050.SH,20190401,2.874
510050.SH,20190329,2.819
510050.SH,20190328,2.718
510050.SH,20190327,2.723
510050.SH,20190326,2.692
510050.SH,20190325,2.702
510050.SH,20190322,2.777
510050.SH,20190321,2.784
510050.SH,20190320,2.794
510050.SH,20190319,2.79
510050.SH,20190318,2.812
510050.SH,20190315,2.74
510050.SH,20190314,2.71
510050.SH,20190313,2.706
510050.SH,20190312,2.701
510050.SH,20190311,2.69
510050.SH,20190308,2.675
510050.SH,20190307,2.773
510050.SH,20190306,2.82
510050.SH,20190305,2.813
510050.SH,20190304,2.815
510050.SH,20190301,2.802
510050.SH,20190228,2.736
510050.SH,20190227,2.736
510050.SH,20190226,2.728
510050.SH,20190225,2.816
510050.SH,20190222,2.618
510050.SH,20190221,2.566
510050.SH,20190220,2.577
510050.SH,20190219,2.567
510050.SH,20190218,2.571
510050.SH,20190215,2.511
510050.SH,20190214,2.567
510050.SH,20190213,2.571
510050.SH,20190212,2.524
510050.SH,20190211,2.516
510050.SH,20190201,2.492
510050.SH,20190131,2.474
510050.SH,20190130,2.437
510050.SH,20190129,2.448
510050.SH,20190128,2.43
510050.SH,20190125,2.433
510050.SH,20190124,2.403
510050.SH,20190123,2.392
510050.SH,20190122,2.396
510050.SH,20190121,2.424
510050.SH,20190118,2.409
510050.SH,20190117,2.365
510050.SH,20190116,2.374
510050.SH,20190115,2.37
510050.SH,20190114,2.325
510050.SH,20190111,2.347
510050.SH,20190110,2.328
510050.SH,20190109,2.325
510050.SH,20190108,2.3
510050.SH,20190107,2.307
510050.SH,20190104,2.31
510050.SH,20190103,2.261
510050.SH,20190102,2.255
510050.SH,20181228,2.286
510050.SH,20181227,2.275
510050.SH,20181226,2.275
510050.SH,20181225,2.292
510050.SH,20181224,2.304
510050.SH,20181221,2.302
510050.SH,20181220,2.331
510050.SH,20181219,2.365
510050.SH,20181218,2.391
510050.SH,20181217,2.42
510050.SH,20181214,2.423
510050.SH,20181213,2.453
510050.SH,20181212,2.419
510050.SH,20181211,2.413
510050.SH,20181210,2.408
510050.SH,20181207,2.425
510050.SH,20181206,2.433
510050.SH,20181205,2.479
510050.SH,20181204,2.49
510050.SH,20181203,2.482
510050.SH,20181130,2.474
510050.SH,20181129,2.453
510050.SH,20181128,2.466
510050.SH,20181127,2.439
510050.SH,20181126,2.45
510050.SH,20181123,2.442
510050.SH,20181122,2.483
510050.SH,20181121,2.497
510050.SH,20181120,2.498
510050.SH,20181119,2.54
510050.SH,20181116,2.507
510050.SH,20181115,2.505
510050.SH,20181114,2.475
510050.SH,20181113,2.509
510050.SH,20181112,2.49
510050.SH,20181109,2.48
510050.SH,20181108,2.537
510050.SH,20181107,2.528
510050.SH,20181106,2.546
510050.SH,20181105,2.558
510050.SH,20181102,2.594
510050.SH,20181101,2.507
510050.SH,20181031,2.496
510050.SH,20181030,2.463
510050.SH,20181029,2.431
510050.SH,20181026,2.516
510050.SH,20181025,2.531
510050.SH,20181024,2.525
510050.SH,20181023,2.511
510050.SH,20181022,2.599
510050.SH,20181019,2.491
510050.SH,20181018,2.419
510050.SH,20181017,2.477
510050.SH,20181016,2.467
510050.SH,20181015,2.463
510050.SH,20181012,2.494
510050.SH,20181011,2.439
510050.SH,20181010,2.545
510050.SH,20181009,2.545
510050.SH,20181008,2.533
510050.SH,20180928,2.659
510050.SH,20180927,2.628
510050.SH,20180926,2.638
510050.SH,20180925,2.6
510050.SH,20180921,2.632
510050.SH,20180920,2.541
510050.SH,20180919,2.538
510050.SH,20180918,2.513
510050.SH,20180917,2.452
510050.SH,20180914,2.475
510050.SH,20180913,2.466
510050.SH,20180912,2.432
510050.SH,20180911,2.449
510050.SH,20180910,2.466
510050.SH,20180907,2.491
510050.SH,20180906,2.466
510050.SH,20180905,2.487
510050.SH,20180904,2.55
510050.SH,20180903,2.512
510050.SH,20180831,2.521
510050.SH,20180830,2.533
510050.SH,20180829,2.553
510050.SH,20180828,2.56
510050.SH,20180827,2.571
510050.SH,20180824,2.523
510050.SH,20180823,2.509
510050.SH,20180822,2.499
510050.SH,20180821,2.496
510050.SH,20180820,2.458
510050.SH,20180817,2.42
510050.SH,20180816,2.453
510050.SH,20180815,2.454
510050.SH,20180814,2.518
510050.SH,20180813,2.526
510050.SH,20180810,2.551
510050.SH,20180809,2.551
510050.SH,20180808,2.494
510050.SH,20180807,2.53
510050.SH,20180806,2.455
510050.SH,20180803,2.457
510050.SH,20180802,2.484
510050.SH,20180801,2.537
510050.SH,20180731,2.595
510050.SH,20180730,2.587
510050.SH,20180727,2.575
510050.SH,20180726,2.575
510050.SH,20180725,2.609
510050.SH,20180724,2.61
510050.SH,20180723,2.569
510050.SH,20180720,2.54
510050.SH,20180719,2.474
510050.SH,20180718,2.463
510050.SH,20180717,2.475
510050.SH,20180716,2.49
510050.SH,20180713,2.509
510050.SH,20180712,2.505
510050.SH,20180711,2.454
510050.SH,20180710,2.493
510050.SH,20180709,2.496
510050.SH,20180706,2.425
510050.SH,20180705,2.391
510050.SH,20180704,2.39
510050.SH,20180703,2.41
510050.SH,20180702,2.402
510050.SH,20180629,2.495
510050.SH,20180628,2.441
510050.SH,20180627,2.465
510050.SH,20180626,2.52
510050.SH,20180625,2.548
510050.SH,20180622,2.598
510050.SH,20180621,2.592
510050.SH,20180620,2.61
510050.SH,20180619,2.612
510050.SH,20180615,2.678
510050.SH,20180614,2.675
510050.SH,20180613,2.672
510050.SH,20180612,2.688
510050.SH,20180611,2.663
510050.SH,20180608,2.652
510050.SH,20180607,2.694
510050.SH,20180606,2.686
510050.SH,20180605,2.696
510050.SH,20180604,2.686
510050.SH,20180601,2.643
510050.SH,20180531,2.651
510050.SH,20180530,2.601
510050.SH,20180529,2.655
510050.SH,20180528,2.668
510050.SH,20180525,2.654
510050.SH,20180524,2.655
510050.SH,20180523,2.672
510050.SH,20180522,2.717
510050.SH,20180521,2.736
510050.SH,20180518,2.733
510050.SH,20180517,2.689
510050.SH,20180516,2.705
510050.SH,20180515,2.74
510050.SH,20180514,2.745
510050.SH,20180511,2.716
510050.SH,20180510,2.723
510050.SH,20180509,2.711
510050.SH,20180508,2.714
510050.SH,20180507,2.674
510050.SH,20180504,2.634
510050.SH,20180503,2.654
510050.SH,20180502,2.646
510050.SH,20180427,2.642
510050.SH,20180426,2.655
510050.SH,20180425,2.693
510050.SH,20180424,2.718
510050.SH,20180423,2.658
510050.SH,20180420,2.637
510050.SH,20180419,2.676
510050.SH,20180418,2.643
510050.SH,20180417,2.626
510050.SH,20180416,2.655
510050.SH,20180413,2.717
510050.SH,20180412,2.742
510050.SH,20180411,2.775
510050.SH,20180410,2.775
510050.SH,20180409,2.711
510050.SH,20180404,2.694
510050.SH,20180403,2.693
510050.SH,20180402,2.702
510050.SH,20180330,2.713
510050.SH,20180329,2.734
510050.SH,20180328,2.688
510050.SH,20180327,2.739
510050.SH,20180326,2.734
510050.SH,20180323,2.781
510050.SH,20180322,2.857
510050.SH,20180321,2.884
510050.SH,20180320,2.895
510050.SH,20180319,2.892
510050.SH,20180316,2.862
510050.SH,20180315,2.89
510050.SH,20180314,2.863
510050.SH,20180313,2.873
510050.SH,20180312,2.905
510050.SH,20180309,2.903
510050.SH,20180308,2.893
510050.SH,20180307,2.871
510050.SH,20180306,2.888
510050.SH,20180305,2.855
510050.SH,20180302,2.856
510050.SH,20180301,2.884
510050.SH,20180228,2.871
510050.SH,20180227,2.92
510050.SH,20180226,2.965
510050.SH,20180223,2.955
510050.SH,20180222,2.925
510050.SH,20180214,2.866
510050.SH,20180213,2.848
510050.SH,20180212,2.8
510050.SH,20180209,2.803
510050.SH,20180208,2.939
510050.SH,20180207,3.023
510050.SH,20180206,3.11
510050.SH,20180205,3.18
510050.SH,20180202,3.145
510050.SH,20180201,3.134
510050.SH,20180131,3.113
510050.SH,20180130,3.075
510050.SH,20180129,3.114
510050.SH,20180126,3.171
510050.SH,20180125,3.15
510050.SH,20180124,3.172
510050.SH,20180123,3.173
510050.SH,20180122,3.129
510050.SH,20180119,3.113
510050.SH,20180118,3.106
510050.SH,20180117,3.071
510050.SH,20180116,3.064
510050.SH,20180115,3.043
510050.SH,20180112,3.018
510050.SH,20180111,2.991
510050.SH,20180110,2.994
510050.SH,20180109,2.97
510050.SH,20180108,2.944
510050.SH,20180105,2.933
510050.SH,20180104,2.919
510050.SH,20180103,2.912
510050.SH,20180102,2.907
510050.SH,20251231,3.105
510050.SH,20251230,3.108
510050.SH,20251229,3.109
510050.SH,20251226,3.12
510050.SH,20251225,3.107
510050.SH,20251224,3.099
510050.SH,20251223,3.098
510050.SH,20251222,3.092
510050.SH,20251219,3.078
510050.SH,20251218,3.064
510050.SH,20251217,3.058
510050.SH,20251216,3.103
510050.SH,20251215,3.133
510050.SH,20251212,3.134
510050.SH,20251211,3.12
510050.SH,20251210,3.132
510050.SH,20251209,3.142
510050.SH,20251208,3.164
510050.SH,20251205,3.145
510050.SH,20251204,3.116
510050.SH,20251203,3.108
510050.SH,20251202,3.122
510050.SH,20251201,3.137
510050.SH,20251128,3.113
510050.SH,20251127,3.112
510050.SH,20251126,3.114
510050.SH,20251125,3.11
510050.SH,20251124,3.094
510050.SH,20251121,3.101
510050.SH,20251120,3.156
510050.SH,20251119,3.165
510050.SH,20251118,3.15
510050.SH,20251117,3.159
510050.SH,20251114,3.183
510050.SH,20251113,3.221
510050.SH,20251112,3.197
510050.SH,20251111,3.18
510050.SH,20251110,3.201
510050.SH,20251107,3.186
510050.SH,20251106,3.19
510050.SH,20251105,3.15
510050.SH,20251104,3.156
510050.SH,20251103,3.161
510050.SH,20251031,3.16
510050.SH,20251030,3.193
510050.SH,20251029,3.21
510050.SH,20251028,3.196
510050.SH,20251027,3.216
510050.SH,20251024,3.192
510050.SH,20251023,3.167
510050.SH,20251022,3.148
510050.SH,20251021,3.144
510050.SH,20251020,3.111
510050.SH,20251017,3.11
510050.SH,20251016,3.159
510050.SH,20251015,3.138
510050.SH,20251014,3.1
510050.SH,20251013,3.101
510050.SH,20251010,3.112
510050.SH,20251009,3.161
510050.SH,20250930,3.126
510050.SH,20250929,3.109
510050.SH,20250926,3.077
510050.SH,20250925,3.087
510050.SH,20250924,3.072
510050.SH,20250923,3.054
510050.SH,20250922,3.054
510050.SH,20250919,3.045
510050.SH,20250918,3.048
510050.SH,20250917,3.088
510050.SH,20250916,3.082
510050.SH,20250915,3.097
510050.SH,20250912,3.104
510050.SH,20250911,3.122
510050.SH,20250910,3.072
510050.SH,20250909,3.059
510050.SH,20250908,3.067
510050.SH,20250905,3.072
510050.SH,20250904,3.034
510050.SH,20250903,3.087
510050.SH,20250902,3.128
510050.SH,20250901,3.113
510050.SH,20250829,3.112
510050.SH,20250828,3.095
510050.SH,20250827,3.051
510050.SH,20250826,3.101
510050.SH,20250825,3.124
510050.SH,20250822,3.066
510050.SH,20250821,2.99
510050.SH,20250820,2.975
510050.SH,20250819,2.937
510050.SH,20250818,2.971
510050.SH,20250815,2.965
510050.SH,20250814,2.954
510050.SH,20250813,2.94
510050.SH,20250812,2.932
510050.SH,20250811,2.912
510050.SH,20250808,2.91
510050.SH,20250807,2.921
510050.SH,20250806,2.918
510050.SH,20250805,2.912
510050.SH,20250804,2.89
510050.SH,20250801,2.876
510050.SH,20250731,2.899
510050.SH,20250730,2.943
510050.SH,20250729,2.934
510050.SH,20250728,2.929
510050.SH,20250725,2.916
510050.SH,20250724,2.933
510050.SH,20250723,2.921
510050.SH,20250722,2.914
510050.SH,20250721,2.89
510050.SH,20250718,2.884
510050.SH,20250717,2.859
510050.SH,20250716,2.85
510050.SH,20250715,2.855
510050.SH,20250714,2.869
510050.SH,20250711,2.871
510050.SH,20250710,2.858
510050.SH,20250709,2.842
510050.SH,20250708,2.845
510050.SH,20250707,2.828
510050.SH,20250704,2.836
510050.SH,20250703,2.82
510050.SH,20250702,2.816
510050.SH,20250701,2.81
510050.SH,20250630,2.807
510050.SH,20250627,2.795
510050.SH,20250626,2.826
510050.SH,20250625,2.832
510050.SH,20250624,2.792
510050.SH,20250623,2.762
510050.SH,20250620,2.749
510050.SH,20250619,2.733
510050.SH,20250618,2.75
510050.SH,20250617,2.753
510050.SH,20250616,2.753
510050.SH,20250613,2.746
510050.SH,20250612,2.76
510050.SH,20250611,2.762
510050.SH,20250610,2.742
510050.SH,20250609,2.756
510050.SH,20250606,2.756
510050.SH,20250605,2.754
510050.SH,20250604,2.755
510050.SH,20250603,2.748
510050.SH,20250530,2.749
510050.SH,20250529,2.754
510050.SH,20250528,2.747
510050.SH,20250527,2.75
510050.SH,20250526,2.764
510050.SH,20250523,2.775
510050.SH,20250522,2.796
510050.SH,20250521,2.793
510050.SH,20250520,2.78
510050.SH,20250519,2.769
510050.SH,20250516,2.778
510050.SH,20250515,2.803
510050.SH,20250514,2.817
510050.SH,20250513,2.769
510050.SH,20250512,2.763
510050.SH,20250509,2.744
510050.SH,20250508,2.742
510050.SH,20250507,2.731
510050.SH,20250506,2.707
510050.SH,20250430,2.693
510050.SH,20250429,2.706
510050.SH,20250428,2.711
510050.SH,20250425,2.71
510050.SH,20250424,2.715
510050.SH,20250423,2.708
510050.SH,20250422,2.716
510050.SH,20250421,2.711
510050.SH,20250418,2.72
510050.SH,20250417,2.718
510050.SH,20250416,2.715
510050.SH,20250415,2.691
510050.SH,20250414,2.685
510050.SH,20250411,2.677
510050.SH,20250410,2.672
510050.SH,20250409,2.648
510050.SH,20250408,2.628
510050.SH,20250407,2.571
510050.SH,20250403,2.72
510050.SH,20250402,2.716
510050.SH,20250401,2.721
510050.SH,20250331,2.725
510050.SH,20250328,2.738
510050.SH,20250327,2.75
510050.SH,20250326,2.736
510050.SH,20250325,2.752
510050.SH,20250324,2.752
510050.SH,20250321,2.734
510050.SH,20250320,2.779
510050.SH,20250319,2.809
510050.SH,20250318,2.8
510050.SH,20250317,2.798
510050.SH,20250314,2.803
510050.SH,20250313,2.723
510050.SH,20250312,2.73
510050.SH,20250311,2.739
510050.SH,20250310,2.727
510050.SH,20250307,2.739
510050.SH,20250306,2.74
510050.SH,20250305,2.697
510050.SH,20250304,2.678
510050.SH,20250303,2.686
510050.SH,20250228,2.705
510050.SH,20250227,2.74
510050.SH,20250226,2.726
510050.SH,20250225,2.703
510050.SH,20250224,2.731
510050.SH,20250221,2.744
510050.SH,20250220,2.708
510050.SH,20250219,2.722
510050.SH,20250218,2.713
510050.SH,20250217,2.723
510050.SH,20250214,2.719
510050.SH,20250213,2.702
510050.SH,20250212,2.698
510050.SH,20250211,2.671
510050.SH,20250210,2.678
510050.SH,20250207,2.668
510050.SH,20250206,2.638
510050.SH,20250205,2.619
510050.SH,20250127,2.643
510050.SH,20250124,2.638
510050.SH,20250123,2.623
510050.SH,20250122,2.607
510050.SH,20250121,2.64
510050.SH,20250120,2.643
510050.SH,20250117,2.637
510050.SH,20250116,2.637
510050.SH,20250115,2.646
510050.SH,20250114,2.652
510050.SH,20250113,2.607
510050.SH,20250110,2.615
510050.SH,20250109,2.638
510050.SH,20250108,2.651
510050.SH,20250107,2.645
510050.SH,20250106,2.63
510050.SH,20250103,2.641
510050.SH,20250102,2.667
510050.SH,20241231,2.738
510050.SH,20241230,2.773
510050.SH,20241227,2.754
510050.SH,20241226,2.757
510050.SH,20241225,2.764
510050.SH,20241224,2.753
510050.SH,20241223,2.724
510050.SH,20241220,2.701
510050.SH,20241219,2.709
510050.SH,20241218,2.719
510050.SH,20241217,2.7
510050.SH,20241216,2.686
510050.SH,20241213,2.69
510050.SH,20241212,2.757
510050.SH,20241211,2.726
510050.SH,20241210,2.744
510050.SH,20241209,2.719
510050.SH,20241206,2.716
510050.SH,20241205,2.687
510050.SH,20241204,2.699
510050.SH,20241203,2.702
510050.SH,20241202,2.688
510050.SH,20241129,2.732
510050.SH,20241128,2.716
510050.SH,20241127,2.729
510050.SH,20241126,2.697
510050.SH,20241125,2.687
510050.SH,20241122,2.71
510050.SH,20241121,2.791
510050.SH,20241120,2.784
510050.SH,20241119,2.778
510050.SH,20241118,2.79
510050.SH,20241115,2.778
510050.SH,20241114,2.814
510050.SH,20241113,2.838
510050.SH,20241112,2.822
510050.SH,20241111,2.864
510050.SH,20241108,2.882
510050.SH,20241107,2.925
510050.SH,20241106,2.818
510050.SH,20241105,2.841
510050.SH,20241104,2.785
510050.SH,20241101,2.762
510050.SH,20241031,2.741
510050.SH,20241030,2.743
510050.SH,20241029,2.779
510050.SH,20241028,2.795
510050.SH,20241025,2.793
510050.SH,20241024,2.789
510050.SH,20241023,2.817
510050.SH,20241022,2.801
510050.SH,20241021,2.79
510050.SH,20241018,2.795
510050.SH,20241017,2.712
510050.SH,20241016,2.754
510050.SH,20241015,2.758
510050.SH,20241014,2.827
510050.SH,20241011,2.794
510050.SH,20241010,2.852
510050.SH,20241009,2.763
510050.SH,20241008,2.978
510050.SH,20240930,2.909
510050.SH,20240927,2.724
510050.SH,20240926,2.618
510050.SH,20240925,2.48
510050.SH,20240924,2.45
510050.SH,20240923,2.33
510050.SH,20240920,2.323
510050.SH,20240919,2.319
510050.SH,20240918,2.305
510050.SH,20240913,2.292
510050.SH,20240912,2.297
510050.SH,20240911,2.307
510050.SH,20240910,2.321
510050.SH,20240909,2.32
510050.SH,20240906,2.351
510050.SH,20240905,2.362
510050.SH,20240904,2.359
510050.SH,20240903,2.379
510050.SH,20240902,2.39
510050.SH,20240830,2.429
510050.SH,20240829,2.407
510050.SH,20240828,2.427
510050.SH,20240827,2.444
510050.SH,20240826,2.442
510050.SH,20240823,2.445
510050.SH,20240822,2.43
510050.SH,20240821,2.426
510050.SH,20240820,2.438
510050.SH,20240819,2.445
510050.SH,20240816,2.434
510050.SH,20240815,2.422
510050.SH,20240814,2.39
510050.SH,20240813,2.403
510050.SH,20240812,2.404
510050.SH,20240809,2.403
510050.SH,20240808,2.406
510050.SH,20240807,2.399
510050.SH,20240806,2.401
510050.SH,20240805,2.417
510050.SH,20240802,2.433
510050.SH,20240801,2.448
510050.SH,20240731,2.463
510050.SH,20240730,2.422
510050.SH,20240729,2.435
510050.SH,20240726,2.444
510050.SH,20240725,2.45
510050.SH,20240724,2.474
510050.SH,20240723,2.483
510050.SH,20240722,2.515
510050.SH,20240719,2.539
510050.SH,20240718,2.522
510050.SH,20240717,2.51
510050.SH,20240716,2.5
510050.SH,20240715,2.491
510050.SH,20240712,2.481
510050.SH,20240711,2.466
510050.SH,20240710,2.44
510050.SH,20240709,2.444
510050.SH,20240708,2.422
510050.SH,20240705,2.434
510050.SH,20240704,2.454
510050.SH,20240703,2.462
510050.SH,20240702,2.462
510050.SH,20240701,2.45
510050.SH,20240628,2.441
510050.SH,20240627,2.434
510050.SH,20240626,2.441
510050.SH,20240625,2.437
510050.SH,20240624,2.446
510050.SH,20240621,2.446
510050.SH,20240620,2.451
510050.SH,20240619,2.458
510050.SH,20240618,2.454
510050.SH,20240617,2.454
510050.SH,20240614,2.469
510050.SH,20240613,2.452
510050.SH,20240612,2.462
510050.SH,20240611,2.465
510050.SH,20240607,2.495
510050.SH,20240606,2.506
510050.SH,20240605,2.505
510050.SH,20240604,2.516
510050.SH,20240603,2.502
510050.SH,20240531,2.499
510050.SH,20240530,2.508
510050.SH,20240529,2.525
510050.SH,20240528,2.524
510050.SH,20240527,2.531
510050.SH,20240524,2.508
510050.SH,20240523,2.537
510050.SH,20240522,2.563
510050.SH,20240521,2.562
510050.SH,20240520,2.567
510050.SH,20240517,2.561
510050.SH,20240516,2.523
510050.SH,20240515,2.513
510050.SH,20240514,2.531
510050.SH,20240513,2.54
510050.SH,20240510,2.543
510050.SH,20240509,2.536
510050.SH,20240508,2.52
510050.SH,20240507,2.535
510050.SH,20240506,2.53
510050.SH,20240430,2.5
510050.SH,20240429,2.511
510050.SH,20240426,2.496
510050.SH,20240425,2.466
510050.SH,20240424,2.457
510050.SH,20240423,2.447
510050.SH,20240422,2.46
510050.SH,20240419,2.464
510050.SH,20240418,2.48
510050.SH,20240417,2.473
510050.SH,20240416,2.448
510050.SH,20240415,2.458
510050.SH,20240412,2.408
510050.SH,20240411,2.429
510050.SH,20240410,2.431
510050.SH,20240409,2.437
510050.SH,20240408,2.45
510050.SH,20240403,2.463
510050.SH,20240402,2.471
510050.SH,20240401,2.475
510050.SH,20240329,2.449
510050.SH,20240328,2.438
510050.SH,20240327,2.433
510050.SH,20240326,2.446
510050.SH,20240325,2.437
510050.SH,20240322,2.438
510050.SH,20240321,2.46
510050.SH,20240320,2.46
510050.SH,20240319,2.454
510050.SH,20240318,2.471
510050.SH,20240315,2.461
510050.SH,20240314,2.459
510050.SH,20240313,2.465
510050.SH,20240312,2.485
510050.SH,20240311,2.479
510050.SH,20240308,2.46
510050.SH,20240307,2.46
510050.SH,20240306,2.468
510050.SH,20240305,2.481
510050.SH,20240304,2.451
510050.SH,20240301,2.448
510050.SH,20240229,2.444
510050.SH,20240228,2.424
510050.SH,20240227,2.438
510050.SH,20240226,2.426
510050.SH,20240223,2.467
510050.SH,20240222,2.466
510050.SH,20240221,2.444
510050.SH,20240220,2.402
510050.SH,20240219,2.403
510050.SH,20240208,2.385
510050.SH,20240207,2.38
510050.SH,20240206,2.351
510050.SH,20240205,2.289
510050.SH,20240202,2.268
510050.SH,20240201,2.283
510050.SH,20240131,2.292
510050.SH,20240130,2.306
510050.SH,20240129,2.342
510050.SH,20240126,2.35
510050.SH,20240125,2.347
510050.SH,20240124,2.295
510050.SH,20240123,2.258
510050.SH,20240122,2.261
510050.SH,20240119,2.282
510050.SH,20240118,2.274
510050.SH,20240117,2.234
510050.SH,20240116,2.284
510050.SH,20240115,2.272
510050.SH,20240112,2.272
510050.SH,20240111,2.275
510050.SH,20240110,2.27
510050.SH,20240109,2.28
510050.SH,20240108,2.278
510050.SH,20240105,2.303
510050.SH,20240104,2.314
510050.SH,20240103,2.332
510050.SH,20240102,2.327
510050.SH,20231229,2.355
510050.SH,20231228,2.354
510050.SH,20231227,2.302
510050.SH,20231226,2.299
510050.SH,20231225,2.308
510050.SH,20231222,2.307
510050.SH,20231221,2.299
510050.SH,20231220,2.273
510050.SH,20231219,2.286
510050.SH,20231218,2.283
510050.SH,20231215,2.281
510050.SH,20231214,2.28
510050.SH,20231213,2.291
510050.SH,20231212,2.337
510050.SH,20231211,2.324
510050.SH,20231208,2.314
510050.SH,20231207,2.307
510050.SH,20231206,2.317
510050.SH,20231205,2.319
510050.SH,20231204,2.367
510050.SH,20231201,2.385
510050.SH,20231130,2.401
510050.SH,20231129,2.395
510050.SH,20231128,2.406
510050.SH,20231127,2.407
510050.SH,20231124,2.467
510050.SH,20231123,2.48
510050.SH,20231122,2.471
510050.SH,20231121,2.492
510050.SH,20231120,2.48
510050.SH,20231117,2.474
510050.SH,20231116,2.478
510050.SH,20231115,2.503
510050.SH,20231114,2.482
510050.SH,20231113,2.484
510050.SH,20231110,2.49
510050.SH,20231109,2.514
510050.SH,20231108,2.514
510050.SH,20231107,2.522
510050.SH,20231106,2.533
510050.SH,20231103,2.513
510050.SH,20231102,2.493
510050.SH,20231101,2.497
510050.SH,20231031,2.488
510050.SH,20231030,2.492
510050.SH,20231027,2.494
510050.SH,20231026,2.47
510050.SH,20231025,2.461
510050.SH,20231024,2.449
510050.SH,20231023,2.441
510050.SH,20231020,2.46
510050.SH,20231019,2.474
510050.SH,20231018,2.543
510050.SH,20231017,2.553
510050.SH,20231016,2.543
510050.SH,20231013,2.566
510050.SH,20231012,2.591
510050.SH,20231011,2.567
510050.SH,20231010,2.559
510050.SH,20231009,2.575
510050.SH,20230928,2.583
510050.SH,20230927,2.604
510050.SH,20230926,2.592
510050.SH,20230925,2.609
510050.SH,20230922,2.634
510050.SH,20230921,2.572
510050.SH,20230920,2.597
510050.SH,20230919,2.609
510050.SH,20230918,2.61
510050.SH,20230915,2.596
510050.SH,20230914,2.608
510050.SH,20230913,2.601
510050.SH,20230912,2.609
510050.SH,20230911,2.613
510050.SH,20230908,2.596
510050.SH,20230907,2.611
510050.SH,20230906,2.637
510050.SH,20230905,2.641
510050.SH,20230904,2.658
510050.SH,20230901,2.61
510050.SH,20230831,2.59
510050.SH,20230830,2.599
510050.SH,20230829,2.606
510050.SH,20230828,2.596
510050.SH,20230825,2.563
510050.SH,20230824,2.553
510050.SH,20230823,2.535
510050.SH,20230822,2.567
510050.SH,20230821,2.547
510050.SH,20230818,2.58
510050.SH,20230817,2.61
510050.SH,20230816,2.604
510050.SH,20230815,2.623
510050.SH,20230814,2.622
510050.SH,20230811,2.642
510050.SH,20230810,2.706
510050.SH,20230809,2.709
510050.SH,20230808,2.709
510050.SH,20230807,2.714
510050.SH,20230804,2.725
510050.SH,20230803,2.723
510050.SH,20230802,2.698
510050.SH,20230801,2.723
510050.SH,20230731,2.731
510050.SH,20230728,2.727
510050.SH,20230727,2.653
510050.SH,20230726,2.652
510050.SH,20230725,2.655
510050.SH,20230724,2.573
510050.SH,20230721,2.586
510050.SH,20230720,2.576
510050.SH,20230719,2.59
510050.SH,20230718,2.581
510050.SH,20230717,2.584
510050.SH,20230714,2.609
510050.SH,20230713,2.609
510050.SH,20230712,2.568
510050.SH,20230711,2.569
510050.SH,20230710,2.552
510050.SH,20230707,2.539
510050.SH,20230706,2.55
510050.SH,20230705,2.569
510050.SH,20230704,2.584
510050.SH,20230703,2.58
510050.SH,20230630,2.542
510050.SH,20230629,2.535
510050.SH,20230628,2.55
510050.SH,20230627,2.541
510050.SH,20230626,2.526
510050.SH,20230621,2.554
510050.SH,20230620,2.581
510050.SH,20230619,2.593
510050.SH,20230616,2.625
510050.SH,20230615,2.602
510050.SH,20230614,2.563
510050.SH,20230613,2.564
510050.SH,20230612,2.555
510050.SH,20230609,2.555
510050.SH,20230608,2.547
510050.SH,20230607,2.522
510050.SH,20230606,2.523
510050.SH,20230605,2.536
510050.SH,20230602,2.548
510050.SH,20230601,2.505
510050.SH,20230531,2.5
510050.SH,20230530,2.541
510050.SH,20230529,2.552
510050.SH,20230526,2.563
510050.SH,20230525,2.565
510050.SH,20230524,2.577
510050.SH,20230523,2.617
510050.SH,20230522,2.659
510050.SH,20230519,2.634
510050.SH,20230518,2.645
510050.SH,20230517,2.649
510050.SH,20230516,2.674
510050.SH,20230515,2.68
510050.SH,20230512,2.631
510050.SH,20230511,2.668
510050.SH,20230510,2.674
510050.SH,20230509,2.706
510050.SH,20230508,2.724
510050.SH,20230505,2.687
510050.SH,20230504,2.695
510050.SH,20230428,2.68
510050.SH,20230427,2.656
510050.SH,20230426,2.619
510050.SH,20230425,2.622
510050.SH,20230424,2.623
510050.SH,20230421,2.659
510050.SH,20230420,2.706
510050.SH,20230419,2.724
510050.SH,20230418,2.748
510050.SH,20230417,2.738
510050.SH,20230414,2.684
510050.SH,20230413,2.673
510050.SH,20230412,2.669
510050.SH,20230411,2.684
510050.SH,20230410,2.69
510050.SH,20230407,2.689
510050.SH,20230406,2.67
510050.SH,20230404,2.682
510050.SH,20230403,2.672
510050.SH,20230331,2.669
510050.SH,20230330,2.672
510050.SH,20230329,2.64
510050.SH,20230328,2.644
510050.SH,20230327,2.643
510050.SH,20230324,2.66
510050.SH,20230323,2.673
510050.SH,20230322,2.656
510050.SH,20230321,2.647
510050.SH,20230320,2.62
510050.SH,20230317,2.637
510050.SH,20230316,2.627
510050.SH,20230315,2.652
510050.SH,20230314,2.651
510050.SH,20230313,2.669
510050.SH,20230310,2.642
510050.SH,20230309,2.678
510050.SH,20230308,2.697
510050.SH,20230307,2.718
510050.SH,20230306,2.749
510050.SH,20230303,2.779
510050.SH,20230302,2.776
510050.SH,20230301,2.777
510050.SH,20230228,2.746
510050.SH,20230227,2.733
510050.SH,20230224,2.736
510050.SH,20230223,2.774
510050.SH,20230222,2.775
510050.SH,20230221,2.812
510050.SH,20230220,2.798
510050.SH,20230217,2.721
510050.SH,20230216,2.75
510050.SH,20230215,2.76
510050.SH,20230214,2.786
510050.SH,20230213,2.775
510050.SH,20230210,2.757
510050.SH,20230209,2.769
510050.SH,20230208,2.74
510050.SH,20230207,2.747
510050.SH,20230206,2.739
510050.SH,20230203,2.783
510050.SH,20230202,2.824
510050.SH,20230201,2.83
510050.SH,20230131,2.819
510050.SH,20230130,2.849
510050.SH,20230120,2.848
510050.SH,20230119,2.829
510050.SH,20230118,2.819
510050.SH,20230117,2.838
510050.SH,20230116,2.847
510050.SH,20230113,2.799
510050.SH,20230112,2.754
510050.SH,20230111,2.748
510050.SH,20230110,2.742
510050.SH,20230109,2.75
510050.SH,20230106,2.725
510050.SH,20230105,2.71
510050.SH,20230104,2.66
510050.SH,20230103,2.651
510050.SH,20221230,2.649
510050.SH,20221229,2.635
510050.SH,20221228,2.649
510050.SH,20221227,2.642
510050.SH,20221226,2.612
510050.SH,20221223,2.622
510050.SH,20221222,2.629
510050.SH,20221221,2.612
510050.SH,20221220,2.607
510050.SH,20221219,2.653
510050.SH,20221216,2.693
510050.SH,20221215,2.682
510050.SH,20221214,2.696
510050.SH,20221213,2.679
510050.SH,20221212,2.676
510050.SH,20221209,2.708
510050.SH,20221208,2.677
510050.SH,20221207,2.671
510050.SH,20221206,2.688
510050.SH,20221205,2.68
510050.SH,20221202,2.617
510050.SH,20221201,2.632
510050.SH,20221130,2.645
510050.SH,20221129,2.648
510050.SH,20221128,2.54
510050.SH,20221125,2.585
510050.SH,20221124,2.558
510050.SH,20221123,2.575
510050.SH,20221122,2.57
510050.SH,20221121,2.557
510050.SH,20221118,2.59
510050.SH,20221117,2.6
510050.SH,20221116,2.615
510050.SH,20221115,2.625
510050.SH,20221114,2.576
510050.SH,20221111,2.555
510050.SH,20221110,2.482
510050.SH,20221109,2.478
510050.SH,20221108,2.497
510050.SH,20221107,2.515
510050.SH,20221104,2.506
510050.SH,20221103,2.425
510050.SH,20221102,2.456
510050.SH,20221101,2.436
510050.SH,20221031,2.333
510050.SH,20221028,2.365
510050.SH,20221027,2.419
510050.SH,20221026,2.439
510050.SH,20221025,2.431
510050.SH,20221024,2.439
510050.SH,20221021,2.527
510050.SH,20221020,2.544
510050.SH,20221019,2.557
510050.SH,20221018,2.608
510050.SH,20221017,2.623
510050.SH,20221014,2.625
510050.SH,20221013,2.564
510050.SH,20221012,2.594
510050.SH,20221011,2.578
510050.SH,20221010,2.586
510050.SH,20220930,2.65
510050.SH,20220929,2.651
510050.SH,20220928,2.651
510050.SH,20220927,2.681
510050.SH,20220926,2.654
510050.SH,20220923,2.672
510050.SH,20220922,2.67
510050.SH,20220921,2.691
510050.SH,20220920,2.714
510050.SH,20220919,2.719
510050.SH,20220916,2.724
510050.SH,20220915,2.784
510050.SH,20220914,2.788
510050.SH,20220913,2.808
510050.SH,20220909,2.8
510050.SH,20220908,2.748
510050.SH,20220907,2.754
510050.SH,20220906,2.764
510050.SH,20220905,2.741
510050.SH,20220902,2.752
510050.SH,20220901,2.775
510050.SH,20220831,2.801
510050.SH,20220830,2.768
510050.SH,20220829,2.772
510050.SH,20220826,2.794
510050.SH,20220825,2.793
510050.SH,20220824,2.746
510050.SH,20220823,2.774
510050.SH,20220822,2.793
510050.SH,20220819,2.792
510050.SH,20220818,2.797
510050.SH,20220817,2.823
510050.SH,20220816,2.807
510050.SH,20220815,2.82
510050.SH,20220812,2.836
510050.SH,20220811,2.826
510050.SH,20220810,2.768
510050.SH,20220809,2.801
510050.SH,20220808,2.8
510050.SH,20220805,2.815
510050.SH,20220804,2.777
510050.SH,20220803,2.75
510050.SH,20220802,2.77
510050.SH,20220801,2.818
510050.SH,20220729,2.828
510050.SH,20220728,2.866
510050.SH,20220727,2.867
510050.SH,20220726,2.891
510050.SH,20220725,2.878
510050.SH,20220722,2.887
510050.SH,20220721,2.874
510050.SH,20220720,2.908
510050.SH,20220719,2.899
510050.SH,20220718,2.911
510050.SH,20220715,2.872
510050.SH,20220714,2.915
510050.SH,20220713,2.935
510050.SH,20220712,2.944
510050.SH,20220711,2.961
510050.SH,20220708,3.006
510050.SH,20220707,3.002
510050.SH,20220706,3.011
510050.SH,20220705,3.063
510050.SH,20220704,3.063
510050.SH,20220701,3.058
510050.SH,20220630,3.069
510050.SH,20220629,3.018
510050.SH,20220628,3.043
510050.SH,20220627,3.016
510050.SH,20220624,2.978
510050.SH,20220623,2.939
510050.SH,20220622,2.898
510050.SH,20220621,2.929
510050.SH,20220620,2.923
510050.SH,20220617,2.929
510050.SH,20220616,2.886
510050.SH,20220615,2.913
510050.SH,20220614,2.874
510050.SH,20220613,2.835
510050.SH,20220610,2.886
510050.SH,20220609,2.853
510050.SH,20220608,2.863
510050.SH,20220607,2.829
510050.SH,20220606,2.81
510050.SH,20220602,2.777
510050.SH,20220601,2.782
510050.SH,20220531,2.792
510050.SH,20220530,2.758
510050.SH,20220527,2.744
510050.SH,20220526,2.725
510050.SH,20220525,2.725
510050.SH,20220524,2.72
510050.SH,20220523,2.763
510050.SH,20220520,2.793
510050.SH,20220519,2.726
510050.SH,20220518,2.728
510050.SH,20220517,2.737
510050.SH,20220516,2.702
510050.SH,20220513,2.729
510050.SH,20220512,2.702
510050.SH,20220511,2.722
510050.SH,20220510,2.701
510050.SH,20220509,2.677
510050.SH,20220506,2.703
510050.SH,20220505,2.781
510050.SH,20220429,2.793
510050.SH,20220428,2.749
510050.SH,20220427,2.714
510050.SH,20220426,2.664
510050.SH,20220425,2.662
510050.SH,20220422,2.795
510050.SH,20220421,2.78
510050.SH,20220420,2.816
510050.SH,20220419,2.844
510050.SH,20220418,2.871
510050.SH,20220415,2.914
510050.SH,20220414,2.911
510050.SH,20220413,2.866
510050.SH,20220412,2.876
510050.SH,20220411,2.832
510050.SH,20220408,2.909
510050.SH,20220407,2.884
510050.SH,20220406,2.911
510050.SH,20220401,2.923
510050.SH,20220331,2.881
510050.SH,20220330,2.898
510050.SH,20220329,2.823
510050.SH,20220328,2.836
510050.SH,20220325,2.838
510050.SH,20220324,2.884
510050.SH,20220323,2.899
510050.SH,20220322,2.882
510050.SH,20220321,2.874
510050.SH,20220318,2.891
510050.SH,20220317,2.857
510050.SH,20220316,2.81
510050.SH,20220315,2.687
510050.SH,20220314,2.832
510050.SH,20220311,2.922
510050.SH,20220310,2.913
510050.SH,20220309,2.887
510050.SH,20220308,2.915
510050.SH,20220307,2.955
510050.SH,20220304,3.046
510050.SH,20220303,3.078
510050.SH,20220302,3.088
510050.SH,20220301,3.105
510050.SH,20220228,3.061
510050.SH,20220225,3.056
510050.SH,20220224,3.043
510050.SH,20220223,3.1
510050.SH,20220222,3.081
510050.SH,20220221,3.13
510050.SH,20220218,3.144
510050.SH,20220217,3.119
510050.SH,20220216,3.116
510050.SH,20220215,3.1
510050.SH,20220214,3.088
510050.SH,20220211,3.123
510050.SH,20220210,3.128
510050.SH,20220209,3.12
510050.SH,20220208,3.098
510050.SH,20220207,3.095
510050.SH,20220128,3.036
510050.SH,20220127,3.107
510050.SH,20220126,3.144
510050.SH,20220125,3.129
510050.SH,20220124,3.195
510050.SH,20220121,3.206
510050.SH,20220120,3.214
510050.SH,20220119,3.169
510050.SH,20220118,3.169
510050.SH,20220117,3.131
510050.SH,20220114,3.12
510050.SH,20220113,3.166
510050.SH,20220112,3.22
510050.SH,20220111,3.196
510050.SH,20220110,3.216
510050.SH,20220107,3.207
510050.SH,20220106,3.193
510050.SH,20220105,3.241
510050.SH,20220104,3.247
510050.SH,20260731,3.033
510050.SH,20260730,3.026
510050.SH,20260729,3.023
510050.SH,20260728,3.022
510050.SH,20260727,3.054
510050.SH,20260724,3.05
510050.SH,20260723,3.084
510050.SH,20260722,3.086
510050.SH,20260721,3.079
510050.SH,20260720,3.007
510050.SH,20260717,2.931
510050.SH,20260716,3.004
510050.SH,20260715,3.064
510050.SH,20260714,3.058
510050.SH,20260713,3.011
510050.SH,20260710,3.057
510050.SH,20260709,3.089
510050.SH,20260708,3.009
510050.SH,20260707,3.012
510050.SH,20260706,3.046
510050.SH,20260703,3.023
510050.SH,20260702,3.003
510050.SH,20260701,3.074
510050.SH,20260630,3.083
510050.SH,20260629,3.083
510050.SH,20260626,3.0
510050.SH,20260625,3.059
510050.SH,20260624,3.024
510050.SH,20260623,3.005
510050.SH,20260622,3.097
510050.SH,20260618,3.017
510050.SH,20260617,3.015
510050.SH,20260616,2.993
510050.SH,20260615,3.024
510050.SH,20260612,2.982
510050.SH,20260611,2.928
510050.SH,20260610,2.931
510050.SH,20260609,2.917
510050.SH,20260608,2.901
510050.SH,20260605,2.94
510050.SH,20260604,2.964
510050.SH,20260603,2.996
510050.SH,20260602,2.993
510050.SH,20260601,2.968
510050.SH,20260529,2.997
510050.SH,20260528,2.985
510050.SH,20260527,3.008
510050.SH,20260526,3.046
510050.SH,20260525,3.039
510050.SH,20260522,2.995
510050.SH,20260521,2.994
510050.SH,20260520,3.029
510050.SH,20260519,3.026
510050.SH,20260518,3.008
510050.SH,20260515,3.035
510050.SH,20260514,3.074
510050.SH,20260513,3.123
510050.SH,20260512,3.119
510050.SH,20260511,3.116
510050.SH,20260508,3.075
510050.SH,20260507,3.103
510050.SH,20260506,3.1
510050.SH,20260430,3.062
510050.SH,20260429,3.041
510050.SH,20260428,3.024
510050.SH,20260427,3.013
510050.SH,20260424,3.018
510050.SH,20260423,3.001
510050.SH,20260422,3.005
510050.SH,20260421,3.006
510050.SH,20260420,3.007
510050.SH,20260417,2.982
510050.SH,20260416,3.014
510050.SH,20260415,3.008
510050.SH,20260414,2.997
510050.SH,20260413,2.972
510050.SH,20260410,2.972
510050.SH,20260409,2.958
510050.SH,20260408,2.978
510050.SH,20260407,2.9
510050.SH,20260403,2.901
510050.SH,20260402,2.926
510050.SH,20260401,2.951
510050.SH,20260331,2.902
510050.SH,20260330,2.905
510050.SH,20260327,2.909
510050.SH,20260326,2.897
510050.SH,20260325,2.93
510050.SH,20260324,2.9
510050.SH,20260323,2.868
510050.SH,20260320,2.957
510050.SH,20260319,2.993
510050.SH,20260318,3.035
510050.SH,20260317,3.039
510050.SH,20260316,3.028
510050.SH,20260313,3.035
510050.SH,20260312,3.047
510050.SH,20260311,3.062
510050.SH,20260310,3.06
510050.SH,20260309,3.041
510050.SH,20260306,3.068
510050.SH,20260305,3.066
510050.SH,20260304,3.051
510050.SH,20260303,3.096
510050.SH,20260302,3.125
510050.SH,20260227,3.123
510050.SH,20260226,3.115
510050.SH,20260225,3.134
510050.SH,20260224,3.119
510050.SH,20260213,3.114
510050.SH,20260212,3.161
510050.SH,20260211,3.17
510050.SH,20260210,3.17
510050.SH,20260209,3.161
510050.SH,20260206,3.115
510050.SH,20260205,3.137
510050.SH,20260204,3.147
510050.SH,20260203,3.108
510050.SH,20260202,3.08
510050.SH,20260130,3.147
510050.SH,20260129,3.196
510050.SH,20260128,3.138
510050.SH,20260127,3.131
510050.SH,20260126,3.129
510050.SH,20260123,3.106
510050.SH,20260122,3.131
510050.SH,20260121,3.145
510050.SH,20260120,3.15
510050.SH,20260119,3.153
510050.SH,20260116,3.16
510050.SH,20260115,3.18
510050.SH,20260114,3.187
510050.SH,20260113,3.214
510050.SH,20260112,3.218
510050.SH,20260109,3.209
510050.SH,20260108,3.198
510050.SH,20260107,3.22
510050.SH,20260106,3.235
510050.SH,20260105,3.174
510500.SH,20211231,8.258
510500.SH,20211230,8.216
510500.SH,20211229,8.157
510500.SH,20211228,8.178
510500.SH,20211227,8.172
510500.SH,20211224,8.19
510500.SH,20211223,8.238
510500.SH,20211222,8.192
510500.SH,20211221,8.158
510500.SH,20211220,8.097
510500.SH,20211217,8.226
510500.SH,20211216,8.284
510500.SH,20211215,8.209
510500.SH,20211214,8.219
510500.SH,20211213,8.239
510500.SH,20211210,8.221
510500.SH,20211209,8.224
510500.SH,20211208,8.216
510500.SH,20211207,8.097
510500.SH,20211206,8.147
510500.SH,20211203,8.212
510500.SH,20211202,8.136
510500.SH,20211201,8.185
510500.SH,20211130,8.143
510500.SH,20211129,8.127
510500.SH,20211126,8.119
510500.SH,20211125,8.142
510500.SH,20211124,8.147
510500.SH,20211123,8.154
510500.SH,20211122,8.135
510500.SH,20211119,8.065
510500.SH,20211118,7.97
510500.SH,20211117,7.971
510500.SH,20211116,7.924
510500.SH,20211115,7.978
510500.SH,20211112,8.037
510500.SH,20211111,7.993
510500.SH,20211110,7.927
510500.SH,20211109,7.947
510500.SH,20211108,7.897
510500.SH,20211105,7.873
510500.SH,20211104,7.938
510500.SH,20211103,7.874
510500.SH,20211102,7.848
510500.SH,20211101,7.925
510500.SH,20211029,7.895
510500.SH,20211028,7.816
510500.SH,20211027,7.91
510500.SH,20211026,7.981
510500.SH,20211025,7.969
510500.SH,20211022,7.903
510500.SH,20211021,7.964
510500.SH,20211020,7.985
510500.SH,20211019,7.988
510500.SH,20211018,7.926
510500.SH,20211015,7.902
510500.SH,20211014,7.862
510500.SH,20211013,7.833
510500.SH,20211012,7.798
510500.SH,20211011,7.951
510500.SH,20211008,7.958
510500.SH,20210930,7.969
510500.SH,20210929,7.898
510500.SH,20210928,8.08
510500.SH,20210927,8.075
510500.SH,20210924,8.304
510500.SH,20210923,8.429
510500.SH,20210922,8.383
510500.SH,20210917,8.301
510500.SH,20210916,8.369
510500.SH,20210915,8.524
510500.SH,20210914,8.488
510500.SH,20210913,8.583
510500.SH,20210910,8.554
510500.SH,20210909,8.557
510500.SH,20210908,8.483
510500.SH,20210907,8.429
510500.SH,20210906,8.248
510500.SH,20210903,8.177
510500.SH,20210902,8.219
510500.SH,20210901,8.073
510500.SH,20210831,8.142
510500.SH,20210830,8.11
510500.SH,20210827,8.054
510500.SH,20210826,7.993
510500.SH,20210825,8.027
510500.SH,20210824,7.963
510500.SH,20210823,7.88
510500.SH,20210820,7.768
510500.SH,20210819,7.802
510500.SH,20210818,7.785
510500.SH,20210817,7.752
510500.SH,20210816,7.927
510500.SH,20210813,7.967
510500.SH,20210812,7.965
510500.SH,20210811,7.934
510500.SH,20210810,7.874
510500.SH,20210809,7.821
510500.SH,20210806,7.79
510500.SH,20210805,7.754
510500.SH,20210804,7.763
510500.SH,20210803,7.65
510500.SH,20210802,7.704
510500.SH,20210730,7.601
510500.SH,20210729,7.577
510500.SH,20210728,7.45
510500.SH,20210727,7.564
510500.SH,20210726,7.711
510500.SH,20210723,7.856
510500.SH,20210722,7.871
510500.SH,20210721,7.837
510500.SH,20210720,7.739
510500.SH,20210719,7.73
510500.SH,20210716,7.774
510500.SH,20210715,7.763
510500.SH,20210714,7.745
510500.SH,20210713,7.796
510500.SH,20210712,7.723
510500.SH,20210709,7.615
510500.SH,20210708,7.55
510500.SH,20210707,7.561
510500.SH,20210706,7.493
510500.SH,20210705,7.494
510500.SH,20210702,7.449
510500.SH,20210701,7.513
510500.SH,20210630,7.598
510500.SH,20210629,7.561
510500.SH,20210628,7.619
510500.SH,20210625,7.614
510500.SH,20210624,7.554
510500.SH,20210623,7.581
510500.SH,20210622,7.52
510500.SH,20210621,7.476
510500.SH,20210618,7.447
510500.SH,20210617,7.373
510500.SH,20210616,7.328
510500.SH,20210615,7.418
510500.SH,20210611,7.509
510500.SH,20210610,7.546
510500.SH,20210609,7.451
510500.SH,20210608,7.458
510500.SH,20210607,7.485
510500.SH,20210604,7.465
510500.SH,20210603,7.43
510500.SH,20210602,7.445
510500.SH,20210601,7.491
510500.SH,20210531,7.479
510500.SH,20210528,7.427
510500.SH,20210527,7.43
510500.SH,20210526,7.369
510500.SH,20210525,7.358
510500.SH,20210524,7.28
510500.SH,20210521,7.259
510500.SH,20210520,7.287
510500.SH,20210519,7.314
510500.SH,20210518,7.326
510500.SH,20210517,7.306
510500.SH,20210514,7.269
510500.SH,20210513,7.158
510500.SH,20210512,7.238
510500.SH,20210511,7.159
510500.SH,20210510,7.179
510500.SH,20210507,7.157
510500.SH,20210506,7.188
510500.SH,20210430,7.211
510500.SH,20210429,7.2
510500.SH,20210428,7.198
510500.SH,20210427,7.146
510500.SH,20210426,7.148
510500.SH,20210423,7.178
510500.SH,20210422,7.143
510500.SH,20210421,7.117
510500.SH,20210420,7.136
510500.SH,20210419,7.122
510500.SH,20210416,7.05
510500.SH,20210415,6.963
510500.SH,20210414,6.956
510500.SH,20210413,6.893
510500.SH,20210412,6.915
510500.SH,20210409,7.029
510500.SH,20210408,7.053
510500.SH,20210407,7.032
510500.SH,20210406,7.021
510500.SH,20210402,7.007
510500.SH,20210401,6.991
510500.SH,20210331,6.943
510500.SH,20210330,6.953
510500.SH,20210329,6.928
510500.SH,20210326,6.928
510500.SH,20210325,6.839
510500.SH,20210324,6.823
510500.SH,20210323,6.898
510500.SH,20210322,6.978
510500.SH,20210319,6.889
510500.SH,20210318,6.946
510500.SH,20210317,6.895
510500.SH,20210316,6.855
510500.SH,20210315,6.852
510500.SH,20210312,6.897
510500.SH,20210311,6.892
510500.SH,20210310,6.712
510500.SH,20210309,6.783
510500.SH,20210308,6.939
510500.SH,20210305,7.109
510500.SH,20210304,7.098
510500.SH,20210303,7.22
510500.SH,20210302,7.125
510500.SH,20210301,7.181
510500.SH,20210226,7.056
510500.SH,20210225,7.215
510500.SH,20210224,7.251
510500.SH,20210223,7.345
510500.SH,20210222,7.365
510500.SH,20210219,7.434
510500.SH,20210218,7.329
510500.SH,20210210,7.222
510500.SH,20210209,7.141
510500.SH,20210208,6.999
510500.SH,20210205,6.916
510500.SH,20210204,7.021
510500.SH,20210203,7.098
510500.SH,20210202,7.14
510500.SH,20210201,7.073
510500.SH,20210129,7.024
510500.SH,20210128,7.124
510500.SH,20210127,7.261
510500.SH,20210126,7.243
510500.SH,20210125,7.355
510500.SH,20210122,7.343
510500.SH,20210121,7.333
510500.SH,20210120,7.231
510500.SH,20210119,7.166
510500.SH,20210118,7.205
510500.SH,20210115,7.119
510500.SH,20210114,7.145
510500.SH,20210113,7.196
510500.SH,20210112,7.242
510500.SH,20210111,7.154
510500.SH,20210108,7.266
510500.SH,20210107,7.248
510500.SH,20210106,7.218
510500.SH,20210105,7.226
510500.SH,20210104,7.163
510500.SH,20201231,7.043
510500.SH,20201230,6.937
510500.SH,20201229,6.88
510500.SH,20201228,6.91
510500.SH,20201225,6.953
510500.SH,20201224,6.888
510500.SH,20201223,6.976
510500.SH,20201222,6.939
510500.SH,20201221,7.075
510500.SH,20201218,6.964
510500.SH,20201217,6.988
510500.SH,20201216,6.904
510500.SH,20201215,6.93
510500.SH,20201214,6.923
510500.SH,20201211,6.872
510500.SH,20201210,6.986
510500.SH,20201209,6.974
510500.SH,20201208,7.084
510500.SH,20201207,7.093
510500.SH,20201204,7.145
510500.SH,20201203,7.119
510500.SH,20201202,7.095
510500.SH,20201201,7.089
510500.SH,20201130,6.977
510500.SH,20201127,7.029
510500.SH,20201126,7.0
510500.SH,20201125,7.021
510500.SH,20201124,7.135
510500.SH,20201123,7.137
510500.SH,20201120,7.084
510500.SH,20201119,7.025
510500.SH,20201118,6.986
510500.SH,20201117,6.992
510500.SH,20201116,7.039
510500.SH,20201113,6.959
510500.SH,20201112,6.957
510500.SH,20201111,6.934
510500.SH,20201110,7.019
510500.SH,20201109,7.067
510500.SH,20201106,6.953
510500.SH,20201105,7.005
510500.SH,20201104,6.869
510500.SH,20201103,6.87
510500.SH,20201102,6.764
510500.SH,20201030,6.74
510500.SH,20201029,6.896
510500.SH,20201028,6.886
510500.SH,20201027,6.846
510500.SH,20201026,6.848
510500.SH,20201023,6.854
510500.SH,20201022,6.968
510500.SH,20201021,7.012
510500.SH,20201020,7.07
510500.SH,20201019,7.012
510500.SH,20201016,7.081
510500.SH,20201015,7.12
510500.SH,20201014,7.174
510500.SH,20201013,7.206
510500.SH,20201012,7.204
510500.SH,20201009,6.99
510500.SH,20200930,6.813
510500.SH,20200929,6.86
510500.SH,20200928,6.81
510500.SH,20200925,6.874
510500.SH,20200924,6.895
510500.SH,20200923,7.031
510500.SH,20200922,6.997
510500.SH,20200921,7.085
510500.SH,20200918,7.136
510500.SH,20200917,7.009
510500.SH,20200916,6.994
510500.SH,20200915,7.016
510500.SH,20200914,6.988
510500.SH,20200911,6.935
510500.SH,20200910,6.877
510500.SH,20200909,6.997
510500.SH,20200908,7.176
510500.SH,20200907,7.131
510500.SH,20200904,7.283
510500.SH,20200903,7.333
510500.SH,20200902,7.373
510500.SH,20200901,7.378
510500.SH,20200831,7.326
510500.SH,20200828,7.363
510500.SH,20200827,7.24
510500.SH,20200826,7.176
510500.SH,20200825,7.299
510500.SH,20200824,7.336
510500.SH,20200821,7.297
510500.SH,20200820,7.254
510500.SH,20200819,7.326
510500.SH,20200818,7.452
510500.SH,20200817,7.399
510500.SH,20200814,7.295
510500.SH,20200813,7.193
510500.SH,20200812,7.16
510500.SH,20200811,7.252
510500.SH,20200810,7.385
510500.SH,20200807,7.35
510500.SH,20200806,7.443
510500.SH,20200805,7.424
510500.SH,20200804,7.354
510500.SH,20200803,7.398
510500.SH,20200731,7.224
510500.SH,20200730,7.149
510500.SH,20200729,7.174
510500.SH,20200728,6.976
510500.SH,20200727,6.905
510500.SH,20200724,6.909
510500.SH,20200723,7.253
510500.SH,20200722,7.261
510500.SH,20200721,7.191
510500.SH,20200720,7.151
510500.SH,20200717,6.947
510500.SH,20200716,6.942
510500.SH,20200715,7.307
510500.SH,20200714,7.463
510500.SH,20200713,7.563
510500.SH,20200710,7.33
510500.SH,20200709,7.341
510500.SH,20200708,7.15
510500.SH,20200707,7.01
510500.SH,20200706,6.941
510500.SH,20200703,6.626
510500.SH,20200702,6.539
510500.SH,20200701,6.424
510500.SH,20200630,6.396
510500.SH,20200629,6.303
510500.SH,20200624,6.331
510500.SH,20200623,6.33
510500.SH,20200622,6.302
510500.SH,20200619,6.306
510500.SH,20200618,6.26
510500.SH,20200617,6.244
510500.SH,20200616,6.194
510500.SH,20200615,6.084
510500.SH,20200612,6.091
510500.SH,20200611,6.09
510500.SH,20200610,6.101
510500.SH,20200609,6.093
510500.SH,20200608,6.057
510500.SH,20200605,6.07
510500.SH,20200604,6.056
510500.SH,20200603,6.045
510500.SH,20200602,6.055
510500.SH,20200601,6.061
510500.SH,20200529,5.864
510500.SH,20200528,5.816
510500.SH,20200527,5.832
510500.SH,20200526,5.869
510500.SH,20200525,5.761
510500.SH,20200522,5.785
510500.SH,20200521,5.886
510500.SH,20200520,5.957
510500.SH,20200519,6.004
510500.SH,20200518,5.937
510500.SH,20200515,5.968
510500.SH,20200514,5.957
510500.SH,20200513,5.988
510500.SH,20200512,5.957
510500.SH,20200511,5.942
510500.SH,20200508,5.965
510500.SH,20200507,5.89
510500.SH,20200506,5.897
510500.SH,20200430,5.807
510500.SH,20200429,5.665
510500.SH,20200428,5.654
510500.SH,20200427,5.698
510500.SH,20200424,5.718
510500.SH,20200423,5.804
510500.SH,20200422,5.834
510500.SH,20200421,5.78
510500.SH,20200420,5.817
510500.SH,20200417,5.755
510500.SH,20200416,5.748
510500.SH,20200415,5.703
510500.SH,20200414,5.714
510500.SH,20200413,5.594
510500.SH,20200410,5.652
510500.SH,20200409,5.756
510500.SH,20200408,5.703
510500.SH,20200407,5.686
510500.SH,20200403,5.522
510500.SH,20200402,5.589
510500.SH,20200401,5.428
510500.SH,20200331,5.448
510500.SH,20200330,5.448
510500.SH,20200327,5.555
510500.SH,20200326,5.579
510500.SH,20200325,5.633
510500.SH,20200324,5.5
510500.SH,20200323,5.423
510500.SH,20200320,5.649
510500.SH,20200319,5.608
510500.SH,20200318,5.558
510500.SH,20200317,5.643
510500.SH,20200316,5.632
510500.SH,20200313,5.919
510500.SH,20200312,5.962
510500.SH,20200311,6.04
510500.SH,20200310,6.13
510500.SH,20200309,5.997
510500.SH,20200306,6.227
510500.SH,20200305,6.263
510500.SH,20200304,6.184
510500.SH,20200303,6.164
510500.SH,20200302,6.122
510500.SH,20200228,5.906
510500.SH,20200227,6.215
510500.SH,20200226,6.217
510500.SH,20200225,6.379
510500.SH,20200224,6.337
510500.SH,20200221,6.279
510500.SH,20200220,6.181
510500.SH,20200219,6.067
510500.SH,20200218,6.116
510500.SH,20200217,6.067
510500.SH,20200214,5.868
510500.SH,20200213,5.861
510500.SH,20200212,5.914
510500.SH,20200211,5.796
510500.SH,20200210,5.822
510500.SH,20200207,5.766
510500.SH,20200206,5.711
510500.SH,20200205,5.546
510500.SH,20200204,5.429
510500.SH,20200203,5.339
510500.SH,20200123,5.811
510500.SH,20200122,6.036
510500.SH,20200121,5.99
510500.SH,20200120,6.061
510500.SH,20200117,5.961
510500.SH,20200116,5.995
510500.SH,20200115,5.987
510500.SH,20200114,6.005
510500.SH,20200113,6.031
510500.SH,20200110,5.932
510500.SH,20200109,5.957
510500.SH,20200108,5.883
510500.SH,20200107,5.966
510500.SH,20200106,5.89
510500.SH,20200103,5.824
510500.SH,20200102,5.813
510500.SH,20191231,5.705
510500.SH,20191230,5.682
510500.SH,20191227,5.604
510500.SH,20191226,5.649
510500.SH,20191225,5.607
510500.SH,20191224,5.582
510500.SH,20191223,5.499
510500.SH,20191220,5.628
510500.SH,20191219,5.684
510500.SH,20191218,5.67
510500.SH,20191217,5.675
510500.SH,20191216,5.587
510500.SH,20191213,5.5
510500.SH,20191212,5.426
510500.SH,20191211,5.437
510500.SH,20191210,5.458
510500.SH,20191209,5.433
510500.SH,20191206,5.421
510500.SH,20191205,5.369
510500.SH,20191204,5.319
510500.SH,20191203,5.33
510500.SH,20191202,5.307
510500.SH,20191129,5.29
510500.SH,20191128,5.29
510500.SH,20191127,5.3
510500.SH,20191126,5.276
510500.SH,20191125,5.294
510500.SH,20191122,5.29
510500.SH,20191121,5.345
510500.SH,20191120,5.337
510500.SH,20191119,5.371
510500.SH,20191118,5.286
510500.SH,20191115,5.267
510500.SH,20191114,5.299
510500.SH,20191113,5.268
510500.SH,20191112,5.268
510500.SH,20191111,5.265
510500.SH,20191108,5.389
510500.SH,20191107,5.409
510500.SH,20191106,5.374
510500.SH,20191105,5.421
510500.SH,20191104,5.381
510500.SH,20191101,5.366
510500.SH,20191031,5.315
510500.SH,20191030,5.343
510500.SH,20191029,5.41
510500.SH,20191028,5.477
510500.SH,20191025,5.403
510500.SH,20191024,5.358
510500.SH,20191023,5.368
510500.SH,20191022,5.4
510500.SH,20191021,5.35
510500.SH,20191018,5.36
510500.SH,20191017,5.435
510500.SH,20191016,5.434
510500.SH,20191015,5.466
510500.SH,20191014,5.533
510500.SH,20191011,5.471
510500.SH,20191010,5.443
510500.SH,20191009,5.384
510500.SH,20191008,5.337
510500.SH,20190930,5.325
510500.SH,20190927,5.401
510500.SH,20190926,5.376
510500.SH,20190925,5.501
510500.SH,20190924,5.589
510500.SH,20190923,5.587
510500.SH,20190920,5.61
510500.SH,20190919,5.601
510500.SH,20190918,5.551
510500.SH,20190917,5.547
510500.SH,20190916,5.665
510500.SH,20190912,5.663
510500.SH,20190911,5.648
510500.SH,20190910,5.671
510500.SH,20190909,5.676
510500.SH,20190906,5.57
510500.SH,20190905,5.554
510500.SH,20190904,5.519
510500.SH,20190903,5.438
510500.SH,20190902,5.408
510500.SH,20190830,5.285
510500.SH,20190829,5.329
510500.SH,20190828,5.314
510500.SH,20190827,5.316
510500.SH,20190826,5.238
510500.SH,20190823,5.275
510500.SH,20190822,5.272
510500.SH,20190821,5.266
510500.SH,20190820,5.257
510500.SH,20190819,5.279
510500.SH,20190816,5.091
510500.SH,20190815,5.076
510500.SH,20190814,5.052
510500.SH,20190813,5.029
510500.SH,20190812,5.062
510500.SH,20190809,4.972
510500.SH,20190808,5.019
510500.SH,20190807,4.991
510500.SH,20190806,5.013
510500.SH,20190805,5.134
510500.SH,20190802,5.19
510500.SH,20190801,5.261
510500.SH,20190731,5.298
510500.SH,20190730,5.311
510500.SH,20190729,5.28
510500.SH,20190726,5.285
510500.SH,20190725,5.273
510500.SH,20190724,5.248
510500.SH,20190723,5.199
510500.SH,20190722,5.161
510500.SH,20190719,5.261
510500.SH,20190718,5.229
510500.SH,20190717,5.304
510500.SH,20190716,5.314
510500.SH,20190715,5.301
510500.SH,20190712,5.243
510500.SH,20190711,5.219
510500.SH,20190710,5.217
510500.SH,20190709,5.247
510500.SH,20190708,5.241
510500.SH,20190705,5.433
510500.SH,20190704,5.406
510500.SH,20190703,5.429
510500.SH,20190702,5.46
510500.SH,20190701,5.479
510500.SH,20190628,5.332
510500.SH,20190627,5.383
510500.SH,20190626,5.337
510500.SH,20190625,5.338
510500.SH,20190624,5.391
510500.SH,20190621,5.392
510500.SH,20190620,5.323
510500.SH,20190619,5.214
510500.SH,20190618,5.148
510500.SH,20190617,5.16
510500.SH,20190614,5.162
510500.SH,20190613,5.241
510500.SH,20190612,5.224
510500.SH,20190611,5.28
510500.SH,20190610,5.07
510500.SH,20190606,5.017
510500.SH,20190605,5.132
510500.SH,20190604,5.15
510500.SH,20190603,5.22
510500.SH,20190531,5.261
510500.SH,20190530,5.287
510500.SH,20190529,5.303
510500.SH,20190528,5.301
510500.SH,20190527,5.312
510500.SH,20190524,5.199
510500.SH,20190523,5.228
510500.SH,20190522,5.331
510500.SH,20190521,5.348
510500.SH,20190520,5.26
510500.SH,20190517,5.3
510500.SH,20190516,5.471
510500.SH,20190515,5.422
510500.SH,20190514,5.316
510500.SH,20190513,5.337
510500.SH,20190510,5.416
510500.SH,20190509,5.239
510500.SH,20190508,5.277
510500.SH,20190507,5.3
510500.SH,20190506,5.254
510500.SH,20190430,5.672
510500.SH,20190429,5.654
510500.SH,20190426,5.797
510500.SH,20190425,5.851
510500.SH,20190424,6.067
510500.SH,20190423,6.008
510500.SH,20190422,6.123
510500.SH,20190419,6.225
510500.SH,20190418,6.172
510500.SH,20190417,6.193
510500.SH,20190416,6.182
510500.SH,20190415,6.039
510500.SH,20190412,6.12
510500.SH,20190411,6.136
510500.SH,20190410,6.242
510500.SH,20190409,6.257
510500.SH,20190408,6.23
510500.SH,20190404,6.301
510500.SH,20190403,6.244
510500.SH,20190402,6.172
510500.SH,20190401,6.177
510500.SH,20190329,5.942
510500.SH,20190328,5.746
510500.SH,20190327,5.828
510500.SH,20190326,5.757
510500.SH,20190325,5.935
510500.SH,20190322,6.022
510500.SH,20190321,5.958
510500.SH,20190320,5.893
510500.SH,20190319,5.892
510500.SH,20190318,5.903
510500.SH,20190315,5.72
510500.SH,20190314,5.658
510500.SH,20190313,5.793
510500.SH,20190312,5.933
510500.SH,20190311,5.838
510500.SH,20190308,5.632
510500.SH,20190307,5.824
510500.SH,20190306,5.777
510500.SH,20190305,5.666
510500.SH,20190304,5.506
510500.SH,20190301,5.432
510500.SH,20190228,5.368
510500.SH,20190227,5.363
510500.SH,20190226,5.406
510500.SH,20190225,5.479
510500.SH,20190222,5.136
510500.SH,20190221,4.979
510500.SH,20190220,4.974
510500.SH,20190219,4.984
510500.SH,20190218,5.006
510500.SH,20190215,4.816
510500.SH,20190214,4.85
510500.SH,20190213,4.83
510500.SH,20190212,4.743
510500.SH,20190211,4.718
510500.SH,20190201,4.618
510500.SH,20190131,4.483
510500.SH,20190130,4.512
510500.SH,20190129,4.545
510500.SH,20190128,4.606
510500.SH,20190125,4.622
510500.SH,20190124,4.645
510500.SH,20190123,4.613
510500.SH,20190122,4.608
510500.SH,20190121,4.676
510500.SH,20190118,4.659
510500.SH,20190117,4.61
510500.SH,20190116,4.647
510500.SH,20190115,4.655
510500.SH,20190114,4.591
510500.SH,20190111,4.615
510500.SH,20190110,4.591
510500.SH,20190109,4.583
510500.SH,20190108,4.586
510500.SH,20190107,4.596
510500.SH,20190104,4.518
510500.SH,20190103,4.398
510500.SH,20190102,4.409
510500.SH,20181228,4.451
510500.SH,20181227,4.445
510500.SH,20181226,4.501
510500.SH,20181225,4.517
510500.SH,20181224,4.577
510500.SH,20181221,4.538
510500.SH,20181220,4.562
510500.SH,20181219,4.534
510500.SH,20181218,4.601
510500.SH,20181217,4.635
510500.SH,20181214,4.66
510500.SH,20181213,4.763
510500.SH,20181212,4.693
510500.SH,20181211,4.704
510500.SH,20181210,4.654
510500.SH,20181207,4.712
510500.SH,20181206,4.711
510500.SH,20181205,4.815
510500.SH,20181204,4.847
510500.SH,20181203,4.828
510500.SH,20181130,4.679
510500.SH,20181129,4.653
510500.SH,20181128,4.749
510500.SH,20181127,4.68
510500.SH,20181126,4.656
510500.SH,20181123,4.647
510500.SH,20181122,4.853
510500.SH,20181121,4.853
510500.SH,20181120,4.842
510500.SH,20181119,4.974
510500.SH,20181116,4.972
510500.SH,20181115,4.942
510500.SH,20181114,4.856
510500.SH,20181113,4.878
510500.SH,20181112,4.783
510500.SH,20181109,4.661
510500.SH,20181108,4.659
510500.SH,20181107,4.69
510500.SH,20181106,4.735
510500.SH,20181105,4.726
510500.SH,20181102,4.75
510500.SH,20181101,4.581
510500.SH,20181031,4.549
510500.SH,20181030,4.481
510500.SH,20181029,4.44
510500.SH,20181026,4.494
510500.SH,20181025,4.516
510500.SH,20181024,4.517
510500.SH,20181023,4.53
510500.SH,20181022,4.642
510500.SH,20181019,4.386
510500.SH,20181018,4.297
510500.SH,20181017,4.394
510500.SH,20181016,4.375
510500.SH,20181015,4.458
510500.SH,20181012,4.536
510500.SH,20181011,4.554
510500.SH,20181010,4.926
510500.SH,20181009,4.927
510500.SH,20181008,4.942
510500.SH,20180928,5.122
510500.SH,20180927,5.055
510500.SH,20180926,5.108
510500.SH,20180925,5.098
510500.SH,20180921,5.126
510500.SH,20180920,5.03
510500.SH,20180919,5.031
510500.SH,20180918,4.972
510500.SH,20180917,4.9
510500.SH,20180914,4.96
510500.SH,20180913,5.013
510500.SH,20180912,4.985
510500.SH,20180911,5.001
510500.SH,20180910,5.008
510500.SH,20180907,5.086
510500.SH,20180906,5.094
510500.SH,20180905,5.117
510500.SH,20180904,5.184
510500.SH,20180903,5.147
510500.SH,20180831,5.123
510500.SH,20180830,5.18
510500.SH,20180829,5.259
510500.SH,20180828,5.286
510500.SH,20180827,5.28
510500.SH,20180824,5.152
510500.SH,20180823,5.171
510500.SH,20180822,5.146
510500.SH,20180821,5.18
510500.SH,20180820,5.128
510500.SH,20180817,5.099
510500.SH,20180816,5.192
510500.SH,20180815,5.238
510500.SH,20180814,5.344
510500.SH,20180813,5.371
510500.SH,20180810,5.338
510500.SH,20180809,5.316
510500.SH,20180808,5.185
510500.SH,20180807,5.252
510500.SH,20180806,5.125
510500.SH,20180803,5.235
510500.SH,20180802,5.286
510500.SH,20180801,5.411
510500.SH,20180731,5.497
510500.SH,20180730,5.485
510500.SH,20180727,5.569
510500.SH,20180726,5.598
510500.SH,20180725,5.631
510500.SH,20180724,5.63
510500.SH,20180723,5.537
510500.SH,20180720,5.496
510500.SH,20180719,5.429
510500.SH,20180718,5.475
510500.SH,20180717,5.501
510500.SH,20180716,5.52
510500.SH,20180713,5.514
510500.SH,20180712,5.5
510500.SH,20180711,5.344
510500.SH,20180710,5.447
510500.SH,20180709,5.418
510500.SH,20180706,5.282
510500.SH,20180705,5.28
510500.SH,20180704,5.424
510500.SH,20180703,5.499
510500.SH,20180702,5.442
510500.SH,20180629,5.531
510500.SH,20180628,5.343
510500.SH,20180627,5.383
510500.SH,20180626,5.457
510500.SH,20180625,5.41
510500.SH,20180622,5.46
510500.SH,20180621,5.39
510500.SH,20180620,5.487
510500.SH,20180619,5.439
510500.SH,20180615,5.807
510500.SH,20180614,5.912
510500.SH,20180613,5.922
510500.SH,20180612,6.007
510500.SH,20180611,5.958
510500.SH,20180608,5.995
510500.SH,20180607,6.069
510500.SH,20180606,6.102
510500.SH,20180605,6.108
510500.SH,20180604,6.006
510500.SH,20180601,6.007
510500.SH,20180531,6.078
510500.SH,20180530,6.007
510500.SH,20180529,6.148
510500.SH,20180528,6.226
510500.SH,20180525,6.238
510500.SH,20180524,6.322
510500.SH,20180523,6.342
510500.SH,20180522,6.427
510500.SH,20180521,6.401
510500.SH,20180518,6.33
510500.SH,20180517,6.29
510500.SH,20180516,6.33
510500.SH,20180515,6.346
510500.SH,20180514,6.286
510500.SH,20180511,6.316
510500.SH,20180510,6.366
510500.SH,20180509,6.34
510500.SH,20180508,6.365
510500.SH,20180507,6.335
510500.SH,20180504,6.215
510500.SH,20180503,6.219
510500.SH,20180502,6.159
510500.SH,20180427,6.175
510500.SH,20180426,6.148
510500.SH,20180425,6.26
510500.SH,20180424,6.254
510500.SH,20180423,6.124
510500.SH,20180420,6.191
510500.SH,20180419,6.302
510500.SH,20180418,6.272
510500.SH,20180417,6.204
510500.SH,20180416,6.317
510500.SH,20180413,6.336
510500.SH,20180412,6.357
510500.SH,20180411,6.391
510500.SH,20180410,6.38
510500.SH,20180409,6.331
510500.SH,20180404,6.321
510500.SH,20180403,6.373
510500.SH,20180402,6.424
510500.SH,20180330,6.433
510500.SH,20180329,6.349
510500.SH,20180328,6.283
510500.SH,20180327,6.355
510500.SH,20180326,6.214
510500.SH,20180323,6.092
510500.SH,20180322,6.426
510500.SH,20180321,6.427
510500.SH,20180320,6.48
510500.SH,20180319,6.477
510500.SH,20180316,6.452
510500.SH,20180315,6.488
510500.SH,20180314,6.5
510500.SH,20180313,6.584
510500.SH,20180312,6.615
510500.SH,20180309,6.544
510500.SH,20180308,6.457
510500.SH,20180307,6.399
510500.SH,20180306,6.46
510500.SH,20180305,6.374
510500.SH,20180302,6.382
510500.SH,20180301,6.413
510500.SH,20180228,6.326
510500.SH,20180227,6.324
510500.SH,20180226,6.353
510500.SH,20180223,6.186
510500.SH,20180222,6.177
510500.SH,20180214,6.051
510500.SH,20180213,6.031
510500.SH,20180212,5.994
510500.SH,20180209,5.836
510500.SH,20180208,6.067
510500.SH,20180207,6.014
510500.SH,20180206,6.007
510500.SH,20180205,6.292
510500.SH,20180202,6.303
510500.SH,20180201,6.306
510500.SH,20180131,6.501
510500.SH,20180130,6.642
510500.SH,20180129,6.643
510500.SH,20180126,6.73
510500.SH,20180125,6.724
510500.SH,20180124,6.734
510500.SH,20180123,6.683
510500.SH,20180122,6.674
510500.SH,20180119,6.59
510500.SH,20180118,6.609
510500.SH,20180117,6.584
510500.SH,20180116,6.622
510500.SH,20180115,6.587
510500.SH,20180112,6.731
510500.SH,20180111,6.765
510500.SH,20180110,6.749
510500.SH,20180109,6.783
510500.SH,20180108,6.789
510500.SH,20180105,6.758
510500.SH,20180104,6.746
510500.SH,20180103,6.72
510500.SH,20180102,6.677
510500.SH,20251231,7.588
510500.SH,20251230,7.581
510500.SH,20251229,7.548
510500.SH,20251226,7.58
510500.SH,20251225,7.534
510500.SH,20251224,7.47
510500.SH,20251223,7.374
510500.SH,20251222,7.368
510500.SH,20251219,7.286
510500.SH,20251218,7.221
510500.SH,20251217,7.259
510500.SH,20251216,7.126
510500.SH,20251215,7.236
510500.SH,20251212,7.285
510500.SH,20251211,7.201
510500.SH,20251210,7.263
510500.SH,20251209,7.224
510500.SH,20251208,7.278
510500.SH,20251205,7.216
510500.SH,20251204,7.125
510500.SH,20251203,7.103
510500.SH,20251202,7.141
510500.SH,20251201,7.202
510500.SH,20251128,7.135
510500.SH,20251127,7.05
510500.SH,20251126,7.065
510500.SH,20251125,7.054
510500.SH,20251124,6.97
510500.SH,20251121,6.922
510500.SH,20251120,7.17
510500.SH,20251119,7.227
510500.SH,20251118,7.262
510500.SH,20251117,7.336
510500.SH,20251114,7.338
510500.SH,20251113,7.465
510500.SH,20251112,7.356
510500.SH,20251111,7.394
510500.SH,20251110,7.448
510500.SH,20251107,7.44
510500.SH,20251106,7.451
510500.SH,20251105,7.33
510500.SH,20251104,7.313
510500.SH,20251103,7.439
510500.SH,20251031,7.436
510500.SH,20251030,7.497
510500.SH,20251029,7.594
510500.SH,20251028,7.441
510500.SH,20251027,7.478
510500.SH,20251024,7.369
510500.SH,20251023,7.249
510500.SH,20251022,7.224
510500.SH,20251021,7.28
510500.SH,20251020,7.16
510500.SH,20251017,7.114
510500.SH,20251016,7.336
510500.SH,20251015,7.393
510500.SH,20251014,7.289
510500.SH,20251013,7.469
510500.SH,20251010,7.505
510500.SH,20251009,7.649
510500.SH,20250930,7.519
510500.SH,20250929,7.462
510500.SH,20250926,7.336
510500.SH,20250925,7.441
510500.SH,20250924,7.432
510500.SH,20250923,7.277
510500.SH,20250922,7.318
510500.SH,20250919,7.261
510500.SH,20250918,7.292
510500.SH,20250917,7.357
510500.SH,20250916,7.282
510500.SH,20250915,7.226
510500.SH,20250912,7.242
510500.SH,20250911,7.224
510500.SH,20250910,7.003
510500.SH,20250909,7.006
510500.SH,20250908,7.073
510500.SH,20250905,7.011
510500.SH,20250904,6.779
510500.SH,20250903,6.94
510500.SH,20250902,7.055
510500.SH,20250901,7.206
510500.SH,20250829,7.141
510500.SH,20250828,7.104
510500.SH,20250827,6.953
510500.SH,20250826,7.048
510500.SH,20250825,7.037
510500.SH,20250822,6.915
510500.SH,20250821,6.786
510500.SH,20250820,6.824
510500.SH,20250819,6.733
510500.SH,20250818,6.748
510500.SH,20250815,6.658
510500.SH,20250814,6.514
510500.SH,20250813,6.582
510500.SH,20250812,6.497
510500.SH,20250811,6.464
510500.SH,20250808,6.397
510500.SH,20250807,6.408
510500.SH,20250806,6.428
510500.SH,20250805,6.376
510500.SH,20250804,6.335
510500.SH,20250801,6.287
510500.SH,20250731,6.297
510500.SH,20250730,6.389
510500.SH,20250729,6.431
510500.SH,20250728,6.391
510500.SH,20250725,6.365
510500.SH,20250724,6.363
510500.SH,20250723,6.27
510500.SH,20250722,6.292
510500.SH,20250721,6.226
510500.SH,20250718,6.165
510500.SH,20250717,6.146
510500.SH,20250716,6.076
510500.SH,20250715,6.077
510500.SH,20250714,6.079
510500.SH,20250711,6.09
510500.SH,20250710,6.038
510500.SH,20250709,6.005
510500.SH,20250708,6.031
510500.SH,20250707,5.951
510500.SH,20250704,5.963
510500.SH,20250703,5.971
510500.SH,20250702,5.947
510500.SH,20250701,5.982
510500.SH,20250630,5.963
510500.SH,20250627,5.91
510500.SH,20250626,5.888
510500.SH,20250625,5.913
510500.SH,20250624,5.804
510500.SH,20250623,5.712
510500.SH,20250620,5.679
510500.SH,20250619,5.718
510500.SH,20250618,5.776
510500.SH,20250617,5.785
510500.SH,20250616,5.797
510500.SH,20250613,5.776
510500.SH,20250612,5.825
510500.SH,20250611,5.814
510500.SH,20250610,5.777
510500.SH,20250609,5.825
510500.SH,20250606,5.785
510500.SH,20250605,5.784
510500.SH,20250604,5.749
510500.SH,20250603,5.703
510500.SH,20250530,5.694
510500.SH,20250529,5.727
510500.SH,20250528,5.647
510500.SH,20250527,5.657
510500.SH,20250526,5.671
510500.SH,20250523,5.662
510500.SH,20250522,5.711
510500.SH,20250521,5.756
510500.SH,20250520,5.749
510500.SH,20250519,5.725
510500.SH,20250516,5.711
510500.SH,20250515,5.721
510500.SH,20250514,5.798
510500.SH,20250513,5.778
510500.SH,20250512,5.792
510500.SH,20250509,5.72
510500.SH,20250508,5.767
510500.SH,20250507,5.743
510500.SH,20250506,5.733
510500.SH,20250430,5.626
510500.SH,20250429,5.598
510500.SH,20250428,5.595
510500.SH,20250425,5.621
510500.SH,20250424,5.605
510500.SH,20250423,5.628
510500.SH,20250422,5.617
510500.SH,20250421,5.632
510500.SH,20250418,5.55
510500.SH,20250417,5.548
510500.SH,20250416,5.545
510500.SH,20250415,5.594
510500.SH,20250414,5.617
510500.SH,20250411,5.573
510500.SH,20250410,5.535
510500.SH,20250409,5.428
510500.SH,20250408,5.313
510500.SH,20250407,5.28
510500.SH,20250403,5.842
510500.SH,20250402,5.893
510500.SH,20250401,5.886
510500.SH,20250331,5.854
510500.SH,20250328,5.909
510500.SH,20250327,5.956
510500.SH,20250326,5.941
510500.SH,20250325,5.941
510500.SH,20250324,5.961
510500.SH,20250321,5.968
510500.SH,20250320,6.06
510500.SH,20250319,6.102
510500.SH,20250318,6.126
510500.SH,20250317,6.1
510500.SH,20250314,6.098
510500.SH,20250313,5.989
510500.SH,20250312,6.04
510500.SH,20250311,6.036
510500.SH,20250310,6.006
510500.SH,20250307,6.013
510500.SH,20250306,6.039
510500.SH,20250305,5.944
510500.SH,20250304,5.929
510500.SH,20250303,5.877
510500.SH,20250228,5.867
510500.SH,20250227,6.029
510500.SH,20250226,6.045
510500.SH,20250225,5.973
510500.SH,20250224,6.036
510500.SH,20250221,6.054
510500.SH,20250220,5.952
510500.SH,20250219,5.937
510500.SH,20250218,5.844
510500.SH,20250217,5.944
510500.SH,20250214,5.953
510500.SH,20250213,5.907
510500.SH,20250212,5.936
510500.SH,20250211,5.859
510500.SH,20250210,5.882
510500.SH,20250207,5.831
510500.SH,20250206,5.74
510500.SH,20250205,5.608
510500.SH,20250127,5.585
510500.SH,20250124,5.652
510500.SH,20250123,5.584
510500.SH,20250122,5.607
510500.SH,20250121,5.628
510500.SH,20250120,5.608
510500.SH,20250117,5.581
510500.SH,20250116,5.537
510500.SH,20250115,5.61
510500.SH,20250114,5.655
510500.SH,20250113,5.468
510500.SH,20250110,5.459
510500.SH,20250109,5.541
510500.SH,20250108,5.545
510500.SH,20250107,5.568
510500.SH,20250106,5.51
510500.SH,20250103,5.523
510500.SH,20250102,5.637
510500.SH,20241231,5.811
510500.SH,20241230,5.989
510500.SH,20241227,5.991
510500.SH,20241226,5.977
510500.SH,20241225,5.932
510500.SH,20241224,5.982
510500.SH,20241223,5.915
510500.SH,20241220,6.009
510500.SH,20241219,5.997
510500.SH,20241218,5.979
510500.SH,20241217,5.941
510500.SH,20241216,6.005
510500.SH,20241213,6.099
510500.SH,20241212,6.197
510500.SH,20241211,6.141
510500.SH,20241210,6.095
510500.SH,20241209,6.043
510500.SH,20241206,6.076
510500.SH,20241205,5.998
510500.SH,20241204,5.981
510500.SH,20241203,6.026
510500.SH,20241202,6.036
510500.SH,20241129,5.944
510500.SH,20241128,5.858
510500.SH,20241127,5.896
510500.SH,20241126,5.785
510500.SH,20241125,5.825
510500.SH,20241122,5.84
510500.SH,20241121,6.08
510500.SH,20241120,6.085
510500.SH,20241119,6.024
510500.SH,20241118,5.931
510500.SH,20241115,6.021
510500.SH,20241114,6.181
510500.SH,20241113,6.353
510500.SH,20241112,6.372
510500.SH,20241111,6.432
510500.SH,20241108,6.326
510500.SH,20241107,6.343
510500.SH,20241106,6.223
510500.SH,20241105,6.216
510500.SH,20241104,6.033
510500.SH,20241101,5.946
510500.SH,20241031,6.0
510500.SH,20241030,5.934
510500.SH,20241029,5.916
510500.SH,20241028,5.975
510500.SH,20241025,5.907
510500.SH,20241024,5.818
510500.SH,20241023,5.869
510500.SH,20241022,5.846
510500.SH,20241021,5.793
510500.SH,20241018,5.737
510500.SH,20241017,5.502
510500.SH,20241016,5.546
510500.SH,20241015,5.551
510500.SH,20241014,5.693
510500.SH,20241011,5.556
510500.SH,20241010,5.789
510500.SH,20241009,5.863
510500.SH,20241008,6.246
510500.SH,20240930,5.995
510500.SH,20240927,5.493
510500.SH,20240926,5.061
510500.SH,20240925,4.813
510500.SH,20240924,4.779
510500.SH,20240923,4.567
510500.SH,20240920,4.568
510500.SH,20240919,4.6
510500.SH,20240918,4.537
510500.SH,20240913,4.522
510500.SH,20240912,4.57
510500.SH,20240911,4.588
510500.SH,20240910,4.576
510500.SH,20240909,4.578
510500.SH,20240906,4.611
510500.SH,20240905,4.675
510500.SH,20240904,4.654
510500.SH,20240903,4.666
510500.SH,20240902,4.617
510500.SH,20240830,4.712
510500.SH,20240829,4.632
510500.SH,20240828,4.568
510500.SH,20240827,4.567
510500.SH,20240826,4.613
510500.SH,20240823,4.608
510500.SH,20240822,4.607
510500.SH,20240821,4.663
510500.SH,20240820,4.672
510500.SH,20240819,4.754
510500.SH,20240816,4.746
510500.SH,20240815,4.774
510500.SH,20240814,4.737
510500.SH,20240813,4.804
510500.SH,20240812,4.794
510500.SH,20240809,4.792
510500.SH,20240808,4.833
510500.SH,20240807,4.823
510500.SH,20240806,4.821
510500.SH,20240805,4.77
510500.SH,20240802,4.864
510500.SH,20240801,4.93
510500.SH,20240731,4.975
510500.SH,20240730,4.772
510500.SH,20240729,4.776
510500.SH,20240726,4.806
510500.SH,20240725,4.731
510500.SH,20240724,4.737
510500.SH,20240723,4.794
510500.SH,20240722,4.934
510500.SH,20240719,4.946
510500.SH,20240718,4.954
510500.SH,20240717,4.931
510500.SH,20240716,4.966
510500.SH,20240715,4.949
510500.SH,20240712,4.985
510500.SH,20240711,5.007
510500.SH,20240710,4.908
510500.SH,20240709,4.936
510500.SH,20240708,4.848
510500.SH,20240705,4.93
510500.SH,20240704,4.895
510500.SH,20240703,4.966
510500.SH,20240702,5.009
510500.SH,20240701,5.055
510500.SH,20240628,4.996
510500.SH,20240627,4.988
510500.SH,20240626,5.072
510500.SH,20240625,5.003
510500.SH,20240624,5.047
510500.SH,20240621,5.155
510500.SH,20240620,5.146
510500.SH,20240619,5.224
510500.SH,20240618,5.278
510500.SH,20240617,5.251
510500.SH,20240614,5.269
510500.SH,20240613,5.244
510500.SH,20240612,5.271
510500.SH,20240611,5.256
510500.SH,20240607,5.244
510500.SH,20240606,5.269
510500.SH,20240605,5.307
510500.SH,20240604,5.365
510500.SH,20240603,5.294
510500.SH,20240531,5.335
510500.SH,20240530,5.336
510500.SH,20240529,5.347
510500.SH,20240528,5.336
510500.SH,20240527,5.383
510500.SH,20240524,5.331
510500.SH,20240523,5.383
510500.SH,20240522,5.478
510500.SH,20240521,5.484
510500.SH,20240520,5.524
510500.SH,20240517,5.504
510500.SH,20240516,5.513
510500.SH,20240515,5.539
510500.SH,20240514,5.588
510500.SH,20240513,5.594
510500.SH,20240510,5.623
510500.SH,20240509,5.643
510500.SH,20240508,5.542
510500.SH,20240507,5.613
510500.SH,20240506,5.614
510500.SH,20240430,5.529
510500.SH,20240429,5.567
510500.SH,20240426,5.461
510500.SH,20240425,5.341
510500.SH,20240424,5.349
510500.SH,20240423,5.287
510500.SH,20240422,5.349
510500.SH,20240419,5.394
510500.SH,20240418,5.431
510500.SH,20240417,5.421
510500.SH,20240416,5.28
510500.SH,20240415,5.428
510500.SH,20240412,5.357
510500.SH,20240411,5.386
510500.SH,20240410,5.361
510500.SH,20240409,5.424
510500.SH,20240408,5.379
510500.SH,20240403,5.459
510500.SH,20240402,5.462
510500.SH,20240401,5.484
510500.SH,20240329,5.371
510500.SH,20240328,5.303
510500.SH,20240327,5.236
510500.SH,20240326,5.36
510500.SH,20240325,5.384
510500.SH,20240322,5.465
510500.SH,20240321,5.548
510500.SH,20240320,5.575
510500.SH,20240319,5.561
510500.SH,20240318,5.62
510500.SH,20240315,5.549
510500.SH,20240314,5.474
510500.SH,20240313,5.497
510500.SH,20240312,5.505
510500.SH,20240311,5.536
510500.SH,20240308,5.434
510500.SH,20240307,5.363
510500.SH,20240306,5.433
510500.SH,20240305,5.438
510500.SH,20240304,5.465
510500.SH,20240301,5.467
510500.SH,20240229,5.431
510500.SH,20240228,5.259
510500.SH,20240227,5.398
510500.SH,20240226,5.271
510500.SH,20240223,5.281
510500.SH,20240222,5.257
510500.SH,20240221,5.212
510500.SH,20240220,5.215
510500.SH,20240219,5.215
510500.SH,20240208,5.249
510500.SH,20240207,5.225
510500.SH,20240206,4.913
510500.SH,20240205,4.535
510500.SH,20240202,4.637
510500.SH,20240201,4.765
510500.SH,20240131,4.783
510500.SH,20240130,4.911
510500.SH,20240129,5.013
510500.SH,20240126,5.109
510500.SH,20240125,5.166
510500.SH,20240124,5.018
510500.SH,20240123,4.948
510500.SH,20240122,4.87
510500.SH,20240119,5.106
510500.SH,20240118,5.146
510500.SH,20240117,5.141
510500.SH,20240116,5.274
510500.SH,20240115,5.279
510500.SH,20240112,5.292
510500.SH,20240111,5.312
510500.SH,20240110,5.249
510500.SH,20240109,5.262
510500.SH,20240108,5.25
510500.SH,20240105,5.376
510500.SH,20240104,5.446
510500.SH,20240103,5.49
510500.SH,20240102,5.497
510500.SH,20231229,5.519
510500.SH,20231228,5.475
510500.SH,20231227,5.372
510500.SH,20231226,5.356
510500.SH,20231225,5.403
510500.SH,20231222,5.41
510500.SH,20231221,5.426
510500.SH,20231220,5.412
510500.SH,20231219,5.474
510500.SH,20231218,5.483
510500.SH,20231215,5.544
510500.SH,20231214,5.588
510500.SH,20231213,5.607
510500.SH,20231212,5.666
510500.SH,20231211,5.656
510500.SH,20231208,5.594
510500.SH,20231207,5.582
510500.SH,20231206,5.577
510500.SH,20231205,5.565
510500.SH,20231204,5.652
510500.SH,20231201,5.664
510500.SH,20231130,5.637
510500.SH,20231129,5.656
510500.SH,20231128,5.685
510500.SH,20231127,5.659
510500.SH,20231124,5.673
510500.SH,20231123,5.719
510500.SH,20231122,5.668
510500.SH,20231121,5.741
510500.SH,20231120,5.758
510500.SH,20231117,5.726
510500.SH,20231116,5.707
510500.SH,20231115,5.765
510500.SH,20231114,5.728
510500.SH,20231113,5.704
510500.SH,20231110,5.673
510500.SH,20231109,5.693
510500.SH,20231108,5.705
510500.SH,20231107,5.709
510500.SH,20231106,5.7
510500.SH,20231103,5.605
510500.SH,20231102,5.564
510500.SH,20231101,5.615
510500.SH,20231031,5.627
510500.SH,20231030,5.64
510500.SH,20231027,5.595
510500.SH,20231026,5.491
510500.SH,20231025,5.467
510500.SH,20231024,5.44
510500.SH,20231023,5.376
510500.SH,20231020,5.523
510500.SH,20231019,5.561
510500.SH,20231018,5.626
510500.SH,20231017,5.694
510500.SH,20231016,5.683
510500.SH,20231013,5.74
510500.SH,20231012,5.77
510500.SH,20231011,5.727
510500.SH,20231010,5.732
510500.SH,20231009,5.76
510500.SH,20230928,5.792
510500.SH,20230927,5.784
510500.SH,20230926,5.759
510500.SH,20230925,5.778
510500.SH,20230922,5.811
510500.SH,20230921,5.713
510500.SH,20230920,5.759
510500.SH,20230919,5.8
510500.SH,20230918,5.825
510500.SH,20230915,5.813
510500.SH,20230914,5.812
510500.SH,20230913,5.817
510500.SH,20230912,5.876
510500.SH,20230911,5.874
510500.SH,20230908,5.807
510500.SH,20230907,5.809
510500.SH,20230906,5.891
510500.SH,20230905,5.893
510500.SH,20230904,5.936
510500.SH,20230901,5.852
510500.SH,20230831,5.846
510500.SH,20230830,5.875
510500.SH,20230829,5.874
510500.SH,20230828,5.749
510500.SH,20230825,5.686
510500.SH,20230824,5.754
510500.SH,20230823,5.738
510500.SH,20230822,5.838
510500.SH,20230821,5.811
510500.SH,20230818,5.888
510500.SH,20230817,5.981
510500.SH,20230816,5.945
510500.SH,20230815,5.988
510500.SH,20230814,6.021
510500.SH,20230811,6.014
510500.SH,20230810,6.135
510500.SH,20230809,6.137
510500.SH,20230808,6.179
510500.SH,20230807,6.2
510500.SH,20230804,6.241
510500.SH,20230803,6.2
510500.SH,20230802,6.179
510500.SH,20230801,6.201
510500.SH,20230731,6.196
510500.SH,20230728,6.157
510500.SH,20230727,6.065
510500.SH,20230726,6.107
510500.SH,20230725,6.118
510500.SH,20230724,6.02
510500.SH,20230721,6.03
510500.SH,20230720,6.027
510500.SH,20230719,6.093
510500.SH,20230718,6.102
510500.SH,20230717,6.111
510500.SH,20230714,6.126
510500.SH,20230713,6.15
510500.SH,20230712,6.066
510500.SH,20230711,6.127
510500.SH,20230710,6.077
510500.SH,20230707,6.056
510500.SH,20230706,6.072
510500.SH,20230705,6.107
510500.SH,20230704,6.138
510500.SH,20230703,6.124
510500.SH,20230630,6.095
510500.SH,20230629,6.022
510500.SH,20230628,6.031
510500.SH,20230627,6.017
510500.SH,20230626,5.972
510500.SH,20230621,6.073
510500.SH,20230620,6.198
510500.SH,20230619,6.201
510500.SH,20230616,6.209
510500.SH,20230615,6.166
510500.SH,20230614,6.112
510500.SH,20230613,6.105
510500.SH,20230612,6.087
510500.SH,20230609,6.069
510500.SH,20230608,6.018
510500.SH,20230607,6.031
510500.SH,20230606,6.027
510500.SH,20230605,6.141
510500.SH,20230602,6.154
510500.SH,20230601,6.102
510500.SH,20230531,6.092
510500.SH,20230530,6.099
510500.SH,20230529,6.066
510500.SH,20230526,6.073
510500.SH,20230525,6.02
510500.SH,20230524,6.038
510500.SH,20230523,6.084
510500.SH,20230522,6.149
510500.SH,20230519,6.158
510500.SH,20230518,6.153
510500.SH,20230517,6.143
510500.SH,20230516,6.141
510500.SH,20230515,6.182
510500.SH,20230512,6.114
510500.SH,20230511,6.174
510500.SH,20230510,6.193
510500.SH,20230509,6.204
510500.SH,20230508,6.261
510500.SH,20230505,6.222
510500.SH,20230504,6.278
510500.SH,20230428,6.277
510500.SH,20230427,6.185
510500.SH,20230426,6.159
510500.SH,20230425,6.133
510500.SH,20230424,6.227
510500.SH,20230421,6.269
510500.SH,20230420,6.422
510500.SH,20230419,6.429
510500.SH,20230418,6.459
510500.SH,20230417,6.472
510500.SH,20230414,6.44
510500.SH,20230413,6.425
510500.SH,20230412,6.453
510500.SH,20230411,6.431
510500.SH,20230410,6.432
510500.SH,20230407,6.475
510500.SH,20230406,6.426
510500.SH,20230404,6.427
510500.SH,20230403,6.423
510500.SH,20230331,6.359
510500.SH,20230330,6.312
510500.SH,20230329,6.279
510500.SH,20230328,6.305
510500.SH,20230327,6.321
510500.SH,20230324,6.324
510500.SH,20230323,6.316
510500.SH,20230322,6.281
510500.SH,20230321,6.247
510500.SH,20230320,6.182
510500.SH,20230317,6.201
510500.SH,20230316,6.165
510500.SH,20230315,6.242
510500.SH,20230314,6.21
510500.SH,20230313,6.261
510500.SH,20230310,6.226
510500.SH,20230309,6.306
510500.SH,20230308,6.313
510500.SH,20230307,6.303
510500.SH,20230306,6.403
510500.SH,20230303,6.401
510500.SH,20230302,6.404
510500.SH,20230301,6.411
510500.SH,20230228,6.372
510500.SH,20230227,6.331
510500.SH,20230224,6.364
510500.SH,20230223,6.378
510500.SH,20230222,6.389
510500.SH,20230221,6.395
510500.SH,20230220,6.358
510500.SH,20230217,6.26
510500.SH,20230216,6.314
510500.SH,20230215,6.399
510500.SH,20230214,6.411
510500.SH,20230213,6.394
510500.SH,20230210,6.356
510500.SH,20230209,6.376
510500.SH,20230208,6.285
510500.SH,20230207,6.331
510500.SH,20230206,6.328
510500.SH,20230203,6.357
510500.SH,20230202,6.385
510500.SH,20230201,6.375
510500.SH,20230131,6.303
510500.SH,20230130,6.298
510500.SH,20230120,6.277
510500.SH,20230119,6.232
510500.SH,20230118,6.175
510500.SH,20230117,6.151
510500.SH,20230116,6.143
510500.SH,20230113,6.084
510500.SH,20230112,6.033
510500.SH,20230111,6.039
510500.SH,20230110,6.067
510500.SH,20230109,6.052
510500.SH,20230106,6.04
510500.SH,20230105,6.027
510500.SH,20230104,5.968
510500.SH,20230103,5.97
510500.SH,20221230,5.887
510500.SH,20221229,5.881
510500.SH,20221228,5.884
510500.SH,20221227,5.9
510500.SH,20221226,5.86
510500.SH,20221223,5.791
510500.SH,20221222,5.813
510500.SH,20221221,5.876
510500.SH,20221220,5.906
510500.SH,20221219,5.97
510500.SH,20221216,6.099
510500.SH,20221215,6.122
510500.SH,20221214,6.123
510500.SH,20221213,6.149
510500.SH,20221212,6.183
510500.SH,20221209,6.206
510500.SH,20221208,6.197
510500.SH,20221207,6.207
510500.SH,20221206,6.215
510500.SH,20221205,6.218
510500.SH,20221202,6.175
510500.SH,20221201,6.19
510500.SH,20221130,6.157
510500.SH,20221129,6.171
510500.SH,20221128,6.071
510500.SH,20221125,6.098
510500.SH,20221124,6.13
510500.SH,20221123,6.129
510500.SH,20221122,6.14
510500.SH,20221121,6.206
510500.SH,20221118,6.213
510500.SH,20221117,6.225
510500.SH,20221116,6.212
510500.SH,20221115,6.241
510500.SH,20221114,6.135
510500.SH,20221111,6.145
510500.SH,20221110,6.109
510500.SH,20221109,6.13
510500.SH,20221108,6.147
510500.SH,20221107,6.141
510500.SH,20221104,6.157
510500.SH,20221103,6.005
510500.SH,20221102,6.002
510500.SH,20221101,5.959
510500.SH,20221031,5.814
510500.SH,20221028,5.779
510500.SH,20221027,5.969
510500.SH,20221026,5.987
510500.SH,20221025,5.866
510500.SH,20221024,5.913
510500.SH,20221021,5.964
510500.SH,20221020,5.964
510500.SH,20221019,5.984
510500.SH,20221018,6.035
510500.SH,20221017,6.008
510500.SH,20221014,5.981
510500.SH,20221013,5.833
510500.SH,20221012,5.818
510500.SH,20221011,5.682
510500.SH,20221010,5.647
510500.SH,20220930,5.713
510500.SH,20220929,5.791
510500.SH,20220928,5.776
510500.SH,20220927,5.915
510500.SH,20220926,5.806
510500.SH,20220923,5.899
510500.SH,20220922,5.97
510500.SH,20220921,5.979
510500.SH,20220920,5.949
510500.SH,20220919,5.919
510500.SH,20220916,5.956
510500.SH,20220915,6.108
510500.SH,20220914,6.251
510500.SH,20220913,6.299
510500.SH,20220909,6.315
510500.SH,20220908,6.277
510500.SH,20220907,6.299
510500.SH,20220906,6.283
510500.SH,20220905,6.177
510500.SH,20220902,6.146
510500.SH,20220901,6.135
510500.SH,20220831,6.157
510500.SH,20220830,6.291
510500.SH,20220829,6.3
510500.SH,20220826,7.22
510500.SH,20220825,7.236
510500.SH,20220824,7.197
510500.SH,20220823,7.409
510500.SH,20220822,7.407
510500.SH,20220819,7.315
510500.SH,20220818,7.413
510500.SH,20220817,7.44
510500.SH,20220816,7.392
510500.SH,20220815,7.373
510500.SH,20220812,7.363
510500.SH,20220811,7.376
510500.SH,20220810,7.233
510500.SH,20220809,7.247
510500.SH,20220808,7.226
510500.SH,20220805,7.186
510500.SH,20220804,7.04
510500.SH,20220803,7.016
510500.SH,20220802,7.075
510500.SH,20220801,7.256
510500.SH,20220729,7.194
510500.SH,20220728,7.252
510500.SH,20220727,7.233
510500.SH,20220726,7.202
510500.SH,20220725,7.116
510500.SH,20220722,7.187
510500.SH,20220721,7.252
510500.SH,20220720,7.323
510500.SH,20220719,7.231
510500.SH,20220718,7.205
510500.SH,20220715,7.074
510500.SH,20220714,7.195
510500.SH,20220713,7.145
510500.SH,20220712,7.119
510500.SH,20220711,7.206
510500.SH,20220708,7.303
510500.SH,20220707,7.346
510500.SH,20220706,7.316
510500.SH,20220705,7.412
510500.SH,20220704,7.422
510500.SH,20220701,7.333
510500.SH,20220630,7.346
510500.SH,20220629,7.289
510500.SH,20220628,7.406
510500.SH,20220627,7.283
510500.SH,20220624,7.253
510500.SH,20220623,7.17
510500.SH,20220622,7.015
510500.SH,20220621,7.126
510500.SH,20220620,7.178
510500.SH,20220617,7.178
510500.SH,20220616,7.11
510500.SH,20220615,7.099
510500.SH,20220614,7.129
510500.SH,20220613,7.057
510500.SH,20220610,7.078
510500.SH,20220609,6.951
510500.SH,20220608,7.036
510500.SH,20220607,6.987
510500.SH,20220606,6.991
510500.SH,20220602,6.882
510500.SH,20220601,6.8
510500.SH,20220531,6.807
510500.SH,20220530,6.702
510500.SH,20220527,6.666
510500.SH,20220526,6.666
510500.SH,20220525,6.59
510500.SH,20220524,6.486
510500.SH,20220523,6.715
510500.SH,20220520,6.687
510500.SH,20220519,6.585
510500.SH,20220518,6.524
510500.SH,20220517,6.546
510500.SH,20220516,6.511
510500.SH,20220513,6.531
510500.SH,20220512,6.457
510500.SH,20220511,6.452
510500.SH,20220510,6.409
510500.SH,20220509,6.303
510500.SH,20220506,6.248
510500.SH,20220505,6.391
510500.SH,20220429,6.347
510500.SH,20220428,6.097
510500.SH,20220427,6.114
510500.SH,20220426,5.915
510500.SH,20220425,6.025
510500.SH,20220422,6.446
510500.SH,20220421,6.485
510500.SH,20220420,6.691
510500.SH,20220419,6.849
510500.SH,20220418,6.827
510500.SH,20220415,6.821
510500.SH,20220414,6.883
510500.SH,20220413,6.793
510500.SH,20220412,6.893
510500.SH,20220411,6.782
510500.SH,20220408,7.005
510500.SH,20220407,6.982
510500.SH,20220406,7.144
510500.SH,20220401,7.16
510500.SH,20220331,7.111
510500.SH,20220330,7.173
510500.SH,20220329,7.021
510500.SH,20220328,7.059
510500.SH,20220325,7.035
510500.SH,20220324,7.126
510500.SH,20220323,7.181
510500.SH,20220322,7.133
510500.SH,20220321,7.131
510500.SH,20220318,7.104
510500.SH,20220317,7.032
510500.SH,20220316,6.919
510500.SH,20220315,6.684
510500.SH,20220314,7.103
510500.SH,20220311,7.294
510500.SH,20220310,7.192
510500.SH,20220309,7.079
510500.SH,20220308,7.204
510500.SH,20220307,7.481
510500.SH,20220304,7.656
510500.SH,20220303,7.709
510500.SH,20220302,7.718
510500.SH,20220301,7.715
510500.SH,20220228,7.695
510500.SH,20220225,7.656
510500.SH,20220224,7.602
510500.SH,20220223,7.735
510500.SH,20220222,7.622
510500.SH,20220221,7.708
510500.SH,20220218,7.674
510500.SH,20220217,7.606
510500.SH,20220216,7.604
510500.SH,20220215,7.588
510500.SH,20220214,7.522
510500.SH,20220211,7.587
510500.SH,20220210,7.679
510500.SH,20220209,7.68
510500.SH,20220208,7.576
510500.SH,20220207,7.487
510500.SH,20220128,7.381
510500.SH,20220127,7.432
510500.SH,20220126,7.614
510500.SH,20220125,7.586
510500.SH,20220124,7.843
510500.SH,20220121,7.853
510500.SH,20220120,7.937
510500.SH,20220119,8.0
510500.SH,20220118,8.046
510500.SH,20220117,8.032
510500.SH,20220114,7.953
510500.SH,20220113,7.991
510500.SH,20220112,8.081
510500.SH,20220111,8.026
510500.SH,20220110,8.073
510500.SH,20220107,8.072
510500.SH,20220106,8.113
510500.SH,20220105,8.103
510500.SH,20220104,8.265
510500.SH,20260731,7.5
510500.SH,20260730,7.336
510500.SH,20260729,7.54
510500.SH,20260728,7.463
510500.SH,20260727,7.726
510500.SH,20260724,7.545
510500.SH,20260723,7.737
510500.SH,20260722,7.74
510500.SH,20260721,7.792
510500.SH,20260720,7.426
510500.SH,20260717,7.505
510500.SH,20260716,7.956
510500.SH,20260715,8.151
510500.SH,20260714,8.413
510500.SH,20260713,8.292
510500.SH,20260710,8.698
510500.SH,20260709,8.804
510500.SH,20260708,8.551
510500.SH,20260707,8.657
510500.SH,20260706,8.81
510500.SH,20260703,8.901
510500.SH,20260702,8.849
510500.SH,20260701,9.18
510500.SH,20260630,9.194
510500.SH,20260629,8.974
510500.SH,20260626,8.861
510500.SH,20260625,9.085
510500.SH,20260624,8.985
510500.SH,20260623,8.815
510500.SH,20260622,9.007
510500.SH,20260618,8.828
510500.SH,20260617,8.763
510500.SH,20260616,8.632
510500.SH,20260615,8.544
510500.SH,20260612,8.242
510500.SH,20260611,8.133
510500.SH,20260610,8.171
510500.SH,20260609,8.27
510500.SH,20260608,8.068
510500.SH,20260605,8.339
510500.SH,20260604,8.448
510500.SH,20260603,8.455
510500.SH,20260602,8.406
510500.SH,20260601,8.37
510500.SH,20260529,8.443
510500.SH,20260528,8.649
510500.SH,20260527,8.614
510500.SH,20260526,8.752
510500.SH,20260525,8.786
510500.SH,20260522,8.658
510500.SH,20260521,8.503
510500.SH,20260520,8.748
510500.SH,20260519,8.703
510500.SH,20260518,8.631
510500.SH,20260515,8.612
510500.SH,20260514,8.772
510500.SH,20260513,9.009
510500.SH,20260512,8.862
510500.SH,20260511,8.912
510500.SH,20260508,8.769
510500.SH,20260507,8.771
510500.SH,20260506,8.658
510500.SH,20260430,8.43
510500.SH,20260429,8.422
510500.SH,20260428,8.273
510500.SH,20260427,8.368
510500.SH,20260424,8.323
510500.SH,20260423,8.375
510500.SH,20260422,8.455
510500.SH,20260421,8.331
510500.SH,20260420,8.355
510500.SH,20260417,8.29
510500.SH,20260416,8.253
510500.SH,20260415,8.111
510500.SH,20260414,8.159
510500.SH,20260413,8.028
510500.SH,20260410,8.035
510500.SH,20260409,7.964
510500.SH,20260408,8.026
510500.SH,20260407,7.629
510500.SH,20260403,7.603
510500.SH,20260402,7.672
510500.SH,20260401,7.809
510500.SH,20260331,7.683
510500.SH,20260330,7.818
510500.SH,20260327,7.803
510500.SH,20260326,7.7
510500.SH,20260325,7.826
510500.SH,20260324,7.652
510500.SH,20260323,7.512
510500.SH,20260320,7.812
510500.SH,20260319,7.945
510500.SH,20260318,8.156
510500.SH,20260317,8.078
510500.SH,20260316,8.259
510500.SH,20260313,8.311
510500.SH,20260312,8.426
510500.SH,20260311,8.468
510500.SH,20260310,8.481
510500.SH,20260309,8.356
510500.SH,20260306,8.421
510500.SH,20260305,8.371
510500.SH,20260304,8.317
510500.SH,20260303,8.375
510500.SH,20260302,8.733
510500.SH,20260227,8.737
510500.SH,20260226,8.63
510500.SH,20260225,8.602
510500.SH,20260224,8.469
510500.SH,20260213,8.373
510500.SH,20260212,8.514
510500.SH,20260211,8.411
510500.SH,20260210,8.377
510500.SH,20260209,8.395
510500.SH,20260206,8.213
510500.SH,20260205,8.217
510500.SH,20260204,8.388
510500.SH,20260203,8.366
510500.SH,20260202,8.049
510500.SH,20260130,8.44
510500.SH,20260129,8.591
510500.SH,20260128,8.691
510500.SH,20260127,8.619
510500.SH,20260126,8.564
510500.SH,20260123,8.719
510500.SH,20260122,8.469
510500.SH,20260121,8.432
510500.SH,20260120,8.324
510500.SH,20260119,8.348
510500.SH,20260116,8.295
510500.SH,20260115,8.339
510500.SH,20260114,8.365
510500.SH,20260113,8.306
510500.SH,20260112,8.416
510500.SH,20260109,8.216
510500.SH,20260108,8.024
510500.SH,20260107,7.999
510500.SH,20260106,7.961
510500.SH,20260105,7.792
159919.SZ,20211231,4.936
159919.SZ,20211230,4.921
159919.SZ,20211229,4.887
159919.SZ,20211228,4.957
159919.SZ,20211227,4.926
159919.SZ,20211224,4.924
159919.SZ,20211223,4.945
159919.SZ,20211222,4.906
159919.SZ,20211221,4.91
159919.SZ,20211220,4.881
159919.SZ,20211217,4.963
159919.SZ,20211216,5.034
159919.SZ,20211215,5.007
159919.SZ,20211214,5.055
159919.SZ,20211213,5.078
159919.SZ,20211210,5.055
159919.SZ,20211209,5.08
159919.SZ,20211208,4.997
159919.SZ,20211207,4.921
159919.SZ,20211206,4.897
159919.SZ,20211203,4.897
159919.SZ,20211202,4.853
159919.SZ,20211201,4.846
159919.SZ,20211130,4.841
159919.SZ,20211129,4.85
159919.SZ,20211126,4.862
159919.SZ,20211125,4.898
159919.SZ,20211124,4.915
159919.SZ,20211123,4.905
159919.SZ,20211122,4.905
159919.SZ,20211119,4.889
159919.SZ,20211118,4.834
159919.SZ,20211117,4.879
159919.SZ,20211116,4.881
159919.SZ,20211115,4.888
159919.SZ,20211112,4.887
159919.SZ,20211111,4.894
159919.SZ,20211110,4.815
159919.SZ,20211109,4.845
159919.SZ,20211108,4.848
159919.SZ,20211105,4.853
159919.SZ,20211104,4.868
159919.SZ,20211103,4.819
159919.SZ,20211102,4.838
159919.SZ,20211101,4.89
159919.SZ,20211029,4.901
159919.SZ,20211028,4.872
159919.SZ,20211027,4.898
159919.SZ,20211026,4.96
159919.SZ,20211025,4.974
159919.SZ,20211022,4.954
159919.SZ,20211021,4.923
159919.SZ,20211020,4.906
159919.SZ,20211019,4.914
159919.SZ,20211018,4.868
159919.SZ,20211015,4.93
159919.SZ,20211014,4.906
159919.SZ,20211013,4.931
159919.SZ,20211012,4.876
159919.SZ,20211011,4.927
159919.SZ,20211008,4.93
159919.SZ,20210930,4.858
159919.SZ,20210929,4.846
159919.SZ,20210928,4.875
159919.SZ,20210927,4.888
159919.SZ,20210924,4.855
159919.SZ,20210923,4.848
159919.SZ,20210922,4.817
159919.SZ,20210917,4.853
159919.SZ,20210916,4.817
159919.SZ,20210915,4.872
159919.SZ,20210914,4.92
159919.SZ,20210913,4.992
159919.SZ,20210910,5.083
159919.SZ,20210909,5.03
159919.SZ,20210908,5.036
159919.SZ,20210907,5.055
159919.SZ,20210906,4.996
159919.SZ,20210903,4.911
159919.SZ,20210902,4.935
159919.SZ,20210901,4.937
159919.SZ,20210831,4.871
159919.SZ,20210830,4.865
159919.SZ,20210827,4.889
159919.SZ,20210826,4.875
159919.SZ,20210825,4.956
159919.SZ,20210824,4.947
159919.SZ,20210823,4.89
159919.SZ,20210820,4.83
159919.SZ,20210819,4.916
159919.SZ,20210818,4.948
159919.SZ,20210817,4.898
159919.SZ,20210816,5.005
159919.SZ,20210813,5.01
159919.SZ,20210812,5.033
159919.SZ,20210811,5.071
159919.SZ,20210810,5.093
159919.SZ,20210809,5.035
159919.SZ,20210806,4.979
159919.SZ,20210805,5.003
159919.SZ,20210804,5.026
159919.SZ,20210803,4.986
159919.SZ,20210802,4.978
159919.SZ,20210730,4.865
159919.SZ,20210729,4.885
159919.SZ,20210728,4.804
159919.SZ,20210727,4.807
159919.SZ,20210726,4.965
159919.SZ,20210723,5.146
159919.SZ,20210722,5.197
159919.SZ,20210721,5.195
159919.SZ,20210720,5.151
159919.SZ,20210719,5.164
159919.SZ,20210716,5.146
159919.SZ,20210715,5.192
159919.SZ,20210714,5.124
159919.SZ,20210713,5.179
159919.SZ,20210712,5.165
159919.SZ,20210709,5.102
159919.SZ,20210708,5.127
159919.SZ,20210707,5.171
159919.SZ,20210706,5.113
159919.SZ,20210705,5.106
159919.SZ,20210702,5.098
159919.SZ,20210701,5.225
159919.SZ,20210630,5.243
159919.SZ,20210629,5.211
159919.SZ,20210628,5.267
159919.SZ,20210625,5.261
159919.SZ,20210624,5.173
159919.SZ,20210623,5.163
159919.SZ,20210622,5.131
159919.SZ,20210621,5.107
159919.SZ,20210618,5.115
159919.SZ,20210617,5.11
159919.SZ,20210616,5.097
159919.SZ,20210615,5.173
159919.SZ,20210611,5.23
159919.SZ,20210610,5.27
159919.SZ,20210609,5.239
159919.SZ,20210608,5.232
159919.SZ,20210607,5.274
159919.SZ,20210604,5.276
159919.SZ,20210603,5.245
159919.SZ,20210602,5.286
159919.SZ,20210601,5.329
159919.SZ,20210531,5.322
159919.SZ,20210528,5.315
159919.SZ,20210527,5.333
159919.SZ,20210526,5.315
159919.SZ,20210525,5.311
159919.SZ,20210524,5.14
159919.SZ,20210521,5.119
159919.SZ,20210520,5.177
159919.SZ,20210519,5.159
159919.SZ,20210518,5.173
159919.SZ,20210517,5.17
159919.SZ,20210514,5.108
159919.SZ,20210513,4.989
159919.SZ,20210512,5.037
159919.SZ,20210511,5.012
159919.SZ,20210510,4.984
159919.SZ,20210507,4.988
159919.SZ,20210506,5.045
159919.SZ,20210430,5.115
159919.SZ,20210429,5.159
159919.SZ,20210428,5.117
159919.SZ,20210427,5.077
159919.SZ,20210426,5.058
159919.SZ,20210423,5.122
159919.SZ,20210422,5.071
159919.SZ,20210421,5.074
159919.SZ,20210420,5.065
159919.SZ,20210419,5.065
159919.SZ,20210416,4.95
159919.SZ,20210415,4.929
159919.SZ,20210414,4.959
159919.SZ,20210413,4.928
159919.SZ,20210412,4.941
159919.SZ,20210409,5.023
159919.SZ,20210408,5.094
159919.SZ,20210407,5.086
159919.SZ,20210406,5.113
159919.SZ,20210402,5.141
159919.SZ,20210401,5.093
159919.SZ,20210331,5.028
159919.SZ,20210330,5.067
159919.SZ,20210329,5.026
159919.SZ,20210326,5.019
159919.SZ,20210325,4.913
159919.SZ,20210324,4.914
159919.SZ,20210323,4.995
159919.SZ,20210322,5.031
159919.SZ,20210319,4.998
159919.SZ,20210318,5.119
159919.SZ,20210317,5.079
159919.SZ,20210316,5.054
159919.SZ,20210315,5.027
159919.SZ,20210312,5.123
159919.SZ,20210311,5.114
159919.SZ,20210310,4.983
159919.SZ,20210309,4.956
159919.SZ,20210308,5.068
159919.SZ,20210305,5.249
159919.SZ,20210304,5.268
159919.SZ,20210303,5.429
159919.SZ,20210302,5.329
159919.SZ,20210301,5.396
159919.SZ,20210226,5.314
159919.SZ,20210225,5.458
159919.SZ,20210224,5.423
159919.SZ,20210223,5.555
159919.SZ,20210222,5.592
159919.SZ,20210219,5.76
159919.SZ,20210218,5.752
159919.SZ,20210210,5.797
159919.SZ,20210209,5.67
159919.SZ,20210208,5.535
159919.SZ,20210205,5.47
159919.SZ,20210204,5.46
159919.SZ,20210203,5.47
159919.SZ,20210202,5.467
159919.SZ,20210201,5.394
159919.SZ,20210129,5.333
159919.SZ,20210128,5.368
159919.SZ,20210127,5.501
159919.SZ,20210126,5.495
159919.SZ,20210125,5.604
159919.SZ,20210122,5.543
159919.SZ,20210121,5.545
159919.SZ,20210120,5.451
159919.SZ,20210119,5.42
159919.SZ,20210118,5.496
159919.SZ,20210115,5.437
159919.SZ,20210114,5.462
159919.SZ,20210113,5.562
159919.SZ,20210112,5.582
159919.SZ,20210111,5.427
159919.SZ,20210108,5.484
159919.SZ,20210107,5.512
159919.SZ,20210106,5.393
159919.SZ,20210105,5.345
159919.SZ,20210104,5.252
159919.SZ,20201231,5.2
159919.SZ,20201230,5.094
159919.SZ,20201229,5.035
159919.SZ,20201228,5.05
159919.SZ,20201225,5.03
159919.SZ,20201224,4.991
159919.SZ,20201223,4.991
159919.SZ,20201222,4.954
159919.SZ,20201221,5.027
159919.SZ,20201218,4.985
159919.SZ,20201217,5.009
159919.SZ,20201216,4.943
159919.SZ,20201215,4.933
159919.SZ,20201214,4.918
159919.SZ,20201211,4.876
159919.SZ,20201210,4.931
159919.SZ,20201209,4.94
159919.SZ,20201208,5.001
159919.SZ,20201207,5.02
159919.SZ,20201204,5.064
159919.SZ,20201203,5.051
159919.SZ,20201202,5.058
159919.SZ,20201201,5.058
159919.SZ,20201130,4.962
159919.SZ,20201127,4.977
159919.SZ,20201126,4.906
159919.SZ,20201125,4.904
159919.SZ,20201124,4.966
159919.SZ,20201123,4.992
159919.SZ,20201120,4.937
159919.SZ,20201119,4.923
159919.SZ,20201118,4.883
159919.SZ,20201117,4.887
159919.SZ,20201116,4.894
159919.SZ,20201113,4.847
159919.SZ,20201112,4.896
159919.SZ,20201111,4.899
159919.SZ,20201110,4.947
159919.SZ,20201109,4.971
159919.SZ,20201106,4.878
159919.SZ,20201105,4.876
159919.SZ,20201104,4.8
159919.SZ,20201103,4.764
159919.SZ,20201102,4.711
159919.SZ,20201030,4.685
159919.SZ,20201029,4.781
159919.SZ,20201028,4.73
159919.SZ,20201027,4.697
159919.SZ,20201026,4.687
159919.SZ,20201023,4.732
159919.SZ,20201022,4.771
159919.SZ,20201021,4.79
159919.SZ,20201020,4.779
159919.SZ,20201019,4.751
159919.SZ,20201016,4.782
159919.SZ,20201015,4.795
159919.SZ,20201014,4.803
159919.SZ,20201013,4.835
159919.SZ,20201012,4.814
159919.SZ,20201009,4.667
159919.SZ,20200930,4.572
159919.SZ,20200929,4.593
159919.SZ,20200928,4.579
159919.SZ,20200925,4.569
159919.SZ,20200924,4.567
159919.SZ,20200923,4.64
159919.SZ,20200922,4.629
159919.SZ,20200921,4.688
159919.SZ,20200918,4.73
159919.SZ,20200917,4.623
159919.SZ,20200916,4.651
159919.SZ,20200915,4.672
159919.SZ,20200914,4.64
159919.SZ,20200911,4.764
159919.SZ,20200910,4.729
159919.SZ,20200909,4.73
159919.SZ,20200908,4.84
159919.SZ,20200907,4.807
159919.SZ,20200904,4.92
159919.SZ,20200903,4.968
159919.SZ,20200902,4.987
159919.SZ,20200901,4.993
159919.SZ,20200831,4.964
159919.SZ,20200828,4.999
159919.SZ,20200827,4.879
159919.SZ,20200826,4.845
159919.SZ,20200825,4.907
159919.SZ,20200824,4.898
159919.SZ,20200821,4.865
159919.SZ,20200820,4.826
159919.SZ,20200819,4.885
159919.SZ,20200818,4.958
159919.SZ,20200817,4.965
159919.SZ,20200814,4.858
159919.SZ,20200813,4.769
159919.SZ,20200812,4.783
159919.SZ,20200811,4.815
159919.SZ,20200810,4.863
159919.SZ,20200807,4.848
159919.SZ,20200806,4.897
159919.SZ,20200805,4.912
159919.SZ,20200804,4.911
159919.SZ,20200803,4.907
159919.SZ,20200731,4.83
159919.SZ,20200730,4.798
159919.SZ,20200729,4.827
159919.SZ,20200728,4.699
159919.SZ,20200727,4.659
159919.SZ,20200724,4.635
159919.SZ,20200723,4.845
159919.SZ,20200722,4.848
159919.SZ,20200721,4.819
159919.SZ,20200720,4.805
159919.SZ,20200717,4.667
159919.SZ,20200716,4.632
159919.SZ,20200715,4.867
159919.SZ,20200714,4.925
159919.SZ,20200713,4.965
159919.SZ,20200710,4.878
159919.SZ,20200709,4.95
159919.SZ,20200708,4.876
159919.SZ,20200707,4.8
159919.SZ,20200706,4.876
159919.SZ,20200703,4.526
159919.SZ,20200702,4.433
159919.SZ,20200701,4.342
159919.SZ,20200630,4.251
159919.SZ,20200629,4.195
159919.SZ,20200624,4.231
159919.SZ,20200623,4.196
159919.SZ,20200622,4.174
159919.SZ,20200619,4.152
159919.SZ,20200618,4.115
159919.SZ,20200617,4.08
159919.SZ,20200616,4.075
159919.SZ,20200615,4.03
159919.SZ,20200612,4.069
159919.SZ,20200611,4.073
159919.SZ,20200610,4.111
159919.SZ,20200609,4.107
159919.SZ,20200608,4.085
159919.SZ,20200605,4.067
159919.SZ,20200604,4.045
159919.SZ,20200603,4.045
159919.SZ,20200602,4.043
159919.SZ,20200601,4.03
159919.SZ,20200529,3.917
159919.SZ,20200528,3.91
159919.SZ,20200527,3.904
159919.SZ,20200526,3.929
159919.SZ,20200525,3.883
159919.SZ,20200522,3.882
159919.SZ,20200521,3.965
159919.SZ,20200520,3.991
159919.SZ,20200519,4.005
159919.SZ,20200518,3.973
159919.SZ,20200515,3.978
159919.SZ,20200514,3.985
159919.SZ,20200513,4.017
159919.SZ,20200512,4.011
159919.SZ,20200511,4.01
159919.SZ,20200508,4.015
159919.SZ,20200507,3.977
159919.SZ,20200506,3.986
159919.SZ,20200430,3.967
159919.SZ,20200429,3.908
159919.SZ,20200428,3.896
159919.SZ,20200427,3.867
159919.SZ,20200424,3.852
159919.SZ,20200423,3.879
159919.SZ,20200422,3.892
159919.SZ,20200421,3.865
159919.SZ,20200420,3.901
159919.SZ,20200417,3.884
159919.SZ,20200416,3.852
159919.SZ,20200415,3.849
159919.SZ,20200414,3.867
159919.SZ,20200413,3.804
159919.SZ,20200410,3.825
159919.SZ,20200409,3.844
159919.SZ,20200408,3.827
159919.SZ,20200407,3.842
159919.SZ,20200403,3.76
159919.SZ,20200402,3.788
159919.SZ,20200401,3.715
159919.SZ,20200331,3.725
159919.SZ,20200330,3.726
159919.SZ,20200327,3.761
159919.SZ,20200326,3.746
159919.SZ,20200325,3.763
159919.SZ,20200324,3.668
159919.SZ,20200323,3.591
159919.SZ,20200320,3.708
159919.SZ,20200319,3.644
159919.SZ,20200318,3.689
159919.SZ,20200317,3.763
159919.SZ,20200316,3.787
159919.SZ,20200313,3.96
159919.SZ,20200312,4.003
159919.SZ,20200311,4.069
159919.SZ,20200310,4.128
159919.SZ,20200309,4.056
159919.SZ,20200306,4.195
159919.SZ,20200305,4.256
159919.SZ,20200304,4.166
159919.SZ,20200303,4.139
159919.SZ,20200302,4.12
159919.SZ,20200228,3.986
159919.SZ,20200227,4.129
159919.SZ,20200226,4.13
159919.SZ,20200225,4.173
159919.SZ,20200224,4.181
159919.SZ,20200221,4.212
159919.SZ,20200220,4.198
159919.SZ,20200219,4.101
159919.SZ,20200218,4.105
159919.SZ,20200217,4.133
159919.SZ,20200214,4.045
159919.SZ,20200213,4.017
159919.SZ,20200212,4.038
159919.SZ,20200211,4.01
159919.SZ,20200210,3.962
159919.SZ,20200207,3.955
159919.SZ,20200206,3.953
159919.SZ,20200205,3.876
159919.SZ,20200204,3.841
159919.SZ,20200203,3.735
159919.SZ,20200123,4.051
159919.SZ,20200122,4.184
159919.SZ,20200121,4.171
159919.SZ,20200120,4.244
159919.SZ,20200117,4.212
159919.SZ,20200116,4.209
159919.SZ,20200115,4.221
159919.SZ,20200114,4.252
159919.SZ,20200113,4.266
159919.SZ,20200110,4.224
159919.SZ,20200109,4.219
159919.SZ,20200108,4.173
159919.SZ,20200107,4.214
159919.SZ,20200106,4.185
159919.SZ,20200103,4.205
159919.SZ,20200102,4.21
159919.SZ,20191231,4.158
159919.SZ,20191230,4.139
159919.SZ,20191227,4.082
159919.SZ,20191226,4.083
159919.SZ,20191225,4.053
159919.SZ,20191224,4.052
159919.SZ,20191223,4.029
159919.SZ,20191220,4.08
159919.SZ,20191219,4.085
159919.SZ,20191218,4.09
159919.SZ,20191217,4.101
159919.SZ,20191216,4.04
159919.SZ,20191213,4.024
159919.SZ,20191212,3.951
159919.SZ,20191211,3.962
159919.SZ,20191210,3.957
159919.SZ,20191209,3.954
159919.SZ,20191206,3.957
159919.SZ,20191205,3.936
159919.SZ,20191204,3.907
159919.SZ,20191203,3.901
159919.SZ,20191202,3.893
159919.SZ,20191129,3.884
159919.SZ,20191128,3.925
159919.SZ,20191127,3.933
159919.SZ,20191126,3.938
159919.SZ,20191125,3.936
159919.SZ,20191122,3.903
159919.SZ,20191121,3.947
159919.SZ,20191120,3.967
159919.SZ,20191119,4.008
159919.SZ,20191118,3.967
159919.SZ,20191115,3.939
159919.SZ,20191114,3.961
159919.SZ,20191113,3.958
159919.SZ,20191112,3.959
159919.SZ,20191111,3.969
159919.SZ,20191108,4.037
159919.SZ,20191107,4.047
159919.SZ,20191106,4.043
159919.SZ,20191105,4.057
159919.SZ,20191104,4.033
159919.SZ,20191101,4.017
159919.SZ,20191031,3.935
159919.SZ,20191030,3.942
159919.SZ,20191029,3.966
159919.SZ,20191028,3.98
159919.SZ,20191025,3.96
159919.SZ,20191024,3.934
159919.SZ,20191023,3.929
159919.SZ,20191022,3.95
159919.SZ,20191021,3.937
159919.SZ,20191018,3.926
159919.SZ,20191017,3.988
159919.SZ,20191016,3.982
159919.SZ,20191015,3.998
159919.SZ,20191014,4.009
159919.SZ,20191011,3.971
159919.SZ,20191010,3.929
159919.SZ,20191009,3.895
159919.SZ,20191008,3.892
159919.SZ,20190930,3.86
159919.SZ,20190927,3.913
159919.SZ,20190926,3.908
159919.SZ,20190925,3.937
159919.SZ,20190924,3.959
159919.SZ,20190923,3.957
159919.SZ,20190920,3.99
159919.SZ,20190919,3.978
159919.SZ,20190918,3.957
159919.SZ,20190917,3.945
159919.SZ,20190916,4.014
159919.SZ,20190912,4.029
159919.SZ,20190911,3.985
159919.SZ,20190910,4.013
159919.SZ,20190909,4.017
159919.SZ,20190906,3.999
159919.SZ,20190905,3.973
159919.SZ,20190904,3.94
159919.SZ,20190903,3.899
159919.SZ,20190902,3.896
159919.SZ,20190830,3.858
159919.SZ,20190829,3.842
159919.SZ,20190828,3.859
159919.SZ,20190827,3.879
159919.SZ,20190826,3.825
159919.SZ,20190823,3.872
159919.SZ,20190822,3.843
159919.SZ,20190821,3.837
159919.SZ,20190820,3.84
159919.SZ,20190819,3.846
159919.SZ,20190816,3.758
159919.SZ,20190815,3.753
159919.SZ,20190814,3.736
159919.SZ,20190813,3.715
159919.SZ,20190812,3.741
159919.SZ,20190809,3.686
159919.SZ,20190808,3.701
159919.SZ,20190807,3.654
159919.SZ,20190806,3.679
159919.SZ,20190805,3.723
159919.SZ,20190802,3.791
159919.SZ,20190801,3.848
159919.SZ,20190731,3.886
159919.SZ,20190730,3.917
159919.SZ,20190729,3.898
159919.SZ,20190726,3.905
159919.SZ,20190725,3.896
159919.SZ,20190724,3.863
159919.SZ,20190723,3.832
159919.SZ,20190722,3.824
159919.SZ,20190719,3.851
159919.SZ,20190718,3.818
159919.SZ,20190717,3.845
159919.SZ,20190716,3.849
159919.SZ,20190715,3.864
159919.SZ,20190712,3.846
159919.SZ,20190711,3.82
159919.SZ,20190710,3.818
159919.SZ,20190709,3.82
159919.SZ,20190708,3.83
159919.SZ,20190705,3.913
159919.SZ,20190704,3.894
159919.SZ,20190703,3.919
159919.SZ,20190702,3.949
159919.SZ,20190701,3.952
159919.SZ,20190628,3.85
159919.SZ,20190627,3.846
159919.SZ,20190626,3.811
159919.SZ,20190625,3.81
159919.SZ,20190624,3.846
159919.SZ,20190621,3.849
159919.SZ,20190620,3.833
159919.SZ,20190619,3.732
159919.SZ,20190618,3.674
159919.SZ,20190617,3.665
159919.SZ,20190614,3.661
159919.SZ,20190613,3.687
159919.SZ,20190612,3.69
159919.SZ,20190611,3.715
159919.SZ,20190610,3.606
159919.SZ,20190606,3.569
159919.SZ,20190605,3.594
159919.SZ,20190604,3.605
159919.SZ,20190603,3.633
159919.SZ,20190531,3.622
159919.SZ,20190530,3.635
159919.SZ,20190529,3.649
159919.SZ,20190528,3.639
159919.SZ,20190527,3.623
159919.SZ,20190524,3.586
159919.SZ,20190523,3.582
159919.SZ,20190522,3.636
159919.SZ,20190521,3.646
159919.SZ,20190520,3.605
159919.SZ,20190517,3.634
159919.SZ,20190516,3.722
159919.SZ,20190515,3.699
159919.SZ,20190514,3.632
159919.SZ,20190513,3.642
159919.SZ,20190510,3.711
159919.SZ,20190509,3.587
159919.SZ,20190508,3.65
159919.SZ,20190507,3.705
159919.SZ,20190506,3.661
159919.SZ,20190430,3.89
159919.SZ,20190429,3.888
159919.SZ,20190426,3.875
159919.SZ,20190425,3.931
159919.SZ,20190424,4.007
159919.SZ,20190423,4.005
159919.SZ,20190422,4.01
159919.SZ,20190419,4.103
159919.SZ,20190418,4.054
159919.SZ,20190417,4.062
159919.SZ,20190416,4.068
159919.SZ,20190415,3.954
159919.SZ,20190412,3.977
159919.SZ,20190411,3.986
159919.SZ,20190410,4.055
159919.SZ,20190409,4.051
159919.SZ,20190408,4.036
159919.SZ,20190404,4.05
159919.SZ,20190403,4.004
159919.SZ,20190402,3.944
159919.SZ,20190401,3.952
159919.SZ,20190329,3.85
159919.SZ,20190328,3.7
159919.SZ,20190327,3.708
159919.SZ,20190326,3.681
159919.SZ,20190325,3.722
159919.SZ,20190322,3.817
159919.SZ,20190321,3.809
159919.SZ,20190320,3.811
159919.SZ,20190319,3.811
159919.SZ,20190318,3.84
159919.SZ,20190315,3.729
159919.SZ,20190314,3.682
159919.SZ,20190313,3.709
159919.SZ,20190312,3.731
159919.SZ,20190311,3.709
159919.SZ,20190308,3.656
159919.SZ,20190307,3.789
159919.SZ,20190306,3.83
159919.SZ,20190305,3.81
159919.SZ,20190304,3.776
159919.SZ,20190301,3.735
159919.SZ,20190228,3.659
159919.SZ,20190227,3.668
159919.SZ,20190226,3.684
159919.SZ,20190225,3.742
159919.SZ,20190222,3.515
159919.SZ,20190221,3.432
159919.SZ,20190220,3.435
159919.SZ,20190219,3.426
159919.SZ,20190218,3.432
159919.SZ,20190215,3.339
159919.SZ,20190214,3.397
159919.SZ,20190213,3.39
159919.SZ,20190212,3.32
159919.SZ,20190211,3.3
159919.SZ,20190201,3.246
159919.SZ,20190131,3.194
159919.SZ,20190130,3.168
159919.SZ,20190129,3.187
159919.SZ,20190128,3.177
159919.SZ,20190125,3.178
159919.SZ,20190124,3.151
159919.SZ,20190123,3.132
159919.SZ,20190122,3.137
159919.SZ,20190121,3.176
159919.SZ,20190118,3.158
159919.SZ,20190117,3.106
159919.SZ,20190116,3.12
159919.SZ,20190115,3.119
159919.SZ,20190114,3.064
159919.SZ,20190110,3.408
159919.SZ,20190109,3.413
159919.SZ,20190108,3.379
159919.SZ,20190107,3.387
159919.SZ,20190104,3.365
159919.SZ,20190103,3.291
159919.SZ,20190102,3.296
159919.SZ,20181228,3.336
159919.SZ,20181227,3.324
159919.SZ,20181226,3.335
159919.SZ,20181225,3.347
159919.SZ,20181224,3.369
159919.SZ,20181221,3.359
159919.SZ,20181220,3.405
159919.SZ,20181219,3.433
159919.SZ,20181218,3.468
159919.SZ,20181217,3.509
159919.SZ,20181214,3.513
159919.SZ,20181213,3.569
159919.SZ,20181212,3.516
159919.SZ,20181211,3.503
159919.SZ,20181210,3.489
159919.SZ,20181207,3.527
159919.SZ,20181206,3.524
159919.SZ,20181205,3.6
159919.SZ,20181204,3.613
159919.SZ,20181203,3.607
159919.SZ,20181130,3.508
159919.SZ,20181129,3.481
159919.SZ,20181128,3.514
159919.SZ,20181127,3.468
159919.SZ,20181126,3.465
159919.SZ,20181123,3.476
159919.SZ,20181122,3.558
159919.SZ,20181121,3.567
159919.SZ,20181120,3.558
159919.SZ,20181119,3.63
159919.SZ,20181116,3.592
159919.SZ,20181115,3.581
159919.SZ,20181114,3.54
159919.SZ,20181113,3.578
159919.SZ,20181112,3.552
159919.SZ,20181109,3.515
159919.SZ,20181108,3.558
159919.SZ,20181107,3.56
159919.SZ,20181106,3.59
159919.SZ,20181105,3.607
159919.SZ,20181102,3.647
159919.SZ,20181101,3.514
159919.SZ,20181031,3.488
159919.SZ,20181030,3.441
159919.SZ,20181029,3.407
159919.SZ,20181026,3.51
159919.SZ,20181025,3.536
159919.SZ,20181024,3.533
159919.SZ,20181023,3.53
159919.SZ,20181022,3.639
159919.SZ,20181019,3.464
159919.SZ,20181018,3.383
159919.SZ,20181017,3.456
159919.SZ,20181016,3.443
159919.SZ,20181015,3.464
159919.SZ,20181012,3.506
159919.SZ,20181011,3.454
159919.SZ,20181010,3.64
159919.SZ,20181009,3.644
159919.SZ,20181008,3.648
159919.SZ,20180928,3.812
159919.SZ,20180927,3.776
159919.SZ,20180926,3.796
159919.SZ,20180925,3.75
159919.SZ,20180921,3.785
159919.SZ,20180920,3.668
159919.SZ,20180919,3.666
159919.SZ,20180918,3.621
159919.SZ,20180917,3.557
159919.SZ,20180914,3.594
159919.SZ,20180913,3.589
159919.SZ,20180912,3.556
159919.SZ,20180911,3.579
159919.SZ,20180910,3.595
159919.SZ,20180907,3.635
159919.SZ,20180906,3.616
159919.SZ,20180905,3.654
159919.SZ,20180904,3.725
159919.SZ,20180903,3.679
159919.SZ,20180831,3.686
159919.SZ,20180830,3.721
159919.SZ,20180829,3.754
159919.SZ,20180828,3.766
159919.SZ,20180827,3.771
159919.SZ,20180824,3.682
159919.SZ,20180823,3.681
159919.SZ,20180822,3.669
159919.SZ,20180821,3.672
159919.SZ,20180820,3.613
159919.SZ,20180817,3.572
159919.SZ,20180816,3.63
159919.SZ,20180815,3.643
159919.SZ,20180814,3.735
159919.SZ,20180813,3.749
159919.SZ,20180810,3.77
159919.SZ,20180809,3.752
159919.SZ,20180808,3.669
159919.SZ,20180807,3.729
159919.SZ,20180806,3.649
159919.SZ,20180803,3.682
159919.SZ,20180802,3.725
159919.SZ,20180801,3.812
159919.SZ,20180731,3.894
159919.SZ,20180730,3.884
159919.SZ,20180727,3.906
159919.SZ,20180726,3.911
159919.SZ,20180725,3.953
159919.SZ,20180724,3.958
159919.SZ,20180723,3.895
159919.SZ,20180720,3.867
159919.SZ,20180719,3.796
159919.SZ,20180718,3.796
159919.SZ,20180717,3.809
159919.SZ,20180716,3.83
159919.SZ,20180713,3.843
159919.SZ,20180712,3.831
159919.SZ,20180711,3.749
159919.SZ,20180710,3.805
159919.SZ,20180709,3.802
159919.SZ,20180706,3.698
159919.SZ,20180705,3.672
159919.SZ,20180704,3.694
159919.SZ,20180703,3.741
159919.SZ,20180702,3.749
159919.SZ,20180629,3.842
159919.SZ,20180628,3.755
159919.SZ,20180627,3.777
159919.SZ,20180626,3.874
159919.SZ,20180625,3.899
159919.SZ,20180622,3.953
159919.SZ,20180621,3.929
159919.SZ,20180620,3.971
159919.SZ,20180619,3.953
159919.SZ,20180615,4.097
159919.SZ,20180614,4.11
159919.SZ,20180613,4.118
159919.SZ,20180612,4.163
159919.SZ,20180611,4.111
159919.SZ,20180608,4.1
159919.SZ,20180607,4.156
159919.SZ,20180606,4.173
159919.SZ,20180605,4.174
159919.SZ,20180604,4.135
159919.SZ,20180601,4.094
159919.SZ,20180531,4.126
159919.SZ,20180530,4.053
159919.SZ,20180529,4.132
159919.SZ,20180528,4.17
159919.SZ,20180525,4.143
159919.SZ,20180524,4.153
159919.SZ,20180523,4.188
159919.SZ,20180522,4.246
159919.SZ,20180521,4.264
159919.SZ,20180518,4.246
159919.SZ,20180517,4.196
159919.SZ,20180516,4.23
159919.SZ,20180515,4.265
159919.SZ,20180514,4.255
159919.SZ,20180511,4.218
159919.SZ,20180510,4.238
159919.SZ,20180509,4.21
159919.SZ,20180508,4.219
159919.SZ,20180507,4.171
159919.SZ,20180504,4.107
159919.SZ,20180503,4.128
159919.SZ,20180502,4.096
159919.SZ,20180427,4.089
159919.SZ,20180426,4.078
159919.SZ,20180425,4.169
159919.SZ,20180424,4.185
159919.SZ,20180423,4.099
159919.SZ,20180420,4.089
159919.SZ,20180419,4.151
159919.SZ,20180418,4.089
159919.SZ,20180417,4.07
159919.SZ,20180416,4.14
159919.SZ,20180413,4.21
159919.SZ,20180412,4.24
159919.SZ,20180411,4.286
159919.SZ,20180410,4.273
159919.SZ,20180409,4.199
159919.SZ,20180404,4.184
159919.SZ,20180403,4.196
159919.SZ,20180402,4.219
159919.SZ,20180330,4.244
159919.SZ,20180329,4.239
159919.SZ,20180328,4.181
159919.SZ,20180327,4.254
159919.SZ,20180326,4.206
159919.SZ,20180323,4.189
159919.SZ,20180322,4.358
159919.SZ,20180321,4.409
159919.SZ,20180320,4.429
159919.SZ,20180319,4.428
159919.SZ,20180316,4.41
159919.SZ,20180315,4.455
159919.SZ,20180314,4.441
159919.SZ,20180313,4.461
159919.SZ,20180312,4.492
159919.SZ,20180309,4.474
159919.SZ,20180308,4.433
159919.SZ,20180307,4.395
159919.SZ,20180306,4.424
159919.SZ,20180305,4.374
159919.SZ,20180302,4.377
159919.SZ,20180301,4.41
159919.SZ,20180228,4.38
159919.SZ,20180227,4.42
159919.SZ,20180226,4.477
159919.SZ,20180223,4.426
159919.SZ,20180222,4.401
159919.SZ,20180214,4.324
159919.SZ,20180213,4.289
159919.SZ,20180212,4.235
159919.SZ,20180209,4.17
159919.SZ,20180208,4.375
159919.SZ,20180207,4.404
159919.SZ,20180206,4.51
159919.SZ,20180205,4.645
159919.SZ,20180202,4.65
159919.SZ,20180201,4.625
159919.SZ,20180131,4.655
159919.SZ,20180130,4.648
159919.SZ,20180129,4.698
159919.SZ,20180126,4.778
159919.SZ,20180125,4.747
159919.SZ,20180124,4.779
159919.SZ,20180123,4.772
159919.SZ,20180122,4.727
159919.SZ,20180119,4.673
159919.SZ,20180118,4.655
159919.SZ,20180117,4.626
159919.SZ,20180116,4.637
159919.SZ,20180115,4.594
159919.SZ,20180112,4.598
159919.SZ,20180111,4.578
159919.SZ,20180110,4.579
159919.SZ,20180109,4.56
159919.SZ,20180108,4.522
159919.SZ,20180105,4.502
159919.SZ,20180104,4.485
159919.SZ,20180103,4.475
159919.SZ,20180102,4.465
159919.SZ,20251231,4.827
159919.SZ,20251230,4.855
159919.SZ,20251229,4.838
159919.SZ,20251226,4.86
159919.SZ,20251225,4.84
159919.SZ,20251224,4.832
159919.SZ,20251223,4.812
159919.SZ,20251222,4.806
159919.SZ,20251219,4.766
159919.SZ,20251218,4.742
159919.SZ,20251217,4.776
159919.SZ,20251216,4.69
159919.SZ,20251215,4.741
159919.SZ,20251212,4.766
159919.SZ,20251211,4.74
159919.SZ,20251210,4.775
159919.SZ,20251209,4.783
159919.SZ,20251208,4.809
159919.SZ,20251205,4.844
159919.SZ,20251204,4.802
159919.SZ,20251203,4.793
159919.SZ,20251202,4.81
159919.SZ,20251201,4.833
159919.SZ,20251128,4.783
159919.SZ,20251127,4.768
159919.SZ,20251126,4.778
159919.SZ,20251125,4.74
159919.SZ,20251124,4.71
159919.SZ,20251121,4.713
159919.SZ,20251120,4.826
159919.SZ,20251119,4.845
159919.SZ,20251118,4.832
159919.SZ,20251117,4.856
159919.SZ,20251114,4.887
159919.SZ,20251113,4.964
159919.SZ,20251112,4.912
159919.SZ,20251111,4.915
159919.SZ,20251110,4.96
159919.SZ,20251107,4.941
159919.SZ,20251106,4.956
159919.SZ,20251105,4.881
159919.SZ,20251104,4.881
159919.SZ,20251103,4.919
159919.SZ,20251031,4.906
159919.SZ,20251030,4.973
159919.SZ,20251029,5.013
159919.SZ,20251028,4.955
159919.SZ,20251027,4.977
159919.SZ,20251024,4.916
159919.SZ,20251023,4.855
159919.SZ,20251022,4.844
159919.SZ,20251021,4.858
159919.SZ,20251020,4.786
159919.SZ,20251017,4.768
159919.SZ,20251016,4.872
159919.SZ,20251015,4.862
159919.SZ,20251014,4.791
159919.SZ,20251013,4.844
159919.SZ,20251010,4.867
159919.SZ,20251009,4.975
159919.SZ,20250930,4.895
159919.SZ,20250929,4.88
159919.SZ,20250926,4.8
159919.SZ,20250925,4.844
159919.SZ,20250924,4.81
159919.SZ,20250923,4.762
159919.SZ,20250922,4.764
159919.SZ,20250919,4.747
159919.SZ,20250918,4.732
159919.SZ,20250917,4.8
159919.SZ,20250916,4.765
159919.SZ,20250915,4.776
159919.SZ,20250912,4.769
159919.SZ,20250911,4.8
159919.SZ,20250910,4.68
159919.SZ,20250909,4.671
159919.SZ,20250908,4.703
159919.SZ,20250905,4.696
159919.SZ,20250904,4.593
159919.SZ,20250903,4.692
159919.SZ,20250902,4.735
159919.SZ,20250901,4.762
159919.SZ,20250829,4.746
159919.SZ,20250828,4.708
159919.SZ,20250827,4.618
159919.SZ,20250826,4.685
159919.SZ,20250825,4.712
159919.SZ,20250822,4.619
159919.SZ,20250821,4.515
159919.SZ,20250820,4.495
159919.SZ,20250819,4.448
159919.SZ,20250818,4.47
159919.SZ,20250815,4.432
159919.SZ,20250814,4.392
159919.SZ,20250813,4.399
159919.SZ,20250812,4.361
159919.SZ,20250811,4.339
159919.SZ,20250808,4.315
159919.SZ,20250807,4.326
159919.SZ,20250806,4.326
159919.SZ,20250805,4.315
159919.SZ,20250804,4.279
159919.SZ,20250801,4.263
159919.SZ,20250731,4.284
159919.SZ,20250730,4.366
159919.SZ,20250729,4.367
159919.SZ,20250728,4.35
159919.SZ,20250725,4.338
159919.SZ,20250724,4.36
159919.SZ,20250723,4.331
159919.SZ,20250722,4.326
159919.SZ,20250721,4.29
159919.SZ,20250718,4.264
159919.SZ,20250717,4.231
159919.SZ,20250716,4.199
159919.SZ,20250715,4.213
159919.SZ,20250714,4.21
159919.SZ,20250711,4.213
159919.SZ,20250710,4.199
159919.SZ,20250709,4.176
159919.SZ,20250708,4.176
159919.SZ,20250707,4.143
159919.SZ,20250704,4.159
159919.SZ,20250703,4.147
159919.SZ,20250702,4.117
159919.SZ,20250701,4.116
159919.SZ,20250630,4.11
159919.SZ,20250627,4.086
159919.SZ,20250626,4.112
159919.SZ,20250625,4.126
159919.SZ,20250624,4.059
159919.SZ,20250623,4.018
159919.SZ,20250620,4.0
159919.SZ,20250619,3.995
159919.SZ,20250618,4.03
159919.SZ,20250617,4.024
159919.SZ,20250616,4.026
159919.SZ,20250613,4.015
159919.SZ,20250612,4.041
159919.SZ,20250611,4.039
159919.SZ,20250610,4.006
159919.SZ,20250609,4.032
159919.SZ,20250606,4.021
159919.SZ,20250605,4.018
159919.SZ,20250604,4.007
159919.SZ,20250603,3.989
159919.SZ,20250530,3.987
159919.SZ,20250529,3.999
159919.SZ,20250528,3.976
159919.SZ,20250527,3.981
159919.SZ,20250526,4.003
159919.SZ,20250523,4.023
159919.SZ,20250522,4.049
159919.SZ,20250521,4.055
159919.SZ,20250520,4.04
159919.SZ,20250519,4.017
159919.SZ,20250516,4.023
159919.SZ,20250515,4.047
159919.SZ,20250514,4.082
159919.SZ,20250513,4.03
159919.SZ,20250512,4.025
159919.SZ,20250509,3.979
159919.SZ,20250508,3.986
159919.SZ,20250507,3.959
159919.SZ,20250506,3.938
159919.SZ,20250430,3.9
159919.SZ,20250429,3.902
159919.SZ,20250428,3.914
159919.SZ,20250425,3.914
159919.SZ,20250424,3.912
159919.SZ,20250423,3.917
159919.SZ,20250422,3.913
159919.SZ,20250421,3.909
159919.SZ,20250418,3.903
159919.SZ,20250417,3.894
159919.SZ,20250416,3.897
159919.SZ,20250415,3.882
159919.SZ,20250414,3.882
159919.SZ,20250411,3.872
159919.SZ,20250410,3.851
159919.SZ,20250409,3.791
159919.SZ,20250408,3.764
159919.SZ,20250407,3.73
159919.SZ,20250403,3.994
159919.SZ,20250402,4.015
159919.SZ,20250401,4.019
159919.SZ,20250331,4.02
159919.SZ,20250328,4.111
159919.SZ,20250327,4.127
159919.SZ,20250326,4.116
159919.SZ,20250325,4.131
159919.SZ,20250324,4.128
159919.SZ,20250321,4.11
159919.SZ,20250320,4.176
159919.SZ,20250319,4.212
159919.SZ,20250318,4.207
159919.SZ,20250317,4.195
159919.SZ,20250314,4.209
159919.SZ,20250313,4.106
159919.SZ,20250312,4.125
159919.SZ,20250311,4.134
159919.SZ,20250310,4.124
159919.SZ,20250307,4.14
159919.SZ,20250306,4.155
159919.SZ,20250305,4.096
159919.SZ,20250304,4.081
159919.SZ,20250303,4.083
159919.SZ,20250228,4.086
159919.SZ,20250227,4.165
159919.SZ,20250226,4.154
159919.SZ,20250225,4.121
159919.SZ,20250224,4.163
159919.SZ,20250221,4.178
159919.SZ,20250220,4.122
159919.SZ,20250219,4.136
159919.SZ,20250218,4.11
159919.SZ,20250217,4.142
159919.SZ,20250214,4.135
159919.SZ,20250213,4.103
159919.SZ,20250212,4.114
159919.SZ,20250211,4.076
159919.SZ,20250210,4.095
159919.SZ,20250207,4.088
159919.SZ,20250206,4.033
159919.SZ,20250205,3.981
159919.SZ,20250127,4.006
159919.SZ,20250124,4.027
159919.SZ,20250123,3.991
159919.SZ,20250122,3.983
159919.SZ,20250121,4.02
159919.SZ,20250120,4.015
159919.SZ,20250117,4.0
159919.SZ,20250116,3.984
159919.SZ,20250115,3.981
159919.SZ,20250114,4.006
159919.SZ,20250113,3.905
159919.SZ,20250110,3.92
159919.SZ,20250109,3.968
159919.SZ,20250108,3.971
159919.SZ,20250107,3.983
159919.SZ,20250106,3.95
159919.SZ,20250103,3.963
159919.SZ,20250102,4.004
159919.SZ,20241231,4.128
159919.SZ,20241230,4.194
159919.SZ,20241227,4.178
159919.SZ,20241226,4.18
159919.SZ,20241225,4.175
159919.SZ,20241224,4.175
159919.SZ,20241223,4.123
159919.SZ,20241220,4.121
159919.SZ,20241219,4.135
159919.SZ,20241218,4.127
159919.SZ,20241217,4.108
159919.SZ,20241216,4.1
159919.SZ,20241213,4.12
159919.SZ,20241212,4.22
159919.SZ,20241211,4.18
159919.SZ,20241210,4.187
159919.SZ,20241209,4.158
159919.SZ,20241206,4.162
159919.SZ,20241205,4.108
159919.SZ,20241204,4.115
159919.SZ,20241203,4.14
159919.SZ,20241202,4.132
159919.SZ,20241129,4.099
159919.SZ,20241128,4.057
159919.SZ,20241127,4.09
159919.SZ,20241126,4.023
159919.SZ,20241125,4.027
159919.SZ,20241122,4.052
159919.SZ,20241121,4.176
159919.SZ,20241120,4.172
159919.SZ,20241119,4.164
159919.SZ,20241118,4.142
159919.SZ,20241115,4.157
159919.SZ,20241114,4.231
159919.SZ,20241113,4.302
159919.SZ,20241112,4.274
159919.SZ,20241111,4.326
159919.SZ,20241108,4.307
159919.SZ,20241107,4.353
159919.SZ,20241106,4.22
159919.SZ,20241105,4.238
159919.SZ,20241104,4.136
159919.SZ,20241101,4.079
159919.SZ,20241031,4.075
159919.SZ,20241030,4.069
159919.SZ,20241029,4.11
159919.SZ,20241028,4.146
159919.SZ,20241025,4.144
159919.SZ,20241024,4.111
159919.SZ,20241023,4.155
159919.SZ,20241022,4.138
159919.SZ,20241021,4.117
159919.SZ,20241018,4.111
159919.SZ,20241017,3.96
159919.SZ,20241016,4.006
159919.SZ,20241015,4.037
159919.SZ,20241014,4.142
159919.SZ,20241011,4.069
159919.SZ,20241010,4.189
159919.SZ,20241009,4.136
159919.SZ,20241008,4.551
159919.SZ,20240930,4.331
159919.SZ,20240927,3.992
159919.SZ,20240926,3.726
159919.SZ,20240925,3.559
159919.SZ,20240924,3.512
159919.SZ,20240923,3.36
159919.SZ,20240920,3.358
159919.SZ,20240919,3.346
159919.SZ,20240918,3.316
159919.SZ,20240913,3.354
159919.SZ,20240912,3.368
159919.SZ,20240911,3.378
159919.SZ,20240910,3.386
159919.SZ,20240909,3.386
159919.SZ,20240906,3.425
159919.SZ,20240905,3.454
159919.SZ,20240904,3.45
159919.SZ,20240903,3.475
159919.SZ,20240902,3.46
159919.SZ,20240830,3.522
159919.SZ,20240829,3.478
159919.SZ,20240828,3.493
159919.SZ,20240827,3.51
159919.SZ,20240826,3.524
159919.SZ,20240823,3.525
159919.SZ,20240822,3.512
159919.SZ,20240821,3.52
159919.SZ,20240820,3.532
159919.SZ,20240819,3.551
159919.SZ,20240816,3.543
159919.SZ,20240815,3.542
159919.SZ,20240814,3.501
159919.SZ,20240813,3.526
159919.SZ,20240812,3.522
159919.SZ,20240809,3.525
159919.SZ,20240808,3.538
159919.SZ,20240807,3.533
159919.SZ,20240806,3.539
159919.SZ,20240805,3.539
159919.SZ,20240802,3.58
159919.SZ,20240801,3.617
159919.SZ,20240731,3.644
159919.SZ,20240730,3.568
159919.SZ,20240729,3.588
159919.SZ,20240726,3.611
159919.SZ,20240725,3.596
159919.SZ,20240724,3.616
159919.SZ,20240723,3.637
159919.SZ,20240722,3.713
159919.SZ,20240719,3.741
159919.SZ,20240718,3.718
159919.SZ,20240717,3.694
159919.SZ,20240716,3.688
159919.SZ,20240715,3.663
159919.SZ,20240712,3.658
159919.SZ,20240711,3.645
159919.SZ,20240710,3.596
159919.SZ,20240709,3.604
159919.SZ,20240708,3.566
159919.SZ,20240705,3.593
159919.SZ,20240704,3.608
159919.SZ,20240703,3.63
159919.SZ,20240702,3.632
159919.SZ,20240701,3.637
159919.SZ,20240628,3.625
159919.SZ,20240627,3.617
159919.SZ,20240626,3.636
159919.SZ,20240625,3.612
159919.SZ,20240624,3.634
159919.SZ,20240621,3.662
159919.SZ,20240620,3.657
159919.SZ,20240619,3.681
159919.SZ,20240618,3.694
159919.SZ,20240617,3.684
159919.SZ,20240614,3.696
159919.SZ,20240613,3.673
159919.SZ,20240612,3.688
159919.SZ,20240611,3.693
159919.SZ,20240607,3.717
159919.SZ,20240606,3.742
159919.SZ,20240605,3.742
159919.SZ,20240604,3.758
159919.SZ,20240603,3.729
159919.SZ,20240531,3.727
159919.SZ,20240530,3.739
159919.SZ,20240529,3.754
159919.SZ,20240528,3.751
159919.SZ,20240527,3.775
159919.SZ,20240524,3.745
159919.SZ,20240523,3.787
159919.SZ,20240522,3.831
159919.SZ,20240521,3.817
159919.SZ,20240520,3.829
159919.SZ,20240517,3.825
159919.SZ,20240516,3.779
159919.SZ,20240515,3.766
159919.SZ,20240514,3.793
159919.SZ,20240513,3.8
159919.SZ,20240510,3.802
159919.SZ,20240509,3.8
159919.SZ,20240508,3.762
159919.SZ,20240507,3.795
159919.SZ,20240506,3.793
159919.SZ,20240430,3.739
159919.SZ,20240429,3.76
159919.SZ,20240426,3.713
159919.SZ,20240425,3.661
159919.SZ,20240424,3.65
159919.SZ,20240423,3.637
159919.SZ,20240422,3.662
159919.SZ,20240419,3.67
159919.SZ,20240418,3.7
159919.SZ,20240417,3.694
159919.SZ,20240416,3.644
159919.SZ,20240415,3.679
159919.SZ,20240412,3.601
159919.SZ,20240411,3.631
159919.SZ,20240410,3.637
159919.SZ,20240409,3.663
159919.SZ,20240408,3.668
159919.SZ,20240403,3.699
159919.SZ,20240402,3.714
159919.SZ,20240401,3.727
159919.SZ,20240329,3.666
159919.SZ,20240328,3.651
159919.SZ,20240327,3.634
159919.SZ,20240326,3.673
159919.SZ,20240325,3.659
159919.SZ,20240322,3.678
159919.SZ,20240321,3.712
159919.SZ,20240320,3.715
159919.SZ,20240319,3.71
159919.SZ,20240318,3.737
159919.SZ,20240315,3.7
159919.SZ,20240314,3.693
159919.SZ,20240313,3.706
159919.SZ,20240312,3.73
159919.SZ,20240311,3.722
159919.SZ,20240308,3.679
159919.SZ,20240307,3.66
159919.SZ,20240306,3.684
159919.SZ,20240305,3.705
159919.SZ,20240304,3.668
159919.SZ,20240301,3.67
159919.SZ,20240229,3.644
159919.SZ,20240228,3.585
159919.SZ,20240227,3.623
159919.SZ,20240226,3.576
159919.SZ,20240223,3.616
159919.SZ,20240222,3.614
159919.SZ,20240221,3.589
159919.SZ,20240220,3.53
159919.SZ,20240219,3.523
159919.SZ,20240208,3.506
159919.SZ,20240207,3.477
159919.SZ,20240206,3.44
159919.SZ,20240205,3.35
159919.SZ,20240202,3.316
159919.SZ,20240201,3.346
159919.SZ,20240131,3.348
159919.SZ,20240130,3.374
159919.SZ,20240129,3.425
159919.SZ,20240126,3.458
159919.SZ,20240125,3.469
159919.SZ,20240124,3.41
159919.SZ,20240123,3.359
159919.SZ,20240122,3.348
159919.SZ,20240119,3.405
159919.SZ,20240118,3.395
159919.SZ,20240117,3.358
159919.SZ,20240116,3.426
159919.SZ,20240115,3.405
159919.SZ,20240112,3.41
159919.SZ,20240111,3.426
159919.SZ,20240110,3.405
159919.SZ,20240109,3.422
159919.SZ,20240108,3.418
159919.SZ,20240105,3.46
159919.SZ,20240104,3.478
159919.SZ,20240103,3.509
159919.SZ,20240102,3.515
159919.SZ,20231229,3.56
159919.SZ,20231228,3.55
159919.SZ,20231227,3.465
159919.SZ,20231226,3.457
159919.SZ,20231225,3.482
159919.SZ,20231222,3.472
159919.SZ,20231221,3.467
159919.SZ,20231220,3.431
159919.SZ,20231219,3.464
159919.SZ,20231218,3.46
159919.SZ,20231215,3.475
159919.SZ,20231214,3.478
159919.SZ,20231213,3.497
159919.SZ,20231212,3.557
159919.SZ,20231211,3.546
159919.SZ,20231208,3.525
159919.SZ,20231207,3.516
159919.SZ,20231206,3.525
159919.SZ,20231205,3.521
159919.SZ,20231204,3.589
159919.SZ,20231201,3.612
159919.SZ,20231130,3.631
159919.SZ,20231129,3.622
159919.SZ,20231128,3.652
159919.SZ,20231127,3.646
159919.SZ,20231124,3.672
159919.SZ,20231123,3.694
159919.SZ,20231122,3.676
159919.SZ,20231121,3.716
159919.SZ,20231120,3.712
159919.SZ,20231117,3.701
159919.SZ,20231116,3.706
159919.SZ,20231115,3.742
159919.SZ,20231114,3.718
159919.SZ,20231113,3.717
159919.SZ,20231110,3.719
159919.SZ,20231109,3.747
159919.SZ,20231108,3.744
159919.SZ,20231107,3.758
159919.SZ,20231106,3.769
159919.SZ,20231103,3.719
159919.SZ,20231102,3.691
159919.SZ,20231101,3.707
159919.SZ,20231031,3.708
159919.SZ,20231030,3.723
159919.SZ,20231027,3.701
159919.SZ,20231026,3.648
159919.SZ,20231025,3.639
159919.SZ,20231024,3.623
159919.SZ,20231023,3.598
159919.SZ,20231020,3.643
159919.SZ,20231019,3.669
159919.SZ,20231018,3.745
159919.SZ,20231017,3.772
159919.SZ,20231016,3.761
159919.SZ,20231013,3.804
159919.SZ,20231012,3.841
159919.SZ,20231011,3.805
159919.SZ,20231010,3.791
159919.SZ,20231009,3.823
159919.SZ,20230928,3.828
159919.SZ,20230927,3.847
159919.SZ,20230926,3.836
159919.SZ,20230925,3.857
159919.SZ,20230922,3.884
159919.SZ,20230921,3.812
159919.SZ,20230920,3.846
159919.SZ,20230919,3.863
159919.SZ,20230918,3.868
159919.SZ,20230915,3.855
159919.SZ,20230914,3.873
159919.SZ,20230913,3.874
159919.SZ,20230912,3.903
159919.SZ,20230911,3.905
159919.SZ,20230908,3.879
159919.SZ,20230907,3.9
159919.SZ,20230906,3.954
159919.SZ,20230905,3.967
159919.SZ,20230904,3.992
159919.SZ,20230901,3.936
159919.SZ,20230831,3.908
159919.SZ,20230830,3.93
159919.SZ,20230829,3.932
159919.SZ,20230828,3.889
159919.SZ,20230825,3.85
159919.SZ,20230824,3.859
159919.SZ,20230823,3.832
159919.SZ,20230822,3.893
159919.SZ,20230821,3.87
159919.SZ,20230818,3.923
159919.SZ,20230817,3.973
159919.SZ,20230816,3.963
159919.SZ,20230815,3.989
159919.SZ,20230814,3.999
159919.SZ,20230811,4.026
159919.SZ,20230810,4.12
159919.SZ,20230809,4.113
159919.SZ,20230808,4.126
159919.SZ,20230807,4.135
159919.SZ,20230804,4.167
159919.SZ,20230803,4.145
159919.SZ,20230802,4.114
159919.SZ,20230801,4.138
159919.SZ,20230731,4.158
159919.SZ,20230728,4.138
159919.SZ,20230727,4.041
159919.SZ,20230726,4.048
159919.SZ,20230725,4.054
159919.SZ,20230724,3.941
159919.SZ,20230721,3.96
159919.SZ,20230720,3.957
159919.SZ,20230719,3.987
159919.SZ,20230718,3.989
159919.SZ,20230717,3.998
159919.SZ,20230714,4.024
159919.SZ,20230713,4.024
159919.SZ,20230712,3.961
159919.SZ,20230711,3.98
159919.SZ,20230710,3.955
159919.SZ,20230707,3.938
159919.SZ,20230706,3.952
159919.SZ,20230705,3.979
159919.SZ,20230704,4.012
159919.SZ,20230703,3.995
159919.SZ,20230630,3.949
159919.SZ,20230629,3.928
159919.SZ,20230628,3.943
159919.SZ,20230627,3.938
159919.SZ,20230626,3.911
159919.SZ,20230621,3.956
159919.SZ,20230620,4.013
159919.SZ,20230619,4.018
159919.SZ,20230616,4.051
159919.SZ,20230615,4.01
159919.SZ,20230614,3.944
159919.SZ,20230613,3.943
159919.SZ,20230612,3.918
159919.SZ,20230609,3.913
159919.SZ,20230608,3.897
159919.SZ,20230607,3.869
159919.SZ,20230606,3.877
159919.SZ,20230605,3.915
159919.SZ,20230602,3.935
159919.SZ,20230601,3.877
159919.SZ,20230531,3.869
159919.SZ,20230530,3.902
159919.SZ,20230529,3.905
159919.SZ,20230526,3.915
159919.SZ,20230525,3.916
159919.SZ,20230524,3.925
159919.SZ,20230523,3.975
159919.SZ,20230522,4.036
159919.SZ,20230519,4.014
159919.SZ,20230518,4.02
159919.SZ,20230517,4.025
159919.SZ,20230516,4.047
159919.SZ,20230515,4.064
159919.SZ,20230512,4.004
159919.SZ,20230511,4.056
159919.SZ,20230510,4.06
159919.SZ,20230509,4.092
159919.SZ,20230508,4.125
159919.SZ,20230505,4.082
159919.SZ,20230504,4.095
159919.SZ,20230428,4.094
159919.SZ,20230427,4.055
159919.SZ,20230426,4.022
159919.SZ,20230425,4.031
159919.SZ,20230424,4.05
159919.SZ,20230421,4.102
159919.SZ,20230420,4.175
159919.SZ,20230419,4.193
159919.SZ,20230418,4.226
159919.SZ,20230417,4.217
159919.SZ,20230414,4.154
159919.SZ,20230413,4.138
159919.SZ,20230412,4.159
159919.SZ,20230411,4.163
159919.SZ,20230410,4.171
159919.SZ,20230407,4.19
159919.SZ,20230406,4.158
159919.SZ,20230404,4.17
159919.SZ,20230403,4.151
159919.SZ,20230331,4.119
159919.SZ,20230330,4.11
159919.SZ,20230329,4.07
159919.SZ,20230328,4.066
159919.SZ,20230327,4.075
159919.SZ,20230324,4.095
159919.SZ,20230323,4.098
159919.SZ,20230322,4.062
159919.SZ,20230321,4.044
159919.SZ,20230320,4.003
159919.SZ,20230317,4.024
159919.SZ,20230316,4.001
159919.SZ,20230315,4.05
159919.SZ,20230314,4.051
159919.SZ,20230313,4.074
159919.SZ,20230310,4.033
159919.SZ,20230309,4.087
159919.SZ,20230308,4.098
159919.SZ,20230307,4.11
159919.SZ,20230306,4.171
159919.SZ,20230303,4.195
159919.SZ,20230302,4.189
159919.SZ,20230301,4.195
159919.SZ,20230228,4.145
159919.SZ,20230227,4.114
159919.SZ,20230224,4.13
159919.SZ,20230223,4.174
159919.SZ,20230222,4.173
159919.SZ,20230221,4.213
159919.SZ,20230220,4.204
159919.SZ,20230217,4.099
159919.SZ,20230216,4.163
159919.SZ,20230215,4.189
159919.SZ,20230214,4.216
159919.SZ,20230213,4.209
159919.SZ,20230210,4.174
159919.SZ,20230209,4.197
159919.SZ,20230208,4.142
159919.SZ,20230207,4.162
159919.SZ,20230206,4.147
159919.SZ,20230203,4.209
159919.SZ,20230202,4.25
159919.SZ,20230201,4.26
159919.SZ,20230131,4.226
159919.SZ,20230130,4.272
159919.SZ,20230120,4.253
159919.SZ,20230119,4.232
159919.SZ,20230118,4.199
159919.SZ,20230117,4.21
159919.SZ,20230116,4.208
159919.SZ,20230113,4.147
159919.SZ,20230112,4.086
159919.SZ,20230111,4.08
159919.SZ,20230110,4.081
159919.SZ,20230109,4.075
159919.SZ,20230106,4.05
159919.SZ,20230105,4.034
159919.SZ,20230104,3.957
159919.SZ,20230103,3.953
159919.SZ,20221230,3.954
159919.SZ,20221229,3.926
159919.SZ,20221228,3.938
159919.SZ,20221227,3.956
159919.SZ,20221226,3.907
159919.SZ,20221223,3.897
159919.SZ,20221222,3.905
159919.SZ,20221221,3.897
159919.SZ,20221220,3.898
159919.SZ,20221219,3.959
159919.SZ,20221216,4.014
159919.SZ,20221215,4.014
159919.SZ,20221214,4.018
159919.SZ,20221213,4.007
159919.SZ,20221212,4.018
159919.SZ,20221209,4.063
159919.SZ,20221208,4.029
159919.SZ,20221207,4.02
159919.SZ,20221206,4.029
159919.SZ,20221205,4.01
159919.SZ,20221202,3.936
159919.SZ,20221201,3.962
159919.SZ,20221130,3.912
159919.SZ,20221129,3.91
159919.SZ,20221128,3.796
159919.SZ,20221125,3.844
159919.SZ,20221124,3.82
159919.SZ,20221123,3.837
159919.SZ,20221122,3.832
159919.SZ,20221121,3.836
159919.SZ,20221118,3.869
159919.SZ,20221117,3.881
159919.SZ,20221116,3.898
159919.SZ,20221115,3.928
159919.SZ,20221114,3.851
159919.SZ,20221111,3.855
159919.SZ,20221110,3.749
159919.SZ,20221109,3.775
159919.SZ,20221108,3.816
159919.SZ,20221107,3.836
159919.SZ,20221104,3.835
159919.SZ,20221103,3.71
159919.SZ,20221102,3.738
159919.SZ,20221101,3.703
159919.SZ,20221031,3.565
159919.SZ,20221028,3.602
159919.SZ,20221027,3.69
159919.SZ,20221026,3.714
159919.SZ,20221025,3.688
159919.SZ,20221024,3.699
159919.SZ,20221021,3.804
159919.SZ,20221020,3.822
159919.SZ,20221019,3.837
159919.SZ,20221018,3.896
159919.SZ,20221017,3.905
159919.SZ,20221014,3.904
159919.SZ,20221013,3.815
159919.SZ,20221012,3.843
159919.SZ,20221011,3.788
159919.SZ,20221010,3.784
159919.SZ,20220930,3.871
159919.SZ,20220929,3.897
159919.SZ,20220928,3.897
159919.SZ,20220927,3.958
159919.SZ,20220926,3.902
159919.SZ,20220923,3.927
159919.SZ,20220922,3.936
159919.SZ,20220921,3.966
159919.SZ,20220920,3.997
159919.SZ,20220919,3.995
159919.SZ,20220916,4.004
159919.SZ,20220915,4.094
159919.SZ,20220914,4.13
159919.SZ,20220913,4.179
159919.SZ,20220909,4.165
159919.SZ,20220908,4.108
159919.SZ,20220907,4.123
159919.SZ,20220906,4.117
159919.SZ,20220905,4.085
159919.SZ,20220902,4.09
159919.SZ,20220901,4.111
159919.SZ,20220831,4.147
159919.SZ,20220830,4.142
159919.SZ,20220829,4.149
159919.SZ,20220826,4.175
159919.SZ,20220825,4.182
159919.SZ,20220824,4.148
159919.SZ,20220823,4.225
159919.SZ,20220822,4.243
159919.SZ,20220819,4.214
159919.SZ,20220818,4.246
159919.SZ,20220817,4.281
159919.SZ,20220816,4.237
159919.SZ,20220815,4.252
159919.SZ,20220812,4.26
159919.SZ,20220811,4.262
159919.SZ,20220810,4.171
159919.SZ,20220809,4.216
159919.SZ,20220808,4.21
159919.SZ,20220805,4.224
159919.SZ,20220804,4.157
159919.SZ,20220803,4.124
159919.SZ,20220802,4.174
159919.SZ,20220801,4.243
159919.SZ,20220729,4.226
159919.SZ,20220728,4.282
159919.SZ,20220727,4.281
159919.SZ,20220726,4.304
159919.SZ,20220725,4.276
159919.SZ,20220722,4.297
159919.SZ,20220721,4.291
159919.SZ,20220720,4.335
159919.SZ,20220719,4.326
159919.SZ,20220718,4.345
159919.SZ,20220715,4.301
159919.SZ,20220714,4.365
159919.SZ,20220713,4.362
159919.SZ,20220712,4.356
159919.SZ,20220711,4.391
159919.SZ,20220708,4.468
159919.SZ,20220707,4.472
159919.SZ,20220706,4.458
159919.SZ,20220705,4.515
159919.SZ,20220704,4.525
159919.SZ,20220701,4.498
159919.SZ,20220630,4.516
159919.SZ,20220629,4.455
159919.SZ,20220628,4.511
159919.SZ,20220627,4.462
159919.SZ,20220624,4.414
159919.SZ,20220623,4.368
159919.SZ,20220622,4.29
159919.SZ,20220621,4.34
159919.SZ,20220620,4.345
159919.SZ,20220617,4.324
159919.SZ,20220616,4.26
159919.SZ,20220615,4.287
159919.SZ,20220614,4.235
159919.SZ,20220613,4.199
159919.SZ,20220610,4.249
159919.SZ,20220609,4.191
159919.SZ,20220608,4.223
159919.SZ,20220607,4.18
159919.SZ,20220606,4.172
159919.SZ,20220602,4.097
159919.SZ,20220601,4.086
159919.SZ,20220531,4.094
159919.SZ,20220530,4.028
159919.SZ,20220527,4.004
159919.SZ,20220526,3.993
159919.SZ,20220525,3.992
159919.SZ,20220524,3.966
159919.SZ,20220523,4.048
159919.SZ,20220520,4.08
159919.SZ,20220519,3.998
159919.SZ,20220518,3.992
159919.SZ,20220517,4.005
159919.SZ,20220516,3.957
159919.SZ,20220513,3.983
159919.SZ,20220512,3.956
159919.SZ,20220511,3.965
159919.SZ,20220510,3.915
159919.SZ,20220509,3.876
159919.SZ,20220506,3.903
159919.SZ,20220505,4.003
159919.SZ,20220429,4.01
159919.SZ,20220428,3.912
159919.SZ,20220427,3.89
159919.SZ,20220426,3.785
159919.SZ,20220425,3.82
159919.SZ,20220422,4.015
159919.SZ,20220421,4.0
159919.SZ,20220420,4.066
159919.SZ,20220419,4.135
159919.SZ,20220418,4.162
159919.SZ,20220415,4.19
159919.SZ,20220414,4.185
159919.SZ,20220413,4.143
159919.SZ,20220412,4.171
159919.SZ,20220411,4.105
159919.SZ,20220408,4.229
159919.SZ,20220407,4.206
159919.SZ,20220406,4.256
159919.SZ,20220401,4.268
159919.SZ,20220331,4.218
159919.SZ,20220330,4.247
159919.SZ,20220329,4.13
159919.SZ,20220328,4.153
159919.SZ,20220325,4.18
159919.SZ,20220324,4.249
159919.SZ,20220323,4.273
159919.SZ,20220322,4.247
159919.SZ,20220321,4.247
159919.SZ,20220318,4.264
159919.SZ,20220317,4.234
159919.SZ,20220316,4.151
159919.SZ,20220315,3.988
159919.SZ,20220314,4.167
159919.SZ,20220311,4.308
159919.SZ,20220310,4.28
159919.SZ,20220309,4.224
159919.SZ,20220308,4.251
159919.SZ,20220307,4.344
159919.SZ,20220304,4.495
159919.SZ,20220303,4.546
159919.SZ,20220302,4.573
159919.SZ,20220301,4.61
159919.SZ,20220228,4.57
159919.SZ,20220225,4.566
159919.SZ,20220224,4.529
159919.SZ,20220223,4.618
159919.SZ,20220222,4.564
159919.SZ,20220221,4.629
159919.SZ,20220218,4.646
159919.SZ,20220217,4.622
159919.SZ,20220216,4.612
159919.SZ,20220215,4.593
159919.SZ,20220214,4.551
159919.SZ,20220211,4.599
159919.SZ,20220210,4.634
159919.SZ,20220209,4.646
159919.SZ,20220208,4.603
159919.SZ,20220207,4.627
159919.SZ,20220128,4.56
159919.SZ,20220127,4.625
159919.SZ,20220126,4.704
159919.SZ,20220125,4.677
159919.SZ,20220124,4.786
159919.SZ,20220121,4.785
159919.SZ,20220120,4.819
159919.SZ,20220119,4.778
159919.SZ,20220118,4.807
159919.SZ,20220117,4.76
159919.SZ,20220114,4.721
159919.SZ,20220113,4.773
159919.SZ,20220112,4.847
159919.SZ,20220111,4.797
159919.SZ,20220110,4.837
159919.SZ,20220107,4.824
159919.SZ,20220106,4.817
159919.SZ,20220105,4.866
159919.SZ,20220104,4.915
159919.SZ,20260731,4.851
159919.SZ,20260730,4.798
159919.SZ,20260729,4.857
159919.SZ,20260728,4.83
159919.SZ,20260727,4.96
159919.SZ,20260724,4.901
159919.SZ,20260723,4.986
159919.SZ,20260722,4.97
159919.SZ,20260721,4.995
159919.SZ,20260720,4.87
159919.SZ,20260717,4.795
159919.SZ,20260716,4.955
159919.SZ,20260715,5.047
159919.SZ,20260714,5.046
159919.SZ,20260713,4.949
159919.SZ,20260710,5.038
159919.SZ,20260709,5.127
159919.SZ,20260708,5.008
159919.SZ,20260707,5.032
159919.SZ,20260706,5.087
159919.SZ,20260703,5.088
159919.SZ,20260702,5.061
159919.SZ,20260701,5.215
159919.SZ,20260630,5.233
159919.SZ,20260629,5.176
159919.SZ,20260626,5.115
159919.SZ,20260625,5.265
159919.SZ,20260624,5.178
159919.SZ,20260623,5.16
159919.SZ,20260622,5.315
159919.SZ,20260618,5.192
159919.SZ,20260617,5.169
159919.SZ,20260616,5.114
159919.SZ,20260615,5.124
159919.SZ,20260612,5.013
159919.SZ,20260611,4.952
159919.SZ,20260610,4.97
159919.SZ,20260609,5.026
159919.SZ,20260608,4.937
159919.SZ,20260605,5.049
159919.SZ,20260604,5.136
159919.SZ,20260603,5.172
159919.SZ,20260602,5.143
159919.SZ,20260601,5.081
159919.SZ,20260529,5.132
159919.SZ,20260528,5.143
159919.SZ,20260527,5.148
159919.SZ,20260526,5.177
159919.SZ,20260525,5.143
159919.SZ,20260522,5.069
159919.SZ,20260521,5.024
159919.SZ,20260520,5.077
159919.SZ,20260519,5.077
159919.SZ,20260518,5.059
159919.SZ,20260515,5.087
159919.SZ,20260514,5.141
159919.SZ,20260513,5.231
159919.SZ,20260512,5.169
159919.SZ,20260511,5.176
159919.SZ,20260508,5.088
159919.SZ,20260507,5.121
159919.SZ,20260506,5.096
159919.SZ,20260430,5.028
159919.SZ,20260429,5.021
159919.SZ,20260428,4.966
159919.SZ,20260427,4.983
159919.SZ,20260424,4.985
159919.SZ,20260423,5.005
159919.SZ,20260422,5.015
159919.SZ,20260421,4.97
159919.SZ,20260420,4.965
159919.SZ,20260417,4.937
159919.SZ,20260416,4.946
159919.SZ,20260415,4.895
159919.SZ,20260414,4.909
159919.SZ,20260413,4.846
159919.SZ,20260410,4.839
159919.SZ,20260409,4.765
159919.SZ,20260408,4.798
159919.SZ,20260407,4.633
159919.SZ,20260403,4.644
159919.SZ,20260402,4.676
159919.SZ,20260401,4.723
159919.SZ,20260331,4.657
159919.SZ,20260330,4.692
159919.SZ,20260327,4.701
159919.SZ,20260326,4.677
159919.SZ,20260325,4.735
159919.SZ,20260324,4.669
159919.SZ,20260323,4.619
159919.SZ,20260320,4.778
159919.SZ,20260319,4.79
159919.SZ,20260318,4.864
159919.SZ,20260317,4.846
159919.SZ,20260316,4.879
159919.SZ,20260313,4.876
159919.SZ,20260312,4.892
159919.SZ,20260311,4.909
159919.SZ,20260310,4.879
159919.SZ,20260309,4.817
159919.SZ,20260306,4.865
159919.SZ,20260305,4.846
159919.SZ,20260304,4.817
159919.SZ,20260303,4.872
159919.SZ,20260302,4.935
159919.SZ,20260227,4.923
159919.SZ,20260226,4.935
159919.SZ,20260225,4.949
159919.SZ,20260224,4.917
159919.SZ,20260213,4.866
159919.SZ,20260212,4.929
159919.SZ,20260211,4.92
159919.SZ,20260210,4.931
159919.SZ,20260209,4.928
159919.SZ,20260206,4.85
159919.SZ,20260205,4.877
159919.SZ,20260204,4.901
159919.SZ,20260203,4.864
159919.SZ,20260202,4.804
159919.SZ,20260130,4.912
159919.SZ,20260129,4.974
159919.SZ,20260128,4.931
159919.SZ,20260127,4.91
159919.SZ,20260126,4.913
159919.SZ,20260123,4.898
159919.SZ,20260122,4.926
159919.SZ,20260121,4.924
159919.SZ,20260120,4.923
159919.SZ,20260119,4.937
159919.SZ,20260116,4.935
159919.SZ,20260115,4.948
159919.SZ,20260114,4.945
159919.SZ,20260113,4.972
159919.SZ,20260112,4.992
159919.SZ,20260109,4.966
159919.SZ,20260108,4.944
159919.SZ,20260107,4.977
159919.SZ,20260106,4.996
159919.SZ,20260105,4.921
159915.SZ,20211231,3.218
159915.SZ,20211230,3.219
159915.SZ,20211229,3.182
159915.SZ,20211228,3.226
159915.SZ,20211227,3.19
159915.SZ,20211224,3.196
159915.SZ,20211223,3.269
159915.SZ,20211222,3.26
159915.SZ,20211221,3.247
159915.SZ,20211220,3.225
159915.SZ,20211217,3.328
159915.SZ,20211216,3.378
159915.SZ,20211215,3.355
159915.SZ,20211214,3.384
159915.SZ,20211213,3.389
159915.SZ,20211210,3.37
159915.SZ,20211209,3.353
159915.SZ,20211208,3.314
159915.SZ,20211207,3.266
159915.SZ,20211206,3.294
159915.SZ,20211203,3.37
159915.SZ,20211202,3.355
159915.SZ,20211201,3.365
159915.SZ,20211130,3.386
159915.SZ,20211129,3.389
159915.SZ,20211126,3.364
159915.SZ,20211125,3.368
159915.SZ,20211124,3.362
159915.SZ,20211123,3.38
159915.SZ,20211122,3.393
159915.SZ,20211119,3.313
159915.SZ,20211118,3.274
159915.SZ,20211117,3.317
159915.SZ,20211116,3.282
159915.SZ,20211115,3.295
159915.SZ,20211112,3.324
159915.SZ,20211111,3.324
159915.SZ,20211110,3.296
159915.SZ,20211109,3.3
159915.SZ,20211108,3.278
159915.SZ,20211105,3.248
159915.SZ,20211104,3.26
159915.SZ,20211103,3.222
159915.SZ,20211102,3.228
159915.SZ,20211101,3.224
159915.SZ,20211029,3.249
159915.SZ,20211028,3.178
159915.SZ,20211027,3.205
159915.SZ,20211026,3.221
159915.SZ,20211025,3.236
159915.SZ,20211022,3.185
159915.SZ,20211021,3.174
159915.SZ,20211020,3.185
159915.SZ,20211019,3.191
159915.SZ,20211018,3.172
159915.SZ,20211015,3.176
159915.SZ,20211014,3.112
159915.SZ,20211013,3.109
159915.SZ,20211012,3.042
159915.SZ,20211011,3.096
159915.SZ,20211008,3.138
159915.SZ,20210930,3.148
159915.SZ,20210929,3.083
159915.SZ,20210928,3.114
159915.SZ,20210927,3.13
159915.SZ,20210924,3.109
159915.SZ,20210923,3.086
159915.SZ,20210922,3.068
159915.SZ,20210917,3.097
159915.SZ,20210916,3.035
159915.SZ,20210915,3.105
159915.SZ,20210914,3.14
159915.SZ,20210913,3.095
159915.SZ,20210910,3.135
159915.SZ,20210909,3.126
159915.SZ,20210908,3.123
159915.SZ,20210907,3.147
159915.SZ,20210906,3.129
159915.SZ,20210903,3.01
159915.SZ,20210902,3.046
159915.SZ,20210901,3.094
159915.SZ,20210831,3.106
159915.SZ,20210830,3.164
159915.SZ,20210827,3.158
159915.SZ,20210826,3.164
159915.SZ,20210825,3.241
159915.SZ,20210824,3.225
159915.SZ,20210823,3.195
159915.SZ,20210820,3.1
159915.SZ,20210819,3.177
159915.SZ,20210818,3.16
159915.SZ,20210817,3.126
159915.SZ,20210816,3.206
159915.SZ,20210813,3.249
159915.SZ,20210812,3.28
159915.SZ,20210811,3.326
159915.SZ,20210810,3.366
159915.SZ,20210809,3.348
159915.SZ,20210806,3.386
159915.SZ,20210805,3.419
159915.SZ,20210804,3.446
159915.SZ,20210803,3.363
159915.SZ,20210802,3.393
159915.SZ,20210730,3.328
159915.SZ,20210729,3.358
159915.SZ,20210728,3.183
159915.SZ,20210727,3.14
159915.SZ,20210726,3.27
159915.SZ,20210723,3.367
159915.SZ,20210722,3.438
159915.SZ,20210721,3.455
159915.SZ,20210720,3.356
159915.SZ,20210719,3.35
159915.SZ,20210716,3.328
159915.SZ,20210715,3.429
159915.SZ,20210714,3.382
159915.SZ,20210713,3.411
159915.SZ,20210712,3.427
159915.SZ,20210709,3.303
159915.SZ,20210708,3.322
159915.SZ,20210707,3.305
159915.SZ,20210706,3.196
159915.SZ,20210705,3.25
159915.SZ,20210702,3.227
159915.SZ,20210701,3.34
159915.SZ,20210630,3.373
159915.SZ,20210629,3.297
159915.SZ,20210628,3.305
159915.SZ,20210625,3.243
159915.SZ,20210624,3.174
159915.SZ,20210623,3.217
159915.SZ,20210622,3.174
159915.SZ,20210621,3.166
159915.SZ,20210618,3.137
159915.SZ,20210617,3.088
159915.SZ,20210616,3.024
159915.SZ,20210615,3.155
159915.SZ,20210611,3.195
159915.SZ,20210610,3.179
159915.SZ,20210609,3.1
159915.SZ,20210608,3.105
159915.SZ,20210607,3.122
159915.SZ,20210604,3.141
159915.SZ,20210603,3.099
159915.SZ,20210602,3.133
159915.SZ,20210601,3.188
159915.SZ,20210531,3.195
159915.SZ,20210528,3.121
159915.SZ,20210527,3.118
159915.SZ,20210526,3.095
159915.SZ,20210525,3.119
159915.SZ,20210524,3.036
159915.SZ,20210521,3.012
159915.SZ,20210520,3.043
159915.SZ,20210519,3.012
159915.SZ,20210518,2.988
159915.SZ,20210517,3.007
159915.SZ,20210514,2.937
159915.SZ,20210513,2.845
159915.SZ,20210512,2.865
159915.SZ,20210511,2.823
159915.SZ,20210510,2.827
159915.SZ,20210507,2.819
159915.SZ,20210506,2.904
159915.SZ,20210430,2.989
159915.SZ,20210429,2.952
159915.SZ,20210428,2.949
159915.SZ,20210427,2.884
159915.SZ,20210426,2.863
159915.SZ,20210423,2.891
159915.SZ,20210422,2.837
159915.SZ,20210421,2.814
159915.SZ,20210420,2.791
159915.SZ,20210419,2.798
159915.SZ,20210416,2.688
159915.SZ,20210415,2.698
159915.SZ,20210414,2.707
159915.SZ,20210413,2.649
159915.SZ,20210412,2.627
159915.SZ,20210409,2.69
159915.SZ,20210408,2.728
159915.SZ,20210407,2.707
159915.SZ,20210406,2.73
159915.SZ,20210402,2.756
159915.SZ,20210401,2.718
159915.SZ,20210331,2.665
159915.SZ,20210330,2.673
159915.SZ,20210329,2.637
159915.SZ,20210326,2.65
159915.SZ,20210325,2.567
159915.SZ,20210324,2.543
159915.SZ,20210323,2.579
159915.SZ,20210322,2.607
159915.SZ,20210319,2.579
159915.SZ,20210318,2.65
159915.SZ,20210317,2.607
159915.SZ,20210316,2.579
159915.SZ,20210315,2.555
159915.SZ,20210312,2.658
159915.SZ,20210311,2.65
159915.SZ,20210310,2.586
159915.SZ,20210309,2.547
159915.SZ,20210308,2.633
159915.SZ,20210305,2.772
159915.SZ,20210304,2.751
159915.SZ,20210303,2.9
159915.SZ,20210302,2.859
159915.SZ,20210301,2.894
159915.SZ,20210226,2.814
159915.SZ,20210225,2.878
159915.SZ,20210224,2.904
159915.SZ,20210223,3.009
159915.SZ,20210222,3.032
159915.SZ,20210219,3.17
159915.SZ,20210218,3.202
159915.SZ,20210210,3.293
159915.SZ,20210209,3.222
159915.SZ,20210205,3.084
159915.SZ,20210204,3.098
159915.SZ,20210203,3.106
159915.SZ,20210202,3.118
159915.SZ,20210201,3.056
159915.SZ,20210129,3.029
159915.SZ,20210128,3.057
159915.SZ,20210127,3.166
159915.SZ,20210126,3.152
159915.SZ,20210125,3.242
159915.SZ,20210122,3.241
159915.SZ,20210121,3.176
159915.SZ,20210120,3.096
159915.SZ,20210119,2.976
159915.SZ,20210118,3.046
159915.SZ,20210115,2.99
159915.SZ,20210114,2.987
159915.SZ,20210113,3.025
159915.SZ,20210112,3.076
159915.SZ,20210111,2.989
159915.SZ,20210108,3.036
159915.SZ,20210107,3.056
159915.SZ,20210106,3.003
159915.SZ,20210105,2.988
159915.SZ,20210104,2.976
159915.SZ,20201231,2.866
159915.SZ,20201230,2.799
159915.SZ,20201229,2.717
159915.SZ,20201228,2.745
159915.SZ,20201225,2.749
159915.SZ,20201224,2.726
159915.SZ,20201223,2.745
159915.SZ,20201222,2.718
159915.SZ,20201221,2.778
159915.SZ,20201218,2.688
159915.SZ,20201217,2.694
159915.SZ,20201216,2.667
159915.SZ,20201215,2.667
159915.SZ,20201214,2.641
159915.SZ,20201211,2.601
159915.SZ,20201210,2.627
159915.SZ,20201209,2.598
159915.SZ,20201208,2.646
159915.SZ,20201207,2.628
159915.SZ,20201204,2.637
159915.SZ,20201203,2.619
159915.SZ,20201202,2.593
159915.SZ,20201201,2.602
159915.SZ,20201130,2.541
159915.SZ,20201127,2.532
159915.SZ,20201126,2.522
159915.SZ,20201125,2.528
159915.SZ,20201124,2.582
159915.SZ,20201123,2.593
159915.SZ,20201120,2.576
159915.SZ,20201119,2.556
159915.SZ,20201118,2.534
159915.SZ,20201117,2.572
159915.SZ,20201116,2.62
159915.SZ,20201113,2.619
159915.SZ,20201112,2.607
159915.SZ,20201111,2.595
159915.SZ,20201110,2.674
159915.SZ,20201109,2.719
159915.SZ,20201106,2.637
159915.SZ,20201105,2.69
159915.SZ,20201104,2.658
159915.SZ,20201103,2.649
159915.SZ,20201102,2.617
159915.SZ,20201030,2.563
159915.SZ,20201029,2.607
159915.SZ,20201028,2.577
159915.SZ,20201027,2.56
159915.SZ,20201026,2.533
159915.SZ,20201023,2.516
159915.SZ,20201022,2.582
159915.SZ,20201021,2.612
159915.SZ,20201020,2.645
159915.SZ,20201019,2.6
159915.SZ,20201016,2.634
159915.SZ,20201015,2.65
159915.SZ,20201014,2.668
159915.SZ,20201013,2.688
159915.SZ,20201012,2.683
159915.SZ,20201009,2.581
159915.SZ,20200930,2.489
159915.SZ,20200929,2.479
159915.SZ,20200928,2.434
159915.SZ,20200925,2.457
159915.SZ,20200924,2.454
159915.SZ,20200923,2.508
159915.SZ,20200922,2.469
159915.SZ,20200921,2.48
159915.SZ,20200918,2.513
159915.SZ,20200917,2.467
159915.SZ,20200916,2.47
159915.SZ,20200915,2.504
159915.SZ,20200914,2.484
159915.SZ,20200911,2.449
159915.SZ,20200910,2.403
159915.SZ,20200909,2.44
159915.SZ,20200908,2.564
159915.SZ,20200907,2.549
159915.SZ,20200904,2.638
159915.SZ,20200903,2.653
159915.SZ,20200902,2.676
159915.SZ,20200901,2.658
159915.SZ,20200831,2.637
159915.SZ,20200828,2.666
159915.SZ,20200827,2.602
159915.SZ,20200826,2.551
159915.SZ,20200825,2.611
159915.SZ,20200824,2.597
159915.SZ,20200821,2.546
159915.SZ,20200820,2.503
159915.SZ,20200819,2.524
159915.SZ,20200818,2.605
159915.SZ,20200817,2.607
159915.SZ,20200814,2.579
159915.SZ,20200813,2.535
159915.SZ,20200812,2.548
159915.SZ,20200811,2.6
159915.SZ,20200810,2.641
159915.SZ,20200807,2.657
159915.SZ,20200806,2.719
159915.SZ,20200805,2.763
159915.SZ,20200804,2.738
159915.SZ,20200803,2.774
159915.SZ,20200731,2.708
159915.SZ,20200730,2.652
159915.SZ,20200729,2.68
159915.SZ,20200728,2.573
159915.SZ,20200727,2.54
159915.SZ,20200724,2.537
159915.SZ,20200723,2.706
159915.SZ,20200722,2.678
159915.SZ,20200721,2.643
159915.SZ,20200720,2.611
159915.SZ,20200717,2.583
159915.SZ,20200716,2.558
159915.SZ,20200715,2.722
159915.SZ,20200714,2.767
159915.SZ,20200713,2.802
159915.SZ,20200710,2.685
159915.SZ,20200709,2.674
159915.SZ,20200708,2.574
159915.SZ,20200707,2.503
159915.SZ,20200706,2.45
159915.SZ,20200703,2.38
159915.SZ,20200702,2.35
159915.SZ,20200701,2.342
159915.SZ,20200630,2.359
159915.SZ,20200629,2.295
159915.SZ,20200624,2.307
159915.SZ,20200623,2.307
159915.SZ,20200622,2.263
159915.SZ,20200619,2.238
159915.SZ,20200618,2.194
159915.SZ,20200617,2.188
159915.SZ,20200616,2.183
159915.SZ,20200615,2.141
159915.SZ,20200612,2.141
159915.SZ,20200611,2.119
159915.SZ,20200610,2.122
159915.SZ,20200609,2.102
159915.SZ,20200608,2.073
159915.SZ,20200605,2.087
159915.SZ,20200604,2.073
159915.SZ,20200603,2.06
159915.SZ,20200602,2.067
159915.SZ,20200601,2.082
159915.SZ,20200529,2.006
159915.SZ,20200528,1.982
159915.SZ,20200527,1.997
159915.SZ,20200526,2.038
159915.SZ,20200525,1.975
159915.SZ,20200522,1.972
159915.SZ,20200521,2.02
159915.SZ,20200520,2.041
159915.SZ,20200519,2.061
159915.SZ,20200518,2.039
159915.SZ,20200515,2.042
159915.SZ,20200514,2.036
159915.SZ,20200513,2.058
159915.SZ,20200512,2.043
159915.SZ,20200511,2.024
159915.SZ,20200508,2.042
159915.SZ,20200507,2.025
159915.SZ,20200506,2.029
159915.SZ,20200430,1.993
159915.SZ,20200429,1.952
159915.SZ,20200428,1.951
159915.SZ,20200427,1.939
159915.SZ,20200424,1.93
159915.SZ,20200423,1.951
159915.SZ,20200422,1.967
159915.SZ,20200421,1.949
159915.SZ,20200420,1.969
159915.SZ,20200417,1.943
159915.SZ,20200416,1.932
159915.SZ,20200415,1.899
159915.SZ,20200414,1.909
159915.SZ,20200413,1.853
159915.SZ,20200410,1.877
159915.SZ,20200409,1.921
159915.SZ,20200408,1.89
159915.SZ,20200407,1.894
159915.SZ,20200403,1.834
159915.SZ,20200402,1.844
159915.SZ,20200401,1.792
159915.SZ,20200331,1.795
159915.SZ,20200330,1.791
159915.SZ,20200327,1.83
159915.SZ,20200326,1.853
159915.SZ,20200325,1.86
159915.SZ,20200324,1.806
159915.SZ,20200323,1.761
159915.SZ,20200320,1.847
159915.SZ,20200319,1.825
159915.SZ,20200318,1.818
159915.SZ,20200317,1.842
159915.SZ,20200316,1.832
159915.SZ,20200313,1.952
159915.SZ,20200312,1.971
159915.SZ,20200311,2.024
159915.SZ,20200310,2.063
159915.SZ,20200309,2.013
159915.SZ,20200306,2.111
159915.SZ,20200305,2.121
159915.SZ,20200304,2.088
159915.SZ,20200303,2.092
159915.SZ,20200302,2.054
159915.SZ,20200228,1.995
159915.SZ,20200227,2.111
159915.SZ,20200226,2.102
159915.SZ,20200225,2.194
159915.SZ,20200224,2.178
159915.SZ,20200221,2.145
159915.SZ,20200220,2.105
159915.SZ,20200219,2.054
159915.SZ,20200218,2.09
159915.SZ,20200217,2.071
159915.SZ,20200214,1.987
159915.SZ,20200213,1.988
159915.SZ,20200212,2.006
159915.SZ,20200211,1.947
159915.SZ,20200210,1.961
159915.SZ,20200207,1.94
159915.SZ,20200206,1.93
159915.SZ,20200205,1.871
159915.SZ,20200204,1.816
159915.SZ,20200203,1.708
159915.SZ,20200123,1.853
159915.SZ,20200122,1.918
159915.SZ,20200121,1.892
159915.SZ,20200120,1.905
159915.SZ,20200117,1.858
159915.SZ,20200116,1.856
159915.SZ,20200115,1.847
159915.SZ,20200114,1.85
159915.SZ,20200113,1.862
159915.SZ,20200110,1.831
159915.SZ,20200109,1.839
159915.SZ,20200108,1.792
159915.SZ,20200107,1.822
159915.SZ,20200106,1.788
159915.SZ,20200103,1.764
159915.SZ,20200102,1.765
159915.SZ,20191231,1.73
159915.SZ,20191230,1.727
159915.SZ,20191227,1.698
159915.SZ,20191226,1.726
159915.SZ,20191225,1.718
159915.SZ,20191224,1.704
159915.SZ,20191223,1.671
159915.SZ,20191220,1.708
159915.SZ,20191219,1.724
159915.SZ,20191218,1.725
159915.SZ,20191217,1.738
159915.SZ,20191216,1.715
159915.SZ,20191213,1.693
159915.SZ,20191212,1.657
159915.SZ,20191211,1.653
159915.SZ,20191210,1.67
159915.SZ,20191209,1.656
159915.SZ,20191206,1.662
159915.SZ,20191205,1.648
159915.SZ,20191204,1.612
159915.SZ,20191203,1.613
159915.SZ,20191202,1.606
159915.SZ,20191129,1.6
159915.SZ,20191128,1.611
159915.SZ,20191127,1.611
159915.SZ,20191126,1.608
159915.SZ,20191125,1.599
159915.SZ,20191122,1.614
159915.SZ,20191121,1.65
159915.SZ,20191120,1.655
159915.SZ,20191119,1.666
159915.SZ,20191118,1.621
159915.SZ,20191115,1.614
159915.SZ,20191114,1.63
159915.SZ,20191113,1.62
159915.SZ,20191112,1.611
159915.SZ,20191111,1.61
159915.SZ,20191108,1.645
159915.SZ,20191107,1.651
159915.SZ,20191106,1.638
159915.SZ,20191105,1.649
159915.SZ,20191104,1.634
159915.SZ,20191101,1.625
159915.SZ,20191031,1.608
159915.SZ,20191030,1.619
159915.SZ,20191029,1.624
159915.SZ,20191028,1.646
159915.SZ,20191025,1.616
159915.SZ,20191024,1.593
159915.SZ,20191023,1.589
159915.SZ,20191022,1.606
159915.SZ,20191021,1.585
159915.SZ,20191018,1.589
159915.SZ,20191017,1.595
159915.SZ,20191016,1.592
159915.SZ,20191015,1.597
159915.SZ,20191014,1.617
159915.SZ,20191011,1.606
159915.SZ,20191010,1.604
159915.SZ,20191009,1.561
159915.SZ,20191008,1.556
159915.SZ,20190930,1.57
159915.SZ,20190927,1.587
159915.SZ,20190926,1.561
159915.SZ,20190925,1.611
159915.SZ,20190924,1.629
159915.SZ,20190923,1.62
159915.SZ,20190920,1.638
159915.SZ,20190919,1.642
159915.SZ,20190918,1.617
159915.SZ,20190917,1.618
159915.SZ,20190916,1.65
159915.SZ,20190912,1.646
159915.SZ,20190911,1.638
159915.SZ,20190910,1.661
159915.SZ,20190909,1.67
159915.SZ,20190906,1.631
159915.SZ,20190905,1.627
159915.SZ,20190904,1.607
159915.SZ,20190903,1.595
159915.SZ,20190902,1.592
159915.SZ,20190830,1.549
159915.SZ,20190829,1.558
159915.SZ,20190828,1.565
159915.SZ,20190827,1.567
159915.SZ,20190826,1.54
159915.SZ,20190823,1.555
159915.SZ,20190822,1.554
159915.SZ,20190821,1.549
159915.SZ,20190820,1.553
159915.SZ,20190819,1.568
159915.SZ,20190816,1.512
159915.SZ,20190815,1.498
159915.SZ,20190814,1.477
159915.SZ,20190813,1.47
159915.SZ,20190812,1.486
159915.SZ,20190809,1.45
159915.SZ,20190808,1.468
159915.SZ,20190807,1.447
159915.SZ,20190806,1.451
159915.SZ,20190805,1.473
159915.SZ,20190802,1.501
159915.SZ,20190801,1.516
159915.SZ,20190731,1.512
159915.SZ,20190730,1.522
159915.SZ,20190729,1.509
159915.SZ,20190726,1.506
159915.SZ,20190725,1.506
159915.SZ,20190724,1.498
159915.SZ,20190723,1.481
159915.SZ,20190722,1.461
159915.SZ,20190719,1.486
159915.SZ,20190718,1.47
159915.SZ,20190717,1.492
159915.SZ,20190716,1.489
159915.SZ,20190715,1.489
159915.SZ,20190712,1.465
159915.SZ,20190711,1.458
159915.SZ,20190710,1.456
159915.SZ,20190709,1.462
159915.SZ,20190708,1.45
159915.SZ,20190705,1.492
159915.SZ,20190704,1.476
159915.SZ,20190703,1.488
159915.SZ,20190702,1.511
159915.SZ,20190701,1.511
159915.SZ,20190628,1.457
159915.SZ,20190627,1.469
159915.SZ,20190626,1.448
159915.SZ,20190625,1.442
159915.SZ,20190624,1.46
159915.SZ,20190621,1.473
159915.SZ,20190620,1.442
159915.SZ,20190619,1.417
159915.SZ,20190618,1.4
159915.SZ,20190617,1.39
159915.SZ,20190614,1.397
159915.SZ,20190613,1.422
159915.SZ,20190612,1.412
159915.SZ,20190611,1.43
159915.SZ,20190610,1.376
159915.SZ,20190606,1.363
159915.SZ,20190605,1.393
159915.SZ,20190604,1.4
159915.SZ,20190603,1.411
159915.SZ,20190531,1.425
159915.SZ,20190530,1.422
159915.SZ,20190529,1.432
159915.SZ,20190528,1.432
159915.SZ,20190527,1.428
159915.SZ,20190524,1.384
159915.SZ,20190523,1.392
159915.SZ,20190522,1.427
159915.SZ,20190521,1.43
159915.SZ,20190520,1.407
159915.SZ,20190517,1.416
159915.SZ,20190516,1.468
159915.SZ,20190515,1.462
159915.SZ,20190514,1.431
159915.SZ,20190513,1.441
159915.SZ,20190510,1.465
159915.SZ,20190509,1.409
159915.SZ,20190508,1.419
159915.SZ,20190507,1.438
159915.SZ,20190506,1.424
159915.SZ,20190430,1.553
159915.SZ,20190429,1.549
159915.SZ,20190426,1.589
159915.SZ,20190425,1.598
159915.SZ,20190424,1.646
159915.SZ,20190423,1.61
159915.SZ,20190422,1.624
159915.SZ,20190419,1.645
159915.SZ,20190418,1.629
159915.SZ,20190417,1.642
159915.SZ,20190416,1.629
159915.SZ,20190415,1.596
159915.SZ,20190412,1.624
159915.SZ,20190411,1.619
159915.SZ,20190410,1.654
159915.SZ,20190409,1.667
159915.SZ,20190408,1.665
159915.SZ,20190404,1.701
159915.SZ,20190403,1.7
159915.SZ,20190402,1.682
159915.SZ,20190401,1.694
159915.SZ,20190329,1.624
159915.SZ,20190328,1.556
159915.SZ,20190327,1.568
159915.SZ,20190326,1.556
159915.SZ,20190325,1.598
159915.SZ,20190322,1.621
159915.SZ,20190321,1.627
159915.SZ,20190320,1.613
159915.SZ,20190319,1.633
159915.SZ,20190318,1.634
159915.SZ,20190315,1.589
159915.SZ,20190314,1.583
159915.SZ,20190313,1.618
159915.SZ,20190312,1.696
159915.SZ,20190311,1.658
159915.SZ,20190308,1.584
159915.SZ,20190307,1.621
159915.SZ,20190306,1.635
159915.SZ,20190305,1.615
159915.SZ,20190304,1.556
159915.SZ,20190301,1.5
159915.SZ,20190228,1.47
159915.SZ,20190227,1.458
159915.SZ,20190226,1.479
159915.SZ,20190225,1.492
159915.SZ,20190222,1.406
159915.SZ,20190221,1.355
159915.SZ,20190220,1.348
159915.SZ,20190219,1.346
159915.SZ,20190218,1.357
159915.SZ,20190215,1.302
159915.SZ,20190214,1.304
159915.SZ,20190213,1.301
159915.SZ,20190212,1.278
159915.SZ,20190211,1.264
159915.SZ,20190201,1.221
159915.SZ,20190131,1.178
159915.SZ,20190130,1.183
159915.SZ,20190129,1.192
159915.SZ,20190128,1.208
159915.SZ,20190125,1.214
159915.SZ,20190124,1.211
159915.SZ,20190123,1.197
159915.SZ,20190122,1.201
159915.SZ,20190121,1.222
159915.SZ,20190118,1.216
159915.SZ,20190117,1.198
159915.SZ,20190116,1.214
159915.SZ,20190115,1.216
159915.SZ,20190114,1.195
159915.SZ,20190111,1.209
159915.SZ,20190110,1.207
159915.SZ,20190109,1.21
159915.SZ,20190108,1.211
159915.SZ,20190107,1.214
159915.SZ,20190104,1.195
159915.SZ,20190103,1.164
159915.SZ,20190102,1.178
159915.SZ,20181228,1.194
159915.SZ,20181227,1.192
159915.SZ,20181226,1.211
159915.SZ,20181225,1.217
159915.SZ,20181224,1.226
159915.SZ,20181221,1.213
159915.SZ,20181220,1.219
159915.SZ,20181219,1.209
159915.SZ,20181218,1.232
159915.SZ,20181217,1.24
159915.SZ,20181214,1.248
159915.SZ,20181213,1.286
159915.SZ,20181212,1.276
159915.SZ,20181211,1.277
159915.SZ,20181210,1.264
159915.SZ,20181207,1.275
159915.SZ,20181206,1.28
159915.SZ,20181205,1.315
159915.SZ,20181204,1.315
159915.SZ,20181203,1.31
159915.SZ,20181130,1.264
159915.SZ,20181129,1.247
159915.SZ,20181128,1.277
159915.SZ,20181127,1.253
159915.SZ,20181126,1.244
159915.SZ,20181123,1.248
159915.SZ,20181122,1.285
159915.SZ,20181121,1.294
159915.SZ,20181120,1.291
159915.SZ,20181119,1.325
159915.SZ,20181116,1.332
159915.SZ,20181115,1.336
159915.SZ,20181114,1.32
159915.SZ,20181113,1.326
159915.SZ,20181112,1.305
159915.SZ,20181109,1.26
159915.SZ,20181108,1.265
159915.SZ,20181107,1.282
159915.SZ,20181106,1.286
159915.SZ,20181105,1.287
159915.SZ,20181102,1.291
159915.SZ,20181101,1.227
159915.SZ,20181031,1.216
159915.SZ,20181030,1.204
159915.SZ,20181029,1.192
159915.SZ,20181026,1.203
159915.SZ,20181025,1.216
159915.SZ,20181024,1.226
159915.SZ,20181023,1.231
159915.SZ,20181022,1.26
159915.SZ,20181019,1.189
159915.SZ,20181018,1.153
159915.SZ,20181017,1.174
159915.SZ,20181016,1.16
159915.SZ,20181015,1.19
159915.SZ,20181012,1.206
159915.SZ,20181011,1.196
159915.SZ,20181010,1.282
159915.SZ,20181009,1.283
159915.SZ,20181008,1.289
159915.SZ,20180928,1.346
159915.SZ,20180927,1.333
159915.SZ,20180926,1.352
159915.SZ,20180925,1.338
159915.SZ,20180921,1.343
159915.SZ,20180920,1.32
159915.SZ,20180919,1.324
159915.SZ,20180918,1.312
159915.SZ,20180917,1.288
159915.SZ,20180914,1.304
159915.SZ,20180913,1.326
159915.SZ,20180912,1.32
159915.SZ,20180911,1.332
159915.SZ,20180910,1.327
159915.SZ,20180907,1.36
159915.SZ,20180906,1.355
159915.SZ,20180905,1.363
159915.SZ,20180904,1.385
159915.SZ,20180903,1.375
159915.SZ,20180831,1.369
159915.SZ,20180830,1.389
159915.SZ,20180829,1.411
159915.SZ,20180828,1.423
159915.SZ,20180827,1.426
159915.SZ,20180824,1.382
159915.SZ,20180823,1.388
159915.SZ,20180822,1.375
159915.SZ,20180821,1.387
159915.SZ,20180820,1.367
159915.SZ,20180817,1.369
159915.SZ,20180816,1.396
159915.SZ,20180815,1.409
159915.SZ,20180814,1.446
159915.SZ,20180813,1.458
159915.SZ,20180810,1.437
159915.SZ,20180809,1.426
159915.SZ,20180808,1.381
159915.SZ,20180807,1.412
159915.SZ,20180806,1.374
159915.SZ,20180803,1.414
159915.SZ,20180802,1.44
159915.SZ,20180801,1.471
159915.SZ,20180731,1.489
159915.SZ,20180730,1.484
159915.SZ,20180727,1.518
159915.SZ,20180726,1.534
159915.SZ,20180725,1.551
159915.SZ,20180724,1.549
159915.SZ,20180723,1.54
159915.SZ,20180720,1.535
159915.SZ,20180719,1.514
159915.SZ,20180718,1.532
159915.SZ,20180717,1.543
159915.SZ,20180716,1.542
159915.SZ,20180713,1.542
159915.SZ,20180712,1.54
159915.SZ,20180711,1.488
159915.SZ,20180710,1.516
159915.SZ,20180709,1.504
159915.SZ,20180706,1.464
159915.SZ,20180705,1.452
159915.SZ,20180704,1.486
159915.SZ,20180703,1.52
159915.SZ,20180702,1.503
159915.SZ,20180629,1.524
159915.SZ,20180628,1.462
159915.SZ,20180627,1.466
159915.SZ,20180626,1.485
159915.SZ,20180625,1.455
159915.SZ,20180622,1.466
159915.SZ,20180621,1.441
159915.SZ,20180620,1.478
159915.SZ,20180619,1.467
159915.SZ,20180615,1.554
159915.SZ,20180614,1.587
159915.SZ,20180613,1.597
159915.SZ,20180612,1.619
159915.SZ,20180611,1.601
159915.SZ,20180608,1.62
159915.SZ,20180607,1.636
159915.SZ,20180606,1.65
159915.SZ,20180605,1.653
159915.SZ,20180604,1.613
159915.SZ,20180601,1.62
159915.SZ,20180531,1.649
159915.SZ,20180530,1.633
159915.SZ,20180529,1.678
159915.SZ,20180528,1.698
159915.SZ,20180525,1.705
159915.SZ,20180524,1.737
159915.SZ,20180523,1.745
159915.SZ,20180522,1.77
159915.SZ,20180521,1.757
159915.SZ,20180518,1.731
159915.SZ,20180517,1.729
159915.SZ,20180516,1.745
159915.SZ,20180515,1.756
159915.SZ,20180514,1.728
159915.SZ,20180511,1.734
159915.SZ,20180510,1.762
159915.SZ,20180509,1.749
159915.SZ,20180508,1.753
159915.SZ,20180507,1.749
159915.SZ,20180504,1.712
159915.SZ,20180503,1.726
159915.SZ,20180502,1.701
159915.SZ,20180427,1.707
159915.SZ,20180426,1.681
159915.SZ,20180425,1.715
159915.SZ,20180424,1.705
159915.SZ,20180423,1.653
159915.SZ,20180420,1.684
159915.SZ,20180419,1.715
159915.SZ,20180418,1.718
159915.SZ,20180417,1.683
159915.SZ,20180416,1.736
159915.SZ,20180413,1.721
159915.SZ,20180412,1.72
159915.SZ,20180411,1.729
159915.SZ,20180410,1.732
159915.SZ,20180409,1.737
159915.SZ,20180404,1.732
159915.SZ,20180403,1.764
159915.SZ,20180402,1.788
159915.SZ,20180330,1.791
159915.SZ,20180329,1.739
159915.SZ,20180328,1.73
159915.SZ,20180327,1.738
159915.SZ,20180326,1.673
159915.SZ,20180323,1.622
159915.SZ,20180322,1.711
159915.SZ,20180321,1.72
159915.SZ,20180320,1.76
159915.SZ,20180319,1.736
159915.SZ,20180316,1.716
159915.SZ,20180315,1.742
159915.SZ,20180314,1.741
159915.SZ,20180313,1.767
159915.SZ,20180312,1.777
159915.SZ,20180309,1.755
159915.SZ,20180308,1.686
159915.SZ,20180307,1.679
159915.SZ,20180306,1.693
159915.SZ,20180305,1.69
159915.SZ,20180302,1.669
159915.SZ,20180301,1.687
159915.SZ,20180228,1.651
159915.SZ,20180227,1.639
159915.SZ,20180226,1.63
159915.SZ,20180223,1.572
159915.SZ,20180222,1.58
159915.SZ,20180214,1.549
159915.SZ,20180213,1.557
159915.SZ,20180212,1.553
159915.SZ,20180209,1.502
159915.SZ,20180208,1.548
159915.SZ,20180207,1.523
159915.SZ,20180206,1.505
159915.SZ,20180205,1.594
159915.SZ,20180202,1.607
159915.SZ,20180201,1.603
159915.SZ,20180131,1.633
159915.SZ,20180130,1.687
159915.SZ,20180129,1.701
159915.SZ,20180126,1.72
159915.SZ,20180125,1.708
159915.SZ,20180124,1.714
159915.SZ,20180123,1.667
159915.SZ,20180122,1.67
159915.SZ,20180119,1.63
159915.SZ,20180118,1.636
159915.SZ,20180117,1.639
159915.SZ,20180116,1.631
159915.SZ,20180115,1.634
159915.SZ,20180112,1.685
159915.SZ,20180111,1.701
159915.SZ,20180110,1.689
159915.SZ,20180109,1.699
159915.SZ,20180108,1.701
159915.SZ,20180105,1.696
159915.SZ,20180104,1.693
159915.SZ,20180103,1.689
159915.SZ,20180102,1.665
159915.SZ,20251231,3.186
159915.SZ,20251230,3.229
159915.SZ,20251229,3.205
159915.SZ,20251226,3.226
159915.SZ,20251225,3.222
159915.SZ,20251224,3.212
159915.SZ,20251223,3.185
159915.SZ,20251222,3.175
159915.SZ,20251219,3.107
159915.SZ,20251218,3.092
159915.SZ,20251217,3.164
159915.SZ,20251216,3.06
159915.SZ,20251215,3.12
159915.SZ,20251212,3.174
159915.SZ,20251211,3.146
159915.SZ,20251210,3.192
159915.SZ,20251209,3.188
159915.SZ,20251208,3.171
159915.SZ,20251205,3.089
159915.SZ,20251204,3.051
159915.SZ,20251203,3.019
159915.SZ,20251202,3.052
159915.SZ,20251201,3.073
159915.SZ,20251128,3.035
159915.SZ,20251127,3.012
159915.SZ,20251126,3.027
159915.SZ,20251125,2.961
159915.SZ,20251124,2.908
159915.SZ,20251121,2.904
159915.SZ,20251120,3.026
159915.SZ,20251119,3.057
159915.SZ,20251118,3.051
159915.SZ,20251117,3.084
159915.SZ,20251114,3.093
159915.SZ,20251113,3.182
159915.SZ,20251112,3.108
159915.SZ,20251111,3.113
159915.SZ,20251110,3.158
159915.SZ,20251107,3.185
159915.SZ,20251106,3.201
159915.SZ,20251105,3.142
159915.SZ,20251104,3.112
159915.SZ,20251103,3.176
159915.SZ,20251031,3.166
159915.SZ,20251030,3.239
159915.SZ,20251029,3.3
159915.SZ,20251028,3.205
159915.SZ,20251027,3.209
159915.SZ,20251024,3.147
159915.SZ,20251023,3.038
159915.SZ,20251022,3.039
159915.SZ,20251021,3.062
159915.SZ,20251020,2.971
159915.SZ,20251017,2.915
159915.SZ,20251016,3.014
159915.SZ,20251015,3.003
159915.SZ,20251014,2.934
159915.SZ,20251013,3.054
159915.SZ,20251010,3.095
159915.SZ,20251009,3.235
159915.SZ,20250930,3.217
159915.SZ,20250929,3.213
159915.SZ,20250926,3.129
159915.SZ,20250925,3.211
159915.SZ,20250924,3.16
159915.SZ,20250923,3.093
159915.SZ,20250922,3.082
159915.SZ,20250919,3.062
159915.SZ,20250918,3.067
159915.SZ,20250917,3.119
159915.SZ,20250916,3.059
159915.SZ,20250915,3.037
159915.SZ,20250912,2.995
159915.SZ,20250911,3.025
159915.SZ,20250910,2.875
159915.SZ,20250909,2.845
159915.SZ,20250908,2.908
159915.SZ,20250905,2.944
159915.SZ,20250904,2.751
159915.SZ,20250903,2.87
159915.SZ,20250902,2.848
159915.SZ,20250901,2.927
159915.SZ,20250829,2.865
159915.SZ,20250828,2.806
159915.SZ,20250827,2.696
159915.SZ,20250826,2.716
159915.SZ,20250825,2.737
159915.SZ,20250822,2.662
159915.SZ,20250821,2.572
159915.SZ,20250820,2.588
159915.SZ,20250819,2.575
159915.SZ,20250818,2.582
159915.SZ,20250815,2.509
159915.SZ,20250814,2.446
159915.SZ,20250813,2.473
159915.SZ,20250812,2.385
159915.SZ,20250811,2.357
159915.SZ,20250808,2.312
159915.SZ,20250807,2.32
159915.SZ,20250806,2.336
159915.SZ,20250805,2.32
159915.SZ,20250804,2.313
159915.SZ,20250801,2.303
159915.SZ,20250731,2.301
159915.SZ,20250730,2.345
159915.SZ,20250729,2.383
159915.SZ,20250728,2.342
159915.SZ,20250725,2.318
159915.SZ,20250724,2.325
159915.SZ,20250723,2.287
159915.SZ,20250722,2.289
159915.SZ,20250721,2.275
159915.SZ,20250718,2.252
159915.SZ,20250717,2.247
159915.SZ,20250716,2.206
159915.SZ,20250715,2.212
159915.SZ,20250714,2.177
159915.SZ,20250711,2.185
159915.SZ,20250710,2.169
159915.SZ,20250709,2.163
159915.SZ,20250708,2.159
159915.SZ,20250707,2.11
159915.SZ,20250704,2.133
159915.SZ,20250703,2.141
159915.SZ,20250702,2.104
159915.SZ,20250701,2.126
159915.SZ,20250630,2.133
159915.SZ,20250627,2.101
159915.SZ,20250626,2.093
159915.SZ,20250625,2.109
159915.SZ,20250624,2.044
159915.SZ,20250623,1.998
159915.SZ,20250620,1.988
159915.SZ,20250619,2.005
159915.SZ,20250618,2.034
159915.SZ,20250617,2.028
159915.SZ,20250616,2.037
159915.SZ,20250613,2.02
159915.SZ,20250612,2.04
159915.SZ,20250611,2.038
159915.SZ,20250610,2.012
159915.SZ,20250609,2.034
159915.SZ,20250606,2.017
159915.SZ,20250605,2.023
159915.SZ,20250604,2.0
159915.SZ,20250603,1.977
159915.SZ,20250530,1.972
159915.SZ,20250529,1.989
159915.SZ,20250528,1.959
159915.SZ,20250527,1.967
159915.SZ,20250526,1.977
159915.SZ,20250523,1.994
159915.SZ,20250522,2.016
159915.SZ,20250521,2.034
159915.SZ,20250520,2.018
159915.SZ,20250519,2.002
159915.SZ,20250516,2.008
159915.SZ,20250515,2.012
159915.SZ,20250514,2.054
159915.SZ,20250513,2.03
159915.SZ,20250512,2.037
159915.SZ,20250509,1.984
159915.SZ,20250508,2.001
159915.SZ,20250507,1.967
159915.SZ,20250506,1.958
159915.SZ,20250430,1.921
159915.SZ,20250429,1.903
159915.SZ,20250428,1.906
159915.SZ,20250425,1.92
159915.SZ,20250424,1.907
159915.SZ,20250423,1.919
159915.SZ,20250422,1.899
159915.SZ,20250421,1.908
159915.SZ,20250418,1.878
159915.SZ,20250417,1.873
159915.SZ,20250416,1.87
159915.SZ,20250415,1.893
159915.SZ,20250414,1.895
159915.SZ,20250411,1.892
159915.SZ,20250410,1.863
159915.SZ,20250409,1.823
159915.SZ,20250408,1.804
159915.SZ,20250407,1.775
159915.SZ,20250403,2.027
159915.SZ,20250402,2.064
159915.SZ,20250401,2.062
159915.SZ,20250331,2.064
159915.SZ,20250328,2.089
159915.SZ,20250327,2.103
159915.SZ,20250326,2.098
159915.SZ,20250325,2.105
159915.SZ,20250324,2.112
159915.SZ,20250321,2.112
159915.SZ,20250320,2.158
159915.SZ,20250319,2.178
159915.SZ,20250318,2.185
159915.SZ,20250317,2.173
159915.SZ,20250314,2.186
159915.SZ,20250313,2.125
159915.SZ,20250312,2.149
159915.SZ,20250311,2.159
159915.SZ,20250310,2.159
159915.SZ,20250307,2.16
159915.SZ,20250306,2.191
159915.SZ,20250305,2.149
159915.SZ,20250304,2.149
159915.SZ,20250303,2.154
159915.SZ,20250228,2.128
159915.SZ,20250227,2.212
159915.SZ,20250226,2.223
159915.SZ,20250225,2.197
159915.SZ,20250224,2.221
159915.SZ,20250221,2.239
159915.SZ,20250220,2.184
159915.SZ,20250219,2.185
159915.SZ,20250218,2.14
159915.SZ,20250217,2.182
159915.SZ,20250214,2.174
159915.SZ,20250213,2.135
159915.SZ,20250212,2.15
159915.SZ,20250211,2.113
159915.SZ,20250210,2.142
159915.SZ,20250207,2.131
159915.SZ,20250206,2.08
159915.SZ,20250205,2.024
159915.SZ,20250127,2.028
159915.SZ,20250124,2.084
159915.SZ,20250123,2.052
159915.SZ,20250122,2.059
159915.SZ,20250121,2.07
159915.SZ,20250120,2.062
159915.SZ,20250117,2.026
159915.SZ,20250116,2.01
159915.SZ,20250115,1.999
159915.SZ,20250114,2.036
159915.SZ,20250113,1.942
159915.SZ,20250110,1.938
159915.SZ,20250109,1.971
159915.SZ,20250108,1.968
159915.SZ,20250107,1.99
159915.SZ,20250106,1.976
159915.SZ,20250103,1.978
159915.SZ,20250102,2.019
159915.SZ,20241231,2.102
159915.SZ,20241230,2.165
159915.SZ,20241227,2.163
159915.SZ,20241226,2.166
159915.SZ,20241225,2.156
159915.SZ,20241224,2.17
159915.SZ,20241223,2.147
159915.SZ,20241220,2.169
159915.SZ,20241219,2.171
159915.SZ,20241218,2.158
159915.SZ,20241217,2.159
159915.SZ,20241216,2.158
159915.SZ,20241213,2.193
159915.SZ,20241212,2.248
159915.SZ,20241211,2.218
159915.SZ,20241210,2.221
159915.SZ,20241209,2.206
159915.SZ,20241206,2.224
159915.SZ,20241205,2.177
159915.SZ,20241204,2.17
159915.SZ,20241203,2.198
159915.SZ,20241202,2.211
159915.SZ,20241129,2.179
159915.SZ,20241128,2.128
159915.SZ,20241127,2.165
159915.SZ,20241126,2.109
159915.SZ,20241125,2.132
159915.SZ,20241122,2.136
159915.SZ,20241121,2.223
159915.SZ,20241120,2.223
159915.SZ,20241119,2.215
159915.SZ,20241118,2.149
159915.SZ,20241115,2.204
159915.SZ,20241114,2.288
159915.SZ,20241113,2.372
159915.SZ,20241112,2.345
159915.SZ,20241111,2.349
159915.SZ,20241108,2.282
159915.SZ,20241107,2.306
159915.SZ,20241106,2.223
159915.SZ,20241105,2.249
159915.SZ,20241104,2.145
159915.SZ,20241101,2.084
159915.SZ,20241031,2.122
159915.SZ,20241030,2.111
159915.SZ,20241029,2.135
159915.SZ,20241028,2.188
159915.SZ,20241025,2.196
159915.SZ,20241024,2.132
159915.SZ,20241023,2.162
159915.SZ,20241022,2.175
159915.SZ,20241021,2.167
159915.SZ,20241018,2.156
159915.SZ,20241017,1.995
159915.SZ,20241016,2.0
159915.SZ,20241015,2.045
159915.SZ,20241014,2.116
159915.SZ,20241011,2.06
159915.SZ,20241010,2.174
159915.SZ,20241009,2.242
159915.SZ,20241008,2.678
159915.SZ,20240930,2.232
159915.SZ,20240927,1.86
159915.SZ,20240926,1.686
159915.SZ,20240925,1.61
159915.SZ,20240924,1.587
159915.SZ,20240923,1.501
159915.SZ,20240920,1.508
159915.SZ,20240919,1.519
159915.SZ,20240918,1.504
159915.SZ,20240913,1.509
159915.SZ,20240912,1.525
159915.SZ,20240911,1.528
159915.SZ,20240910,1.512
159915.SZ,20240909,1.513
159915.SZ,20240906,1.508
159915.SZ,20240905,1.536
159915.SZ,20240904,1.525
159915.SZ,20240903,1.525
159915.SZ,20240902,1.507
159915.SZ,20240830,1.552
159915.SZ,20240829,1.513
159915.SZ,20240828,1.501
159915.SZ,20240827,1.5
159915.SZ,20240826,1.515
159915.SZ,20240823,1.517
159915.SZ,20240822,1.516
159915.SZ,20240821,1.529
159915.SZ,20240820,1.539
159915.SZ,20240819,1.559
159915.SZ,20240816,1.561
159915.SZ,20240815,1.565
159915.SZ,20240814,1.555
159915.SZ,20240813,1.578
159915.SZ,20240812,1.563
159915.SZ,20240809,1.566
159915.SZ,20240808,1.582
159915.SZ,20240807,1.589
159915.SZ,20240806,1.597
159915.SZ,20240805,1.576
159915.SZ,20240802,1.609
159915.SZ,20240801,1.636
159915.SZ,20240731,1.658
159915.SZ,20240730,1.601
159915.SZ,20240729,1.604
159915.SZ,20240726,1.627
159915.SZ,20240725,1.614
159915.SZ,20240724,1.619
159915.SZ,20240723,1.64
159915.SZ,20240722,1.693
159915.SZ,20240719,1.692
159915.SZ,20240718,1.686
159915.SZ,20240717,1.663
159915.SZ,20240716,1.664
159915.SZ,20240715,1.64
159915.SZ,20240712,1.653
159915.SZ,20240711,1.654
159915.SZ,20240710,1.618
159915.SZ,20240709,1.62
159915.SZ,20240708,1.596
159915.SZ,20240705,1.623
159915.SZ,20240704,1.616
159915.SZ,20240703,1.629
159915.SZ,20240702,1.633
159915.SZ,20240701,1.65
159915.SZ,20240628,1.652
159915.SZ,20240627,1.67
159915.SZ,20240626,1.699
159915.SZ,20240625,1.666
159915.SZ,20240624,1.696
159915.SZ,20240621,1.723
159915.SZ,20240620,1.728
159915.SZ,20240619,1.753
159915.SZ,20240618,1.776
159915.SZ,20240617,1.768
159915.SZ,20240614,1.756
159915.SZ,20240613,1.742
159915.SZ,20240612,1.743
159915.SZ,20240611,1.752
159915.SZ,20240607,1.748
159915.SZ,20240606,1.785
159915.SZ,20240605,1.796
159915.SZ,20240604,1.806
159915.SZ,20240603,1.782
159915.SZ,20240531,1.772
159915.SZ,20240530,1.777
159915.SZ,20240529,1.772
159915.SZ,20240528,1.769
159915.SZ,20240527,1.792
159915.SZ,20240524,1.781
159915.SZ,20240523,1.811
159915.SZ,20240522,1.839
159915.SZ,20240521,1.818
159915.SZ,20240520,1.831
159915.SZ,20240517,1.824
159915.SZ,20240516,1.801
159915.SZ,20240515,1.797
159915.SZ,20240514,1.813
159915.SZ,20240513,1.817
159915.SZ,20240510,1.84
159915.SZ,20240509,1.856
159915.SZ,20240508,1.821
159915.SZ,20240507,1.85
159915.SZ,20240506,1.853
159915.SZ,20240430,1.816
159915.SZ,20240429,1.837
159915.SZ,20240426,1.774
159915.SZ,20240425,1.716
159915.SZ,20240424,1.719
159915.SZ,20240423,1.705
159915.SZ,20240422,1.703
159915.SZ,20240419,1.705
159915.SZ,20240418,1.738
159915.SZ,20240417,1.747
159915.SZ,20240416,1.713
159915.SZ,20240415,1.746
159915.SZ,20240412,1.713
159915.SZ,20240411,1.731
159915.SZ,20240410,1.739
159915.SZ,20240409,1.777
159915.SZ,20240408,1.758
159915.SZ,20240403,1.79
159915.SZ,20240402,1.808
159915.SZ,20240401,1.822
159915.SZ,20240329,1.768
159915.SZ,20240328,1.758
159915.SZ,20240327,1.742
159915.SZ,20240326,1.792
159915.SZ,20240325,1.781
159915.SZ,20240322,1.817
159915.SZ,20240321,1.846
159915.SZ,20240320,1.856
159915.SZ,20240319,1.853
159915.SZ,20240318,1.875
159915.SZ,20240315,1.833
159915.SZ,20240314,1.832
159915.SZ,20240313,1.841
159915.SZ,20240312,1.851
159915.SZ,20240311,1.84
159915.SZ,20240308,1.756
159915.SZ,20240307,1.742
159915.SZ,20240306,1.782
159915.SZ,20240305,1.78
159915.SZ,20240304,1.783
159915.SZ,20240301,1.775
159915.SZ,20240229,1.761
159915.SZ,20240228,1.701
159915.SZ,20240227,1.746
159915.SZ,20240226,1.704
159915.SZ,20240223,1.709
159915.SZ,20240222,1.71
159915.SZ,20240221,1.703
159915.SZ,20240220,1.696
159915.SZ,20240219,1.697
159915.SZ,20240208,1.681
159915.SZ,20240207,1.66
159915.SZ,20240206,1.623
159915.SZ,20240205,1.527
159915.SZ,20240202,1.508
159915.SZ,20240201,1.548
159915.SZ,20240131,1.533
159915.SZ,20240130,1.544
159915.SZ,20240129,1.58
159915.SZ,20240126,1.637
159915.SZ,20240125,1.675
159915.SZ,20240124,1.65
159915.SZ,20240123,1.642
159915.SZ,20240122,1.623
159915.SZ,20240119,1.669
159915.SZ,20240118,1.683
159915.SZ,20240117,1.656
159915.SZ,20240116,1.708
159915.SZ,20240115,1.698
159915.SZ,20240112,1.714
159915.SZ,20240111,1.732
159915.SZ,20240110,1.698
159915.SZ,20240109,1.706
159915.SZ,20240108,1.699
159915.SZ,20240105,1.728
159915.SZ,20240104,1.754
159915.SZ,20240103,1.787
159915.SZ,20240102,1.806
159915.SZ,20231229,1.842
159915.SZ,20231228,1.833
159915.SZ,20231227,1.763
159915.SZ,20231226,1.761
159915.SZ,20231225,1.783
159915.SZ,20231222,1.78
159915.SZ,20231221,1.787
159915.SZ,20231220,1.755
159915.SZ,20231219,1.781
159915.SZ,20231218,1.773
159915.SZ,20231215,1.802
159915.SZ,20231214,1.812
159915.SZ,20231213,1.822
159915.SZ,20231212,1.856
159915.SZ,20231211,1.868
159915.SZ,20231208,1.843
159915.SZ,20231207,1.829
159915.SZ,20231206,1.834
159915.SZ,20231205,1.823
159915.SZ,20231204,1.858
159915.SZ,20231201,1.881
159915.SZ,20231130,1.874
159915.SZ,20231129,1.867
159915.SZ,20231128,1.89
159915.SZ,20231127,1.878
159915.SZ,20231124,1.888
159915.SZ,20231123,1.911
159915.SZ,20231122,1.899
159915.SZ,20231121,1.931
159915.SZ,20231120,1.942
159915.SZ,20231117,1.934
159915.SZ,20231116,1.925
159915.SZ,20231115,1.963
159915.SZ,20231114,1.953
159915.SZ,20231113,1.958
159915.SZ,20231110,1.955
159915.SZ,20231109,1.967
159915.SZ,20231108,1.971
159915.SZ,20231107,1.967
159915.SZ,20231106,1.981
159915.SZ,20231103,1.918
159915.SZ,20231102,1.89
159915.SZ,20231101,1.908
159915.SZ,20231031,1.916
159915.SZ,20231030,1.926
159915.SZ,20231027,1.881
159915.SZ,20231026,1.829
159915.SZ,20231025,1.815
159915.SZ,20231024,1.832
159915.SZ,20231023,1.815
159915.SZ,20231020,1.85
159915.SZ,20231019,1.867
159915.SZ,20231018,1.887
159915.SZ,20231017,1.912
159915.SZ,20231016,1.906
159915.SZ,20231013,1.945
159915.SZ,20231012,1.968
159915.SZ,20231011,1.954
159915.SZ,20231010,1.938
159915.SZ,20231009,1.947
159915.SZ,20230928,1.953
159915.SZ,20230927,1.956
159915.SZ,20230926,1.938
159915.SZ,20230925,1.953
159915.SZ,20230922,1.964
159915.SZ,20230921,1.917
159915.SZ,20230920,1.936
159915.SZ,20230919,1.952
159915.SZ,20230918,1.968
159915.SZ,20230915,1.954
159915.SZ,20230914,1.96
159915.SZ,20230913,1.974
159915.SZ,20230912,1.998
159915.SZ,20230911,2.011
159915.SZ,20230908,1.998
159915.SZ,20230907,2.003
159915.SZ,20230906,2.049
159915.SZ,20230905,2.057
159915.SZ,20230904,2.067
159915.SZ,20230901,2.049
159915.SZ,20230831,2.052
159915.SZ,20230830,2.066
159915.SZ,20230829,2.067
159915.SZ,20230828,2.01
159915.SZ,20230825,1.991
159915.SZ,20230824,2.014
159915.SZ,20230823,1.987
159915.SZ,20230822,2.038
159915.SZ,20230821,2.035
159915.SZ,20230818,2.065
159915.SZ,20230817,2.094
159915.SZ,20230816,2.082
159915.SZ,20230815,2.096
159915.SZ,20230814,2.113
159915.SZ,20230811,2.129
159915.SZ,20230810,2.184
159915.SZ,20230809,2.174
159915.SZ,20230808,2.177
159915.SZ,20230807,2.185
159915.SZ,20230804,2.204
159915.SZ,20230803,2.187
159915.SZ,20230802,2.164
159915.SZ,20230801,2.168
159915.SZ,20230731,2.182
159915.SZ,20230728,2.163
159915.SZ,20230727,2.129
159915.SZ,20230726,2.135
159915.SZ,20230725,2.136
159915.SZ,20230724,2.09
159915.SZ,20230721,2.11
159915.SZ,20230720,2.103
159915.SZ,20230719,2.125
159915.SZ,20230718,2.147
159915.SZ,20230717,2.152
159915.SZ,20230714,2.169
159915.SZ,20230713,2.182
159915.SZ,20230712,2.139
159915.SZ,20230711,2.161
159915.SZ,20230710,2.145
159915.SZ,20230707,2.118
159915.SZ,20230706,2.137
159915.SZ,20230705,2.156
159915.SZ,20230704,2.174
159915.SZ,20230703,2.171
159915.SZ,20230630,2.164
159915.SZ,20230629,2.129
159915.SZ,20230628,2.126
159915.SZ,20230627,2.138
159915.SZ,20230626,2.133
159915.SZ,20230621,2.156
159915.SZ,20230620,2.21
159915.SZ,20230619,2.207
159915.SZ,20230616,2.208
159915.SZ,20230615,2.179
159915.SZ,20230614,2.106
159915.SZ,20230613,2.111
159915.SZ,20230612,2.095
159915.SZ,20230609,2.086
159915.SZ,20230608,2.071
159915.SZ,20230607,2.075
159915.SZ,20230606,2.106
159915.SZ,20230605,2.143
159915.SZ,20230602,2.175
159915.SZ,20230601,2.148
159915.SZ,20230531,2.131
159915.SZ,20230530,2.155
159915.SZ,20230529,2.143
159915.SZ,20230526,2.167
159915.SZ,20230525,2.184
159915.SZ,20230524,2.183
159915.SZ,20230523,2.187
159915.SZ,20230522,2.214
159915.SZ,20230519,2.215
159915.SZ,20230518,2.215
159915.SZ,20230517,2.229
159915.SZ,20230516,2.228
159915.SZ,20230515,2.234
159915.SZ,20230512,2.185
159915.SZ,20230511,2.211
159915.SZ,20230510,2.199
159915.SZ,20230509,2.18
159915.SZ,20230508,2.213
159915.SZ,20230505,2.202
159915.SZ,20230504,2.23
159915.SZ,20230428,2.255
159915.SZ,20230427,2.24
159915.SZ,20230426,2.226
159915.SZ,20230425,2.193
159915.SZ,20230424,2.234
159915.SZ,20230421,2.269
159915.SZ,20230420,2.314
159915.SZ,20230419,2.339
159915.SZ,20230418,2.354
159915.SZ,20230417,2.364
159915.SZ,20230414,2.355
159915.SZ,20230413,2.332
159915.SZ,20230412,2.353
159915.SZ,20230411,2.362
159915.SZ,20230410,2.368
159915.SZ,20230407,2.369
159915.SZ,20230406,2.354
159915.SZ,20230404,2.35
159915.SZ,20230403,2.366
159915.SZ,20230331,2.327
159915.SZ,20230330,2.313
159915.SZ,20230329,2.297
159915.SZ,20230328,2.298
159915.SZ,20230327,2.323
159915.SZ,20230324,2.297
159915.SZ,20230323,2.288
159915.SZ,20230322,2.27
159915.SZ,20230321,2.265
159915.SZ,20230320,2.226
159915.SZ,20230317,2.228
159915.SZ,20230316,2.233
159915.SZ,20230315,2.268
159915.SZ,20230314,2.276
159915.SZ,20230313,2.287
159915.SZ,20230310,2.3
159915.SZ,20230309,2.303
159915.SZ,20230308,2.308
159915.SZ,20230307,2.312
159915.SZ,20230306,2.361
159915.SZ,20230303,2.352
159915.SZ,20230302,2.347
159915.SZ,20230301,2.372
159915.SZ,20230228,2.359
159915.SZ,20230227,2.34
159915.SZ,20230224,2.357
159915.SZ,20230223,2.385
159915.SZ,20230222,2.377
159915.SZ,20230221,2.395
159915.SZ,20230220,2.403
159915.SZ,20230217,2.378
159915.SZ,20230216,2.436
159915.SZ,20230215,2.468
159915.SZ,20230214,2.49
159915.SZ,20230213,2.495
159915.SZ,20230210,2.465
159915.SZ,20230209,2.493
159915.SZ,20230208,2.447
159915.SZ,20230207,2.461
159915.SZ,20230206,2.468
159915.SZ,20230203,2.5
159915.SZ,20230202,2.524
159915.SZ,20230201,2.537
159915.SZ,20230131,2.507
159915.SZ,20230130,2.533
159915.SZ,20230120,2.507
159915.SZ,20230119,2.496
159915.SZ,20230118,2.468
159915.SZ,20230117,2.47
159915.SZ,20230116,2.462
159915.SZ,20230113,2.417
159915.SZ,20230112,2.382
159915.SZ,20230111,2.374
159915.SZ,20230110,2.401
159915.SZ,20230109,2.365
159915.SZ,20230106,2.35
159915.SZ,20230105,2.33
159915.SZ,20230104,2.267
159915.SZ,20230103,2.289
159915.SZ,20221230,2.279
159915.SZ,20221229,2.277
159915.SZ,20221228,2.267
159915.SZ,20221227,2.293
159915.SZ,20221226,2.262
159915.SZ,20221223,2.222
159915.SZ,20221222,2.235
159915.SZ,20221221,2.24
159915.SZ,20221220,2.243
159915.SZ,20221219,2.274
159915.SZ,20221216,2.298
159915.SZ,20221215,2.326
159915.SZ,20221214,2.299
159915.SZ,20221213,2.305
159915.SZ,20221212,2.333
159915.SZ,20221209,2.348
159915.SZ,20221208,2.338
159915.SZ,20221207,2.343
159915.SZ,20221206,2.319
159915.SZ,20221205,2.313
159915.SZ,20221202,2.316
159915.SZ,20221201,2.311
159915.SZ,20221130,2.265
159915.SZ,20221129,2.268
159915.SZ,20221128,2.233
159915.SZ,20221125,2.242
159915.SZ,20221124,2.264
159915.SZ,20221123,2.269
159915.SZ,20221122,2.273
159915.SZ,20221121,2.319
159915.SZ,20221118,2.315
159915.SZ,20221117,2.316
159915.SZ,20221116,2.33
159915.SZ,20221115,2.361
159915.SZ,20221114,2.302
159915.SZ,20221111,2.33
159915.SZ,20221110,2.288
159915.SZ,20221109,2.326
159915.SZ,20221108,2.363
159915.SZ,20221107,2.379
159915.SZ,20221104,2.383
159915.SZ,20221103,2.309
159915.SZ,20221102,2.305
159915.SZ,20221101,2.275
159915.SZ,20221031,2.202
159915.SZ,20221028,2.187
159915.SZ,20221027,2.265
159915.SZ,20221026,2.302
159915.SZ,20221025,2.241
159915.SZ,20221024,2.266
159915.SZ,20221021,2.321
159915.SZ,20221020,2.337
159915.SZ,20221019,2.355
159915.SZ,20221018,2.373
159915.SZ,20221017,2.362
159915.SZ,20221014,2.365
159915.SZ,20221013,2.282
159915.SZ,20221012,2.274
159915.SZ,20221011,2.192
159915.SZ,20221010,2.166
159915.SZ,20220930,2.221
159915.SZ,20220929,2.267
159915.SZ,20220928,2.249
159915.SZ,20220927,2.306
159915.SZ,20220926,2.253
159915.SZ,20220923,2.239
159915.SZ,20220922,2.252
159915.SZ,20220921,2.265
159915.SZ,20220920,2.297
159915.SZ,20220919,2.285
159915.SZ,20220916,2.297
159915.SZ,20220915,2.349
159915.SZ,20220914,2.431
159915.SZ,20220913,2.475
159915.SZ,20220909,2.476
159915.SZ,20220908,2.448
159915.SZ,20220907,2.493
159915.SZ,20220906,2.468
159915.SZ,20220905,2.467
159915.SZ,20220902,2.461
159915.SZ,20220901,2.463
159915.SZ,20220831,2.491
159915.SZ,20220830,2.538
159915.SZ,20220829,2.553
159915.SZ,20220826,2.566
159915.SZ,20220825,2.59
159915.SZ,20220824,2.6
159915.SZ,20220823,2.697
159915.SZ,20220822,2.699
159915.SZ,20220819,2.653
159915.SZ,20220818,2.693
159915.SZ,20220817,2.695
159915.SZ,20220816,2.652
159915.SZ,20220815,2.638
159915.SZ,20220812,2.613
159915.SZ,20220811,2.647
159915.SZ,20220810,2.579
159915.SZ,20220809,2.614
159915.SZ,20220808,2.596
159915.SZ,20220805,2.606
159915.SZ,20220804,2.565
159915.SZ,20220803,2.553
159915.SZ,20220802,2.605
159915.SZ,20220801,2.657
159915.SZ,20220729,2.594
159915.SZ,20220728,2.629
159915.SZ,20220727,2.637
159915.SZ,20220726,2.634
159915.SZ,20220725,2.629
159915.SZ,20220722,2.651
159915.SZ,20220721,2.67
159915.SZ,20220720,2.68
159915.SZ,20220719,2.67
159915.SZ,20220718,2.717
159915.SZ,20220715,2.68
159915.SZ,20220714,2.735
159915.SZ,20220713,2.665
159915.SZ,20220712,2.622
159915.SZ,20220711,2.69
159915.SZ,20220708,2.731
159915.SZ,20220707,2.769
159915.SZ,20220706,2.725
159915.SZ,20220705,2.739
159915.SZ,20220704,2.75
159915.SZ,20220701,2.699
159915.SZ,20220630,2.73
159915.SZ,20220629,2.683
159915.SZ,20220628,2.754
159915.SZ,20220627,2.741
159915.SZ,20220624,2.738
159915.SZ,20220623,2.68
159915.SZ,20220622,2.596
159915.SZ,20220621,2.615
159915.SZ,20220620,2.626
159915.SZ,20220617,2.584
159915.SZ,20220616,2.507
159915.SZ,20220615,2.497
159915.SZ,20220614,2.475
159915.SZ,20220613,2.469
159915.SZ,20220610,2.48
159915.SZ,20220609,2.423
159915.SZ,20220608,2.494
159915.SZ,20220607,2.478
159915.SZ,20220606,2.477
159915.SZ,20220602,2.386
159915.SZ,20220601,2.354
159915.SZ,20220531,2.334
159915.SZ,20220530,2.276
159915.SZ,20220527,2.251
159915.SZ,20220526,2.249
159915.SZ,20220525,2.253
159915.SZ,20220524,2.246
159915.SZ,20220523,2.332
159915.SZ,20220520,2.347
159915.SZ,20220519,2.306
159915.SZ,20220518,2.29
159915.SZ,20220517,2.293
159915.SZ,20220516,2.257
159915.SZ,20220513,2.285
159915.SZ,20220512,2.277
159915.SZ,20220511,2.272
159915.SZ,20220510,2.204
159915.SZ,20220509,2.162
159915.SZ,20220506,2.177
159915.SZ,20220505,2.212
159915.SZ,20220429,2.244
159915.SZ,20220428,2.158
159915.SZ,20220427,2.2
159915.SZ,20220426,2.086
159915.SZ,20220425,2.103
159915.SZ,20220422,2.225
159915.SZ,20220421,2.24
159915.SZ,20220420,2.288
159915.SZ,20220419,2.377
159915.SZ,20220418,2.412
159915.SZ,20220415,2.385
159915.SZ,20220414,2.389
159915.SZ,20220413,2.394
159915.SZ,20220412,2.44
159915.SZ,20220411,2.386
159915.SZ,20220408,2.491
159915.SZ,20220407,2.496
159915.SZ,20220406,2.55
159915.SZ,20220401,2.58
159915.SZ,20220331,2.574
159915.SZ,20220330,2.61
159915.SZ,20220329,2.511
159915.SZ,20220328,2.512
159915.SZ,20220325,2.565
159915.SZ,20220324,2.62
159915.SZ,20220323,2.629
159915.SZ,20220322,2.602
159915.SZ,20220321,2.636
159915.SZ,20220318,2.635
159915.SZ,20220317,2.624
159915.SZ,20220316,2.552
159915.SZ,20220315,2.421
159915.SZ,20220314,2.49
159915.SZ,20220311,2.583
159915.SZ,20220310,2.547
159915.SZ,20220309,2.483
159915.SZ,20220308,2.507
159915.SZ,20220307,2.543
159915.SZ,20220304,2.662
159915.SZ,20220303,2.704
159915.SZ,20220302,2.741
159915.SZ,20220301,2.795
159915.SZ,20220228,2.786
159915.SZ,20220225,2.763
159915.SZ,20220224,2.693
159915.SZ,20220223,2.754
159915.SZ,20220222,2.678
159915.SZ,20220221,2.713
159915.SZ,20220218,2.739
159915.SZ,20220217,2.744
159915.SZ,20220216,2.725
159915.SZ,20220215,2.726
159915.SZ,20220214,2.646
159915.SZ,20220211,2.66
159915.SZ,20220210,2.74
159915.SZ,20220209,2.791
159915.SZ,20220208,2.758
159915.SZ,20220207,2.83
159915.SZ,20220128,2.819
159915.SZ,20220127,2.815
159915.SZ,20220126,2.906
159915.SZ,20220125,2.881
159915.SZ,20220124,2.962
159915.SZ,20220121,2.941
159915.SZ,20220120,2.975
159915.SZ,20220119,2.985
159915.SZ,20220118,3.047
159915.SZ,20220117,3.068
159915.SZ,20220114,3.015
159915.SZ,20220113,2.99
159915.SZ,20220112,3.035
159915.SZ,20220111,2.96
159915.SZ,20220110,2.998
159915.SZ,20220107,3.003
159915.SZ,20220106,3.034
159915.SZ,20220105,3.064
159915.SZ,20220104,3.154
159915.SZ,20260731,3.368
159915.SZ,20260730,3.27
159915.SZ,20260729,3.402
159915.SZ,20260728,3.355
159915.SZ,20260727,3.612
159915.SZ,20260724,3.508
159915.SZ,20260723,3.597
159915.SZ,20260722,3.586
159915.SZ,20260721,3.709
159915.SZ,20260720,3.477
159915.SZ,20260717,3.463
159915.SZ,20260716,3.723
159915.SZ,20260715,3.828
159915.SZ,20260714,3.867
159915.SZ,20260713,3.751
159915.SZ,20260710,3.862
159915.SZ,20260709,4.04
159915.SZ,20260708,3.867
159915.SZ,20260707,3.932
159915.SZ,20260706,3.97
159915.SZ,20260703,4.037
159915.SZ,20260702,4.036
159915.SZ,20260701,4.274
159915.SZ,20260630,4.364
159915.SZ,20260629,4.236
159915.SZ,20260626,4.215
159915.SZ,20260625,4.395
159915.SZ,20260624,4.258
159915.SZ,20260623,4.21
159915.SZ,20260622,4.379
159915.SZ,20260618,4.269
159915.SZ,20260617,4.183
159915.SZ,20260616,4.111
159915.SZ,20260615,4.045
159915.SZ,20260612,3.846
159915.SZ,20260611,3.83
159915.SZ,20260610,3.87
159915.SZ,20260609,3.972
159915.SZ,20260608,3.827
159915.SZ,20260605,3.977
159915.SZ,20260604,4.1
159915.SZ,20260603,4.145
159915.SZ,20260602,4.071
159915.SZ,20260601,3.964
159915.SZ,20260529,4.053
159915.SZ,20260528,4.138
159915.SZ,20260527,4.056
159915.SZ,20260526,4.055
159915.SZ,20260525,4.034
159915.SZ,20260522,3.946
159915.SZ,20260521,3.846
159915.SZ,20260520,3.932
159915.SZ,20260519,3.922
159915.SZ,20260518,3.923
159915.SZ,20260515,3.97
159915.SZ,20260514,3.961
159915.SZ,20260513,4.048
159915.SZ,20260512,3.94
159915.SZ,20260511,3.947
159915.SZ,20260508,3.806
159915.SZ,20260507,3.845
159915.SZ,20260506,3.786
159915.SZ,20260430,3.689
159915.SZ,20260429,3.694
159915.SZ,20260428,3.602
159915.SZ,20260427,3.652
159915.SZ,20260424,3.674
159915.SZ,20260423,3.728
159915.SZ,20260422,3.758
159915.SZ,20260421,3.681
159915.SZ,20260420,3.672
159915.SZ,20260417,3.67
159915.SZ,20260416,3.624
159915.SZ,20260415,3.511
159915.SZ,20260414,3.55
159915.SZ,20260413,3.468
159915.SZ,20260410,3.437
159915.SZ,20260409,3.32
159915.SZ,20260408,3.345
159915.SZ,20260407,3.151
159915.SZ,20260403,3.141
159915.SZ,20260402,3.164
159915.SZ,20260401,3.232
159915.SZ,20260331,3.182
159915.SZ,20260330,3.264
159915.SZ,20260327,3.293
159915.SZ,20260326,3.263
159915.SZ,20260325,3.307
159915.SZ,20260324,3.237
159915.SZ,20260323,3.228
159915.SZ,20260320,3.341
159915.SZ,20260319,3.303
159915.SZ,20260318,3.338
159915.SZ,20260317,3.273
159915.SZ,20260316,3.349
159915.SZ,20260313,3.3
159915.SZ,20260312,3.308
159915.SZ,20260311,3.335
159915.SZ,20260310,3.296
159915.SZ,20260309,3.201
159915.SZ,20260306,3.225
159915.SZ,20260305,3.206
159915.SZ,20260304,3.154
159915.SZ,20260303,3.205
159915.SZ,20260302,3.282
159915.SZ,20260227,3.301
159915.SZ,20260226,3.336
159915.SZ,20260225,3.344
159915.SZ,20260224,3.295
159915.SZ,20260213,3.265
159915.SZ,20260212,3.319
159915.SZ,20260211,3.273
159915.SZ,20260210,3.311
159915.SZ,20260209,3.321
159915.SZ,20260206,3.229
159915.SZ,20260205,3.238
159915.SZ,20260204,3.297
159915.SZ,20260203,3.313
159915.SZ,20260202,3.252
159915.SZ,20260130,3.335
159915.SZ,20260129,3.292
159915.SZ,20260128,3.307
159915.SZ,20260127,3.327
159915.SZ,20260126,3.305
159915.SZ,20260123,3.337
159915.SZ,20260122,3.315
159915.SZ,20260121,3.281
159915.SZ,20260120,3.263
159915.SZ,20260119,3.318
159915.SZ,20260116,3.346
159915.SZ,20260115,3.352
159915.SZ,20260114,3.332
159915.SZ,20260113,3.306
159915.SZ,20260112,3.371
159915.SZ,20260109,3.314
159915.SZ,20260108,3.287
159915.SZ,20260107,3.311
159915.SZ,20260106,3.303
159915.SZ,20260105,3.281
588000.SH,20211231,1.452
588000.SH,20211230,1.43
588000.SH,20211229,1.41
588000.SH,20211228,1.422
588000.SH,20211227,1.411
588000.SH,20211224,1.415
588000.SH,20211223,1.43
588000.SH,20211222,1.428
588000.SH,20211221,1.431
588000.SH,20211220,1.421
588000.SH,20211217,1.452
588000.SH,20211216,1.478
588000.SH,20211215,1.475
588000.SH,20211214,1.493
588000.SH,20211213,1.495
588000.SH,20211210,1.499
588000.SH,20211209,1.489
588000.SH,20211208,1.468
588000.SH,20211207,1.447
588000.SH,20211206,1.462
588000.SH,20211203,1.499
588000.SH,20211202,1.483
588000.SH,20211201,1.511
588000.SH,20211130,1.53
588000.SH,20211129,1.531
588000.SH,20211126,1.515
588000.SH,20211125,1.524
588000.SH,20211124,1.527
588000.SH,20211123,1.532
588000.SH,20211122,1.533
588000.SH,20211119,1.501
588000.SH,20211118,1.479
588000.SH,20211117,1.491
588000.SH,20211116,1.475
588000.SH,20211115,1.486
588000.SH,20211112,1.497
588000.SH,20211111,1.493
588000.SH,20211110,1.475
588000.SH,20211109,1.476
588000.SH,20211108,1.454
588000.SH,20211105,1.453
588000.SH,20211104,1.466
588000.SH,20211103,1.454
588000.SH,20211102,1.46
588000.SH,20211101,1.459
588000.SH,20211029,1.45
588000.SH,20211028,1.412
588000.SH,20211027,1.412
588000.SH,20211026,1.429
588000.SH,20211025,1.434
588000.SH,20211022,1.423
588000.SH,20211021,1.415
588000.SH,20211020,1.424
588000.SH,20211019,1.42
588000.SH,20211018,1.405
588000.SH,20211015,1.418
588000.SH,20211014,1.398
588000.SH,20211013,1.395
588000.SH,20211012,1.371
588000.SH,20211011,1.404
588000.SH,20211008,1.417
588000.SH,20210930,1.423
588000.SH,20210929,1.399
588000.SH,20210928,1.407
588000.SH,20210927,1.424
588000.SH,20210924,1.428
588000.SH,20210923,1.419
588000.SH,20210922,1.41
588000.SH,20210917,1.413
588000.SH,20210916,1.402
588000.SH,20210915,1.437
588000.SH,20210914,1.452
588000.SH,20210913,1.438
588000.SH,20210910,1.482
588000.SH,20210909,1.454
588000.SH,20210908,1.467
588000.SH,20210907,1.494
588000.SH,20210906,1.493
588000.SH,20210903,1.457
588000.SH,20210902,1.456
588000.SH,20210901,1.48
588000.SH,20210831,1.491
588000.SH,20210830,1.527
588000.SH,20210827,1.538
588000.SH,20210826,1.555
588000.SH,20210825,1.601
588000.SH,20210824,1.636
588000.SH,20210823,1.621
588000.SH,20210820,1.59
588000.SH,20210819,1.603
588000.SH,20210818,1.565
588000.SH,20210817,1.566
588000.SH,20210816,1.607
588000.SH,20210813,1.611
588000.SH,20210812,1.646
588000.SH,20210811,1.639
588000.SH,20210810,1.647
588000.SH,20210809,1.631
588000.SH,20210806,1.65
588000.SH,20210805,1.664
588000.SH,20210804,1.665
588000.SH,20210803,1.621
588000.SH,20210802,1.657
588000.SH,20210730,1.651
588000.SH,20210729,1.651
588000.SH,20210728,1.574
588000.SH,20210727,1.605
588000.SH,20210726,1.616
588000.SH,20210723,1.627
588000.SH,20210722,1.638
588000.SH,20210721,1.623
588000.SH,20210720,1.577
588000.SH,20210719,1.573
588000.SH,20210716,1.584
588000.SH,20210715,1.617
588000.SH,20210714,1.616
588000.SH,20210713,1.654
588000.SH,20210712,1.66
588000.SH,20210709,1.644
588000.SH,20210708,1.67
588000.SH,20210707,1.624
588000.SH,20210706,1.591
588000.SH,20210705,1.64
588000.SH,20210702,1.594
588000.SH,20210701,1.633
588000.SH,20210630,1.648
588000.SH,20210629,1.621
588000.SH,20210628,1.618
588000.SH,20210625,1.595
588000.SH,20210624,1.561
588000.SH,20210623,1.588
588000.SH,20210622,1.58
588000.SH,20210621,1.584
588000.SH,20210618,1.55
588000.SH,20210617,1.528
588000.SH,20210616,1.453
588000.SH,20210615,1.499
588000.SH,20210611,1.493
588000.SH,20210610,1.498
588000.SH,20210609,1.472
588000.SH,20210608,1.465
588000.SH,20210607,1.475
588000.SH,20210604,1.475
588000.SH,20210603,1.456
588000.SH,20210602,1.469
588000.SH,20210601,1.502
588000.SH,20210531,1.484
588000.SH,20210528,1.43
588000.SH,20210527,1.437
588000.SH,20210526,1.404
588000.SH,20210525,1.408
588000.SH,20210524,1.371
588000.SH,20210521,1.354
588000.SH,20210520,1.369
588000.SH,20210519,1.365
588000.SH,20210518,1.359
588000.SH,20210517,1.367
588000.SH,20210514,1.341
588000.SH,20210513,1.313
588000.SH,20210512,1.31
588000.SH,20210511,1.294
588000.SH,20210510,1.294
588000.SH,20210507,1.304
588000.SH,20210506,1.348
588000.SH,20210430,1.364
588000.SH,20210429,1.363
588000.SH,20210428,1.361
588000.SH,20210427,1.352
588000.SH,20210426,1.352
588000.SH,20210423,1.352
588000.SH,20210422,1.345
588000.SH,20210421,1.325
588000.SH,20210420,1.33
588000.SH,20210419,1.336
588000.SH,20210416,1.315
588000.SH,20210415,1.3
588000.SH,20210414,1.29
588000.SH,20210413,1.28
588000.SH,20210412,1.282
588000.SH,20210409,1.309
588000.SH,20210408,1.33
588000.SH,20210407,1.339
588000.SH,20210406,1.335
588000.SH,20210402,1.338
588000.SH,20210401,1.303
588000.SH,20210331,1.284
588000.SH,20210330,1.286
588000.SH,20210329,1.286
588000.SH,20210326,1.293
588000.SH,20210325,1.259
588000.SH,20210324,1.258
588000.SH,20210323,1.273
588000.SH,20210322,1.28
588000.SH,20210319,1.266
588000.SH,20210318,1.277
588000.SH,20210317,1.271
588000.SH,20210316,1.258
588000.SH,20210315,1.26
588000.SH,20210312,1.298
588000.SH,20210311,1.304
588000.SH,20210310,1.272
588000.SH,20210309,1.269
588000.SH,20210308,1.316
588000.SH,20210305,1.37
588000.SH,20210304,1.366
588000.SH,20210303,1.4
588000.SH,20210302,1.392
588000.SH,20210301,1.4
588000.SH,20210226,1.368
588000.SH,20210225,1.393
588000.SH,20210224,1.409
588000.SH,20210223,1.433
588000.SH,20210222,1.433
588000.SH,20210219,1.472
588000.SH,20210218,1.476
588000.SH,20210210,1.478
588000.SH,20210209,1.472
588000.SH,20210208,1.425
588000.SH,20210205,1.414
588000.SH,20210204,1.435
588000.SH,20210203,1.456
588000.SH,20210202,1.478
588000.SH,20210201,1.467
588000.SH,20210129,1.467
588000.SH,20210128,1.469
588000.SH,20210127,1.503
588000.SH,20210126,1.524
588000.SH,20210125,1.542
588000.SH,20210122,1.536
588000.SH,20210121,1.526
588000.SH,20210120,1.524
588000.SH,20210119,1.492
588000.SH,20210118,1.526
588000.SH,20210115,1.492
588000.SH,20210114,1.498
588000.SH,20210113,1.454
588000.SH,20210112,1.45
588000.SH,20210111,1.437
588000.SH,20210108,1.423
588000.SH,20210107,1.429
588000.SH,20210106,1.458
588000.SH,20210105,1.468
588000.SH,20210104,1.464
588000.SH,20201231,1.434
588000.SH,20201230,1.403
588000.SH,20201229,1.381
588000.SH,20201228,1.38
588000.SH,20201225,1.394
588000.SH,20201224,1.393
588000.SH,20201223,1.417
588000.SH,20201222,1.403
588000.SH,20201221,1.43
588000.SH,20201218,1.403
588000.SH,20201217,1.406
588000.SH,20201216,1.388
588000.SH,20201215,1.406
588000.SH,20201214,1.413
588000.SH,20201211,1.396
588000.SH,20201210,1.383
588000.SH,20201209,1.38
588000.SH,20201208,1.408
588000.SH,20201207,1.412
588000.SH,20201204,1.411
588000.SH,20201203,1.417
588000.SH,20201202,1.414
588000.SH,20201201,1.409
588000.SH,20201130,1.391
588000.SH,20201127,1.392
588000.SH,20201126,1.39
588000.SH,20201125,1.393
588000.SH,20201124,1.416
588000.SH,20201123,1.422
588000.SH,20201120,1.435
588000.SH,20201119,1.438
588000.SH,20201118,1.424
588000.SH,20201117,1.436
588000.SH,20201116,1.465
588000.SH,20251231,1.417
588000.SH,20251230,1.433
588000.SH,20251229,1.417
588000.SH,20251226,1.419
588000.SH,20251225,1.422
588000.SH,20251224,1.423
588000.SH,20251223,1.41
588000.SH,20251222,1.405
588000.SH,20251219,1.38
588000.SH,20251218,1.376
588000.SH,20251217,1.396
588000.SH,20251216,1.361
588000.SH,20251215,1.389
588000.SH,20251212,1.418
588000.SH,20251211,1.392
588000.SH,20251210,1.415
588000.SH,20251209,1.414
588000.SH,20251208,1.42
588000.SH,20251205,1.394
588000.SH,20251204,1.394
588000.SH,20251203,1.375
588000.SH,20251202,1.387
588000.SH,20251201,1.404
588000.SH,20251128,1.393
588000.SH,20251127,1.379
588000.SH,20251126,1.382
588000.SH,20251125,1.369
588000.SH,20251124,1.36
588000.SH,20251121,1.351
588000.SH,20251120,1.396
588000.SH,20251119,1.413
588000.SH,20251118,1.427
588000.SH,20251117,1.422
588000.SH,20251114,1.431
588000.SH,20251113,1.469
588000.SH,20251112,1.449
588000.SH,20251111,1.457
588000.SH,20251110,1.478
588000.SH,20251107,1.487
588000.SH,20251106,1.509
588000.SH,20251105,1.46
588000.SH,20251104,1.455
588000.SH,20251103,1.47
588000.SH,20251031,1.488
588000.SH,20251030,1.535
588000.SH,20251029,1.565
588000.SH,20251028,1.545
588000.SH,20251027,1.558
588000.SH,20251024,1.535
588000.SH,20251023,1.473
588000.SH,20251022,1.476
588000.SH,20251021,1.477
588000.SH,20251020,1.437
588000.SH,20251017,1.433
588000.SH,20251016,1.487
588000.SH,20251015,1.501
588000.SH,20251014,1.481
588000.SH,20251013,1.546
588000.SH,20251010,1.528
588000.SH,20251009,1.618
588000.SH,20250930,1.57
588000.SH,20250929,1.543
588000.SH,20250926,1.524
588000.SH,20250925,1.548
588000.SH,20250924,1.53
588000.SH,20250923,1.475
588000.SH,20250922,1.479
588000.SH,20250919,1.431
588000.SH,20250918,1.45
588000.SH,20250917,1.44
588000.SH,20250916,1.426
588000.SH,20250915,1.409
588000.SH,20250912,1.406
588000.SH,20250911,1.393
588000.SH,20250910,1.321
588000.SH,20250909,1.307
588000.SH,20250908,1.328
588000.SH,20250905,1.326
588000.SH,20250904,1.282
588000.SH,20250903,1.365
588000.SH,20250902,1.394
588000.SH,20250901,1.431
588000.SH,20250829,1.412
588000.SH,20250828,1.433
588000.SH,20250827,1.337
588000.SH,20250826,1.336
588000.SH,20250825,1.356
588000.SH,20250822,1.323
588000.SH,20250821,1.208
588000.SH,20250820,1.208
588000.SH,20250819,1.17
588000.SH,20250818,1.183
588000.SH,20250815,1.158
588000.SH,20250814,1.142
588000.SH,20250813,1.133
588000.SH,20250812,1.124
588000.SH,20250811,1.103
588000.SH,20250808,1.096
588000.SH,20250807,1.112
588000.SH,20250806,1.113
588000.SH,20250805,1.109
588000.SH,20250804,1.104
588000.SH,20250801,1.091
588000.SH,20250731,1.101
588000.SH,20250730,1.112
588000.SH,20250729,1.125
588000.SH,20250728,1.11
588000.SH,20250725,1.109
588000.SH,20250724,1.086
588000.SH,20250723,1.074
588000.SH,20250722,1.069
588000.SH,20250721,1.061
588000.SH,20250718,1.06
588000.SH,20250717,1.057
588000.SH,20250716,1.049
588000.SH,20250715,1.048
588000.SH,20250714,1.046
588000.SH,20250711,1.047
588000.SH,20250710,1.033
588000.SH,20250709,1.036
588000.SH,20250708,1.044
588000.SH,20250707,1.029
588000.SH,20250704,1.035
588000.SH,20250703,1.036
588000.SH,20250702,1.035
588000.SH,20250701,1.048
588000.SH,20250630,1.056
588000.SH,20250627,1.041
588000.SH,20250626,1.041
588000.SH,20250625,1.048
588000.SH,20250624,1.029
588000.SH,20250623,1.012
588000.SH,20250620,1.006
588000.SH,20250619,1.012
588000.SH,20250618,1.018
588000.SH,20250617,1.012
588000.SH,20250616,1.021
588000.SH,20250613,1.022
588000.SH,20250612,1.027
588000.SH,20250611,1.031
588000.SH,20250610,1.032
588000.SH,20250609,1.053
588000.SH,20250606,1.047
588000.SH,20250605,1.051
588000.SH,20250604,1.04
588000.SH,20250603,1.034
588000.SH,20250530,1.03
588000.SH,20250529,1.04
588000.SH,20250528,1.023
588000.SH,20250527,1.028
588000.SH,20250526,1.035
588000.SH,20250523,1.03
588000.SH,20250522,1.039
588000.SH,20250521,1.045
588000.SH,20250520,1.048
588000.SH,20250519,1.045
588000.SH,20250516,1.044
588000.SH,20250515,1.05
588000.SH,20250514,1.065
588000.SH,20250513,1.06
588000.SH,20250512,1.063
588000.SH,20250509,1.056
588000.SH,20250508,1.077
588000.SH,20250507,1.081
588000.SH,20250506,1.078
588000.SH,20250430,1.062
588000.SH,20250429,1.053
588000.SH,20250428,1.051
588000.SH,20250425,1.054
588000.SH,20250424,1.052
588000.SH,20250423,1.063
588000.SH,20250422,1.066
588000.SH,20250421,1.07
588000.SH,20250418,1.059
588000.SH,20250417,1.066
588000.SH,20250416,1.061
588000.SH,20250415,1.054
588000.SH,20250414,1.064
588000.SH,20250411,1.061
588000.SH,20250410,1.042
588000.SH,20250409,1.028
588000.SH,20250408,0.986
588000.SH,20250407,0.97
588000.SH,20250403,1.068
588000.SH,20250402,1.074
588000.SH,20250401,1.076
588000.SH,20250331,1.074
588000.SH,20250328,1.081
588000.SH,20250327,1.092
588000.SH,20250326,1.081
588000.SH,20250325,1.083
588000.SH,20250324,1.101
588000.SH,20250321,1.095
588000.SH,20250320,1.119
588000.SH,20250319,1.131
588000.SH,20250318,1.146
588000.SH,20250317,1.14
588000.SH,20250314,1.146
588000.SH,20250313,1.126
588000.SH,20250312,1.15
588000.SH,20250311,1.158
588000.SH,20250310,1.163
588000.SH,20250307,1.167
588000.SH,20250306,1.181
588000.SH,20250305,1.142
588000.SH,20250304,1.139
588000.SH,20250303,1.119
588000.SH,20250228,1.133
588000.SH,20250227,1.185
588000.SH,20250226,1.186
588000.SH,20250225,1.162
588000.SH,20250224,1.161
588000.SH,20250221,1.157
588000.SH,20250220,1.091
588000.SH,20250219,1.092
588000.SH,20250218,1.066
588000.SH,20250217,1.093
588000.SH,20250214,1.078
588000.SH,20250213,1.073
588000.SH,20250212,1.099
588000.SH,20250211,1.08
588000.SH,20250210,1.094
588000.SH,20250207,1.076
588000.SH,20250206,1.067
588000.SH,20250205,1.037
588000.SH,20250127,1.009
588000.SH,20250124,1.029
588000.SH,20250123,1.021
588000.SH,20250122,1.029
588000.SH,20250121,1.031
588000.SH,20250120,1.022
588000.SH,20250117,1.02
588000.SH,20250116,1.011
588000.SH,20250115,1.032
588000.SH,20250114,1.037
588000.SH,20250113,1.005
588000.SH,20250110,1.005
588000.SH,20250109,1.015
588000.SH,20250108,1.017
588000.SH,20250107,1.018
588000.SH,20250106,0.989
588000.SH,20250103,0.993
588000.SH,20250102,1.009
588000.SH,20241231,1.045
588000.SH,20241230,1.077
588000.SH,20241227,1.074
588000.SH,20241226,1.081
588000.SH,20241225,1.072
588000.SH,20241224,1.069
588000.SH,20241223,1.052
588000.SH,20241220,1.065
588000.SH,20241219,1.045
588000.SH,20241218,1.033
588000.SH,20241217,1.019
588000.SH,20241216,1.025
588000.SH,20241213,1.042
588000.SH,20241212,1.063
588000.SH,20241211,1.059
588000.SH,20241210,1.063
588000.SH,20241209,1.054
588000.SH,20241206,1.067
588000.SH,20241205,1.053
588000.SH,20241204,1.05
588000.SH,20241203,1.057
588000.SH,20241202,1.068
588000.SH,20241129,1.06
588000.SH,20241128,1.034
588000.SH,20241127,1.038
588000.SH,20241126,1.002
588000.SH,20241125,1.008
588000.SH,20241122,1.022
588000.SH,20241121,1.064
588000.SH,20241120,1.055
588000.SH,20241119,1.052
588000.SH,20241118,1.02
588000.SH,20241115,1.04
588000.SH,20241114,1.08
588000.SH,20241113,1.116
588000.SH,20241112,1.105
588000.SH,20241111,1.13
588000.SH,20241108,1.081
588000.SH,20241107,1.087
588000.SH,20241106,1.053
588000.SH,20241105,1.05
588000.SH,20241104,1.004
588000.SH,20241101,0.99
588000.SH,20241031,1.02
588000.SH,20241030,1.008
588000.SH,20241029,1.028
588000.SH,20241028,1.039
588000.SH,20241025,1.045
588000.SH,20241024,1.029
588000.SH,20241023,1.032
588000.SH,20241022,1.037
588000.SH,20241021,1.05
588000.SH,20241018,1.041
588000.SH,20241017,0.926
588000.SH,20241016,0.923
588000.SH,20241015,0.946
588000.SH,20241014,0.974
588000.SH,20241011,0.951
588000.SH,20241010,1.026
588000.SH,20241009,1.096
588000.SH,20241008,1.14
588000.SH,20240930,0.95
588000.SH,20240927,0.792
588000.SH,20240926,0.728
588000.SH,20240925,0.7
588000.SH,20240924,0.699
588000.SH,20240923,0.674
588000.SH,20240920,0.678
588000.SH,20240919,0.683
588000.SH,20240918,0.678
588000.SH,20240913,0.683
588000.SH,20240912,0.69
588000.SH,20240911,0.695
588000.SH,20240910,0.692
588000.SH,20240909,0.687
588000.SH,20240906,0.696
588000.SH,20240905,0.705
588000.SH,20240904,0.705
588000.SH,20240903,0.708
588000.SH,20240902,0.703
588000.SH,20240830,0.728
588000.SH,20240829,0.713
588000.SH,20240828,0.704
588000.SH,20240827,0.708
588000.SH,20240826,0.715
588000.SH,20240823,0.72
588000.SH,20240822,0.719
588000.SH,20240821,0.726
588000.SH,20240820,0.728
588000.SH,20240819,0.739
588000.SH,20240816,0.74
588000.SH,20240815,0.743
588000.SH,20240814,0.736
588000.SH,20240813,0.746
588000.SH,20240812,0.742
588000.SH,20240809,0.742
588000.SH,20240808,0.745
588000.SH,20240807,0.742
588000.SH,20240806,0.748
588000.SH,20240805,0.738
588000.SH,20240802,0.762
588000.SH,20240801,0.774
588000.SH,20240731,0.778
588000.SH,20240730,0.743
588000.SH,20240729,0.74
588000.SH,20240726,0.753
588000.SH,20240725,0.748
588000.SH,20240724,0.746
588000.SH,20240723,0.756
588000.SH,20240722,0.787
588000.SH,20240719,0.784
588000.SH,20240718,0.769
588000.SH,20240717,0.762
588000.SH,20240716,0.764
588000.SH,20240715,0.748
588000.SH,20240712,0.752
588000.SH,20240711,0.751
588000.SH,20240710,0.743
588000.SH,20240709,0.742
588000.SH,20240708,0.724
588000.SH,20240705,0.731
588000.SH,20240704,0.723
588000.SH,20240703,0.734
588000.SH,20240702,0.732
588000.SH,20240701,0.743
588000.SH,20240628,0.745
588000.SH,20240627,0.75
588000.SH,20240626,0.764
588000.SH,20240625,0.751
588000.SH,20240624,0.774
588000.SH,20240621,0.795
588000.SH,20240620,0.791
588000.SH,20240619,0.787
588000.SH,20240618,0.794
588000.SH,20240617,0.794
588000.SH,20240614,0.791
588000.SH,20240613,0.796
588000.SH,20240612,0.793
588000.SH,20240611,0.794
588000.SH,20240607,0.775
588000.SH,20240606,0.779
588000.SH,20240605,0.788
588000.SH,20240604,0.789
588000.SH,20240603,0.785
588000.SH,20240531,0.778
588000.SH,20240530,0.777
588000.SH,20240529,0.769
588000.SH,20240528,0.769
588000.SH,20240527,0.772
588000.SH,20240524,0.761
588000.SH,20240523,0.777
588000.SH,20240522,0.789
588000.SH,20240521,0.783
588000.SH,20240520,0.789
588000.SH,20240517,0.79
588000.SH,20240516,0.781
588000.SH,20240515,0.784
588000.SH,20240514,0.796
588000.SH,20240513,0.798
588000.SH,20240510,0.804
588000.SH,20240509,0.815
588000.SH,20240508,0.797
588000.SH,20240507,0.806
588000.SH,20240506,0.813
588000.SH,20240430,0.804
588000.SH,20240429,0.812
588000.SH,20240426,0.787
588000.SH,20240425,0.768
588000.SH,20240424,0.773
588000.SH,20240423,0.763
588000.SH,20240422,0.766
588000.SH,20240419,0.765
588000.SH,20240418,0.781
588000.SH,20240417,0.785
588000.SH,20240416,0.768
588000.SH,20240415,0.785
588000.SH,20240412,0.773
588000.SH,20240411,0.774
588000.SH,20240410,0.773
588000.SH,20240409,0.785
588000.SH,20240408,0.778
588000.SH,20240403,0.794
588000.SH,20240402,0.806
588000.SH,20240401,0.813
588000.SH,20240329,0.8
588000.SH,20240328,0.799
588000.SH,20240327,0.789
588000.SH,20240326,0.81
588000.SH,20240325,0.82
588000.SH,20240322,0.832
588000.SH,20240321,0.846
588000.SH,20240320,0.854
588000.SH,20240319,0.852
588000.SH,20240318,0.864
588000.SH,20240315,0.847
588000.SH,20240314,0.842
588000.SH,20240313,0.853
588000.SH,20240312,0.856
588000.SH,20240311,0.857
588000.SH,20240308,0.841
588000.SH,20240307,0.832
588000.SH,20240306,0.85
588000.SH,20240305,0.857
588000.SH,20240304,0.856
588000.SH,20240301,0.855
588000.SH,20240229,0.847
588000.SH,20240228,0.808
588000.SH,20240227,0.836
588000.SH,20240226,0.806
588000.SH,20240223,0.801
588000.SH,20240222,0.799
588000.SH,20240221,0.791
588000.SH,20240220,0.79
588000.SH,20240219,0.798
588000.SH,20240208,0.786
588000.SH,20240207,0.777
588000.SH,20240206,0.757
588000.SH,20240205,0.709
588000.SH,20240202,0.707
588000.SH,20240201,0.726
588000.SH,20240131,0.722
588000.SH,20240130,0.735
588000.SH,20240129,0.764
588000.SH,20240126,0.785
588000.SH,20240125,0.804
588000.SH,20240124,0.788
588000.SH,20240123,0.786
588000.SH,20240122,0.776
588000.SH,20240119,0.803
588000.SH,20240118,0.806
588000.SH,20240117,0.795
588000.SH,20240116,0.817
588000.SH,20240115,0.813
588000.SH,20240112,0.818
588000.SH,20240111,0.829
588000.SH,20240110,0.818
588000.SH,20240109,0.824
588000.SH,20240108,0.824
588000.SH,20240105,0.849
588000.SH,20240104,0.866
588000.SH,20240103,0.874
588000.SH,20240102,0.886
588000.SH,20231229,0.897
588000.SH,20231228,0.894
588000.SH,20231227,0.873
588000.SH,20231226,0.868
588000.SH,20231225,0.883
588000.SH,20231222,0.888
588000.SH,20231221,0.893
588000.SH,20231220,0.881
588000.SH,20231219,0.892
588000.SH,20231218,0.886
588000.SH,20231215,0.895
588000.SH,20231214,0.902
588000.SH,20231213,0.907
588000.SH,20231212,0.917
588000.SH,20231211,0.923
588000.SH,20231208,0.91
588000.SH,20231207,0.891
588000.SH,20231206,0.892
588000.SH,20231205,0.89
588000.SH,20231204,0.906
588000.SH,20231201,0.91
588000.SH,20231130,0.907
588000.SH,20231129,0.906
588000.SH,20231128,0.913
588000.SH,20231127,0.909
588000.SH,20231124,0.906
588000.SH,20231123,0.918
588000.SH,20231122,0.913
588000.SH,20231121,0.927
588000.SH,20231120,0.934
588000.SH,20231117,0.932
588000.SH,20231116,0.928
588000.SH,20231115,0.942
588000.SH,20231114,0.946
588000.SH,20231113,0.937
588000.SH,20231110,0.931
588000.SH,20231109,0.937
588000.SH,20231108,0.943
588000.SH,20231107,0.935
588000.SH,20231106,0.934
588000.SH,20231103,0.918
588000.SH,20231102,0.903
588000.SH,20231101,0.913
588000.SH,20231031,0.917
588000.SH,20231030,0.92
588000.SH,20231027,0.906
588000.SH,20231026,0.892
588000.SH,20231025,0.891
588000.SH,20231024,0.893
588000.SH,20231023,0.883
588000.SH,20231020,0.904
588000.SH,20231019,0.911
588000.SH,20231018,0.913
588000.SH,20231017,0.924
588000.SH,20231016,0.916
588000.SH,20231013,0.934
588000.SH,20231012,0.943
588000.SH,20231011,0.937
588000.SH,20231010,0.924
588000.SH,20231009,0.93
588000.SH,20230928,0.932
588000.SH,20230927,0.925
588000.SH,20230926,0.92
588000.SH,20230925,0.919
588000.SH,20230922,0.927
588000.SH,20230921,0.904
588000.SH,20230920,0.908
588000.SH,20230919,0.917
588000.SH,20230918,0.923
588000.SH,20230915,0.929
588000.SH,20230914,0.925
588000.SH,20230913,0.932
588000.SH,20230912,0.945
588000.SH,20230911,0.951
588000.SH,20230908,0.944
588000.SH,20230907,0.942
588000.SH,20230906,0.979
588000.SH,20230905,0.975
588000.SH,20230904,0.989
588000.SH,20230901,0.98
588000.SH,20230831,0.987
588000.SH,20230830,0.988
588000.SH,20230829,0.97
588000.SH,20230828,0.922
588000.SH,20230825,0.912
588000.SH,20230824,0.929
588000.SH,20230823,0.922
588000.SH,20230822,0.946
588000.SH,20230821,0.936
588000.SH,20230818,0.95
588000.SH,20230817,0.954
588000.SH,20230816,0.944
588000.SH,20230815,0.96
588000.SH,20230814,0.974
588000.SH,20230811,0.983
588000.SH,20230810,1.003
588000.SH,20230809,1.001
588000.SH,20230808,1.01
588000.SH,20230807,1.014
588000.SH,20230804,1.021
588000.SH,20230803,1.015
588000.SH,20230802,1.012
588000.SH,20230801,1.014
588000.SH,20230731,1.015
588000.SH,20230728,1.007
588000.SH,20230727,0.997
588000.SH,20230726,1.006
588000.SH,20230725,1.009
588000.SH,20230724,0.995
588000.SH,20230721,1.0
588000.SH,20230720,1.007
588000.SH,20230719,1.019
588000.SH,20230718,1.025
588000.SH,20230717,1.028
588000.SH,20230714,1.036
588000.SH,20230713,1.039
588000.SH,20230712,1.03
588000.SH,20230711,1.046
588000.SH,20230710,1.039
588000.SH,20230707,1.037
588000.SH,20230706,1.048
588000.SH,20230705,1.051
588000.SH,20230704,1.061
588000.SH,20230703,1.055
588000.SH,20230630,1.052
588000.SH,20230629,1.047
588000.SH,20230628,1.055
588000.SH,20230627,1.06
588000.SH,20230626,1.057
588000.SH,20230621,1.066
588000.SH,20230620,1.101
588000.SH,20230619,1.1
588000.SH,20230616,1.098
588000.SH,20230615,1.08
588000.SH,20230614,1.08
588000.SH,20230613,1.084
588000.SH,20230612,1.071
588000.SH,20230609,1.077
588000.SH,20230608,1.053
588000.SH,20230607,1.065
588000.SH,20230606,1.067
588000.SH,20230605,1.096
588000.SH,20230602,1.1
588000.SH,20230601,1.1
588000.SH,20230531,1.097
588000.SH,20230530,1.09
588000.SH,20230529,1.072
588000.SH,20230526,1.082
588000.SH,20230525,1.065
588000.SH,20230524,1.055
588000.SH,20230523,1.06
588000.SH,20230522,1.075
588000.SH,20230519,1.084
588000.SH,20230518,1.078
588000.SH,20230517,1.072
588000.SH,20230516,1.068
588000.SH,20230515,1.067
588000.SH,20230512,1.056
588000.SH,20230511,1.07
588000.SH,20230510,1.069
588000.SH,20230509,1.078
588000.SH,20230508,1.102
588000.SH,20230505,1.093
588000.SH,20230504,1.109
588000.SH,20230428,1.133
588000.SH,20230427,1.112
588000.SH,20230426,1.116
588000.SH,20230425,1.12
588000.SH,20230424,1.142
588000.SH,20230421,1.164
588000.SH,20230420,1.211
588000.SH,20230419,1.178
588000.SH,20230418,1.172
588000.SH,20230417,1.186
588000.SH,20230414,1.182
588000.SH,20230413,1.143
588000.SH,20230412,1.173
588000.SH,20230411,1.165
588000.SH,20230410,1.172
588000.SH,20230407,1.207
588000.SH,20230406,1.193
588000.SH,20230404,1.172
588000.SH,20230403,1.169
588000.SH,20230331,1.124
588000.SH,20230330,1.108
588000.SH,20230329,1.103
588000.SH,20230328,1.08
588000.SH,20230327,1.098
588000.SH,20230324,1.104
588000.SH,20230323,1.099
588000.SH,20230322,1.074
588000.SH,20230321,1.07
588000.SH,20230320,1.068
588000.SH,20230317,1.056
588000.SH,20230316,1.032
588000.SH,20230315,1.048
588000.SH,20230314,1.055
588000.SH,20230313,1.04
588000.SH,20230310,1.037
588000.SH,20230309,1.041
588000.SH,20230308,1.038
588000.SH,20230307,1.034
588000.SH,20230306,1.053
588000.SH,20230303,1.043
588000.SH,20230302,1.032
588000.SH,20230301,1.038
588000.SH,20230228,1.033
588000.SH,20230227,1.028
588000.SH,20230224,1.033
588000.SH,20230223,1.035
588000.SH,20230222,1.032
588000.SH,20230221,1.038
588000.SH,20230220,1.042
588000.SH,20230217,1.029
588000.SH,20230216,1.049
588000.SH,20230215,1.067
588000.SH,20230214,1.065
588000.SH,20230213,1.069
588000.SH,20230210,1.068
588000.SH,20230209,1.082
588000.SH,20230208,1.054
588000.SH,20230207,1.063
588000.SH,20230206,1.068
588000.SH,20230203,1.078
588000.SH,20230202,1.075
588000.SH,20230201,1.071
588000.SH,20230131,1.058
588000.SH,20230130,1.074
588000.SH,20230120,1.073
588000.SH,20230119,1.068
588000.SH,20230118,1.05
588000.SH,20230117,1.045
588000.SH,20230116,1.035
588000.SH,20230113,1.017
588000.SH,20230112,1.016
588000.SH,20230111,1.014
588000.SH,20230110,1.032
588000.SH,20230109,1.032
588000.SH,20230106,1.032
588000.SH,20230105,1.026
588000.SH,20230104,1.016
588000.SH,20230103,1.023
588000.SH,20221230,1.003
588000.SH,20221229,1.004
588000.SH,20221228,0.998
588000.SH,20221227,1.004
588000.SH,20221226,0.992
588000.SH,20221223,0.962
588000.SH,20221222,0.971
588000.SH,20221221,0.981
588000.SH,20221220,0.994
588000.SH,20221219,0.996
588000.SH,20221216,1.02
588000.SH,20221215,1.033
588000.SH,20221214,1.026
588000.SH,20221213,1.031
588000.SH,20221212,1.048
588000.SH,20221209,1.044
588000.SH,20221208,1.044
588000.SH,20221207,1.046
588000.SH,20221206,1.049
588000.SH,20221205,1.051
588000.SH,20221202,1.054
588000.SH,20221201,1.054
588000.SH,20221130,1.041
588000.SH,20221129,1.048
588000.SH,20221128,1.038
588000.SH,20221125,1.045
588000.SH,20221124,1.06
588000.SH,20221123,1.063
588000.SH,20221122,1.061
588000.SH,20221121,1.079
588000.SH,20221118,1.076
588000.SH,20221117,1.088
588000.SH,20221116,1.081
588000.SH,20221115,1.1
588000.SH,20221114,1.071
588000.SH,20221111,1.069
588000.SH,20221110,1.067
588000.SH,20221109,1.085
588000.SH,20221108,1.098
588000.SH,20221107,1.108
588000.SH,20221104,1.121
588000.SH,20221103,1.096
588000.SH,20221102,1.084
588000.SH,20221101,1.071
588000.SH,20221031,1.06
588000.SH,20221028,1.038
588000.SH,20221027,1.048
588000.SH,20221026,1.051
588000.SH,20221025,1.016
588000.SH,20221024,1.012
588000.SH,20221021,1.012
588000.SH,20221020,1.006
588000.SH,20221019,0.993
588000.SH,20221018,1.002
588000.SH,20221017,1.005
588000.SH,20221014,0.998
588000.SH,20221013,0.969
588000.SH,20221012,0.967
588000.SH,20221011,0.932
588000.SH,20221010,0.937
588000.SH,20220930,0.981
588000.SH,20220929,1.004
588000.SH,20220928,0.999
588000.SH,20220927,1.019
588000.SH,20220926,1.004
588000.SH,20220923,1.006
588000.SH,20220922,1.021
588000.SH,20220921,1.016
588000.SH,20220920,1.028
588000.SH,20220919,1.021
588000.SH,20220916,1.045
588000.SH,20220915,1.046
588000.SH,20220914,1.08
588000.SH,20220913,1.078
588000.SH,20220909,1.083
588000.SH,20220908,1.092
588000.SH,20220907,1.102
588000.SH,20220906,1.087
588000.SH,20220905,1.074
588000.SH,20220902,1.079
588000.SH,20220901,1.076
588000.SH,20220831,1.077
588000.SH,20220830,1.098
588000.SH,20220829,1.102
588000.SH,20220826,1.095
588000.SH,20220825,1.106
588000.SH,20220824,1.119
588000.SH,20220823,1.159
588000.SH,20220822,1.158
588000.SH,20220819,1.161
588000.SH,20220818,1.2
588000.SH,20220817,1.186
588000.SH,20220816,1.19
588000.SH,20220815,1.195
588000.SH,20220812,1.201
588000.SH,20220811,1.229
588000.SH,20220810,1.208
588000.SH,20220809,1.218
588000.SH,20220808,1.206
588000.SH,20220805,1.216
588000.SH,20220804,1.167
588000.SH,20220803,1.152
588000.SH,20220802,1.149
588000.SH,20220801,1.154
588000.SH,20220729,1.139
588000.SH,20220728,1.161
588000.SH,20220727,1.147
588000.SH,20220726,1.133
588000.SH,20220725,1.124
588000.SH,20220722,1.133
588000.SH,20220721,1.142
588000.SH,20220720,1.128
588000.SH,20220719,1.11
588000.SH,20220718,1.119
588000.SH,20220715,1.121
588000.SH,20220714,1.125
588000.SH,20220713,1.099
588000.SH,20220712,1.096
588000.SH,20220711,1.129
588000.SH,20220708,1.153
588000.SH,20220707,1.161
588000.SH,20220706,1.15
588000.SH,20220705,1.139
588000.SH,20220704,1.142
588000.SH,20220701,1.142
588000.SH,20220630,1.155
588000.SH,20220629,1.14
588000.SH,20220628,1.168
588000.SH,20220627,1.152
588000.SH,20220624,1.152
588000.SH,20220623,1.132
588000.SH,20220622,1.11
588000.SH,20220621,1.131
588000.SH,20220620,1.143
588000.SH,20220617,1.143
588000.SH,20220616,1.126
588000.SH,20220615,1.111
588000.SH,20220614,1.117
588000.SH,20220613,1.134
588000.SH,20220610,1.149
588000.SH,20220609,1.128
588000.SH,20220608,1.158
588000.SH,20220607,1.16
588000.SH,20220606,1.169
588000.SH,20220602,1.126
588000.SH,20220601,1.078
588000.SH,20220531,1.078
588000.SH,20220530,1.044
588000.SH,20220527,1.036
588000.SH,20220526,1.048
588000.SH,20220525,1.049
588000.SH,20220524,1.041
588000.SH,20220523,1.089
588000.SH,20220520,1.089
588000.SH,20220519,1.08
588000.SH,20220518,1.057
588000.SH,20220517,1.052
588000.SH,20220516,1.038
588000.SH,20220513,1.055
588000.SH,20220512,1.056
588000.SH,20220511,1.045
588000.SH,20220510,1.014
588000.SH,20220509,0.987
588000.SH,20220506,0.984
588000.SH,20220505,0.994
588000.SH,20220429,0.986
588000.SH,20220428,0.941
588000.SH,20220427,0.945
588000.SH,20220426,0.909
588000.SH,20220425,0.924
588000.SH,20220422,0.983
588000.SH,20220421,1.001
588000.SH,20220420,1.013
588000.SH,20220419,1.03
588000.SH,20220418,1.047
588000.SH,20220415,1.017
588000.SH,20220414,1.017
588000.SH,20220413,1.006
588000.SH,20220412,1.038
588000.SH,20220411,1.032
588000.SH,20220408,1.072
588000.SH,20220407,1.081
588000.SH,20220406,1.103
588000.SH,20220401,1.135
588000.SH,20220331,1.137
588000.SH,20220330,1.158
588000.SH,20220329,1.125
588000.SH,20220328,1.136
588000.SH,20220325,1.153
588000.SH,20220324,1.182
588000.SH,20220323,1.191
588000.SH,20220322,1.181
588000.SH,20220321,1.2
588000.SH,20220318,1.19
588000.SH,20220317,1.189
588000.SH,20220316,1.172
588000.SH,20220315,1.142
588000.SH,20220314,1.174
588000.SH,20220311,1.212
588000.SH,20220310,1.201
588000.SH,20220309,1.184
588000.SH,20220308,1.183
588000.SH,20220307,1.217
588000.SH,20220304,1.254
588000.SH,20220303,1.26
588000.SH,20220302,1.281
588000.SH,20220301,1.29
588000.SH,20220228,1.297
588000.SH,20220225,1.29
588000.SH,20220224,1.266
588000.SH,20220223,1.279
588000.SH,20220222,1.231
588000.SH,20220221,1.241
588000.SH,20220218,1.252
588000.SH,20220217,1.255
588000.SH,20220216,1.245
588000.SH,20220215,1.25
588000.SH,20220214,1.22
588000.SH,20220211,1.217
588000.SH,20220210,1.238
588000.SH,20220209,1.26
588000.SH,20220208,1.256
588000.SH,20220207,1.284
588000.SH,20220128,1.283
588000.SH,20220127,1.291
588000.SH,20220126,1.326
588000.SH,20220125,1.327
588000.SH,20220124,1.362
588000.SH,20220121,1.344
588000.SH,20220120,1.362
588000.SH,20220119,1.378
588000.SH,20220118,1.395
588000.SH,20220117,1.391
588000.SH,20220114,1.366
588000.SH,20220113,1.348
588000.SH,20220112,1.366
588000.SH,20220111,1.344
588000.SH,20220110,1.372
588000.SH,20220107,1.358
588000.SH,20220106,1.375
588000.SH,20220105,1.384
588000.SH,20220104,1.42
588000.SH,20260731,1.728
588000.SH,20260730,1.669
588000.SH,20260729,1.776
588000.SH,20260728,1.785
588000.SH,20260727,1.911
588000.SH,20260724,1.885
588000.SH,20260723,1.888
588000.SH,20260722,1.955
588000.SH,20260721,2.016
588000.SH,20260720,1.815
588000.SH,20260717,1.807
588000.SH,20260716,1.945
588000.SH,20260715,2.028
588000.SH,20260714,2.125
588000.SH,20260713,2.1
588000.SH,20260710,2.209
588000.SH,20260709,2.328
588000.SH,20260708,2.145
588000.SH,20260707,2.126
588000.SH,20260706,2.116
588000.SH,20260703,2.102
588000.SH,20260702,2.119
588000.SH,20260701,2.29
588000.SH,20260630,2.344
588000.SH,20260629,2.248
588000.SH,20260626,2.133
588000.SH,20260625,2.178
588000.SH,20260624,2.096
588000.SH,20260623,2.023
588000.SH,20260622,2.056
588000.SH,20260618,2.017
588000.SH,20260617,1.939
588000.SH,20260616,1.855
588000.SH,20260615,1.844
588000.SH,20260612,1.756
588000.SH,20260611,1.756
588000.SH,20260610,1.744
588000.SH,20260609,1.755
588000.SH,20260608,1.683
588000.SH,20260605,1.763
588000.SH,20260604,1.832
588000.SH,20260603,1.823
588000.SH,20260602,1.781
588000.SH,20260601,1.754
588000.SH,20260529,1.844
588000.SH,20260528,1.942
588000.SH,20260527,1.911
588000.SH,20260526,1.968
588000.SH,20260525,1.998
588000.SH,20260522,1.887
588000.SH,20260521,1.86
588000.SH,20260520,1.931
588000.SH,20260519,1.871
588000.SH,20260518,1.803
588000.SH,20260515,1.787
588000.SH,20260514,1.815
588000.SH,20260513,1.865
588000.SH,20260512,1.816
588000.SH,20260511,1.811
588000.SH,20260508,1.727
588000.SH,20260507,1.769
588000.SH,20260506,1.744
588000.SH,20260430,1.654
588000.SH,20260429,1.575
588000.SH,20260428,1.568
588000.SH,20260427,1.591
588000.SH,20260424,1.531
588000.SH,20260423,1.508
588000.SH,20260422,1.529
588000.SH,20260421,1.504
588000.SH,20260420,1.527
588000.SH,20260417,1.499
588000.SH,20260416,1.498
588000.SH,20260415,1.482
588000.SH,20260414,1.479
588000.SH,20260413,1.448
588000.SH,20260410,1.437
588000.SH,20260409,1.415
588000.SH,20260408,1.425
588000.SH,20260407,1.342
588000.SH,20260403,1.324
588000.SH,20260402,1.33
588000.SH,20260401,1.369
588000.SH,20260331,1.324
588000.SH,20260330,1.359
588000.SH,20260327,1.37
588000.SH,20260326,1.357
588000.SH,20260325,1.385
588000.SH,20260324,1.359
588000.SH,20260323,1.329
588000.SH,20260320,1.388
588000.SH,20260319,1.411
588000.SH,20260318,1.445
588000.SH,20260317,1.428
588000.SH,20260316,1.458
588000.SH,20260313,1.45
588000.SH,20260312,1.456
588000.SH,20260311,1.477
588000.SH,20260310,1.495
588000.SH,20260309,1.465
588000.SH,20260306,1.491
588000.SH,20260305,1.482
588000.SH,20260304,1.459
588000.SH,20260303,1.464
588000.SH,20260302,1.544
588000.SH,20260227,1.566
588000.SH,20260226,1.564
588000.SH,20260225,1.552
588000.SH,20260224,1.543
588000.SH,20260213,1.548
588000.SH,20260212,1.559
588000.SH,20260211,1.533
588000.SH,20260210,1.55
588000.SH,20260209,1.535
588000.SH,20260206,1.499
588000.SH,20260205,1.508
588000.SH,20260204,1.531
588000.SH,20260203,1.548
588000.SH,20260202,1.528
588000.SH,20260130,1.588
588000.SH,20260129,1.589
588000.SH,20260128,1.635
588000.SH,20260127,1.64
588000.SH,20260126,1.615
588000.SH,20260123,1.635
588000.SH,20260122,1.622
588000.SH,20260121,1.616
588000.SH,20260120,1.56
588000.SH,20260119,1.586
588000.SH,20260116,1.593
588000.SH,20260115,1.573
588000.SH,20260114,1.579
588000.SH,20260113,1.549
588000.SH,20260112,1.594
588000.SH,20260109,1.554
588000.SH,20260108,1.531
588000.SH,20260107,1.52
588000.SH,20260106,1.505
588000.SH,20260105,1.479
512100.SH,20211231,1.166
512100.SH,20211230,1.152
512100.SH,20211229,1.143
512100.SH,20211228,1.143
512100.SH,20211227,1.132
512100.SH,20211224,1.132
512100.SH,20211223,1.151
512100.SH,20211222,1.151
512100.SH,20211221,1.142
512100.SH,20211220,1.128
512100.SH,20211217,1.147
512100.SH,20211216,1.162
512100.SH,20211215,1.158
512100.SH,20211214,1.162
512100.SH,20211213,1.159
512100.SH,20211210,1.168
512100.SH,20211209,1.155
512100.SH,20211208,1.148
512100.SH,20211207,1.129
512100.SH,20211206,1.147
512100.SH,20211203,1.164
512100.SH,20211202,1.157
512100.SH,20211201,1.172
512100.SH,20211130,1.171
512100.SH,20211129,1.164
512100.SH,20211126,1.154
512100.SH,20211125,1.151
512100.SH,20211124,1.155
512100.SH,20211123,1.156
512100.SH,20211122,1.159
512100.SH,20211119,1.135
512100.SH,20211118,1.121
512100.SH,20211117,1.125
512100.SH,20211116,1.104
512100.SH,20211115,1.116
512100.SH,20211112,1.12
512100.SH,20211111,1.106
512100.SH,20211110,1.095
512100.SH,20211109,1.094
512100.SH,20211108,1.079
512100.SH,20211105,1.072
512100.SH,20211104,1.087
512100.SH,20211103,1.073
512100.SH,20211102,1.072
512100.SH,20211101,1.083
512100.SH,20211029,1.075
512100.SH,20211028,1.057
512100.SH,20211027,1.081
512100.SH,20211026,1.093
512100.SH,20211025,1.095
512100.SH,20211022,1.079
512100.SH,20211021,1.086
512100.SH,20211020,1.094
512100.SH,20211019,1.09
512100.SH,20211018,1.078
512100.SH,20211015,1.068
512100.SH,20211014,1.067
512100.SH,20211013,1.058
512100.SH,20211012,1.046
512100.SH,20211011,1.073
512100.SH,20211008,1.08
512100.SH,20210930,1.074
512100.SH,20210929,1.049
512100.SH,20210928,1.084
512100.SH,20210927,1.082
512100.SH,20210924,1.118
512100.SH,20210923,1.134
512100.SH,20210922,1.131
512100.SH,20210917,1.126
512100.SH,20210916,1.124
512100.SH,20210915,1.16
512100.SH,20210914,1.15
512100.SH,20210913,1.155
512100.SH,20210910,1.154
512100.SH,20210909,1.146
512100.SH,20210908,1.152
512100.SH,20210907,1.145
512100.SH,20210906,1.124
512100.SH,20210903,1.108
512100.SH,20210902,1.12
512100.SH,20210901,1.103
512100.SH,20210831,1.124
512100.SH,20210830,1.121
512100.SH,20210827,1.116
512100.SH,20210826,1.113
512100.SH,20210825,1.127
512100.SH,20210824,1.124
512100.SH,20210823,1.113
512100.SH,20210820,1.091
512100.SH,20210819,1.087
512100.SH,20210818,1.078
512100.SH,20210817,1.067
512100.SH,20210816,1.098
512100.SH,20210813,1.112
512100.SH,20210812,1.113
512100.SH,20210811,1.105
512100.SH,20210810,1.096
512100.SH,20210809,1.087
512100.SH,20210806,1.086
512100.SH,20210805,1.08
512100.SH,20210804,1.084
512100.SH,20210803,1.057
512100.SH,20210802,1.078
512100.SH,20210730,1.055
512100.SH,20210729,1.044
512100.SH,20210728,1.005
512100.SH,20210727,1.025
512100.SH,20210726,1.055
512100.SH,20210723,1.069
512100.SH,20210722,1.075
512100.SH,20210721,1.07
512100.SH,20210720,1.051
512100.SH,20210719,1.043
512100.SH,20210716,1.044
512100.SH,20210715,1.043
512100.SH,20210714,1.046
512100.SH,20210713,1.06
512100.SH,20210712,1.052
512100.SH,20210709,1.032
512100.SH,20210708,1.028
512100.SH,20210707,1.025
512100.SH,20210706,1.009
512100.SH,20210705,1.014
512100.SH,20210702,0.995
512100.SH,20210701,1.005
512100.SH,20210630,1.022
512100.SH,20210629,1.009
512100.SH,20210628,1.017
512100.SH,20210625,1.009
512100.SH,20210624,1.004
512100.SH,20210623,1.018
512100.SH,20210622,1.006
512100.SH,20210621,1.007
512100.SH,20210618,0.987
512100.SH,20210617,0.977
512100.SH,20210616,0.962
512100.SH,20210615,0.98
512100.SH,20210611,0.987
512100.SH,20210610,0.994
512100.SH,20210609,0.979
512100.SH,20210608,0.98
512100.SH,20210607,0.987
512100.SH,20210604,0.973
512100.SH,20210603,0.967
512100.SH,20210602,0.967
512100.SH,20210601,0.98
512100.SH,20210531,0.977
512100.SH,20210528,0.956
512100.SH,20210527,0.961
512100.SH,20210526,0.95
512100.SH,20210525,0.945
512100.SH,20210524,0.935
512100.SH,20210521,0.928
512100.SH,20210520,0.925
512100.SH,20210519,0.924
512100.SH,20210518,0.926
512100.SH,20210517,0.92
512100.SH,20210514,0.926
512100.SH,20210513,0.909
512100.SH,20210512,0.918
512100.SH,20210511,0.902
512100.SH,20210510,0.902
512100.SH,20210507,0.902
512100.SH,20210506,0.912
512100.SH,20210430,0.909
512100.SH,20210429,0.911
512100.SH,20210428,0.915
512100.SH,20210427,0.91
512100.SH,20210426,0.912
512100.SH,20210423,0.918
512100.SH,20210422,0.921
512100.SH,20210421,0.917
512100.SH,20210420,0.916
512100.SH,20210419,0.918
512100.SH,20210416,0.907
512100.SH,20210415,0.895
512100.SH,20210414,0.897
512100.SH,20210413,0.885
512100.SH,20210412,0.888
512100.SH,20210409,0.91
512100.SH,20210408,0.909
512100.SH,20210407,0.911
512100.SH,20210406,0.911
512100.SH,20210402,0.9
512100.SH,20210401,0.899
512100.SH,20210331,0.894
512100.SH,20210330,0.894
512100.SH,20210329,0.895
512100.SH,20210326,0.893
512100.SH,20210325,0.878
512100.SH,20210324,0.876
512100.SH,20210323,0.895
512100.SH,20210322,0.903
512100.SH,20210319,0.888
512100.SH,20210318,0.89
512100.SH,20210317,0.889
512100.SH,20210316,0.886
512100.SH,20210315,0.876
512100.SH,20210312,0.885
512100.SH,20210311,0.883
512100.SH,20210310,0.859
512100.SH,20210309,0.869
512100.SH,20210308,0.894
512100.SH,20210305,0.917
512100.SH,20210304,0.916
512100.SH,20210303,0.931
512100.SH,20210302,0.92
512100.SH,20210301,0.92
512100.SH,20210226,0.896
512100.SH,20210225,0.91
512100.SH,20210224,0.914
512100.SH,20210223,0.92
512100.SH,20210222,0.93
512100.SH,20210219,0.929
512100.SH,20210218,0.913
512100.SH,20210210,0.894
512100.SH,20210209,0.889
512100.SH,20210208,0.862
512100.SH,20210205,0.858
512100.SH,20210204,0.874
512100.SH,20210203,0.893
512100.SH,20210202,0.907
512100.SH,20210201,0.899
512100.SH,20210129,0.893
512100.SH,20210128,0.906
512100.SH,20210127,0.924
512100.SH,20210126,0.925
512100.SH,20210125,0.938
512100.SH,20210122,0.948
512100.SH,20210121,0.95
512100.SH,20210120,0.939
512100.SH,20210119,0.934
512100.SH,20210118,0.943
512100.SH,20210115,0.923
512100.SH,20210114,0.918
512100.SH,20210113,0.919
512100.SH,20210112,0.93
512100.SH,20210111,0.912
512100.SH,20210108,0.928
512100.SH,20210107,0.933
512100.SH,20210106,0.948
512100.SH,20210105,0.958
512100.SH,20210104,0.956
512100.SH,20201231,0.938
512100.SH,20201230,0.919
512100.SH,20201229,0.917
512100.SH,20201228,0.922
512100.SH,20201225,0.925
512100.SH,20201224,0.921
512100.SH,20201223,0.932
512100.SH,20201222,0.926
512100.SH,20201221,0.944
512100.SH,20201218,0.928
512100.SH,20201217,0.93
512100.SH,20201216,0.92
512100.SH,20201215,0.929
512100.SH,20201214,0.926
512100.SH,20201211,0.918
512100.SH,20201210,0.931
512100.SH,20201209,0.931
512100.SH,20201208,0.947
512100.SH,20201207,0.949
512100.SH,20201204,0.952
512100.SH,20201203,0.944
512100.SH,20201202,0.946
512100.SH,20201201,0.945
512100.SH,20201130,0.931
512100.SH,20201127,0.936
512100.SH,20201126,0.933
512100.SH,20201125,0.94
512100.SH,20201124,0.955
512100.SH,20201123,0.959
512100.SH,20201120,0.951
512100.SH,20201119,0.944
512100.SH,20201118,0.939
512100.SH,20201117,0.937
512100.SH,20201116,0.949
512100.SH,20201113,0.937
512100.SH,20201112,0.935
512100.SH,20201111,0.932
512100.SH,20201110,0.948
512100.SH,20201109,0.958
512100.SH,20201106,0.935
512100.SH,20201105,0.943
512100.SH,20201104,0.925
512100.SH,20201103,0.93
512100.SH,20201102,0.91
512100.SH,20201030,0.91
512100.SH,20201029,0.934
512100.SH,20201028,0.933
512100.SH,20201027,0.934
512100.SH,20201026,0.927
512100.SH,20201023,0.928
512100.SH,20201022,0.945
512100.SH,20201021,0.951
512100.SH,20201020,0.965
512100.SH,20201019,0.954
512100.SH,20201016,0.961
512100.SH,20201015,0.963
512100.SH,20201014,0.971
512100.SH,20201013,0.981
512100.SH,20201012,0.977
512100.SH,20201009,0.944
512100.SH,20200930,0.917
512100.SH,20200929,0.922
512100.SH,20200928,0.913
512100.SH,20200925,0.924
512100.SH,20200924,0.929
512100.SH,20200923,0.954
512100.SH,20200922,0.944
512100.SH,20200921,0.963
512100.SH,20200918,0.963
512100.SH,20200917,0.947
512100.SH,20200916,0.942
512100.SH,20200915,0.95
512100.SH,20200914,0.943
512100.SH,20200911,0.931
512100.SH,20200910,0.917
512100.SH,20200909,0.948
512100.SH,20200908,0.98
512100.SH,20200907,0.971
512100.SH,20200904,0.99
512100.SH,20200903,0.99
512100.SH,20200902,1.001
512100.SH,20200901,0.997
512100.SH,20200831,0.991
512100.SH,20200828,0.991
512100.SH,20200827,0.977
512100.SH,20200826,0.964
512100.SH,20200825,0.99
512100.SH,20200824,0.989
512100.SH,20200821,0.978
512100.SH,20200820,0.969
512100.SH,20200819,0.984
512100.SH,20200818,1.003
512100.SH,20200817,0.993
512100.SH,20200814,0.972
512100.SH,20200813,0.958
512100.SH,20200812,0.954
512100.SH,20200811,0.97
512100.SH,20200810,0.993
512100.SH,20200807,0.988
512100.SH,20200806,1.004
512100.SH,20200805,0.998
512100.SH,20200804,0.99
512100.SH,20200803,0.995
512100.SH,20200731,0.963
512100.SH,20200730,0.947
512100.SH,20200729,0.95
512100.SH,20200728,0.921
512100.SH,20200727,0.911
512100.SH,20200724,0.91
512100.SH,20200723,0.955
512100.SH,20200722,0.956
512100.SH,20200721,0.946
512100.SH,20200720,0.939
512100.SH,20200717,0.909
512100.SH,20200716,0.904
512100.SH,20200715,0.951
512100.SH,20200714,0.984
512100.SH,20200713,0.999
512100.SH,20200710,0.953
512100.SH,20200709,0.956
512100.SH,20200708,0.924
512100.SH,20200707,0.906
512100.SH,20200706,0.895
512100.SH,20200703,0.859
512100.SH,20200702,0.848
512100.SH,20200701,0.838
512100.SH,20200630,0.833
512100.SH,20200629,0.821
512100.SH,20200624,0.822
512100.SH,20200623,0.825
512100.SH,20200622,0.823
512100.SH,20200619,0.819
512100.SH,20200618,0.812
512100.SH,20200617,0.814
512100.SH,20200616,0.811
512100.SH,20200615,0.795
512100.SH,20200612,0.795
512100.SH,20200611,0.794
512100.SH,20200610,0.796
512100.SH,20200609,0.797
512100.SH,20200608,0.792
512100.SH,20200605,0.792
512100.SH,20200604,0.793
512100.SH,20200603,0.788
512100.SH,20200602,0.789
512100.SH,20200601,0.79
512100.SH,20200529,0.765
512100.SH,20200528,0.756
512100.SH,20200527,0.758
512100.SH,20200526,0.763
512100.SH,20200525,0.746
512100.SH,20200522,0.746
512100.SH,20200521,0.76
512100.SH,20200520,0.773
512100.SH,20200519,0.779
512100.SH,20200518,0.767
512100.SH,20200515,0.772
512100.SH,20200514,0.768
512100.SH,20200513,0.774
512100.SH,20200512,0.768
512100.SH,20200511,0.766
512100.SH,20200508,0.768
512100.SH,20200507,0.758
512100.SH,20200506,0.759
512100.SH,20200430,0.745
512100.SH,20200429,0.727
512100.SH,20200428,0.727
512100.SH,20200427,0.737
512100.SH,20200424,0.743
512100.SH,20200423,0.755
512100.SH,20200422,0.759
512100.SH,20200421,0.752
512100.SH,20200420,0.758
512100.SH,20200417,0.744
512100.SH,20200416,0.743
512100.SH,20200415,0.735
512100.SH,20200414,0.741
512100.SH,20200413,0.727
512100.SH,20200410,0.74
512100.SH,20200409,0.752
512100.SH,20200408,0.743
512100.SH,20200407,0.742
512100.SH,20200403,0.716
512100.SH,20200402,0.721
512100.SH,20200401,0.703
512100.SH,20200331,0.705
512100.SH,20200330,0.705
512100.SH,20200327,0.725
512100.SH,20200326,0.729
512100.SH,20200325,0.735
512100.SH,20200324,0.718
512100.SH,20200323,0.707
512100.SH,20200320,0.74
512100.SH,20200319,0.73
512100.SH,20200318,0.723
512100.SH,20200317,0.734
512100.SH,20200316,0.735
512100.SH,20200313,0.773
512100.SH,20200312,0.778
512100.SH,20200311,0.796
512100.SH,20200310,0.807
512100.SH,20200309,0.786
512100.SH,20200306,0.819
512100.SH,20200305,0.824
512100.SH,20200304,0.81
512100.SH,20200303,0.806
512100.SH,20200302,0.8
512100.SH,20200228,0.759
512100.SH,20200227,0.809
512100.SH,20200226,0.809
512100.SH,20200225,0.836
512100.SH,20200224,0.832
512100.SH,20200221,0.816
512100.SH,20200220,0.798
512100.SH,20200219,0.786
512100.SH,20200218,0.792
512100.SH,20200217,0.772
512100.SH,20200214,0.744
512100.SH,20200213,0.741
512100.SH,20200212,0.745
512100.SH,20200211,0.728
512100.SH,20200210,0.73
512100.SH,20200207,0.72
512100.SH,20200206,0.713
512100.SH,20200205,0.694
512100.SH,20200204,0.671
512100.SH,20200203,0.662
512100.SH,20200123,0.735
512100.SH,20200122,0.762
512100.SH,20200121,0.757
512100.SH,20200120,0.765
512100.SH,20200117,0.754
512100.SH,20200116,0.758
512100.SH,20200115,0.757
512100.SH,20200114,0.758
512100.SH,20200113,0.76
512100.SH,20200110,0.75
512100.SH,20200109,0.751
512100.SH,20200108,0.741
512100.SH,20200107,0.75
512100.SH,20200106,0.738
512100.SH,20200103,0.731
512100.SH,20200102,0.728
512100.SH,20191231,0.714
512100.SH,20191230,0.71
512100.SH,20191227,0.705
512100.SH,20191226,0.711
512100.SH,20191225,0.705
512100.SH,20191224,0.7
512100.SH,20191223,0.686
512100.SH,20191220,0.703
512100.SH,20191219,0.713
512100.SH,20191218,0.707
512100.SH,20191217,0.707
512100.SH,20191216,0.699
512100.SH,20191213,0.687
512100.SH,20191212,0.676
512100.SH,20191211,0.676
512100.SH,20191210,0.678
512100.SH,20191209,0.674
512100.SH,20191206,0.674
512100.SH,20191205,0.668
512100.SH,20191204,0.662
512100.SH,20191203,0.661
512100.SH,20191202,0.657
512100.SH,20191129,0.655
512100.SH,20191128,0.656
512100.SH,20191127,0.658
512100.SH,20191126,0.657
512100.SH,20191125,0.657
512100.SH,20191122,0.662
512100.SH,20191121,0.67
512100.SH,20191120,0.669
512100.SH,20191119,0.675
512100.SH,20191118,0.661
512100.SH,20191115,0.657
512100.SH,20191114,0.663
512100.SH,20191113,0.66
512100.SH,20191112,0.662
512100.SH,20191111,0.661
512100.SH,20191108,0.679
512100.SH,20191107,0.679
512100.SH,20191106,0.675
512100.SH,20191105,0.682
512100.SH,20191104,0.679
512100.SH,20191101,0.675
512100.SH,20191031,0.669
512100.SH,20191030,0.677
512100.SH,20191029,0.683
512100.SH,20191028,0.691
512100.SH,20191025,0.673
512100.SH,20191024,0.668
512100.SH,20191023,0.669
512100.SH,20191022,0.674
512100.SH,20191021,0.666
512100.SH,20191018,0.67
512100.SH,20191017,0.678
512100.SH,20191016,0.678
512100.SH,20191015,0.683
512100.SH,20191014,0.692
512100.SH,20191011,0.682
512100.SH,20191010,0.681
512100.SH,20191009,0.671
512100.SH,20191008,0.665
512100.SH,20190930,0.663
512100.SH,20190927,0.672
512100.SH,20190926,0.666
512100.SH,20190925,0.688
512100.SH,20190924,0.701
512100.SH,20190923,0.7
512100.SH,20190920,0.704
512100.SH,20190919,0.703
512100.SH,20190918,0.697
512100.SH,20190917,0.699
512100.SH,20190916,0.713
512100.SH,20190912,0.712
512100.SH,20190911,0.707
512100.SH,20190910,0.715
512100.SH,20190909,0.715
512100.SH,20190906,0.694
512100.SH,20190905,0.69
512100.SH,20190904,0.686
512100.SH,20190903,0.679
512100.SH,20190902,0.674
512100.SH,20190830,0.658
512100.SH,20190829,0.666
512100.SH,20190828,0.665
512100.SH,20190827,0.668
512100.SH,20190826,0.655
512100.SH,20190823,0.658
512100.SH,20190822,0.66
512100.SH,20190821,0.657
512100.SH,20190820,0.656
512100.SH,20190819,0.657
512100.SH,20190816,0.636
512100.SH,20190815,0.631
512100.SH,20190814,0.629
512100.SH,20190813,0.624
512100.SH,20190812,0.626
512100.SH,20190809,0.616
512100.SH,20190808,0.619
512100.SH,20190807,0.611
512100.SH,20190806,0.612
512100.SH,20190805,0.627
512100.SH,20190802,0.636
512100.SH,20190801,0.645
512100.SH,20190731,0.648
512100.SH,20190730,0.653
512100.SH,20190729,0.65
512100.SH,20190726,0.651
512100.SH,20190725,0.65
512100.SH,20190724,0.645
512100.SH,20190723,0.638
512100.SH,20190722,0.625
512100.SH,20190719,0.64
512100.SH,20190718,0.634
512100.SH,20190717,0.644
512100.SH,20190716,0.643
512100.SH,20190715,0.64
512100.SH,20190712,0.635
512100.SH,20190711,0.633
512100.SH,20190710,0.634
512100.SH,20190709,0.639
512100.SH,20190708,0.636
512100.SH,20190705,0.659
512100.SH,20190704,0.656
512100.SH,20190703,0.659
512100.SH,20190702,0.665
512100.SH,20190701,0.665
512100.SH,20190628,0.644
512100.SH,20190627,0.654
512100.SH,20190626,0.648
512100.SH,20190625,0.648
512100.SH,20190624,0.654
512100.SH,20190621,0.656
512100.SH,20190620,0.644
512100.SH,20190619,0.633
512100.SH,20190618,0.624
512100.SH,20190617,0.624
512100.SH,20190614,0.625
512100.SH,20190613,0.639
512100.SH,20190612,0.635
512100.SH,20190611,0.64
512100.SH,20190610,0.616
512100.SH,20190606,0.608
512100.SH,20190605,0.624
512100.SH,20190604,0.622
512100.SH,20190603,0.635
512100.SH,20190531,0.643
512100.SH,20190530,0.644
512100.SH,20190529,0.647
512100.SH,20190528,0.645
512100.SH,20190527,0.646
512100.SH,20190524,0.627
512100.SH,20190523,0.635
512100.SH,20190522,0.65
512100.SH,20190521,0.651
512100.SH,20190520,0.639
512100.SH,20190517,0.642
512100.SH,20190516,0.664
512100.SH,20190515,0.66
512100.SH,20190514,0.645
512100.SH,20190513,0.648
512100.SH,20190510,0.655
512100.SH,20190509,0.63
512100.SH,20190508,0.636
512100.SH,20190507,0.637
512100.SH,20190506,0.626
512100.SH,20190430,0.682
512100.SH,20190429,0.675
512100.SH,20190426,0.7
512100.SH,20190425,0.708
512100.SH,20190424,0.738
512100.SH,20190423,0.729
512100.SH,20190422,0.742
512100.SH,20190419,0.752
512100.SH,20190418,0.745
512100.SH,20190417,0.749
512100.SH,20190416,0.742
512100.SH,20190415,0.727
512100.SH,20190412,0.733
512100.SH,20190411,0.731
512100.SH,20190410,0.747
512100.SH,20190409,0.749
512100.SH,20190408,0.746
512100.SH,20190404,0.753
512100.SH,20190403,0.749
512100.SH,20190402,0.743
512100.SH,20190401,0.739
512100.SH,20190329,0.71
512100.SH,20190328,0.689
512100.SH,20190327,0.699
512100.SH,20190326,0.694
512100.SH,20190325,0.715
512100.SH,20190322,0.721
512100.SH,20190321,0.719
512100.SH,20190320,0.708
512100.SH,20190319,0.71
512100.SH,20190318,0.709
512100.SH,20190315,0.692
512100.SH,20190314,0.682
512100.SH,20190313,0.703
512100.SH,20190312,0.723
512100.SH,20190311,0.707
512100.SH,20190308,0.683
512100.SH,20190307,0.708
512100.SH,20190306,0.694
512100.SH,20190305,0.679
512100.SH,20190304,0.657
512100.SH,20190301,0.643
512100.SH,20190228,0.638
512100.SH,20190227,0.635
512100.SH,20190226,0.64
512100.SH,20190225,0.641
512100.SH,20190222,0.606
512100.SH,20190221,0.593
512100.SH,20190220,0.594
512100.SH,20190219,0.595
512100.SH,20190218,0.592
512100.SH,20190215,0.57
512100.SH,20190214,0.572
512100.SH,20190213,0.57
512100.SH,20190212,0.56
512100.SH,20190211,0.553
512100.SH,20190201,0.537
512100.SH,20190131,0.522
512100.SH,20190130,0.53
512100.SH,20190129,0.537
512100.SH,20190128,0.547
512100.SH,20190125,0.552
512100.SH,20190124,0.555
512100.SH,20190123,0.551
512100.SH,20190122,0.551
512100.SH,20190121,0.557
512100.SH,20190118,0.554
512100.SH,20190117,0.549
512100.SH,20190116,0.556
512100.SH,20190115,0.555
512100.SH,20190114,0.549
512100.SH,20190111,0.552
512100.SH,20190110,0.547
512100.SH,20190109,0.549
512100.SH,20190108,0.548
512100.SH,20190107,0.55
512100.SH,20190104,0.539
512100.SH,20190103,0.524
512100.SH,20190102,0.528
512100.SH,20181228,0.529
512100.SH,20181227,0.529
512100.SH,20181226,0.538
512100.SH,20181225,0.539
512100.SH,20181224,0.545
512100.SH,20181221,0.541
512100.SH,20181220,0.545
512100.SH,20181219,0.543
512100.SH,20181218,0.55
512100.SH,20181217,0.553
512100.SH,20181214,0.556
512100.SH,20181213,0.571
512100.SH,20181212,0.565
512100.SH,20181211,0.565
512100.SH,20181210,0.56
512100.SH,20181207,0.566
512100.SH,20181206,0.567
512100.SH,20181205,0.576
512100.SH,20181204,0.581
512100.SH,20181203,0.574
512100.SH,20181130,0.557
512100.SH,20181129,0.553
512100.SH,20181128,0.566
512100.SH,20181127,0.56
512100.SH,20181126,0.555
512100.SH,20181123,0.554
512100.SH,20181122,0.581
512100.SH,20181121,0.58
512100.SH,20181120,0.576
512100.SH,20181119,0.592
512100.SH,20181116,0.589
512100.SH,20181115,0.583
512100.SH,20181114,0.574
512100.SH,20181113,0.574
512100.SH,20181112,0.562
512100.SH,20181109,0.546
512100.SH,20181108,0.546
512100.SH,20181107,0.55
512100.SH,20181106,0.552
512100.SH,20181105,0.55
512100.SH,20181102,0.547
512100.SH,20181101,0.53
512100.SH,20181031,0.526
512100.SH,20181030,0.52
512100.SH,20181029,0.514
512100.SH,20181026,0.521
512100.SH,20181025,0.52
512100.SH,20181024,0.524
512100.SH,20181023,0.525
512100.SH,20181022,0.536
512100.SH,20181019,0.508
512100.SH,20181018,0.504
512100.SH,20181017,0.515
512100.SH,20181016,0.51
512100.SH,20181015,0.522
512100.SH,20181012,0.53
512100.SH,20181011,0.533
512100.SH,20181010,0.575
512100.SH,20181009,0.576
512100.SH,20181008,0.576
512100.SH,20180928,0.597
512100.SH,20180927,0.592
512100.SH,20180926,0.599
512100.SH,20180925,0.599
512100.SH,20180921,0.6
512100.SH,20180920,0.592
512100.SH,20180919,0.593
512100.SH,20180918,0.587
512100.SH,20180917,0.578
512100.SH,20180914,0.587
512100.SH,20180913,0.593
512100.SH,20180912,0.589
512100.SH,20180911,0.589
512100.SH,20180910,0.595
512100.SH,20180907,0.601
512100.SH,20180906,0.598
512100.SH,20180905,0.601
512100.SH,20180904,0.611
512100.SH,20180903,0.603
512100.SH,20180831,0.603
512100.SH,20180830,0.612
512100.SH,20180829,0.622
512100.SH,20180828,0.625
512100.SH,20180827,0.626
512100.SH,20180824,0.611
512100.SH,20180823,0.614
512100.SH,20180822,0.611
512100.SH,20180821,0.616
512100.SH,20180820,0.609
512100.SH,20180817,0.607
512100.SH,20180816,0.618
512100.SH,20180815,0.626
512100.SH,20180814,0.639
512100.SH,20180813,0.639
512100.SH,20180810,0.636
512100.SH,20180809,0.632
512100.SH,20180808,0.618
512100.SH,20180807,0.627
512100.SH,20180806,0.614
512100.SH,20180803,0.628
512100.SH,20180802,0.634
512100.SH,20180801,0.651
512100.SH,20180731,0.661
512100.SH,20180730,0.659
512100.SH,20180727,0.67
512100.SH,20180726,0.674
512100.SH,20180725,0.677
512100.SH,20180724,0.677
512100.SH,20180723,0.666
512100.SH,20180720,0.659
512100.SH,20180719,0.654
512100.SH,20180718,0.662
512100.SH,20180717,0.665
512100.SH,20180716,0.662
512100.SH,20180713,0.663
512100.SH,20180712,0.659
512100.SH,20180711,0.642
512100.SH,20180710,0.658
512100.SH,20180709,0.652
512100.SH,20180706,0.64
512100.SH,20180705,0.641
512100.SH,20180704,0.655
512100.SH,20180703,0.665
512100.SH,20180702,0.658
512100.SH,20180629,0.669
512100.SH,20180628,0.648
512100.SH,20180627,0.655
512100.SH,20180626,0.66
512100.SH,20180625,0.655
512100.SH,20180622,0.658
512100.SH,20180621,0.649
512100.SH,20180620,0.664
512100.SH,20180619,0.654
512100.SH,20180615,0.705
512100.SH,20180614,0.72
512100.SH,20180613,0.724
512100.SH,20180612,0.734
512100.SH,20180611,0.731
512100.SH,20180608,0.735
512100.SH,20180607,0.744
512100.SH,20180606,0.746
512100.SH,20180605,0.748
512100.SH,20180604,0.741
512100.SH,20180601,0.74
512100.SH,20180531,0.748
512100.SH,20180530,0.738
512100.SH,20180529,0.761
512100.SH,20180528,0.766
512100.SH,20180525,0.772
512100.SH,20180524,0.782
512100.SH,20180523,0.785
512100.SH,20180522,0.792
512100.SH,20180521,0.788
512100.SH,20180518,0.781
512100.SH,20180517,0.778
512100.SH,20180516,0.781
512100.SH,20180515,0.785
512100.SH,20180514,0.777
512100.SH,20180511,0.784
512100.SH,20180510,0.79
512100.SH,20180509,0.785
512100.SH,20180508,0.786
512100.SH,20180507,0.783
512100.SH,20180504,0.771
512100.SH,20180503,0.771
512100.SH,20180502,0.765
512100.SH,20180427,0.766
512100.SH,20180426,0.768
512100.SH,20180425,0.78
512100.SH,20180424,0.778
512100.SH,20180423,0.762
512100.SH,20180420,0.771
512100.SH,20180419,0.786
512100.SH,20180418,0.784
512100.SH,20180417,0.773
512100.SH,20180416,0.79
512100.SH,20180413,0.79
512100.SH,20180412,0.792
512100.SH,20180411,0.796
512100.SH,20180410,0.79
512100.SH,20180409,0.789
512100.SH,20180404,0.789
512100.SH,20180403,0.794
512100.SH,20180402,0.803
512100.SH,20180330,0.799
512100.SH,20180329,0.787
512100.SH,20180328,0.781
512100.SH,20180327,0.787
512100.SH,20180326,0.764
512100.SH,20180323,0.754
512100.SH,20180322,0.794
512100.SH,20180321,0.796
512100.SH,20180320,0.8
512100.SH,20180319,0.801
512100.SH,20180316,0.801
512100.SH,20180315,0.8
512100.SH,20180314,0.801
512100.SH,20180313,0.811
512100.SH,20180312,0.815
512100.SH,20180309,0.805
512100.SH,20180308,0.79
512100.SH,20180307,0.785
512100.SH,20180306,0.791
512100.SH,20180305,0.783
512100.SH,20180302,0.779
512100.SH,20180301,0.782
512100.SH,20180228,0.771
512100.SH,20180227,0.77
512100.SH,20180226,0.765
512100.SH,20180223,0.747
512100.SH,20180222,0.746
512100.SH,20180214,0.735
512100.SH,20180213,0.733
512100.SH,20180212,0.731
512100.SH,20180209,0.71
512100.SH,20180208,0.733
512100.SH,20180207,0.723
512100.SH,20180206,0.723
512100.SH,20180205,0.759
512100.SH,20180202,0.761
512100.SH,20180201,0.766
512100.SH,20180131,0.797
512100.SH,20180130,0.817
512100.SH,20180129,0.819
512100.SH,20180126,0.828
512100.SH,20180125,0.83
512100.SH,20180124,0.832
512100.SH,20180123,0.822
512100.SH,20180122,0.823
512100.SH,20180119,0.811
512100.SH,20180118,0.814
512100.SH,20180117,0.814
512100.SH,20180116,0.815
512100.SH,20180115,0.813
512100.SH,20180112,0.836
512100.SH,20180111,0.84
512100.SH,20180110,0.835
512100.SH,20180109,0.839
512100.SH,20180108,0.84
512100.SH,20180105,0.839
512100.SH,20180104,0.838
512100.SH,20180103,0.838
512100.SH,20180102,0.831
512100.SH,20251231,3.079
512100.SH,20251230,3.08
512100.SH,20251229,3.077
512100.SH,20251226,3.082
512100.SH,20251225,3.071
512100.SH,20251224,3.045
512100.SH,20251223,2.998
512100.SH,20251222,3.001
512100.SH,20251219,2.974
512100.SH,20251218,2.949
512100.SH,20251217,2.955
512100.SH,20251216,2.916
512100.SH,20251215,2.967
512100.SH,20251212,2.988
512100.SH,20251211,2.968
512100.SH,20251210,2.999
512100.SH,20251209,2.987
512100.SH,20251208,3.004
512100.SH,20251205,2.978
512100.SH,20251204,2.938
512100.SH,20251203,2.935
512100.SH,20251202,2.962
512100.SH,20251201,2.987
512100.SH,20251128,2.967
512100.SH,20251127,2.936
512100.SH,20251126,2.933
512100.SH,20251125,2.933
512100.SH,20251124,2.895
512100.SH,20251121,2.862
512100.SH,20251120,2.973
512100.SH,20251119,2.992
512100.SH,20251118,3.018
512100.SH,20251117,3.042
512100.SH,20251114,3.035
512100.SH,20251113,3.076
512100.SH,20251112,3.034
512100.SH,20251111,3.052
512100.SH,20251110,3.059
512100.SH,20251107,3.055
512100.SH,20251106,3.057
512100.SH,20251105,3.023
512100.SH,20251104,3.008
512100.SH,20251103,3.049
512100.SH,20251031,3.037
512100.SH,20251030,3.035
512100.SH,20251029,3.066
512100.SH,20251028,3.025
512100.SH,20251027,3.03
512100.SH,20251024,3.008
512100.SH,20251023,2.96
512100.SH,20251022,2.958
512100.SH,20251021,2.968
512100.SH,20251020,2.927
512100.SH,20251017,2.909
512100.SH,20251016,2.995
512100.SH,20251015,3.026
512100.SH,20251014,2.985
512100.SH,20251013,3.039
512100.SH,20251010,3.048
512100.SH,20251009,3.089
512100.SH,20250930,3.063
512100.SH,20250929,3.032
512100.SH,20250926,2.995
512100.SH,20250925,3.036
512100.SH,20250924,3.047
512100.SH,20250923,2.995
512100.SH,20250922,3.031
512100.SH,20250919,3.006
512100.SH,20250918,3.017
512100.SH,20250917,3.056
512100.SH,20250916,3.029
512100.SH,20250915,2.997
512100.SH,20250912,3.0
512100.SH,20250911,2.999
512100.SH,20250910,2.921
512100.SH,20250909,2.919
512100.SH,20250908,2.953
512100.SH,20250905,2.929
512100.SH,20250904,2.846
512100.SH,20250903,2.914
512100.SH,20250902,2.959
512100.SH,20250901,3.038
512100.SH,20250829,3.006
512100.SH,20250828,3.009
512100.SH,20250827,2.968
512100.SH,20250826,3.021
512100.SH,20250825,3.021
512100.SH,20250822,2.982
512100.SH,20250821,2.931
512100.SH,20250820,2.958
512100.SH,20250819,2.925
512100.SH,20250818,2.923
512100.SH,20250815,2.881
512100.SH,20250814,2.823
512100.SH,20250813,2.854
512100.SH,20250812,2.813
512100.SH,20250811,2.803
512100.SH,20250808,2.763
512100.SH,20250807,2.772
512100.SH,20250806,2.771
512100.SH,20250805,2.742
512100.SH,20250804,2.726
512100.SH,20250801,2.693
512100.SH,20250731,2.695
512100.SH,20250730,2.714
512100.SH,20250729,2.739
512100.SH,20250728,2.716
512100.SH,20250725,2.708
512100.SH,20250724,2.71
512100.SH,20250723,2.674
512100.SH,20250722,2.684
512100.SH,20250721,2.668
512100.SH,20250718,2.646
512100.SH,20250717,2.64
512100.SH,20250716,2.609
512100.SH,20250715,2.598
512100.SH,20250714,2.607
512100.SH,20250711,2.609
512100.SH,20250710,2.583
512100.SH,20250709,2.578
512100.SH,20250708,2.586
512100.SH,20250707,2.55
512100.SH,20250704,2.547
512100.SH,20250703,2.557
512100.SH,20250702,2.546
512100.SH,20250701,2.569
512100.SH,20250630,2.562
512100.SH,20250627,2.529
512100.SH,20250626,2.52
512100.SH,20250625,2.531
512100.SH,20250624,2.494
512100.SH,20250623,2.448
512100.SH,20250620,2.417
512100.SH,20250619,2.437
512100.SH,20250618,2.467
512100.SH,20250617,2.47
512100.SH,20250616,2.473
512100.SH,20250613,2.459
512100.SH,20250612,2.491
512100.SH,20250611,2.487
512100.SH,20250610,2.476
512100.SH,20250609,2.498
512100.SH,20250606,2.473
512100.SH,20250605,2.478
512100.SH,20250604,2.458
512100.SH,20250603,2.436
512100.SH,20250530,2.423
512100.SH,20250529,2.446
512100.SH,20250528,2.403
512100.SH,20250527,2.409
512100.SH,20250526,2.416
512100.SH,20250523,2.402
512100.SH,20250522,2.433
512100.SH,20250521,2.457
512100.SH,20250520,2.463
512100.SH,20250519,2.443
512100.SH,20250516,2.432
512100.SH,20250515,2.428
512100.SH,20250514,2.468
512100.SH,20250513,2.462
512100.SH,20250512,2.471
512100.SH,20250509,2.437
512100.SH,20250508,2.466
512100.SH,20250507,2.444
512100.SH,20250506,2.442
512100.SH,20250430,2.381
512100.SH,20250429,2.363
512100.SH,20250428,2.351
512100.SH,20250425,2.376
512100.SH,20250424,2.371
512100.SH,20250423,2.394
512100.SH,20250422,2.38
512100.SH,20250421,2.38
512100.SH,20250418,2.332
512100.SH,20250417,2.336
512100.SH,20250416,2.335
512100.SH,20250415,2.365
512100.SH,20250414,2.374
512100.SH,20250411,2.343
512100.SH,20250410,2.313
512100.SH,20250409,2.258
512100.SH,20250408,2.219
512100.SH,20250407,2.234
512100.SH,20250403,2.482
512100.SH,20250402,2.511
512100.SH,20250401,2.503
512100.SH,20250331,2.492
512100.SH,20250328,2.507
512100.SH,20250327,2.533
512100.SH,20250326,2.533
512100.SH,20250325,2.525
512100.SH,20250324,2.542
512100.SH,20250321,2.562
512100.SH,20250320,2.616
512100.SH,20250319,2.627
512100.SH,20250318,2.645
512100.SH,20250317,2.634
512100.SH,20250314,2.631
512100.SH,20250313,2.588
512100.SH,20250312,2.628
512100.SH,20250311,2.624
512100.SH,20250310,2.606
512100.SH,20250307,2.603
512100.SH,20250306,2.614
512100.SH,20250305,2.558
512100.SH,20250304,2.541
512100.SH,20250303,2.508
512100.SH,20250228,2.511
512100.SH,20250227,2.6
512100.SH,20250226,2.614
512100.SH,20250225,2.574
512100.SH,20250224,2.585
512100.SH,20250221,2.581
512100.SH,20250220,2.533
512100.SH,20250219,2.516
512100.SH,20250218,2.461
512100.SH,20250217,2.511
512100.SH,20250214,2.5
512100.SH,20250213,2.491
512100.SH,20250212,2.515
512100.SH,20250211,2.478
512100.SH,20250210,2.483
512100.SH,20250207,2.455
512100.SH,20250206,2.415
512100.SH,20250205,2.352
512100.SH,20250127,2.336
512100.SH,20250124,2.38
512100.SH,20250123,2.333
512100.SH,20250122,2.345
512100.SH,20250121,2.364
512100.SH,20250120,2.349
512100.SH,20250117,2.336
512100.SH,20250116,2.319
512100.SH,20250115,2.309
512100.SH,20250114,2.364
512100.SH,20250113,2.26
512100.SH,20250110,2.255
512100.SH,20250109,2.304
512100.SH,20250108,2.299
512100.SH,20250107,2.31
512100.SH,20250106,2.277
512100.SH,20250103,2.29
512100.SH,20250102,2.355
512100.SH,20241231,2.42
512100.SH,20241230,2.5
512100.SH,20241227,2.507
512100.SH,20241226,2.503
512100.SH,20241225,2.479
512100.SH,20241224,2.504
512100.SH,20241223,2.477
512100.SH,20241220,2.549
512100.SH,20241219,2.524
512100.SH,20241218,2.517
512100.SH,20241217,2.497
512100.SH,20241216,2.552
512100.SH,20241213,2.585
512100.SH,20241212,2.637
512100.SH,20241211,2.617
512100.SH,20241210,2.584
512100.SH,20241209,2.557
512100.SH,20241206,2.58
512100.SH,20241205,2.552
512100.SH,20241204,2.523
512100.SH,20241203,2.557
512100.SH,20241202,2.564
512100.SH,20241129,2.513
512100.SH,20241128,2.472
512100.SH,20241127,2.486
512100.SH,20241126,2.426
512100.SH,20241125,2.458
512100.SH,20241122,2.447
512100.SH,20241121,2.543
512100.SH,20241120,2.537
512100.SH,20241119,2.491
512100.SH,20241118,2.43
512100.SH,20241115,2.489
512100.SH,20241114,2.549
512100.SH,20241113,2.626
512100.SH,20241112,2.641
512100.SH,20241111,2.668
512100.SH,20241108,2.607
512100.SH,20241107,2.605
512100.SH,20241106,2.557
512100.SH,20241105,2.549
512100.SH,20241104,2.466
512100.SH,20241101,2.411
512100.SH,20241031,2.483
512100.SH,20241030,2.447
512100.SH,20241029,2.433
512100.SH,20241028,2.47
512100.SH,20241025,2.437
512100.SH,20241024,2.382
512100.SH,20241023,2.398
512100.SH,20241022,2.392
512100.SH,20241021,2.379
512100.SH,20241018,2.337
512100.SH,20241017,2.235
512100.SH,20241016,2.244
512100.SH,20241015,2.236
512100.SH,20241014,2.283
512100.SH,20241011,2.203
512100.SH,20241010,2.295
512100.SH,20241009,2.324
512100.SH,20241008,2.529
512100.SH,20240930,2.389
512100.SH,20240927,2.172
512100.SH,20240926,1.994
512100.SH,20240925,1.905
512100.SH,20240924,1.892
512100.SH,20240923,1.816
512100.SH,20240920,1.814
512100.SH,20240919,1.824
512100.SH,20240918,1.789
512100.SH,20240913,1.797
512100.SH,20240912,1.819
512100.SH,20240911,1.825
512100.SH,20240910,1.826
512100.SH,20240909,1.82
512100.SH,20240906,1.835
512100.SH,20240905,1.866
512100.SH,20240904,1.851
512100.SH,20240903,1.858
512100.SH,20240902,1.842
512100.SH,20240830,1.882
512100.SH,20240829,1.847
512100.SH,20240828,1.817
512100.SH,20240827,1.815
512100.SH,20240826,1.835
512100.SH,20240823,1.828
512100.SH,20240822,1.827
512100.SH,20240821,1.85
512100.SH,20240820,1.86
512100.SH,20240819,1.893
512100.SH,20240816,1.889
512100.SH,20240815,1.904
512100.SH,20240814,1.887
512100.SH,20240813,1.906
512100.SH,20240812,1.901
512100.SH,20240809,1.908
512100.SH,20240808,1.927
512100.SH,20240807,1.925
512100.SH,20240806,1.927
512100.SH,20240805,1.901
512100.SH,20240802,1.953
512100.SH,20240801,1.98
512100.SH,20240731,1.993
512100.SH,20240730,1.909
512100.SH,20240729,1.901
512100.SH,20240726,1.91
512100.SH,20240725,1.88
512100.SH,20240724,1.878
512100.SH,20240723,1.904
512100.SH,20240722,1.958
512100.SH,20240719,1.955
512100.SH,20240718,1.954
512100.SH,20240717,1.949
512100.SH,20240716,1.962
512100.SH,20240715,1.957
512100.SH,20240712,1.978
512100.SH,20240711,1.986
512100.SH,20240710,1.937
512100.SH,20240709,1.946
512100.SH,20240708,1.905
512100.SH,20240705,1.951
512100.SH,20240704,1.932
512100.SH,20240703,1.971
512100.SH,20240702,1.987
512100.SH,20240701,2.001
512100.SH,20240628,1.983
512100.SH,20240627,1.973
512100.SH,20240626,2.022
512100.SH,20240625,1.964
512100.SH,20240624,1.98
512100.SH,20240621,2.046
512100.SH,20240620,2.049
512100.SH,20240619,2.087
512100.SH,20240618,2.115
512100.SH,20240617,2.096
512100.SH,20240614,2.099
512100.SH,20240613,2.093
512100.SH,20240612,2.106
512100.SH,20240611,2.1
512100.SH,20240607,2.081
512100.SH,20240606,2.073
512100.SH,20240605,2.117
512100.SH,20240604,2.143
512100.SH,20240603,2.129
512100.SH,20240531,2.158
512100.SH,20240530,2.152
512100.SH,20240529,2.153
512100.SH,20240528,2.154
512100.SH,20240527,2.179
512100.SH,20240524,2.154
512100.SH,20240523,2.18
512100.SH,20240522,2.228
512100.SH,20240521,2.225
512100.SH,20240520,2.248
512100.SH,20240517,2.24
512100.SH,20240516,2.204
512100.SH,20240515,2.209
512100.SH,20240514,2.229
512100.SH,20240513,2.219
512100.SH,20240510,2.24
512100.SH,20240509,2.26
512100.SH,20240508,2.221
512100.SH,20240507,2.257
512100.SH,20240506,2.248
512100.SH,20240430,2.207
512100.SH,20240429,2.23
512100.SH,20240426,2.177
512100.SH,20240425,2.133
512100.SH,20240424,2.134
512100.SH,20240423,2.095
512100.SH,20240422,2.109
512100.SH,20240419,2.113
512100.SH,20240418,2.123
512100.SH,20240417,2.126
512100.SH,20240416,2.034
512100.SH,20240415,2.125
512100.SH,20240412,2.144
512100.SH,20240411,2.162
512100.SH,20240410,2.157
512100.SH,20240409,2.196
512100.SH,20240408,2.168
512100.SH,20240403,2.214
512100.SH,20240402,2.221
512100.SH,20240401,2.233
512100.SH,20240329,2.187
512100.SH,20240328,2.164
512100.SH,20240327,2.115
512100.SH,20240326,2.186
512100.SH,20240325,2.196
512100.SH,20240322,2.246
512100.SH,20240321,2.272
512100.SH,20240320,2.273
512100.SH,20240319,2.253
512100.SH,20240318,2.275
512100.SH,20240315,2.238
512100.SH,20240314,2.204
512100.SH,20240313,2.217
512100.SH,20240312,2.21
512100.SH,20240311,2.2
512100.SH,20240308,2.157
512100.SH,20240307,2.129
512100.SH,20240306,2.161
512100.SH,20240305,2.163
512100.SH,20240304,2.179
512100.SH,20240301,2.175
512100.SH,20240229,2.151
512100.SH,20240228,2.068
512100.SH,20240227,2.173
512100.SH,20240226,2.109
512100.SH,20240223,2.105
512100.SH,20240222,2.07
512100.SH,20240221,2.035
512100.SH,20240220,2.025
512100.SH,20240219,2.02
512100.SH,20240208,2.017
512100.SH,20240207,1.938
512100.SH,20240206,1.855
512100.SH,20240205,1.737
512100.SH,20240202,1.849
512100.SH,20240201,1.914
512100.SH,20240131,1.931
512100.SH,20240130,2.005
512100.SH,20240129,2.062
512100.SH,20240126,2.12
512100.SH,20240125,2.147
512100.SH,20240124,2.076
512100.SH,20240123,2.044
512100.SH,20240122,2.018
512100.SH,20240119,2.135
512100.SH,20240118,2.162
512100.SH,20240117,2.168
512100.SH,20240116,2.23
512100.SH,20240115,2.236
512100.SH,20240112,2.243
512100.SH,20240111,2.262
512100.SH,20240110,2.218
512100.SH,20240109,2.233
512100.SH,20240108,2.233
512100.SH,20240105,2.292
512100.SH,20240104,2.329
512100.SH,20240103,2.343
512100.SH,20240102,2.354
512100.SH,20231229,2.374
512100.SH,20231228,2.34
512100.SH,20231227,2.293
512100.SH,20231226,2.28
512100.SH,20231225,2.31
512100.SH,20231222,2.314
512100.SH,20231221,2.334
512100.SH,20231220,2.322
512100.SH,20231219,2.364
512100.SH,20231218,2.362
512100.SH,20231215,2.4
512100.SH,20231214,2.417
512100.SH,20231213,2.425
512100.SH,20231212,2.448
512100.SH,20231211,2.442
512100.SH,20231208,2.417
512100.SH,20231207,2.422
512100.SH,20231206,2.424
512100.SH,20231205,2.414
512100.SH,20231204,2.458
512100.SH,20231201,2.469
512100.SH,20231130,2.446
512100.SH,20231129,2.462
512100.SH,20231128,2.469
512100.SH,20231127,2.46
512100.SH,20231124,2.459
512100.SH,20231123,2.494
512100.SH,20231122,2.47
512100.SH,20231121,2.497
512100.SH,20231120,2.515
512100.SH,20231117,2.498
512100.SH,20231116,2.471
512100.SH,20231115,2.497
512100.SH,20231114,2.487
512100.SH,20231113,2.474
512100.SH,20231110,2.449
512100.SH,20231109,2.453
512100.SH,20231108,2.469
512100.SH,20231107,2.459
512100.SH,20231106,2.451
512100.SH,20231103,2.402
512100.SH,20231102,2.372
512100.SH,20231101,2.398
512100.SH,20231031,2.401
512100.SH,20231030,2.414
512100.SH,20231027,2.383
512100.SH,20231026,2.339
512100.SH,20231025,2.323
512100.SH,20231024,2.297
512100.SH,20231023,2.268
512100.SH,20231020,2.327
512100.SH,20231019,2.353
512100.SH,20231018,2.378
512100.SH,20231017,2.418
512100.SH,20231016,2.422
512100.SH,20231013,2.449
512100.SH,20231012,2.454
512100.SH,20231011,2.436
512100.SH,20231010,2.431
512100.SH,20231009,2.439
512100.SH,20230928,2.449
512100.SH,20230927,2.431
512100.SH,20230926,2.416
512100.SH,20230925,2.426
512100.SH,20230922,2.439
512100.SH,20230921,2.391
512100.SH,20230920,2.409
512100.SH,20230919,2.431
512100.SH,20230918,2.449
512100.SH,20230915,2.447
512100.SH,20230914,2.446
512100.SH,20230913,2.455
512100.SH,20230912,2.487
512100.SH,20230911,2.489
512100.SH,20230908,2.453
512100.SH,20230907,2.448
512100.SH,20230906,2.49
512100.SH,20230905,2.481
512100.SH,20230904,2.495
512100.SH,20230901,2.458
512100.SH,20230831,2.46
512100.SH,20230830,2.467
512100.SH,20230829,2.455
512100.SH,20230828,2.383
512100.SH,20230825,2.368
512100.SH,20230824,2.407
512100.SH,20230823,2.405
512100.SH,20230822,2.451
512100.SH,20230821,2.436
512100.SH,20230818,2.463
512100.SH,20230817,2.512
512100.SH,20230816,2.491
512100.SH,20230815,2.523
512100.SH,20230814,2.542
512100.SH,20230811,2.536
512100.SH,20230810,2.583
512100.SH,20230809,2.585
512100.SH,20230808,2.605
512100.SH,20230807,2.616
512100.SH,20230804,2.628
512100.SH,20230803,2.613
512100.SH,20230802,2.611
512100.SH,20230801,2.616
512100.SH,20230731,2.62
512100.SH,20230728,2.603
512100.SH,20230727,2.581
512100.SH,20230726,2.601
512100.SH,20230725,2.613
512100.SH,20230724,2.572
512100.SH,20230721,2.578
512100.SH,20230720,2.581
512100.SH,20230719,2.614
512100.SH,20230718,2.62
512100.SH,20230717,2.622
512100.SH,20230714,2.631
512100.SH,20230713,2.634
512100.SH,20230712,2.609
512100.SH,20230711,2.647
512100.SH,20230710,2.626
512100.SH,20230707,2.625
512100.SH,20230706,2.636
512100.SH,20230705,2.645
512100.SH,20230704,2.665
512100.SH,20230703,2.653
512100.SH,20230630,2.659
512100.SH,20230629,2.618
512100.SH,20230628,2.607
512100.SH,20230627,2.611
512100.SH,20230626,2.586
512100.SH,20230621,2.633
512100.SH,20230620,2.686
512100.SH,20230619,2.683
512100.SH,20230616,2.674
512100.SH,20230615,2.651
512100.SH,20230614,2.636
512100.SH,20230613,2.627
512100.SH,20230612,2.616
512100.SH,20230609,2.604
512100.SH,20230608,2.586
512100.SH,20230607,2.598
512100.SH,20230606,2.598
512100.SH,20230605,2.654
512100.SH,20230602,2.653
512100.SH,20230601,2.635
512100.SH,20230531,2.629
512100.SH,20230530,2.628
512100.SH,20230529,2.617
512100.SH,20230526,2.622
512100.SH,20230525,2.599
512100.SH,20230524,2.604
512100.SH,20230523,2.61
512100.SH,20230522,2.635
512100.SH,20230519,2.64
512100.SH,20230518,2.629
512100.SH,20230517,2.617
512100.SH,20230516,2.604
512100.SH,20230515,2.628
512100.SH,20230512,2.61
512100.SH,20230511,2.643
512100.SH,20230510,2.645
512100.SH,20230509,2.64
512100.SH,20230508,2.672
512100.SH,20230505,2.656
512100.SH,20230504,2.685
512100.SH,20230428,2.692
512100.SH,20230427,2.652
512100.SH,20230426,2.646
512100.SH,20230425,2.638
512100.SH,20230424,2.686
512100.SH,20230421,2.708
512100.SH,20230420,2.778
512100.SH,20230419,2.778
512100.SH,20230418,2.79
512100.SH,20230417,2.801
512100.SH,20230414,2.799
512100.SH,20230413,2.782
512100.SH,20230412,2.799
512100.SH,20230411,2.784
512100.SH,20230410,2.783
512100.SH,20230407,2.808
512100.SH,20230406,2.784
512100.SH,20230404,2.775
512100.SH,20230403,2.779
512100.SH,20230331,2.742
512100.SH,20230330,2.72
512100.SH,20230329,2.718
512100.SH,20230328,2.728
512100.SH,20230327,2.743
512100.SH,20230324,2.739
512100.SH,20230323,2.737
512100.SH,20230322,2.727
512100.SH,20230321,2.716
512100.SH,20230320,2.682
512100.SH,20230317,2.693
512100.SH,20230316,2.673
512100.SH,20230315,2.714
512100.SH,20230314,2.701
512100.SH,20230313,2.726
512100.SH,20230310,2.713
512100.SH,20230309,2.753
512100.SH,20230308,2.746
512100.SH,20230307,2.738
512100.SH,20230306,2.788
512100.SH,20230303,2.779
512100.SH,20230302,2.783
512100.SH,20230301,2.796
512100.SH,20230228,2.776
512100.SH,20230227,2.754
512100.SH,20230224,2.772
512100.SH,20230223,2.782
512100.SH,20230222,2.795
512100.SH,20230221,2.787
512100.SH,20230220,2.774
512100.SH,20230217,2.742
512100.SH,20230216,2.767
512100.SH,20230215,2.817
512100.SH,20230214,2.818
512100.SH,20230213,2.812
512100.SH,20230210,2.786
512100.SH,20230209,2.8
512100.SH,20230208,2.745
512100.SH,20230207,2.764
512100.SH,20230206,2.756
512100.SH,20230203,2.762
512100.SH,20230202,2.765
512100.SH,20230201,2.761
512100.SH,20230131,2.717
512100.SH,20230130,2.708
512100.SH,20230120,2.697
512100.SH,20230119,2.672
512100.SH,20230118,2.641
512100.SH,20230117,2.633
512100.SH,20230116,2.636
512100.SH,20230113,2.608
512100.SH,20230112,2.592
512100.SH,20230111,2.592
512100.SH,20230110,2.611
512100.SH,20230109,2.607
512100.SH,20230106,2.595
512100.SH,20230105,2.591
512100.SH,20230104,2.564
512100.SH,20230103,2.564
512100.SH,20221230,2.507
512100.SH,20221229,2.502
512100.SH,20221228,2.507
512100.SH,20221227,2.524
512100.SH,20221226,2.504
512100.SH,20221223,2.46
512100.SH,20221222,2.478
512100.SH,20221221,2.517
512100.SH,20221220,2.531
512100.SH,20221219,2.558
512100.SH,20221216,2.61
512100.SH,20221215,2.633
512100.SH,20221214,2.624
512100.SH,20221213,2.639
512100.SH,20221212,2.659
512100.SH,20221209,2.669
512100.SH,20221208,2.662
512100.SH,20221207,2.674
512100.SH,20221206,2.676
512100.SH,20221205,2.679
512100.SH,20221202,2.666
512100.SH,20221201,2.658
512100.SH,20221130,2.631
512100.SH,20221129,2.634
512100.SH,20221128,2.594
512100.SH,20221125,2.604
512100.SH,20221124,2.63
512100.SH,20221123,2.627
512100.SH,20221122,2.633
512100.SH,20221121,2.671
512100.SH,20221118,2.66
512100.SH,20221117,2.682
512100.SH,20221116,2.676
512100.SH,20221115,2.696
512100.SH,20221114,2.634
512100.SH,20221111,2.652
512100.SH,20221110,2.642
512100.SH,20221109,2.667
512100.SH,20221108,2.679
512100.SH,20221107,2.68
512100.SH,20221104,2.691
512100.SH,20221103,2.622
512100.SH,20221102,2.609
512100.SH,20221101,2.584
512100.SH,20221031,2.516
512100.SH,20221028,2.49
512100.SH,20221027,2.585
512100.SH,20221026,2.6
512100.SH,20221025,2.539
512100.SH,20221024,2.56
512100.SH,20221021,2.57
512100.SH,20221020,2.575
512100.SH,20221019,2.583
512100.SH,20221018,2.598
512100.SH,20221017,2.581
512100.SH,20221014,2.566
512100.SH,20221013,2.499
512100.SH,20221012,2.472
512100.SH,20221011,2.401
512100.SH,20221010,2.395
512100.SH,20220930,2.446
512100.SH,20220929,2.494
512100.SH,20220928,2.485
512100.SH,20220927,2.56
512100.SH,20220926,2.512
512100.SH,20220923,2.547
512100.SH,20220922,2.595
512100.SH,20220921,2.59
512100.SH,20220920,2.59
512100.SH,20220919,2.561
512100.SH,20220916,2.59
512100.SH,20220915,2.644
512100.SH,20220914,2.729
512100.SH,20220913,2.76
512100.SH,20220909,2.769
512100.SH,20220908,2.761
512100.SH,20220907,2.783
512100.SH,20220906,2.766
512100.SH,20220905,2.713
512100.SH,20220901,0.982
512100.SH,20220831,0.988
512100.SH,20220830,1.02
512100.SH,20220829,1.025
512100.SH,20220826,1.021
512100.SH,20220825,1.027
512100.SH,20220824,1.03
512100.SH,20220823,1.069
512100.SH,20220822,1.064
512100.SH,20220819,1.058
512100.SH,20220818,1.076
512100.SH,20220817,1.071
512100.SH,20220816,1.07
512100.SH,20220815,1.064
512100.SH,20220812,1.057
512100.SH,20220811,1.067
512100.SH,20220810,1.053
512100.SH,20220809,1.053
512100.SH,20220808,1.048
512100.SH,20220805,1.04
512100.SH,20220804,1.017
512100.SH,20220803,1.012
512100.SH,20220802,1.02
512100.SH,20220801,1.049
512100.SH,20220729,1.043
512100.SH,20220728,1.047
512100.SH,20220727,1.039
512100.SH,20220726,1.03
512100.SH,20220725,1.014
512100.SH,20220722,1.028
512100.SH,20220721,1.035
512100.SH,20220720,1.041
512100.SH,20220719,1.026
512100.SH,20220718,1.017
512100.SH,20220715,1.002
512100.SH,20220714,1.013
512100.SH,20220713,0.999
512100.SH,20220712,0.991
512100.SH,20220711,1.009
512100.SH,20220708,1.024
512100.SH,20220707,1.029
512100.SH,20220706,1.017
512100.SH,20220705,1.03
512100.SH,20220704,1.033
512100.SH,20220701,1.024
512100.SH,20220630,1.021
512100.SH,20220629,1.013
512100.SH,20220628,1.035
512100.SH,20220627,1.022
512100.SH,20220624,1.011
512100.SH,20220623,1.0
512100.SH,20220622,0.977
512100.SH,20220621,0.989
512100.SH,20220620,1.0
512100.SH,20220617,0.991
512100.SH,20220616,0.98
512100.SH,20220615,0.971
512100.SH,20220614,0.975
512100.SH,20220613,0.975
512100.SH,20220610,0.968
512100.SH,20220609,0.947
512100.SH,20220608,0.964
512100.SH,20220607,0.961
512100.SH,20220606,0.963
512100.SH,20220602,0.939
512100.SH,20220601,0.929
512100.SH,20220531,0.925
512100.SH,20220530,0.916
512100.SH,20220527,0.908
512100.SH,20220526,0.91
512100.SH,20220525,0.902
512100.SH,20220524,0.887
512100.SH,20220523,0.925
512100.SH,20220520,0.91
512100.SH,20220519,0.902
512100.SH,20220518,0.891
512100.SH,20220517,0.891
512100.SH,20220516,0.887
512100.SH,20220513,0.885
512100.SH,20220512,0.878
512100.SH,20220511,0.873
512100.SH,20220510,0.864
512100.SH,20220509,0.85
512100.SH,20220506,0.839
512100.SH,20220505,0.85
512100.SH,20220429,0.835
512100.SH,20220428,0.797
512100.SH,20220427,0.807
512100.SH,20220426,0.768
512100.SH,20220425,0.793
512100.SH,20220422,0.858
512100.SH,20220421,0.868
512100.SH,20220420,0.904
512100.SH,20220419,0.923
512100.SH,20220418,0.92
512100.SH,20220415,0.912
512100.SH,20220414,0.922
512100.SH,20220413,0.916
512100.SH,20220412,0.933
512100.SH,20220411,0.922
512100.SH,20220408,0.956
512100.SH,20220407,0.963
512100.SH,20220406,0.982
512100.SH,20220401,0.986
512100.SH,20220331,0.985
512100.SH,20220330,0.999
512100.SH,20220329,0.976
512100.SH,20220328,0.982
512100.SH,20220325,0.992
512100.SH,20220324,1.0
512100.SH,20220323,1.013
512100.SH,20220322,1.006
512100.SH,20220321,1.011
512100.SH,20220318,1.0
512100.SH,20220317,0.99
512100.SH,20220316,0.972
512100.SH,20220315,0.941
512100.SH,20220314,0.988
512100.SH,20220311,1.016
512100.SH,20220310,1.009
512100.SH,20220309,0.985
512100.SH,20220308,0.996
512100.SH,20220307,1.027
512100.SH,20220304,1.054
512100.SH,20220303,1.067
512100.SH,20220302,1.078
512100.SH,20220301,1.08
512100.SH,20220228,1.078
512100.SH,20220225,1.069
512100.SH,20220224,1.059
512100.SH,20220223,1.085
512100.SH,20220222,1.06
512100.SH,20220221,1.066
512100.SH,20220218,1.053
512100.SH,20220217,1.049
512100.SH,20220216,1.045
512100.SH,20220215,1.037
512100.SH,20220214,1.016
512100.SH,20220211,1.023
512100.SH,20220210,1.045
512100.SH,20220209,1.048
512100.SH,20220208,1.034
512100.SH,20220207,1.026
512100.SH,20220128,1.016
512100.SH,20220127,1.012
512100.SH,20220126,1.044
512100.SH,20220125,1.037
512100.SH,20220124,1.079
512100.SH,20220121,1.073
512100.SH,20220120,1.09
512100.SH,20220119,1.114
512100.SH,20220118,1.13
512100.SH,20220117,1.136
512100.SH,20220114,1.115
512100.SH,20220113,1.111
512100.SH,20220112,1.132
512100.SH,20220111,1.112
512100.SH,20220110,1.123
512100.SH,20220107,1.118
512100.SH,20220106,1.138
512100.SH,20220105,1.131
512100.SH,20220104,1.161
512100.SH,20260731,2.864
512100.SH,20260730,2.798
512100.SH,20260729,2.878
512100.SH,20260728,2.848
512100.SH,20260727,2.93
512100.SH,20260724,2.832
512100.SH,20260723,2.914
512100.SH,20260722,2.891
512100.SH,20260721,2.933
512100.SH,20260720,2.818
512100.SH,20260717,2.908
512100.SH,20260716,3.092
512100.SH,20260715,3.169
512100.SH,20260714,3.206
512100.SH,20260713,3.158
512100.SH,20260710,3.312
512100.SH,20260709,3.354
512100.SH,20260708,3.29
512100.SH,20260707,3.368
512100.SH,20260706,3.435
512100.SH,20260703,3.488
512100.SH,20260702,3.491
512100.SH,20260701,3.585
512100.SH,20260630,3.577
512100.SH,20260629,3.475
512100.SH,20260626,3.484
512100.SH,20260625,3.569
512100.SH,20260624,3.551
512100.SH,20260623,3.51
512100.SH,20260622,3.58
512100.SH,20260618,3.544
512100.SH,20260617,3.519
512100.SH,20260616,3.491
512100.SH,20260615,3.439
512100.SH,20260612,3.309
512100.SH,20260611,3.286
512100.SH,20260610,3.303
512100.SH,20260609,3.341
512100.SH,20260608,3.258
512100.SH,20260605,3.358
512100.SH,20260604,3.385
512100.SH,20260603,3.389
512100.SH,20260602,3.368
512100.SH,20260601,3.359
512100.SH,20260529,3.383
512100.SH,20260528,3.472
512100.SH,20260527,3.437
512100.SH,20260526,3.499
512100.SH,20260525,3.539
512100.SH,20260522,3.495
512100.SH,20260521,3.432
512100.SH,20260520,3.545
512100.SH,20260519,3.542
512100.SH,20260518,3.503
512100.SH,20260515,3.488
512100.SH,20260514,3.529
512100.SH,20260513,3.598
512100.SH,20260512,3.54
512100.SH,20260511,3.555
512100.SH,20260508,3.506
512100.SH,20260507,3.493
512100.SH,20260506,3.433
512100.SH,20260430,3.362
512100.SH,20260429,3.346
512100.SH,20260428,3.297
512100.SH,20260427,3.339
512100.SH,20260424,3.326
512100.SH,20260423,3.355
512100.SH,20260422,3.401
512100.SH,20260421,3.344
512100.SH,20260420,3.345
512100.SH,20260417,3.33
512100.SH,20260416,3.298
512100.SH,20260415,3.246
512100.SH,20260414,3.263
512100.SH,20260413,3.213
512100.SH,20260410,3.201
512100.SH,20260409,3.171
512100.SH,20260408,3.189
512100.SH,20260407,3.045
512100.SH,20260403,3.02
512100.SH,20260402,3.055
512100.SH,20260401,3.107
512100.SH,20260331,3.051
512100.SH,20260330,3.109
512100.SH,20260327,3.106
512100.SH,20260326,3.057
512100.SH,20260325,3.101
512100.SH,20260324,3.044
512100.SH,20260323,2.967
512100.SH,20260320,3.117
512100.SH,20260319,3.17
512100.SH,20260318,3.24
512100.SH,20260317,3.212
512100.SH,20260316,3.285
512100.SH,20260313,3.291
512100.SH,20260312,3.338
512100.SH,20260311,3.346
512100.SH,20260310,3.344
512100.SH,20260309,3.287
512100.SH,20260306,3.3
512100.SH,20260305,3.266
512100.SH,20260304,3.238
512100.SH,20260303,3.268
512100.SH,20260302,3.393
512100.SH,20260227,3.431
512100.SH,20260226,3.396
512100.SH,20260225,3.371
512100.SH,20260224,3.322
512100.SH,20260213,3.285
512100.SH,20260212,3.336
512100.SH,20260211,3.303
512100.SH,20260210,3.301
512100.SH,20260209,3.302
512100.SH,20260206,3.221
512100.SH,20260205,3.232
512100.SH,20260204,3.289
512100.SH,20260203,3.284
512100.SH,20260202,3.175
512100.SH,20260130,3.311
512100.SH,20260129,3.34
512100.SH,20260128,3.366
512100.SH,20260127,3.357
512100.SH,20260126,3.344
512100.SH,20260123,3.402
512100.SH,20260122,3.33
512100.SH,20260121,3.305
512100.SH,20260120,3.277
512100.SH,20260119,3.304
512100.SH,20260116,3.336
512100.SH,20260115,3.345
512100.SH,20260114,3.345
512100.SH,20260113,3.337
512100.SH,20260112,3.406
512100.SH,20260109,3.305
512100.SH,20260108,3.231
512100.SH,20260107,3.203
512100.SH,20260106,3.195
512100.SH,20260105,3.15
159949.SZ,20211231,1.462
159949.SZ,20211230,1.462
159949.SZ,20211229,1.445
159949.SZ,20211228,1.468
159949.SZ,20211227,1.451
159949.SZ,20211224,1.454
159949.SZ,20211223,1.489
159949.SZ,20211222,1.486
159949.SZ,20211221,1.481
159949.SZ,20211220,1.48
159949.SZ,20211217,1.527
159949.SZ,20211216,1.553
159949.SZ,20211215,1.539
159949.SZ,20211214,1.553
159949.SZ,20211213,1.556
159949.SZ,20211210,1.548
159949.SZ,20211209,1.538
159949.SZ,20211208,1.523
159949.SZ,20211207,1.5
159949.SZ,20211206,1.517
159949.SZ,20211203,1.551
159949.SZ,20211202,1.549
159949.SZ,20211201,1.544
159949.SZ,20211130,1.558
159949.SZ,20211129,1.564
159949.SZ,20211126,1.55
159949.SZ,20211125,1.548
159949.SZ,20211124,1.549
159949.SZ,20211123,1.559
159949.SZ,20211122,1.565
159949.SZ,20211119,1.52
159949.SZ,20211118,1.501
159949.SZ,20211117,1.522
159949.SZ,20211116,1.508
159949.SZ,20211115,1.512
159949.SZ,20211112,1.529
159949.SZ,20211111,1.535
159949.SZ,20211110,1.524
159949.SZ,20211109,1.524
159949.SZ,20211108,1.512
159949.SZ,20211105,1.496
159949.SZ,20211104,1.496
159949.SZ,20211103,1.481
159949.SZ,20211102,1.49
159949.SZ,20211101,1.489
159949.SZ,20211029,1.505
159949.SZ,20211028,1.466
159949.SZ,20211027,1.476
159949.SZ,20211026,1.483
159949.SZ,20211025,1.485
159949.SZ,20211022,1.462
159949.SZ,20211021,1.453
159949.SZ,20211020,1.455
159949.SZ,20211019,1.462
159949.SZ,20211018,1.454
159949.SZ,20211015,1.45
159949.SZ,20211014,1.415
159949.SZ,20211013,1.416
159949.SZ,20211012,1.382
159949.SZ,20211011,1.41
159949.SZ,20211008,1.436
159949.SZ,20210930,1.44
159949.SZ,20210929,1.403
159949.SZ,20210928,1.42
159949.SZ,20210927,1.433
159949.SZ,20210924,1.419
159949.SZ,20210923,1.41
159949.SZ,20210922,1.405
159949.SZ,20210917,1.416
159949.SZ,20210916,1.387
159949.SZ,20210915,1.417
159949.SZ,20210914,1.436
159949.SZ,20210913,1.414
159949.SZ,20210910,1.432
159949.SZ,20210909,1.426
159949.SZ,20210908,1.421
159949.SZ,20210907,1.437
159949.SZ,20210906,1.424
159949.SZ,20210903,1.361
159949.SZ,20210902,1.379
159949.SZ,20210901,1.399
159949.SZ,20210831,1.41
159949.SZ,20210830,1.431
159949.SZ,20210827,1.429
159949.SZ,20210826,1.434
159949.SZ,20210825,1.469
159949.SZ,20210824,1.458
159949.SZ,20210823,1.439
159949.SZ,20210820,1.394
159949.SZ,20210819,1.436
159949.SZ,20210818,1.424
159949.SZ,20210817,1.413
159949.SZ,20210816,1.445
159949.SZ,20210813,1.469
159949.SZ,20210812,1.49
159949.SZ,20210811,1.513
159949.SZ,20210810,1.526
159949.SZ,20210809,1.527
159949.SZ,20210806,1.55
159949.SZ,20210805,1.563
159949.SZ,20210804,1.577
159949.SZ,20210803,1.533
159949.SZ,20210802,1.543
159949.SZ,20210730,1.528
159949.SZ,20210729,1.542
159949.SZ,20210728,1.453
159949.SZ,20210727,1.43
159949.SZ,20210726,1.491
159949.SZ,20210723,1.545
159949.SZ,20210722,1.582
159949.SZ,20210721,1.585
159949.SZ,20210720,1.536
159949.SZ,20210719,1.529
159949.SZ,20210716,1.521
159949.SZ,20210715,1.573
159949.SZ,20210714,1.547
159949.SZ,20210713,1.558
159949.SZ,20210712,1.575
159949.SZ,20210709,1.516
159949.SZ,20210708,1.523
159949.SZ,20210707,1.517
159949.SZ,20210706,1.458
159949.SZ,20210705,1.485
159949.SZ,20210702,1.476
159949.SZ,20210701,1.527
159949.SZ,20210630,1.54
159949.SZ,20210629,1.503
159949.SZ,20210628,1.503
159949.SZ,20210625,1.469
159949.SZ,20210624,1.434
159949.SZ,20210623,1.454
159949.SZ,20210622,1.436
159949.SZ,20210621,1.429
159949.SZ,20210618,1.418
159949.SZ,20210617,1.39
159949.SZ,20210616,1.357
159949.SZ,20210615,1.422
159949.SZ,20210611,1.439
159949.SZ,20210610,1.429
159949.SZ,20210609,1.389
159949.SZ,20210608,1.388
159949.SZ,20210607,1.4
159949.SZ,20210604,1.41
159949.SZ,20210603,1.391
159949.SZ,20210602,1.408
159949.SZ,20210601,1.439
159949.SZ,20210531,1.443
159949.SZ,20210528,1.403
159949.SZ,20210527,1.396
159949.SZ,20210526,1.385
159949.SZ,20210525,1.398
159949.SZ,20210524,1.359
159949.SZ,20210521,1.346
159949.SZ,20210520,1.36
159949.SZ,20210519,1.35
159949.SZ,20210518,1.337
159949.SZ,20210517,1.346
159949.SZ,20210514,1.306
159949.SZ,20210513,1.265
159949.SZ,20210512,1.271
159949.SZ,20210511,1.257
159949.SZ,20210510,1.263
159949.SZ,20210507,1.251
159949.SZ,20210506,1.298
159949.SZ,20210430,1.336
159949.SZ,20210429,1.315
159949.SZ,20210428,1.312
159949.SZ,20210427,1.278
159949.SZ,20210426,1.267
159949.SZ,20210423,1.28
159949.SZ,20210422,1.248
159949.SZ,20210421,1.237
159949.SZ,20210420,1.226
159949.SZ,20210419,1.232
159949.SZ,20210416,1.175
159949.SZ,20210415,1.183
159949.SZ,20210414,1.187
159949.SZ,20210413,1.157
159949.SZ,20210412,1.144
159949.SZ,20210409,1.172
159949.SZ,20210408,1.192
159949.SZ,20210407,1.185
159949.SZ,20210406,1.197
159949.SZ,20210402,1.207
159949.SZ,20210401,1.189
159949.SZ,20210331,1.166
159949.SZ,20210330,1.168
159949.SZ,20210329,1.15
159949.SZ,20210326,1.158
159949.SZ,20210325,1.116
159949.SZ,20210324,1.11
159949.SZ,20210323,1.125
159949.SZ,20210322,1.14
159949.SZ,20210319,1.128
159949.SZ,20210318,1.166
159949.SZ,20210317,1.144
159949.SZ,20210316,1.131
159949.SZ,20210315,1.121
159949.SZ,20210312,1.178
159949.SZ,20210311,1.169
159949.SZ,20210310,1.135
159949.SZ,20210309,1.11
159949.SZ,20210308,1.151
159949.SZ,20210305,1.214
159949.SZ,20210304,1.206
159949.SZ,20210303,1.28
159949.SZ,20210302,1.263
159949.SZ,20210301,1.282
159949.SZ,20210226,1.241
159949.SZ,20210225,1.269
159949.SZ,20210224,1.284
159949.SZ,20210223,1.334
159949.SZ,20210222,1.342
159949.SZ,20210219,1.406
159949.SZ,20210218,1.428
159949.SZ,20210210,1.476
159949.SZ,20210209,1.442
159949.SZ,20210208,1.417
159949.SZ,20210205,1.377
159949.SZ,20210204,1.378
159949.SZ,20210203,1.382
159949.SZ,20210202,1.379
159949.SZ,20210201,1.347
159949.SZ,20210129,1.33
159949.SZ,20210128,1.352
159949.SZ,20210127,1.404
159949.SZ,20210126,1.386
159949.SZ,20210125,1.43
159949.SZ,20210122,1.433
159949.SZ,20210121,1.404
159949.SZ,20210120,1.368
159949.SZ,20210119,1.309
159949.SZ,20210118,1.342
159949.SZ,20210115,1.314
159949.SZ,20210114,1.309
159949.SZ,20210113,1.332
159949.SZ,20210112,1.35
159949.SZ,20210111,1.306
159949.SZ,20210108,1.328
159949.SZ,20210107,1.336
159949.SZ,20210106,1.31
159949.SZ,20210105,1.297
159949.SZ,20210104,1.293
159949.SZ,20201231,1.247
159949.SZ,20201230,1.216
159949.SZ,20201229,1.173
159949.SZ,20201228,1.187
159949.SZ,20201225,1.192
159949.SZ,20201224,1.179
159949.SZ,20201223,1.187
159949.SZ,20201222,1.175
159949.SZ,20201221,1.199
159949.SZ,20201218,1.158
159949.SZ,20201217,1.154
159949.SZ,20201216,1.14
159949.SZ,20201215,1.139
159949.SZ,20201214,1.12
159949.SZ,20201211,1.106
159949.SZ,20201210,1.116
159949.SZ,20201209,1.104
159949.SZ,20201208,1.126
159949.SZ,20201207,1.114
159949.SZ,20201204,1.121
159949.SZ,20201203,1.112
159949.SZ,20201202,1.102
159949.SZ,20201201,1.109
159949.SZ,20201130,1.081
159949.SZ,20201127,1.073
159949.SZ,20201126,1.069
159949.SZ,20201125,1.073
159949.SZ,20201124,1.097
159949.SZ,20201123,1.102
159949.SZ,20201120,1.09
159949.SZ,20201119,1.082
159949.SZ,20201118,1.072
159949.SZ,20201117,1.092
159949.SZ,20201116,1.118
159949.SZ,20201113,1.114
159949.SZ,20201112,1.113
159949.SZ,20201111,1.107
159949.SZ,20201110,1.145
159949.SZ,20201109,1.164
159949.SZ,20201106,1.126
159949.SZ,20201105,1.147
159949.SZ,20201104,1.128
159949.SZ,20201103,1.123
159949.SZ,20201102,1.109
159949.SZ,20201030,1.084
159949.SZ,20201029,1.101
159949.SZ,20201028,1.085
159949.SZ,20201027,1.075
159949.SZ,20201026,1.058
159949.SZ,20201023,1.055
159949.SZ,20201022,1.085
159949.SZ,20201021,1.098
159949.SZ,20201020,1.113
159949.SZ,20201019,1.089
159949.SZ,20201016,1.101
159949.SZ,20201015,1.11
159949.SZ,20201014,1.117
159949.SZ,20201013,1.122
159949.SZ,20201012,1.12
159949.SZ,20201009,1.08
159949.SZ,20200930,1.033
159949.SZ,20200929,1.025
159949.SZ,20200928,1.01
159949.SZ,20200925,1.017
159949.SZ,20200924,1.014
159949.SZ,20200923,1.037
159949.SZ,20200922,1.018
159949.SZ,20200921,1.021
159949.SZ,20200918,1.033
159949.SZ,20200917,1.014
159949.SZ,20200916,1.013
159949.SZ,20200915,1.027
159949.SZ,20200914,1.018
159949.SZ,20200911,1.002
159949.SZ,20200910,0.98
159949.SZ,20200909,0.995
159949.SZ,20200908,1.05
159949.SZ,20200907,1.041
159949.SZ,20200904,1.079
159949.SZ,20200903,1.085
159949.SZ,20200902,1.09
159949.SZ,20200901,1.088
159949.SZ,20200831,1.08
159949.SZ,20200828,1.093
159949.SZ,20200827,1.068
159949.SZ,20200826,1.043
159949.SZ,20200825,1.07
159949.SZ,20200824,1.06
159949.SZ,20200821,1.043
159949.SZ,20200820,1.023
159949.SZ,20200819,1.028
159949.SZ,20200818,1.069
159949.SZ,20200817,1.071
159949.SZ,20200814,1.061
159949.SZ,20200813,1.038
159949.SZ,20200812,1.046
159949.SZ,20200811,1.065
159949.SZ,20200810,1.085
159949.SZ,20200807,1.096
159949.SZ,20200806,1.122
159949.SZ,20200805,1.145
159949.SZ,20200804,1.135
159949.SZ,20200803,1.15
159949.SZ,20200731,1.125
159949.SZ,20200730,1.092
159949.SZ,20200729,1.105
159949.SZ,20200728,1.053
159949.SZ,20200727,1.04
159949.SZ,20200724,1.04
159949.SZ,20200723,1.112
159949.SZ,20200722,1.093
159949.SZ,20200721,1.079
159949.SZ,20200720,1.06
159949.SZ,20200717,1.042
159949.SZ,20200716,1.039
159949.SZ,20200715,1.104
159949.SZ,20200714,1.124
159949.SZ,20200713,1.14
159949.SZ,20200710,1.084
159949.SZ,20200709,1.075
159949.SZ,20200708,1.046
159949.SZ,20200707,1.006
159949.SZ,20200706,0.983
159949.SZ,20200703,0.952
159949.SZ,20200702,0.938
159949.SZ,20200701,0.932
159949.SZ,20200630,0.943
159949.SZ,20200629,0.912
159949.SZ,20200624,0.921
159949.SZ,20200623,0.922
159949.SZ,20200622,0.904
159949.SZ,20200619,0.892
159949.SZ,20200618,0.869
159949.SZ,20200617,0.863
159949.SZ,20200616,0.865
159949.SZ,20200615,0.847
159949.SZ,20200612,0.849
159949.SZ,20200611,0.84
159949.SZ,20200610,0.835
159949.SZ,20200609,0.825
159949.SZ,20200608,0.812
159949.SZ,20200605,0.819
159949.SZ,20200604,0.811
159949.SZ,20200603,0.807
159949.SZ,20200602,0.811
159949.SZ,20200601,0.816
159949.SZ,20200529,0.785
159949.SZ,20200528,0.777
159949.SZ,20200527,0.783
159949.SZ,20200526,0.798
159949.SZ,20200525,0.775
159949.SZ,20200522,0.771
159949.SZ,20200521,0.792
159949.SZ,20200520,0.796
159949.SZ,20200519,0.805
159949.SZ,20200518,0.794
159949.SZ,20200515,0.802
159949.SZ,20200514,0.798
159949.SZ,20200513,0.803
159949.SZ,20200512,0.797
159949.SZ,20200511,0.788
159949.SZ,20200508,0.799
159949.SZ,20200507,0.793
159949.SZ,20200506,0.796
159949.SZ,20200430,0.782
159949.SZ,20200429,0.764
159949.SZ,20200428,0.764
159949.SZ,20200427,0.758
159949.SZ,20200424,0.75
159949.SZ,20200423,0.758
159949.SZ,20200422,0.761
159949.SZ,20200421,0.758
159949.SZ,20200420,0.765
159949.SZ,20200417,0.756
159949.SZ,20200416,0.749
159949.SZ,20200415,0.738
159949.SZ,20200414,0.739
159949.SZ,20200413,0.715
159949.SZ,20200410,0.722
159949.SZ,20200409,0.737
159949.SZ,20200408,0.728
159949.SZ,20200407,0.73
159949.SZ,20200403,0.706
159949.SZ,20200402,0.712
159949.SZ,20200401,0.691
159949.SZ,20200331,0.69
159949.SZ,20200330,0.692
159949.SZ,20200327,0.708
159949.SZ,20200326,0.718
159949.SZ,20200325,0.719
159949.SZ,20200324,0.691
159949.SZ,20200323,0.677
159949.SZ,20200320,0.711
159949.SZ,20200319,0.702
159949.SZ,20200318,0.699
159949.SZ,20200317,0.712
159949.SZ,20200316,0.708
159949.SZ,20200313,0.757
159949.SZ,20200312,0.76
159949.SZ,20200311,0.779
159949.SZ,20200310,0.799
159949.SZ,20200309,0.773
159949.SZ,20200306,0.811
159949.SZ,20200305,0.816
159949.SZ,20200304,0.806
159949.SZ,20200303,0.81
159949.SZ,20200302,0.791
159949.SZ,20200228,0.768
159949.SZ,20200227,0.814
159949.SZ,20200226,0.811
159949.SZ,20200225,0.856
159949.SZ,20200224,0.842
159949.SZ,20200221,0.828
159949.SZ,20200220,0.813
159949.SZ,20200219,0.789
159949.SZ,20200218,0.807
159949.SZ,20200217,0.801
159949.SZ,20200214,0.769
159949.SZ,20200213,0.77
159949.SZ,20200212,0.778
159949.SZ,20200211,0.753
159949.SZ,20200210,0.759
159949.SZ,20200207,0.748
159949.SZ,20200206,0.749
159949.SZ,20200205,0.725
159949.SZ,20200204,0.703
159949.SZ,20200203,0.653
159949.SZ,20200123,0.711
159949.SZ,20200122,0.733
159949.SZ,20200121,0.717
159949.SZ,20200120,0.724
159949.SZ,20200117,0.704
159949.SZ,20200116,0.704
159949.SZ,20200115,0.701
159949.SZ,20200114,0.702
159949.SZ,20200113,0.706
159949.SZ,20200110,0.695
159949.SZ,20200109,0.696
159949.SZ,20200108,0.676
159949.SZ,20200107,0.686
159949.SZ,20200106,0.678
159949.SZ,20200103,0.671
159949.SZ,20200102,0.673
159949.SZ,20191231,0.661
159949.SZ,20191230,0.66
159949.SZ,20191227,0.649
159949.SZ,20191226,0.66
159949.SZ,20191225,0.656
159949.SZ,20191224,0.649
159949.SZ,20191223,0.634
159949.SZ,20191220,0.646
159949.SZ,20191219,0.654
159949.SZ,20191218,0.654
159949.SZ,20191217,0.657
159949.SZ,20191216,0.649
159949.SZ,20191213,0.642
159949.SZ,20191212,0.625
159949.SZ,20191211,0.624
159949.SZ,20191210,0.63
159949.SZ,20191209,0.621
159949.SZ,20191206,0.625
159949.SZ,20191205,0.618
159949.SZ,20191204,0.604
159949.SZ,20191203,0.603
159949.SZ,20191202,0.599
159949.SZ,20191129,0.597
159949.SZ,20191128,0.603
159949.SZ,20191127,0.603
159949.SZ,20191126,0.602
159949.SZ,20191125,0.599
159949.SZ,20191122,0.603
159949.SZ,20191121,0.615
159949.SZ,20191120,0.618
159949.SZ,20191119,0.622
159949.SZ,20191118,0.6
159949.SZ,20191115,0.597
159949.SZ,20191114,0.601
159949.SZ,20191113,0.596
159949.SZ,20191112,0.591
159949.SZ,20191111,0.594
159949.SZ,20191108,0.608
159949.SZ,20191107,0.606
159949.SZ,20191106,0.603
159949.SZ,20191105,0.606
159949.SZ,20191104,0.599
159949.SZ,20191101,0.596
159949.SZ,20191031,0.587
159949.SZ,20191030,0.59
159949.SZ,20191029,0.59
159949.SZ,20191028,0.598
159949.SZ,20191025,0.587
159949.SZ,20191024,0.579
159949.SZ,20191023,0.578
159949.SZ,20191022,0.586
159949.SZ,20191021,0.577
159949.SZ,20191018,0.58
159949.SZ,20191017,0.585
159949.SZ,20191016,0.584
159949.SZ,20191015,0.586
159949.SZ,20191014,0.593
159949.SZ,20191011,0.589
159949.SZ,20191010,0.587
159949.SZ,20191009,0.57
159949.SZ,20191008,0.567
159949.SZ,20190930,0.571
159949.SZ,20190927,0.582
159949.SZ,20190926,0.576
159949.SZ,20190925,0.591
159949.SZ,20190924,0.6
159949.SZ,20190923,0.593
159949.SZ,20190920,0.6
159949.SZ,20190919,0.602
159949.SZ,20190918,0.593
159949.SZ,20190917,0.595
159949.SZ,20190916,0.608
159949.SZ,20190912,0.608
159949.SZ,20190911,0.606
159949.SZ,20190910,0.613
159949.SZ,20190909,0.618
159949.SZ,20190906,0.597
159949.SZ,20190905,0.593
159949.SZ,20190904,0.584
159949.SZ,20190903,0.582
159949.SZ,20190902,0.579
159949.SZ,20190830,0.56
159949.SZ,20190829,0.561
159949.SZ,20190828,0.564
159949.SZ,20190827,0.568
159949.SZ,20190826,0.558
159949.SZ,20190823,0.565
159949.SZ,20190822,0.563
159949.SZ,20190821,0.561
159949.SZ,20190820,0.565
159949.SZ,20190819,0.57
159949.SZ,20190816,0.545
159949.SZ,20190815,0.541
159949.SZ,20190814,0.534
159949.SZ,20190813,0.528
159949.SZ,20190812,0.532
159949.SZ,20190809,0.521
159949.SZ,20190808,0.524
159949.SZ,20190807,0.516
159949.SZ,20190806,0.518
159949.SZ,20190805,0.526
159949.SZ,20190802,0.538
159949.SZ,20190801,0.545
159949.SZ,20190731,0.546
159949.SZ,20190730,0.55
159949.SZ,20190729,0.542
159949.SZ,20190726,0.545
159949.SZ,20190725,0.543
159949.SZ,20190724,0.539
159949.SZ,20190723,0.532
159949.SZ,20190722,0.525
159949.SZ,20190719,0.535
159949.SZ,20190718,0.528
159949.SZ,20190717,0.537
159949.SZ,20190716,0.535
159949.SZ,20190715,0.535
159949.SZ,20190712,0.526
159949.SZ,20190711,0.524
159949.SZ,20190710,0.523
159949.SZ,20190709,0.527
159949.SZ,20190708,0.525
159949.SZ,20190705,0.541
159949.SZ,20190704,0.539
159949.SZ,20190703,0.543
159949.SZ,20190702,0.549
159949.SZ,20190701,0.548
159949.SZ,20190628,0.529
159949.SZ,20190627,0.532
159949.SZ,20190626,0.525
159949.SZ,20190625,0.522
159949.SZ,20190624,0.527
159949.SZ,20190621,0.531
159949.SZ,20190620,0.519
159949.SZ,20190619,0.507
159949.SZ,20190618,0.5
159949.SZ,20190617,0.499
159949.SZ,20190614,0.497
159949.SZ,20190613,0.506
159949.SZ,20190612,0.504
159949.SZ,20190611,0.51
159949.SZ,20190610,0.491
159949.SZ,20190606,0.486
159949.SZ,20190605,0.496
159949.SZ,20190604,0.497
159949.SZ,20190603,0.502
159949.SZ,20190531,0.506
159949.SZ,20190530,0.507
159949.SZ,20190529,0.513
159949.SZ,20190528,0.514
159949.SZ,20190527,0.515
159949.SZ,20190524,0.502
159949.SZ,20190523,0.503
159949.SZ,20190522,0.516
159949.SZ,20190521,0.517
159949.SZ,20190520,0.511
159949.SZ,20190517,0.511
159949.SZ,20190516,0.53
159949.SZ,20190515,0.529
159949.SZ,20190514,0.519
159949.SZ,20190513,0.52
159949.SZ,20190510,0.53
159949.SZ,20190509,0.506
159949.SZ,20190508,0.514
159949.SZ,20190507,0.516
159949.SZ,20190506,0.509
159949.SZ,20190430,0.554
159949.SZ,20190429,0.556
159949.SZ,20190426,0.571
159949.SZ,20190425,0.572
159949.SZ,20190424,0.592
159949.SZ,20190423,0.582
159949.SZ,20190422,0.588
159949.SZ,20190419,0.599
159949.SZ,20190418,0.591
159949.SZ,20190417,0.596
159949.SZ,20190416,0.597
159949.SZ,20190415,0.578
159949.SZ,20190412,0.59
159949.SZ,20190411,0.587
159949.SZ,20190410,0.599
159949.SZ,20190409,0.605
159949.SZ,20190408,0.604
159949.SZ,20190404,0.615
159949.SZ,20190403,0.62
159949.SZ,20190402,0.611
159949.SZ,20190401,0.616
159949.SZ,20190329,0.591
159949.SZ,20190328,0.565
159949.SZ,20190327,0.571
159949.SZ,20190326,0.568
159949.SZ,20190325,0.584
159949.SZ,20190322,0.595
159949.SZ,20190321,0.598
159949.SZ,20190320,0.593
159949.SZ,20190319,0.595
159949.SZ,20190318,0.598
159949.SZ,20190315,0.583
159949.SZ,20190314,0.584
159949.SZ,20190313,0.588
159949.SZ,20190312,0.611
159949.SZ,20190311,0.605
159949.SZ,20190308,0.581
159949.SZ,20190307,0.601
159949.SZ,20190306,0.609
159949.SZ,20190305,0.598
159949.SZ,20190304,0.579
159949.SZ,20190301,0.562
159949.SZ,20190228,0.549
159949.SZ,20190227,0.54
159949.SZ,20190226,0.549
159949.SZ,20190225,0.559
159949.SZ,20190222,0.516
159949.SZ,20190221,0.493
159949.SZ,20190220,0.491
159949.SZ,20190219,0.493
159949.SZ,20190218,0.499
159949.SZ,20190215,0.474
159949.SZ,20190214,0.481
159949.SZ,20190213,0.477
159949.SZ,20190212,0.467
159949.SZ,20190211,0.462
159949.SZ,20190201,0.449
159949.SZ,20190131,0.43
159949.SZ,20190130,0.432
159949.SZ,20190129,0.437
159949.SZ,20190128,0.443
159949.SZ,20190125,0.445
159949.SZ,20190124,0.444
159949.SZ,20190123,0.437
159949.SZ,20190122,0.439
159949.SZ,20190121,0.448
159949.SZ,20190118,0.444
159949.SZ,20190117,0.436
159949.SZ,20190116,0.442
159949.SZ,20190115,0.442
159949.SZ,20190114,0.433
159949.SZ,20190111,0.439
159949.SZ,20190110,0.438
159949.SZ,20190109,0.441
159949.SZ,20190108,0.441
159949.SZ,20190107,0.442
159949.SZ,20190104,0.436
159949.SZ,20190103,0.425
159949.SZ,20190102,0.429
159949.SZ,20181228,0.436
159949.SZ,20181227,0.436
159949.SZ,20181226,0.442
159949.SZ,20181225,0.447
159949.SZ,20181224,0.452
159949.SZ,20181221,0.446
159949.SZ,20181220,0.449
159949.SZ,20181219,0.447
159949.SZ,20181218,0.457
159949.SZ,20181217,0.46
159949.SZ,20181214,0.465
159949.SZ,20181213,0.479
159949.SZ,20181212,0.472
159949.SZ,20181211,0.473
159949.SZ,20181210,0.468
159949.SZ,20181207,0.473
159949.SZ,20181206,0.472
159949.SZ,20181205,0.487
159949.SZ,20181204,0.491
159949.SZ,20181203,0.489
159949.SZ,20181130,0.471
159949.SZ,20181129,0.465
159949.SZ,20181128,0.475
159949.SZ,20181127,0.465
159949.SZ,20181126,0.461
159949.SZ,20181123,0.463
159949.SZ,20181122,0.483
159949.SZ,20181121,0.487
159949.SZ,20181120,0.484
159949.SZ,20181119,0.5
159949.SZ,20181116,0.502
159949.SZ,20181115,0.503
159949.SZ,20181114,0.495
159949.SZ,20181113,0.498
159949.SZ,20181112,0.493
159949.SZ,20181109,0.474
159949.SZ,20181108,0.472
159949.SZ,20181107,0.481
159949.SZ,20181106,0.481
159949.SZ,20181105,0.483
159949.SZ,20181102,0.485
159949.SZ,20181101,0.459
159949.SZ,20181031,0.453
159949.SZ,20181030,0.45
159949.SZ,20181029,0.443
159949.SZ,20181026,0.447
159949.SZ,20181025,0.454
159949.SZ,20181024,0.458
159949.SZ,20181023,0.462
159949.SZ,20181022,0.475
159949.SZ,20181019,0.445
159949.SZ,20181018,0.427
159949.SZ,20181017,0.435
159949.SZ,20181016,0.429
159949.SZ,20181015,0.44
159949.SZ,20181012,0.447
159949.SZ,20181011,0.444
159949.SZ,20181010,0.48
159949.SZ,20181009,0.481
159949.SZ,20181008,0.485
159949.SZ,20180928,0.511
159949.SZ,20180927,0.502
159949.SZ,20180926,0.512
159949.SZ,20180925,0.509
159949.SZ,20180921,0.514
159949.SZ,20180920,0.504
159949.SZ,20180919,0.506
159949.SZ,20180918,0.5
159949.SZ,20180917,0.492
159949.SZ,20180914,0.498
159949.SZ,20180913,0.506
159949.SZ,20180912,0.503
159949.SZ,20180911,0.505
159949.SZ,20180910,0.502
159949.SZ,20180907,0.524
159949.SZ,20180906,0.524
159949.SZ,20180905,0.527
159949.SZ,20180904,0.536
159949.SZ,20180903,0.53
159949.SZ,20180831,0.528
159949.SZ,20180830,0.536
159949.SZ,20180829,0.546
159949.SZ,20180828,0.55
159949.SZ,20180827,0.55
159949.SZ,20180824,0.535
159949.SZ,20180823,0.539
159949.SZ,20180822,0.534
159949.SZ,20180821,0.539
159949.SZ,20180820,0.533
159949.SZ,20180817,0.528
159949.SZ,20180816,0.538
159949.SZ,20180815,0.539
159949.SZ,20180814,0.556
159949.SZ,20180813,0.562
159949.SZ,20180810,0.553
159949.SZ,20180809,0.551
159949.SZ,20180808,0.534
159949.SZ,20180807,0.545
159949.SZ,20180806,0.529
159949.SZ,20180803,0.542
159949.SZ,20180802,0.551
159949.SZ,20180801,0.565
159949.SZ,20180731,0.574
159949.SZ,20180730,0.576
159949.SZ,20180727,0.588
159949.SZ,20180726,0.595
159949.SZ,20180725,0.605
159949.SZ,20180724,0.605
159949.SZ,20180723,0.6
159949.SZ,20180720,0.589
159949.SZ,20180719,0.581
159949.SZ,20180718,0.585
159949.SZ,20180717,0.593
159949.SZ,20180716,0.59
159949.SZ,20180713,0.593
159949.SZ,20180712,0.594
159949.SZ,20180711,0.57
159949.SZ,20180710,0.583
159949.SZ,20180709,0.579
159949.SZ,20180706,0.567
159949.SZ,20180705,0.563
159949.SZ,20180704,0.574
159949.SZ,20180703,0.591
159949.SZ,20180702,0.58
159949.SZ,20180629,0.586
159949.SZ,20180628,0.563
159949.SZ,20180627,0.564
159949.SZ,20180626,0.569
159949.SZ,20180625,0.555
159949.SZ,20180622,0.559
159949.SZ,20180621,0.546
159949.SZ,20180620,0.562
159949.SZ,20180619,0.56
159949.SZ,20180615,0.598
159949.SZ,20180614,0.613
159949.SZ,20180613,0.615
159949.SZ,20180612,0.626
159949.SZ,20180611,0.618
159949.SZ,20180608,0.62
159949.SZ,20180607,0.629
159949.SZ,20180606,0.634
159949.SZ,20180605,0.639
159949.SZ,20180604,0.626
159949.SZ,20180601,0.627
159949.SZ,20180531,0.636
159949.SZ,20180530,0.631
159949.SZ,20180529,0.652
159949.SZ,20180528,0.656
159949.SZ,20180525,0.661
159949.SZ,20180524,0.677
159949.SZ,20180523,0.683
159949.SZ,20180522,0.694
159949.SZ,20180521,0.693
159949.SZ,20180518,0.68
159949.SZ,20180517,0.677
159949.SZ,20180516,0.685
159949.SZ,20180515,0.691
159949.SZ,20180514,0.683
159949.SZ,20180511,0.685
159949.SZ,20180510,0.697
159949.SZ,20180509,0.697
159949.SZ,20180508,0.697
159949.SZ,20180507,0.69
159949.SZ,20180504,0.674
159949.SZ,20180503,0.684
159949.SZ,20180502,0.667
159949.SZ,20180427,0.671
159949.SZ,20180426,0.667
159949.SZ,20180425,0.679
159949.SZ,20180424,0.677
159949.SZ,20180423,0.651
159949.SZ,20180420,0.666
159949.SZ,20180419,0.684
159949.SZ,20180418,0.688
159949.SZ,20180417,0.67
159949.SZ,20180416,0.695
159949.SZ,20180413,0.69
159949.SZ,20180412,0.687
159949.SZ,20180411,0.693
159949.SZ,20180410,0.693
159949.SZ,20180409,0.698
159949.SZ,20180404,0.694
159949.SZ,20180403,0.71
159949.SZ,20180402,0.722
159949.SZ,20180330,0.727
159949.SZ,20180329,0.705
159949.SZ,20180328,0.696
159949.SZ,20180327,0.701
159949.SZ,20180326,0.672
159949.SZ,20180323,0.649
159949.SZ,20180322,0.695
159949.SZ,20180321,0.694
159949.SZ,20180320,0.716
159949.SZ,20180319,0.712
159949.SZ,20180316,0.704
159949.SZ,20180315,0.716
159949.SZ,20180314,0.71
159949.SZ,20180313,0.72
159949.SZ,20180312,0.726
159949.SZ,20180309,0.714
159949.SZ,20180308,0.682
159949.SZ,20180307,0.681
159949.SZ,20180306,0.688
159949.SZ,20180305,0.689
159949.SZ,20180302,0.677
159949.SZ,20180301,0.687
159949.SZ,20180228,0.673
159949.SZ,20180227,0.67
159949.SZ,20180226,0.663
159949.SZ,20180223,0.636
159949.SZ,20180222,0.637
159949.SZ,20180214,0.624
159949.SZ,20180213,0.628
159949.SZ,20180212,0.627
159949.SZ,20180209,0.606
159949.SZ,20180208,0.627
159949.SZ,20180207,0.615
159949.SZ,20180206,0.607
159949.SZ,20180205,0.645
159949.SZ,20180202,0.65
159949.SZ,20180201,0.646
159949.SZ,20180131,0.661
159949.SZ,20180130,0.681
159949.SZ,20180129,0.692
159949.SZ,20180126,0.694
159949.SZ,20180125,0.687
159949.SZ,20180124,0.69
159949.SZ,20180123,0.665
159949.SZ,20180122,0.669
159949.SZ,20180119,0.649
159949.SZ,20180118,0.652
159949.SZ,20180117,0.655
159949.SZ,20180116,0.648
159949.SZ,20180115,0.651
159949.SZ,20180112,0.672
159949.SZ,20180111,0.682
159949.SZ,20180110,0.677
159949.SZ,20180109,0.68
159949.SZ,20180108,0.682
159949.SZ,20180105,0.684
159949.SZ,20180104,0.682
159949.SZ,20180103,0.686
159949.SZ,20180102,0.677
159949.SZ,20251231,1.522
159949.SZ,20251230,1.544
159949.SZ,20251229,1.532
159949.SZ,20251226,1.544
159949.SZ,20251225,1.542
159949.SZ,20251224,1.539
159949.SZ,20251223,1.53
159949.SZ,20251222,1.521
159949.SZ,20251219,1.485
159949.SZ,20251218,1.479
159949.SZ,20251217,1.517
159949.SZ,20251216,1.463
159949.SZ,20251215,1.495
159949.SZ,20251212,1.527
159949.SZ,20251211,1.511
159949.SZ,20251210,1.532
159949.SZ,20251209,1.535
159949.SZ,20251208,1.53
159949.SZ,20251205,1.482
159949.SZ,20251204,1.461
159949.SZ,20251203,1.443
159949.SZ,20251202,1.46
159949.SZ,20251201,1.468
159949.SZ,20251128,1.448
159949.SZ,20251127,1.435
159949.SZ,20251126,1.447
159949.SZ,20251125,1.407
159949.SZ,20251124,1.384
159949.SZ,20251121,1.384
159949.SZ,20251120,1.44
159949.SZ,20251119,1.455
159949.SZ,20251118,1.449
159949.SZ,20251117,1.464
159949.SZ,20251114,1.47
159949.SZ,20251113,1.514
159949.SZ,20251112,1.481
159949.SZ,20251111,1.48
159949.SZ,20251110,1.504
159949.SZ,20251107,1.527
159949.SZ,20251106,1.535
159949.SZ,20251105,1.505
159949.SZ,20251104,1.488
159949.SZ,20251103,1.521
159949.SZ,20251031,1.513
159949.SZ,20251030,1.558
159949.SZ,20251029,1.59
159949.SZ,20251028,1.538
159949.SZ,20251027,1.541
159949.SZ,20251024,1.51
159949.SZ,20251023,1.452
159949.SZ,20251022,1.452
159949.SZ,20251021,1.463
159949.SZ,20251020,1.413
159949.SZ,20251017,1.381
159949.SZ,20251016,1.429
159949.SZ,20251015,1.419
159949.SZ,20251014,1.382
159949.SZ,20251013,1.441
159949.SZ,20251010,1.465
159949.SZ,20251009,1.543
159949.SZ,20250930,1.537
159949.SZ,20250929,1.539
159949.SZ,20250926,1.492
159949.SZ,20250925,1.53
159949.SZ,20250924,1.505
159949.SZ,20250923,1.476
159949.SZ,20250922,1.466
159949.SZ,20250919,1.455
159949.SZ,20250918,1.455
159949.SZ,20250917,1.48
159949.SZ,20250916,1.453
159949.SZ,20250915,1.437
159949.SZ,20250912,1.414
159949.SZ,20250911,1.432
159949.SZ,20250910,1.351
159949.SZ,20250909,1.336
159949.SZ,20250908,1.365
159949.SZ,20250905,1.394
159949.SZ,20250904,1.289
159949.SZ,20250903,1.354
159949.SZ,20250902,1.336
159949.SZ,20250901,1.374
159949.SZ,20250829,1.342
159949.SZ,20250828,1.309
159949.SZ,20250827,1.25
159949.SZ,20250826,1.258
159949.SZ,20250825,1.266
159949.SZ,20250822,1.232
159949.SZ,20250821,1.186
159949.SZ,20250820,1.195
159949.SZ,20250819,1.19
159949.SZ,20250818,1.189
159949.SZ,20250815,1.157
159949.SZ,20250814,1.126
159949.SZ,20250813,1.133
159949.SZ,20250812,1.09
159949.SZ,20250811,1.075
159949.SZ,20250808,1.052
159949.SZ,20250807,1.054
159949.SZ,20250806,1.063
159949.SZ,20250805,1.057
159949.SZ,20250804,1.052
159949.SZ,20250801,1.047
159949.SZ,20250731,1.05
159949.SZ,20250730,1.074
159949.SZ,20250729,1.09
159949.SZ,20250728,1.069
159949.SZ,20250725,1.055
159949.SZ,20250724,1.058
159949.SZ,20250723,1.043
159949.SZ,20250722,1.043
159949.SZ,20250721,1.038
159949.SZ,20250718,1.03
159949.SZ,20250717,1.026
159949.SZ,20250716,1.006
159949.SZ,20250715,1.01
159949.SZ,20250714,0.989
159949.SZ,20250711,0.993
159949.SZ,20250710,0.987
159949.SZ,20250709,0.983
159949.SZ,20250708,0.979
159949.SZ,20250707,0.956
159949.SZ,20250704,0.968
159949.SZ,20250703,0.97
159949.SZ,20250702,0.949
159949.SZ,20250701,0.961
159949.SZ,20250630,0.965
159949.SZ,20250627,0.951
159949.SZ,20250626,0.946
159949.SZ,20250625,0.953
159949.SZ,20250624,0.919
159949.SZ,20250623,0.898
159949.SZ,20250620,0.895
159949.SZ,20250619,0.902
159949.SZ,20250618,0.917
159949.SZ,20250617,0.912
159949.SZ,20250616,0.915
159949.SZ,20250613,0.906
159949.SZ,20250612,0.914
159949.SZ,20250611,0.912
159949.SZ,20250610,0.898
159949.SZ,20250609,0.911
159949.SZ,20250606,0.902
159949.SZ,20250605,0.907
159949.SZ,20250604,0.894
159949.SZ,20250603,0.882
159949.SZ,20250530,0.882
159949.SZ,20250529,0.891
159949.SZ,20250528,0.879
159949.SZ,20250527,0.884
159949.SZ,20250526,0.888
159949.SZ,20250523,0.899
159949.SZ,20250522,0.911
159949.SZ,20250521,0.919
159949.SZ,20250520,0.908
159949.SZ,20250519,0.901
159949.SZ,20250516,0.905
159949.SZ,20250515,0.906
159949.SZ,20250514,0.926
159949.SZ,20250513,0.914
159949.SZ,20250512,0.916
159949.SZ,20250509,0.889
159949.SZ,20250508,0.896
159949.SZ,20250507,0.876
159949.SZ,20250506,0.871
159949.SZ,20250430,0.854
159949.SZ,20250429,0.846
159949.SZ,20250428,0.848
159949.SZ,20250425,0.854
159949.SZ,20250424,0.846
159949.SZ,20250423,0.853
159949.SZ,20250422,0.841
159949.SZ,20250421,0.843
159949.SZ,20250418,0.831
159949.SZ,20250417,0.826
159949.SZ,20250416,0.825
159949.SZ,20250415,0.835
159949.SZ,20250414,0.835
159949.SZ,20250411,0.832
159949.SZ,20250410,0.819
159949.SZ,20250409,0.801
159949.SZ,20250408,0.796
159949.SZ,20250407,0.788
159949.SZ,20250403,0.906
159949.SZ,20250402,0.927
159949.SZ,20250401,0.924
159949.SZ,20250331,0.927
159949.SZ,20250328,0.939
159949.SZ,20250327,0.944
159949.SZ,20250326,0.943
159949.SZ,20250325,0.948
159949.SZ,20250324,0.95
159949.SZ,20250321,0.949
159949.SZ,20250320,0.972
159949.SZ,20250319,0.983
159949.SZ,20250318,0.984
159949.SZ,20250317,0.977
159949.SZ,20250314,0.984
159949.SZ,20250313,0.952
159949.SZ,20250312,0.962
159949.SZ,20250311,0.967
159949.SZ,20250310,0.967
159949.SZ,20250307,0.968
159949.SZ,20250306,0.984
159949.SZ,20250305,0.964
159949.SZ,20250304,0.965
159949.SZ,20250303,0.971
159949.SZ,20250228,0.958
159949.SZ,20250227,0.998
159949.SZ,20250226,1.004
159949.SZ,20250225,0.99
159949.SZ,20250224,1.003
159949.SZ,20250221,1.009
159949.SZ,20250220,0.986
159949.SZ,20250219,0.988
159949.SZ,20250218,0.97
159949.SZ,20250217,0.99
159949.SZ,20250214,0.979
159949.SZ,20250213,0.965
159949.SZ,20250212,0.973
159949.SZ,20250211,0.958
159949.SZ,20250210,0.974
159949.SZ,20250207,0.972
159949.SZ,20250206,0.945
159949.SZ,20250205,0.919
159949.SZ,20250127,0.925
159949.SZ,20250124,0.955
159949.SZ,20250123,0.94
159949.SZ,20250122,0.942
159949.SZ,20250121,0.947
159949.SZ,20250120,0.943
159949.SZ,20250117,0.925
159949.SZ,20250116,0.919
159949.SZ,20250115,0.912
159949.SZ,20250114,0.929
159949.SZ,20250113,0.884
159949.SZ,20250110,0.884
159949.SZ,20250109,0.899
159949.SZ,20250108,0.896
159949.SZ,20250107,0.907
159949.SZ,20250106,0.903
159949.SZ,20250103,0.905
159949.SZ,20250102,0.922
159949.SZ,20241231,0.961
159949.SZ,20241230,0.991
159949.SZ,20241227,0.989
159949.SZ,20241226,0.991
159949.SZ,20241225,0.988
159949.SZ,20241224,0.994
159949.SZ,20241223,0.983
159949.SZ,20241220,0.99
159949.SZ,20241219,0.992
159949.SZ,20241218,0.987
159949.SZ,20241217,0.988
159949.SZ,20241216,0.984
159949.SZ,20241213,1.0
159949.SZ,20241212,1.028
159949.SZ,20241211,1.013
159949.SZ,20241210,1.014
159949.SZ,20241209,1.008
159949.SZ,20241206,1.016
159949.SZ,20241205,0.993
159949.SZ,20241204,0.99
159949.SZ,20241203,1.003
159949.SZ,20241202,1.009
159949.SZ,20241129,0.993
159949.SZ,20241128,0.967
159949.SZ,20241127,0.988
159949.SZ,20241126,0.96
159949.SZ,20241125,0.972
159949.SZ,20241122,0.974
159949.SZ,20241121,1.014
159949.SZ,20241120,1.016
159949.SZ,20241119,1.015
159949.SZ,20241118,0.983
159949.SZ,20241115,1.005
159949.SZ,20241114,1.048
159949.SZ,20241113,1.087
159949.SZ,20241112,1.068
159949.SZ,20241111,1.066
159949.SZ,20241108,1.037
159949.SZ,20241107,1.053
159949.SZ,20241106,1.011
159949.SZ,20241105,1.028
159949.SZ,20241104,0.976
159949.SZ,20241101,0.948
159949.SZ,20241031,0.965
159949.SZ,20241030,0.958
159949.SZ,20241029,0.969
159949.SZ,20241028,0.994
159949.SZ,20241025,1.001
159949.SZ,20241024,0.969
159949.SZ,20241023,0.983
159949.SZ,20241022,0.991
159949.SZ,20241021,0.987
159949.SZ,20241018,0.984
159949.SZ,20241017,0.904
159949.SZ,20241016,0.906
159949.SZ,20241015,0.93
159949.SZ,20241014,0.963
159949.SZ,20241011,0.936
159949.SZ,20241010,0.989
159949.SZ,20241009,1.023
159949.SZ,20241008,1.211
159949.SZ,20240930,1.009
159949.SZ,20240927,0.841
159949.SZ,20240926,0.754
159949.SZ,20240925,0.722
159949.SZ,20240924,0.711
159949.SZ,20240923,0.67
159949.SZ,20240920,0.672
159949.SZ,20240919,0.676
159949.SZ,20240918,0.671
159949.SZ,20240913,0.672
159949.SZ,20240912,0.677
159949.SZ,20240911,0.677
159949.SZ,20240910,0.668
159949.SZ,20240909,0.669
159949.SZ,20240906,0.667
159949.SZ,20240905,0.677
159949.SZ,20240904,0.674
159949.SZ,20240903,0.673
159949.SZ,20240902,0.666
159949.SZ,20240830,0.685
159949.SZ,20240829,0.667
159949.SZ,20240828,0.664
159949.SZ,20240827,0.664
159949.SZ,20240826,0.67
159949.SZ,20240823,0.67
159949.SZ,20240822,0.67
159949.SZ,20240821,0.675
159949.SZ,20240820,0.677
159949.SZ,20240819,0.686
159949.SZ,20240816,0.685
159949.SZ,20240815,0.685
159949.SZ,20240814,0.681
159949.SZ,20240813,0.69
159949.SZ,20240812,0.682
159949.SZ,20240809,0.685
159949.SZ,20240808,0.691
159949.SZ,20240807,0.695
159949.SZ,20240806,0.699
159949.SZ,20240805,0.689
159949.SZ,20240802,0.704
159949.SZ,20240801,0.718
159949.SZ,20240731,0.729
159949.SZ,20240730,0.705
159949.SZ,20240729,0.707
159949.SZ,20240726,0.719
159949.SZ,20240725,0.712
159949.SZ,20240724,0.714
159949.SZ,20240723,0.723
159949.SZ,20240722,0.744
159949.SZ,20240719,0.745
159949.SZ,20240718,0.743
159949.SZ,20240717,0.731
159949.SZ,20240716,0.733
159949.SZ,20240715,0.72
159949.SZ,20240712,0.727
159949.SZ,20240711,0.727
159949.SZ,20240710,0.713
159949.SZ,20240709,0.713
159949.SZ,20240708,0.7
159949.SZ,20240705,0.712
159949.SZ,20240704,0.709
159949.SZ,20240703,0.714
159949.SZ,20240702,0.715
159949.SZ,20240701,0.722
159949.SZ,20240628,0.723
159949.SZ,20240627,0.731
159949.SZ,20240626,0.742
159949.SZ,20240625,0.73
159949.SZ,20240624,0.744
159949.SZ,20240621,0.755
159949.SZ,20240620,0.758
159949.SZ,20240619,0.77
159949.SZ,20240618,0.779
159949.SZ,20240617,0.775
159949.SZ,20240614,0.767
159949.SZ,20240613,0.759
159949.SZ,20240612,0.756
159949.SZ,20240611,0.761
159949.SZ,20240607,0.76
159949.SZ,20240606,0.779
159949.SZ,20240605,0.784
159949.SZ,20240604,0.787
159949.SZ,20240603,0.777
159949.SZ,20240531,0.771
159949.SZ,20240530,0.773
159949.SZ,20240529,0.771
159949.SZ,20240528,0.767
159949.SZ,20240527,0.779
159949.SZ,20240524,0.775
159949.SZ,20240523,0.791
159949.SZ,20240522,0.801
159949.SZ,20240521,0.789
159949.SZ,20240520,0.797
159949.SZ,20240517,0.793
159949.SZ,20240516,0.786
159949.SZ,20240515,0.782
159949.SZ,20240514,0.787
159949.SZ,20240513,0.788
159949.SZ,20240510,0.8
159949.SZ,20240509,0.809
159949.SZ,20240508,0.796
159949.SZ,20240507,0.81
159949.SZ,20240506,0.815
159949.SZ,20240430,0.798
159949.SZ,20240429,0.807
159949.SZ,20240426,0.778
159949.SZ,20240425,0.749
159949.SZ,20240424,0.749
159949.SZ,20240423,0.743
159949.SZ,20240422,0.743
159949.SZ,20240419,0.745
159949.SZ,20240418,0.761
159949.SZ,20240417,0.767
159949.SZ,20240416,0.752
159949.SZ,20240415,0.766
159949.SZ,20240412,0.749
159949.SZ,20240411,0.758
159949.SZ,20240410,0.761
159949.SZ,20240409,0.777
159949.SZ,20240408,0.768
159949.SZ,20240403,0.782
159949.SZ,20240402,0.792
159949.SZ,20240401,0.796
159949.SZ,20240329,0.771
159949.SZ,20240328,0.768
159949.SZ,20240327,0.762
159949.SZ,20240326,0.782
159949.SZ,20240325,0.778
159949.SZ,20240322,0.792
159949.SZ,20240321,0.806
159949.SZ,20240320,0.81
159949.SZ,20240319,0.811
159949.SZ,20240318,0.822
159949.SZ,20240315,0.801
159949.SZ,20240314,0.802
159949.SZ,20240313,0.805
159949.SZ,20240312,0.808
159949.SZ,20240311,0.804
159949.SZ,20240308,0.761
159949.SZ,20240307,0.754
159949.SZ,20240306,0.773
159949.SZ,20240305,0.772
159949.SZ,20240304,0.771
159949.SZ,20240301,0.768
159949.SZ,20240229,0.76
159949.SZ,20240228,0.733
159949.SZ,20240227,0.752
159949.SZ,20240226,0.734
159949.SZ,20240223,0.738
159949.SZ,20240222,0.738
159949.SZ,20240221,0.735
159949.SZ,20240220,0.731
159949.SZ,20240219,0.734
159949.SZ,20240208,0.722
159949.SZ,20240207,0.709
159949.SZ,20240206,0.7
159949.SZ,20240205,0.661
159949.SZ,20240202,0.65
159949.SZ,20240201,0.666
159949.SZ,20240131,0.659
159949.SZ,20240130,0.66
159949.SZ,20240129,0.675
159949.SZ,20240126,0.703
159949.SZ,20240125,0.722
159949.SZ,20240124,0.712
159949.SZ,20240123,0.708
159949.SZ,20240122,0.701
159949.SZ,20240119,0.718
159949.SZ,20240118,0.723
159949.SZ,20240117,0.707
159949.SZ,20240116,0.73
159949.SZ,20240115,0.724
159949.SZ,20240112,0.731
159949.SZ,20240111,0.739
159949.SZ,20240110,0.724
159949.SZ,20240109,0.727
159949.SZ,20240108,0.725
159949.SZ,20240105,0.735
159949.SZ,20240104,0.746
159949.SZ,20240103,0.76
159949.SZ,20240102,0.77
159949.SZ,20231229,0.787
159949.SZ,20231228,0.784
159949.SZ,20231227,0.75
159949.SZ,20231226,0.75
159949.SZ,20231225,0.76
159949.SZ,20231222,0.758
159949.SZ,20231221,0.763
159949.SZ,20231220,0.748
159949.SZ,20231219,0.758
159949.SZ,20231218,0.753
159949.SZ,20231215,0.767
159949.SZ,20231214,0.77
159949.SZ,20231213,0.775
159949.SZ,20231212,0.79
159949.SZ,20231211,0.796
159949.SZ,20231208,0.784
159949.SZ,20231207,0.774
159949.SZ,20231206,0.776
159949.SZ,20231205,0.773
159949.SZ,20231204,0.788
159949.SZ,20231201,0.799
159949.SZ,20231130,0.796
159949.SZ,20231129,0.793
159949.SZ,20231128,0.803
159949.SZ,20231127,0.798
159949.SZ,20231124,0.803
159949.SZ,20231123,0.813
159949.SZ,20231122,0.809
159949.SZ,20231121,0.825
159949.SZ,20231120,0.828
159949.SZ,20231117,0.828
159949.SZ,20231116,0.825
159949.SZ,20231115,0.84
159949.SZ,20231114,0.836
159949.SZ,20231113,0.839
159949.SZ,20231110,0.839
159949.SZ,20231109,0.846
159949.SZ,20231108,0.848
159949.SZ,20231107,0.848
159949.SZ,20231106,0.855
159949.SZ,20231103,0.824
159949.SZ,20231102,0.81
159949.SZ,20231101,0.817
159949.SZ,20231031,0.821
159949.SZ,20231030,0.827
159949.SZ,20231027,0.804
159949.SZ,20231026,0.78
159949.SZ,20231025,0.775
159949.SZ,20231024,0.784
159949.SZ,20231023,0.778
159949.SZ,20231020,0.793
159949.SZ,20231019,0.799
159949.SZ,20231018,0.807
159949.SZ,20231017,0.817
159949.SZ,20231016,0.817
159949.SZ,20231013,0.834
159949.SZ,20231012,0.846
159949.SZ,20231011,0.838
159949.SZ,20231010,0.831
159949.SZ,20231009,0.836
159949.SZ,20230928,0.839
159949.SZ,20230927,0.839
159949.SZ,20230926,0.831
159949.SZ,20230925,0.838
159949.SZ,20230922,0.845
159949.SZ,20230921,0.822
159949.SZ,20230920,0.831
159949.SZ,20230919,0.838
159949.SZ,20230918,0.845
159949.SZ,20230915,0.838
159949.SZ,20230914,0.844
159949.SZ,20230913,0.85
159949.SZ,20230912,0.861
159949.SZ,20230911,0.867
159949.SZ,20230908,0.862
159949.SZ,20230907,0.868
159949.SZ,20230906,0.888
159949.SZ,20230905,0.895
159949.SZ,20230904,0.899
159949.SZ,20230901,0.892
159949.SZ,20230831,0.893
159949.SZ,20230830,0.9
159949.SZ,20230829,0.9
159949.SZ,20230828,0.875
159949.SZ,20230825,0.866
159949.SZ,20230824,0.876
159949.SZ,20230823,0.865
159949.SZ,20230822,0.887
159949.SZ,20230821,0.888
159949.SZ,20230818,0.9
159949.SZ,20230817,0.913
159949.SZ,20230816,0.905
159949.SZ,20230815,0.913
159949.SZ,20230814,0.919
159949.SZ,20230811,0.931
159949.SZ,20230810,0.955
159949.SZ,20230809,0.95
159949.SZ,20230808,0.951
159949.SZ,20230807,0.955
159949.SZ,20230804,0.967
159949.SZ,20230803,0.956
159949.SZ,20230802,0.945
159949.SZ,20230801,0.944
159949.SZ,20230731,0.949
159949.SZ,20230728,0.942
159949.SZ,20230727,0.927
159949.SZ,20230726,0.929
159949.SZ,20230725,0.928
159949.SZ,20230724,0.907
159949.SZ,20230721,0.914
159949.SZ,20230720,0.912
159949.SZ,20230719,0.922
159949.SZ,20230718,0.934
159949.SZ,20230717,0.937
159949.SZ,20230714,0.947
159949.SZ,20230713,0.952
159949.SZ,20230712,0.934
159949.SZ,20230711,0.94
159949.SZ,20230710,0.931
159949.SZ,20230707,0.918
159949.SZ,20230706,0.928
159949.SZ,20230705,0.939
159949.SZ,20230704,0.945
159949.SZ,20230703,0.942
159949.SZ,20230630,0.937
159949.SZ,20230629,0.923
159949.SZ,20230628,0.924
159949.SZ,20230627,0.927
159949.SZ,20230626,0.926
159949.SZ,20230621,0.932
159949.SZ,20230620,0.962
159949.SZ,20230619,0.959
159949.SZ,20230616,0.963
159949.SZ,20230615,0.947
159949.SZ,20230614,0.907
159949.SZ,20230613,0.909
159949.SZ,20230612,0.903
159949.SZ,20230609,0.895
159949.SZ,20230608,0.892
159949.SZ,20230607,0.893
159949.SZ,20230606,0.911
159949.SZ,20230605,0.924
159949.SZ,20230602,0.942
159949.SZ,20230601,0.929
159949.SZ,20230531,0.925
159949.SZ,20230530,0.935
159949.SZ,20230529,0.93
159949.SZ,20230526,0.944
159949.SZ,20230525,0.956
159949.SZ,20230524,0.954
159949.SZ,20230523,0.957
159949.SZ,20230522,0.97
159949.SZ,20230519,0.967
159949.SZ,20230518,0.968
159949.SZ,20230517,0.98
159949.SZ,20230516,0.98
159949.SZ,20230515,0.982
159949.SZ,20230512,0.962
159949.SZ,20230511,0.972
159949.SZ,20230510,0.962
159949.SZ,20230509,0.949
159949.SZ,20230508,0.963
159949.SZ,20230505,0.956
159949.SZ,20230504,0.966
159949.SZ,20230428,0.977
159949.SZ,20230427,0.974
159949.SZ,20230426,0.968
159949.SZ,20230425,0.944
159949.SZ,20230424,0.965
159949.SZ,20230421,0.988
159949.SZ,20230420,1.005
159949.SZ,20230419,1.023
159949.SZ,20230418,1.029
159949.SZ,20230417,1.034
159949.SZ,20230414,1.028
159949.SZ,20230413,1.016
159949.SZ,20230412,1.026
159949.SZ,20230411,1.032
159949.SZ,20230410,1.037
159949.SZ,20230407,1.032
159949.SZ,20230406,1.022
159949.SZ,20230404,1.023
159949.SZ,20230403,1.035
159949.SZ,20230331,1.02
159949.SZ,20230330,1.017
159949.SZ,20230329,1.01
159949.SZ,20230328,1.009
159949.SZ,20230327,1.021
159949.SZ,20230324,1.011
159949.SZ,20230323,1.01
159949.SZ,20230322,1.004
159949.SZ,20230321,1.007
159949.SZ,20230320,0.986
159949.SZ,20230317,0.984
159949.SZ,20230316,0.991
159949.SZ,20230315,1.004
159949.SZ,20230314,1.009
159949.SZ,20230313,1.017
159949.SZ,20230310,1.026
159949.SZ,20230309,1.026
159949.SZ,20230308,1.029
159949.SZ,20230307,1.031
159949.SZ,20230306,1.052
159949.SZ,20230303,1.047
159949.SZ,20230302,1.043
159949.SZ,20230301,1.056
159949.SZ,20230228,1.053
159949.SZ,20230227,1.044
159949.SZ,20230224,1.051
159949.SZ,20230223,1.068
159949.SZ,20230222,1.061
159949.SZ,20230221,1.072
159949.SZ,20230220,1.08
159949.SZ,20230217,1.065
159949.SZ,20230216,1.094
159949.SZ,20230215,1.107
159949.SZ,20230214,1.118
159949.SZ,20230213,1.123
159949.SZ,20230210,1.114
159949.SZ,20230209,1.126
159949.SZ,20230208,1.105
159949.SZ,20230207,1.111
159949.SZ,20230206,1.113
159949.SZ,20230203,1.132
159949.SZ,20230202,1.145
159949.SZ,20230201,1.155
159949.SZ,20230131,1.139
159949.SZ,20230130,1.152
159949.SZ,20230120,1.141
159949.SZ,20230119,1.136
159949.SZ,20230118,1.121
159949.SZ,20230117,1.123
159949.SZ,20230116,1.12
159949.SZ,20230113,1.096
159949.SZ,20230112,1.084
159949.SZ,20230111,1.08
159949.SZ,20230110,1.091
159949.SZ,20230109,1.071
159949.SZ,20230106,1.065
159949.SZ,20230105,1.053
159949.SZ,20230104,1.017
159949.SZ,20230103,1.029
159949.SZ,20221230,1.029
159949.SZ,20221229,1.029
159949.SZ,20221228,1.024
159949.SZ,20221227,1.034
159949.SZ,20221226,1.023
159949.SZ,20221223,1.001
159949.SZ,20221222,1.005
159949.SZ,20221221,1.012
159949.SZ,20221220,1.015
159949.SZ,20221219,1.027
159949.SZ,20221216,1.039
159949.SZ,20221215,1.053
159949.SZ,20221214,1.035
159949.SZ,20221213,1.039
159949.SZ,20221212,1.05
159949.SZ,20221209,1.064
159949.SZ,20221208,1.06
159949.SZ,20221207,1.059
159949.SZ,20221206,1.046
159949.SZ,20221205,1.04
159949.SZ,20221202,1.042
159949.SZ,20221201,1.04
159949.SZ,20221130,1.021
159949.SZ,20221129,1.022
159949.SZ,20221128,1.005
159949.SZ,20221125,1.01
159949.SZ,20221124,1.022
159949.SZ,20221123,1.023
159949.SZ,20221122,1.024
159949.SZ,20221121,1.042
159949.SZ,20221118,1.045
159949.SZ,20221117,1.041
159949.SZ,20221116,1.051
159949.SZ,20221115,1.068
159949.SZ,20221114,1.037
159949.SZ,20221111,1.053
159949.SZ,20221110,1.027
159949.SZ,20221109,1.045
159949.SZ,20221108,1.065
159949.SZ,20221107,1.072
159949.SZ,20221104,1.073
159949.SZ,20221103,1.035
159949.SZ,20221102,1.037
159949.SZ,20221101,1.017
159949.SZ,20221031,0.983
159949.SZ,20221028,0.978
159949.SZ,20221027,1.015
159949.SZ,20221026,1.033
159949.SZ,20221025,1.007
159949.SZ,20221024,1.017
159949.SZ,20221021,1.046
159949.SZ,20221020,1.049
159949.SZ,20221019,1.062
159949.SZ,20221018,1.066
159949.SZ,20221017,1.062
159949.SZ,20221014,1.067
159949.SZ,20221013,1.028
159949.SZ,20221012,1.028
159949.SZ,20221011,0.987
159949.SZ,20221010,0.972
159949.SZ,20220930,0.995
159949.SZ,20220929,1.018
159949.SZ,20220928,1.008
159949.SZ,20220927,1.036
159949.SZ,20220926,1.015
159949.SZ,20220923,1.003
159949.SZ,20220922,1.011
159949.SZ,20220921,1.015
159949.SZ,20220920,1.03
159949.SZ,20220919,1.019
159949.SZ,20220916,1.025
159949.SZ,20220915,1.053
159949.SZ,20220914,1.089
159949.SZ,20220913,1.114
159949.SZ,20220909,1.114
159949.SZ,20220908,1.101
159949.SZ,20220907,1.123
159949.SZ,20220906,1.109
159949.SZ,20220905,1.112
159949.SZ,20220902,1.106
159949.SZ,20220901,1.108
159949.SZ,20220831,1.123
159949.SZ,20220830,1.147
159949.SZ,20220829,1.155
159949.SZ,20220826,1.162
159949.SZ,20220825,1.178
159949.SZ,20220824,1.185
159949.SZ,20220823,1.231
159949.SZ,20220822,1.23
159949.SZ,20220819,1.209
159949.SZ,20220818,1.227
159949.SZ,20220817,1.231
159949.SZ,20220816,1.204
159949.SZ,20220815,1.198
159949.SZ,20220812,1.183
159949.SZ,20220811,1.197
159949.SZ,20220810,1.167
159949.SZ,20220809,1.185
159949.SZ,20220808,1.174
159949.SZ,20220805,1.176
159949.SZ,20220804,1.162
159949.SZ,20220803,1.154
159949.SZ,20220802,1.181
159949.SZ,20220801,1.204
159949.SZ,20220729,1.17
159949.SZ,20220728,1.189
159949.SZ,20220727,1.194
159949.SZ,20220726,1.194
159949.SZ,20220725,1.196
159949.SZ,20220722,1.202
159949.SZ,20220721,1.207
159949.SZ,20220720,1.214
159949.SZ,20220719,1.21
159949.SZ,20220718,1.24
159949.SZ,20220715,1.218
159949.SZ,20220714,1.249
159949.SZ,20220713,1.212
159949.SZ,20220712,1.188
159949.SZ,20220711,1.218
159949.SZ,20220708,1.238
159949.SZ,20220707,1.264
159949.SZ,20220706,1.235
159949.SZ,20220705,1.242
159949.SZ,20220704,1.248
159949.SZ,20220701,1.23
159949.SZ,20220630,1.242
159949.SZ,20220629,1.22
159949.SZ,20220628,1.251
159949.SZ,20220627,1.246
159949.SZ,20220624,1.25
159949.SZ,20220623,1.223
159949.SZ,20220622,1.178
159949.SZ,20220621,1.187
159949.SZ,20220620,1.195
159949.SZ,20220617,1.169
159949.SZ,20220616,1.13
159949.SZ,20220615,1.13
159949.SZ,20220614,1.112
159949.SZ,20220613,1.112
159949.SZ,20220610,1.123
159949.SZ,20220609,1.094
159949.SZ,20220608,1.128
159949.SZ,20220607,1.12
159949.SZ,20220606,1.123
159949.SZ,20220602,1.075
159949.SZ,20220601,1.059
159949.SZ,20220531,1.048
159949.SZ,20220530,1.023
159949.SZ,20220527,1.012
159949.SZ,20220526,1.01
159949.SZ,20220525,1.016
159949.SZ,20220524,1.015
159949.SZ,20220523,1.053
159949.SZ,20220520,1.06
159949.SZ,20220519,1.043
159949.SZ,20220518,1.033
159949.SZ,20220517,1.038
159949.SZ,20220516,1.017
159949.SZ,20220513,1.029
159949.SZ,20220512,1.023
159949.SZ,20220511,1.023
159949.SZ,20220510,0.988
159949.SZ,20220509,0.962
159949.SZ,20220506,0.972
159949.SZ,20220505,0.992
159949.SZ,20220429,1.013
159949.SZ,20220428,0.967
159949.SZ,20220427,0.987
159949.SZ,20220426,0.934
159949.SZ,20220425,0.939
159949.SZ,20220422,0.995
159949.SZ,20220421,0.999
159949.SZ,20220420,1.019
159949.SZ,20220419,1.065
159949.SZ,20220418,1.083
159949.SZ,20220415,1.074
159949.SZ,20220414,1.077
159949.SZ,20220413,1.081
159949.SZ,20220412,1.1
159949.SZ,20220411,1.074
159949.SZ,20220408,1.127
159949.SZ,20220407,1.125
159949.SZ,20220406,1.147
159949.SZ,20220401,1.163
159949.SZ,20220331,1.161
159949.SZ,20220330,1.177
159949.SZ,20220329,1.124
159949.SZ,20220328,1.125
159949.SZ,20220325,1.149
159949.SZ,20220324,1.179
159949.SZ,20220323,1.182
159949.SZ,20220322,1.169
159949.SZ,20220321,1.185
159949.SZ,20220318,1.19
159949.SZ,20220317,1.186
159949.SZ,20220316,1.15
159949.SZ,20220315,1.086
159949.SZ,20220314,1.11
159949.SZ,20220311,1.151
159949.SZ,20220310,1.139
159949.SZ,20220309,1.109
159949.SZ,20220308,1.116
159949.SZ,20220307,1.131
159949.SZ,20220304,1.184
159949.SZ,20220303,1.21
159949.SZ,20220302,1.229
159949.SZ,20220301,1.253
159949.SZ,20220228,1.253
159949.SZ,20220225,1.244
159949.SZ,20220224,1.209
159949.SZ,20220223,1.235
159949.SZ,20220222,1.196
159949.SZ,20220221,1.21
159949.SZ,20220218,1.228
159949.SZ,20220217,1.234
159949.SZ,20220216,1.223
159949.SZ,20220215,1.221
159949.SZ,20220214,1.181
159949.SZ,20220211,1.186
159949.SZ,20220210,1.227
159949.SZ,20220209,1.254
159949.SZ,20220208,1.24
159949.SZ,20220207,1.28
159949.SZ,20220128,1.276
159949.SZ,20220127,1.278
159949.SZ,20220126,1.32
159949.SZ,20220125,1.307
159949.SZ,20220124,1.339
159949.SZ,20220121,1.327
159949.SZ,20220120,1.339
159949.SZ,20220119,1.34
159949.SZ,20220118,1.371
159949.SZ,20220117,1.386
159949.SZ,20220114,1.359
159949.SZ,20220113,1.346
159949.SZ,20220112,1.366
159949.SZ,20220111,1.327
159949.SZ,20220110,1.341
159949.SZ,20220107,1.349
159949.SZ,20220106,1.362
159949.SZ,20220105,1.378
159949.SZ,20220104,1.421
159949.SZ,20260731,1.583
159949.SZ,20260730,1.536
159949.SZ,20260729,1.604
159949.SZ,20260728,1.579
159949.SZ,20260727,1.718
159949.SZ,20260724,1.668
159949.SZ,20260723,1.712
159949.SZ,20260722,1.703
159949.SZ,20260721,1.766
159949.SZ,20260720,1.651
159949.SZ,20260717,1.639
159949.SZ,20260716,1.768
159949.SZ,20260715,1.816
159949.SZ,20260714,1.841
159949.SZ,20260713,1.773
159949.SZ,20260710,1.826
159949.SZ,20260709,1.926
159949.SZ,20260708,1.832
159949.SZ,20260707,1.863
159949.SZ,20260706,1.877
159949.SZ,20260703,1.914
159949.SZ,20260702,1.912
159949.SZ,20260701,2.031
159949.SZ,20260630,2.088
159949.SZ,20260629,2.025
159949.SZ,20260626,2.018
159949.SZ,20260625,2.115
159949.SZ,20260624,2.049
159949.SZ,20260623,2.027
159949.SZ,20260622,2.112
159949.SZ,20260618,2.058
159949.SZ,20260617,2.012
159949.SZ,20260616,1.986
159949.SZ,20260615,1.957
159949.SZ,20260612,1.855
159949.SZ,20260611,1.848
159949.SZ,20260610,1.872
159949.SZ,20260609,1.929
159949.SZ,20260608,1.852
159949.SZ,20260605,1.927
159949.SZ,20260604,1.997
159949.SZ,20260603,2.017
159949.SZ,20260602,1.98
159949.SZ,20260601,1.918
159949.SZ,20260529,1.965
159949.SZ,20260528,2.003
159949.SZ,20260527,1.962
159949.SZ,20260526,1.954
159949.SZ,20260525,1.935
159949.SZ,20260522,1.896
159949.SZ,20260521,1.84
159949.SZ,20260520,1.884
159949.SZ,20260519,1.876
159949.SZ,20260518,1.887
159949.SZ,20260515,1.892
159949.SZ,20260514,1.906
159949.SZ,20260513,1.944
159949.SZ,20260512,1.887
159949.SZ,20260511,1.888
159949.SZ,20260508,1.821
159949.SZ,20260507,1.838
159949.SZ,20260506,1.809
159949.SZ,20260430,1.759
159949.SZ,20260429,1.765
159949.SZ,20260428,1.717
159949.SZ,20260427,1.748
159949.SZ,20260424,1.761
159949.SZ,20260423,1.794
159949.SZ,20260422,1.805
159949.SZ,20260421,1.765
159949.SZ,20260420,1.761
159949.SZ,20260417,1.762
159949.SZ,20260416,1.733
159949.SZ,20260415,1.676
159949.SZ,20260414,1.698
159949.SZ,20260413,1.654
159949.SZ,20260410,1.636
159949.SZ,20260409,1.572
159949.SZ,20260408,1.585
159949.SZ,20260407,1.491
159949.SZ,20260403,1.485
159949.SZ,20260402,1.493
159949.SZ,20260401,1.53
159949.SZ,20260331,1.503
159949.SZ,20260330,1.544
159949.SZ,20260327,1.555
159949.SZ,20260326,1.549
159949.SZ,20260325,1.57
159949.SZ,20260324,1.538
159949.SZ,20260323,1.533
159949.SZ,20260320,1.59
159949.SZ,20260319,1.564
159949.SZ,20260318,1.578
159949.SZ,20260317,1.541
159949.SZ,20260316,1.58
159949.SZ,20260313,1.556
159949.SZ,20260312,1.559
159949.SZ,20260311,1.575
159949.SZ,20260310,1.551
159949.SZ,20260309,1.504
159949.SZ,20260306,1.514
159949.SZ,20260305,1.511
159949.SZ,20260304,1.486
159949.SZ,20260303,1.509
159949.SZ,20260302,1.544
159949.SZ,20260227,1.548
159949.SZ,20260226,1.571
159949.SZ,20260225,1.576
159949.SZ,20260224,1.557
159949.SZ,20260213,1.537
159949.SZ,20260212,1.56
159949.SZ,20260211,1.54
159949.SZ,20260210,1.565
159949.SZ,20260209,1.568
159949.SZ,20260206,1.519
159949.SZ,20260205,1.53
159949.SZ,20260204,1.555
159949.SZ,20260203,1.565
159949.SZ,20260202,1.539
159949.SZ,20260130,1.577
159949.SZ,20260129,1.547
159949.SZ,20260128,1.553
159949.SZ,20260127,1.563
159949.SZ,20260126,1.549
159949.SZ,20260123,1.562
159949.SZ,20260122,1.558
159949.SZ,20260121,1.542
159949.SZ,20260120,1.534
159949.SZ,20260119,1.563
159949.SZ,20260116,1.582
159949.SZ,20260115,1.582
159949.SZ,20260114,1.571
159949.SZ,20260113,1.56
159949.SZ,20260112,1.591
159949.SZ,20260109,1.567
159949.SZ,20260108,1.56
159949.SZ,20260107,1.578
159949.SZ,20260106,1.573
159949.SZ,20260105,1.566
