trade_date,close
20040102,1011.347
20040105,1060.801
20040106,1075.656
20040107,1086.303
20040108,1102.662
20040109,1081.785
20040112,1116.799
20040113,1102.341
20040114,1079.72
20040115,1073.977
20040116,1083.652
20040129,1100.604
20040130,1067.553
20040202,1091.729
20040203,1102.954
20040204,1128.443
20040205,1127.897
20040206,1122.084
20040209,1134.611
20040210,1120.961
20040211,1110.061
20040212,1094.112
20040213,1096.362
20040216,1123.748
20040217,1123.618
20040218,1129.275
20040219,1122.38
20040220,1124.661
20040223,1093.137
20040224,1093.102
20040225,1070.362
20040226,1079.897
20040227,1088.725
20040301,1094.242
20040302,1093.391
20040303,1072.639
20040304,1078.348
20040305,1071.581
20040308,1057.102
20040309,1061.159
20040310,1091.097
20040311,1095.564
20040312,1099.081
20040315,1131.675
20040316,1135.571
20040317,1135.167
20040318,1111.849
20040319,1129.775
20040322,1134.787
20040323,1121.332
20040324,1115.512
20040325,1115.239
20040326,1112.782
20040329,1101.659
20040330,1101.271
20040331,1108.54
20040401,1123.435
20040402,1127.805
20040405,1118.273
20040406,1123.856
20040407,1117.44
20040408,1112.839
20040409,1088.157
20040412,1080.08
20040413,1072.726
20040414,1065.682
20040415,1055.889
20040416,1071.228
20040419,1054.738
20040420,1052.244
20040421,1043.533
20040422,1050.757
20040423,1034.409
20040426,1038.999
20040427,1031.217
20040428,1029.806
20040429,1016.513
20040430,1025.954
20040510,996.164
20040511,1003.898
20040512,1025.02
20040513,1020.998
20040514,997.947
20040517,981.737
20040518,989.207
20040519,988.922
20040520,985.931
20040521,994.45
20040524,991.847
20040525,978.595
20040526,984.998
20040527,1003.286
20040528,995.637
20040531,1001.194
20040601,1014.174
20040602,1001.687
20040603,986.446
20040604,986.225
20040607,973.22
20040608,954.77
20040609,941.304
20040610,944.254
20040611,942.862
20040614,924.594
20040615,942.679
20040616,947.163
20040617,926.036
20040618,910.187
20040621,909.046
20040622,918.798
20040623,912.853
20040624,906.417
20040625,891.79
20040628,883.755
20040629,901.048
20040630,897.707
20040701,925.001
20040702,926.617
20040705,928.666
20040706,931.883
20040707,923.864
20040708,927.035
20040709,923.202
20040712,904.553
20040713,906.966
20040714,912.191
20040715,925.678
20040716,946.178
20040719,947.424
20040720,939.225
20040721,940.508
20040722,913.138
20040723,915.043
20040726,903.751
20040727,903.321
20040728,906.054
20040729,918.792
20040730,906.265
20040802,900.018
20040803,893.301
20040804,923.019
20040805,909.077
20040806,911.555
20040809,920.755
20040810,926.537
20040811,914.606
20040812,907.827
20040813,907.001
20040816,904.008
20040817,910.86
20040818,911.846
20040819,903.316
20040820,904.827
20040823,889.658
20040824,897.767
20040825,894.368
20040826,892.098
20040827,883.704
20040830,882.046
20040831,895.783
20040901,880.542
20040902,881.567
20040903,879.417
20040906,874.691
20040907,877.773
20040908,864.59
20040909,848.455
20040910,851.969
20040913,834.104
20040914,860.097
20040915,892.769
20040916,903.403
20040917,932.315
20040920,965.109
20040921,955.001
20040922,933.101
20040923,967.323
20040924,951.091
20040927,946.137
20040928,947.773
20040929,936.462
20040930,924.355
20041008,936.008
20041011,923.217
20041012,902.718
20041013,901.97
20041014,876.818
20041015,879.718
20041018,882.663
20041019,884.929
20041020,879.385
20041021,864.307
20041022,878.74
20041025,865.653
20041026,875.855
20041027,884.85
20041028,882.912
20041029,870.79
20041101,862.827
20041102,862.246
20041103,877.53
20041104,860.814
20041105,862.261
20041108,864.34
20041109,864.565
20041110,897.765
20041111,894.112
20041112,898.166
20041115,906.985
20041116,906.734
20041117,896.105
20041118,900.816
20041119,906.991
20041122,905.841
20041123,893.285
20041124,889.118
20041125,890.777
20041126,889.083
20041129,879.258
20041130,879.308
20041201,875.397
20041202,871.125
20041203,871.558
20041206,874.998
20041207,868.292
20041208,868.904
20041209,878.716
20041210,868.427
20041213,865.762
20041214,862.056
20041215,867.604
20041216,866.998
20041217,857.251
20041220,845.678
20041221,845.382
20041222,865.077
20041223,850.7
20041224,851.775
20041227,848.194
20041228,848.63
20041229,843.781
20041230,843.529
20041231,842.728
20050104,827.071
20050105,831.428
20050106,822.499
20050107,823.616
20050110,832.986
20050111,837.861
20050112,837.244
20050113,834.221
20050114,829.042
20050117,811.554
20050118,817.309
20050119,810.989
20050120,805.081
20050121,831.847
20050124,842.414
20050125,841.64
20050126,834.669
20050127,821.705
20050128,820.689
20050131,813.753
20050201,817.872
20050202,860.504
20050203,848.486
20050204,872.884
20050216,875.46
20050217,870.085
20050218,856.212
20050221,874.021
20050222,887.07
20050223,877.914
20050224,877.345
20050225,878.503
20050228,868.886
20050301,866.258
20050302,855.879
20050303,861.688
20050304,859.489
20050307,863.704
20050308,876.344
20050309,869.403
20050310,851.531
20050311,853.898
20050314,857.614
20050315,840.955
20050316,832.823
20050317,826.683
20050318,821.028
20050321,823.129
20050322,808.104
20050323,801.981
20050324,808.18
20050325,806.425
20050328,805.556
20050329,802.739
20050330,790.58
20050331,795.667
20050401,822.91
20050404,808.591
20050405,801.885
20050406,816.879
20050407,824.609
20050408,838.056
20050411,830.908
20050412,818.467
20050413,835.628
20050414,826.005
20050415,817.094
20050418,806.389
20050419,809.361
20050420,798.517
20050421,793.445
20050422,794.819
20050425,790.749
20050426,792.303
20050427,782.432
20050428,793.878
20050429,789.732
20050509,775.321
20050510,779.099
20050511,771.586
20050512,753.875
20050513,757.304
20050516,747.871
20050517,750.711
20050518,752.662
20050519,754.785
20050520,753.071
20050523,737.741
20050524,737.35
20050525,737.538
20050526,728.697
20050527,724.522
20050530,729.067
20050531,730.997
20050601,719.025
20050602,701.373
20050603,700.434
20050606,717.213
20050607,713.62
20050608,772.134
20050609,778.577
20050610,766.663
20050613,759.917
20050614,754.548
20050615,745.216
20050616,757.392
20050617,762.178
20050620,780.291
20050621,770.295
20050622,774.15
20050623,768.331
20050624,772.319
20050627,782.382
20050628,775.634
20050629,772.02
20050630,758.717
20050701,748.046
20050704,747.086
20050705,741.205
20050706,734.768
20050707,735.554
20050708,727.556
20050711,726.905
20050712,753.06
20050713,748.55
20050714,753.639
20050715,748.519
20050718,746.921
20050719,747.485
20050720,753.546
20050721,756.981
20050722,768.724
20050725,764.647
20050726,780.753
20050727,792.489
20050728,789.853
20050729,788.632
20050801,789.996
20050802,797.348
20050803,797.744
20050804,795.145
20050805,812.329
20050808,812.722
20050809,814.611
20050810,822.164
20050811,832.238
20050812,822.329
20050815,839.512
20050816,828.229
20050817,833.838
20050818,814.291
20050819,817.685
20050822,823.083
20050823,818.053
20050824,825.453
20050825,823.576
20050826,822.197
20050829,811.312
20050830,809.063
20050831,816.755
20050901,827.9
20050902,829.463
20050905,829.341
20050906,815.753
20050907,825.118
20050908,827.116
20050909,823.639
20050912,821.978
20050913,829.92
20050914,834.013
20050915,833.509
20050916,830.621
20050919,831.569
20050920,827.266
20050921,811.135
20050922,796.939
20050923,793.163
20050926,793.73
20050927,782.235
20050928,782.998
20050929,792.251
20050930,793.652
20051010,787.748
20051011,796.071
20051012,795.324
20051013,788.361
20051014,777.492
20051017,769.321
20051018,771.448
20051019,769.682
20051020,773.676
20051021,774.058
20051024,771.154
20051025,765.029
20051026,749.125
20051027,751.261
20051028,749.964
20051031,759.239
20051101,757.053
20051102,762.938
20051103,755.777
20051104,758.924
20051107,754.201
20051108,758.322
20051109,756.171
20051110,746.352
20051111,746.45
20051114,743.345
20051115,739.234
20051116,744.138
20051117,743.799
20051118,760.566
20051121,758.555
20051122,747.307
20051123,754.156
20051124,761.662
20051125,766.678
20051128,762.905
20051129,755.293
20051130,759.633
20051201,758.936
20051202,757.021
20051205,751.353
20051206,760.202
20051207,767.543
20051208,765.555
20051209,777.031
20051212,774.709
20051213,773.589
20051214,778.494
20051215,778.233
20051216,782.04
20051219,781.804
20051220,787.234
20051221,783.984
20051222,787.388
20051223,791.441
20051226,795.559
20051227,792.155
20051228,793.54
20051229,801.899
20051230,796.396
20060104,812.597
20060105,827.836
20060106,836.895
20060109,838.292
20060110,838.563
20060111,832.276
20060112,836.579
20060113,831.136
20060116,814.891
20060117,818.355
20060118,835.15
20060119,840.591
20060120,840.376
20060123,840.128
20060124,838.46
20060125,846.989
20060206,861.07
20060207,856.669
20060208,862.575
20060209,850.802
20060210,859.97
20060213,859.598
20060214,862.648
20060215,868.021
20060216,856.05
20060217,857.994
20060220,857.973
20060221,872.565
20060222,870.097
20060223,877.654
20060224,882.777
20060227,887.616
20060228,892.904
20060301,895.626
20060302,876.621
20060303,880.371
20060306,879.33
20060307,861.865
20060308,859.32
20060309,853.381
20060310,857.143
20060313,863.677
20060314,860.874
20060315,868.324
20060316,865.722
20060317,863.267
20060320,875.126
20060321,875.232
20060322,875.823
20060323,875.108
20060324,869.439
20060327,872.557
20060328,874.773
20060329,885.291
20060330,877.781
20060331,878.366
20060403,891.556
20060404,900.84
20060405,906.301
20060406,901.647
20060407,897.312
20060410,909.281
20060411,912.391
20060412,908.948
20060413,892.133
20060414,910.633
20060417,921.21
20060418,927.478
20060419,930.833
20060420,922.05
20060421,939.873
20060424,940.902
20060425,931.323
20060426,948.207
20060427,943.343
20060428,964.446
20060508,996.235
20060509,1017.619
20060510,1022.999
20060511,1012.9
20060512,1050.958
20060515,1086.001
20060516,1079.705
20060517,1080.965
20060518,1068.202
20060519,1096.206
20060522,1095.568
20060523,1058.991
20060524,1055.809
20060525,1050.696
20060526,1064.128
20060529,1090.571
20060530,1092.251
20060531,1078.863
20060601,1106.233
20060602,1097.509
20060605,1102.904
20060606,1100.56
20060607,1046.422
20060608,1057.083
20060609,1031.458
20060612,1034.681
20060613,1032.618
20060614,1022.12
20060615,1021.992
20060616,1047.332
20060619,1056.636
20060620,1060.542
20060621,1056.501
20060622,1057.231
20060623,1061.412
20060626,1083.046
20060627,1081.131
20060628,1080.608
20060629,1105.048
20060630,1102.696
20060703,1125.358
20060704,1115.169
20060705,1092.818
20060706,1109.827
20060707,1099.06
20060710,1098.813
20060711,1101.82
20060712,1100.592
20060713,1051.979
20060714,1059.255
20060717,1067.531
20060718,1064.746
20060719,1040.586
20060720,1046.987
20060721,1056.627
20060724,1058.071
20060725,1068.106
20060726,1069.444
20060727,1060.585
20060728,1050.639
20060731,1020.541
20060801,1011.146
20060802,1007.596
20060803,1008.183
20060804,990.834
20060807,978.085
20060808,994.537
20060809,993.658
20060810,1011.644
20060811,1011.639
20060814,992.453
20060815,1007.798
20060816,1018.894
20060817,1009.311
20060818,1008.047
20060821,1008.31
20060822,1018.508
20060823,1021.873
20060824,1028.243
20060825,1028.287
20060828,1048.853
20060829,1049.64
20060830,1048.776
20060831,1048.577
20060901,1033.739
20060904,1046.141
20060905,1052.166
20060906,1056.264
20060907,1045.154
20060908,1050.8
20060911,1057.853
20060912,1066.823
20060913,1069.011
20060914,1070.108
20060915,1094.149
20060918,1096.466
20060919,1101.956
20060920,1098.929
20060921,1106.873
20060922,1094.179
20060925,1091.717
20060926,1077.302
20060927,1088.749
20060928,1101.972
20060929,1115.718
20061009,1151.433
20061010,1152.238
20061011,1152.414
20061012,1147.229
20061013,1149.579
20061016,1135.483
20061017,1125.442
20061018,1146.926
20061019,1148.405
20061020,1152.313
20061023,1132.686
20061024,1159.133
20061025,1166.248
20061026,1178.077
20061027,1164.574
20061030,1175.796
20061031,1193.843
20061101,1211.553
20061102,1208.272
20061103,1219.003
20061106,1245.694
20061107,1258.646
20061108,1241.444
20061109,1268.332
20061110,1262.529
20061113,1245.828
20061114,1262.158
20061115,1293.253
20061116,1299.116
20061117,1321.011
20061120,1362.451
20061121,1376.632
20061122,1382.235
20061123,1395.678
20061124,1385.939
20061127,1381.325
20061128,1367.515
20061129,1382.717
20061130,1425.211
20061201,1430.363
20061204,1486.531
20061205,1500.475
20061206,1498.312
20061207,1507.857
20061208,1453.918
20061211,1524.965
20061212,1544.908
20061213,1544.158
20061214,1573.478
20061215,1597.116
20061218,1637.142
20061219,1643.141
20061220,1643.971
20061221,1620.241
20061222,1614.238
20061225,1665.159
20061226,1673.88
20061227,1726.433
20061228,1737.161
20061229,1805.314
20070104,1836.136
20070105,1815.12
20070108,1856.616
20070109,1932.277
20070110,1963.633
20070111,1927.219
20070112,1876.143
20070115,1963.163
20070116,1992.096
20070117,1955.742
20070118,1936.921
20070119,1995.532
20070122,2075.537
20070123,2105.99
20070124,2145.694
20070125,2098.181
20070126,2164.514
20070129,2222.414
20070130,2197.193
20070131,2052.905
20070201,2051.662
20070202,1954.966
20070205,1906.03
20070206,1954.155
20070207,2001.373
20070208,2023.178
20070209,2003.324
20070212,2082.402
20070213,2108.626
20070214,2174.002
20070215,2235.447
20070216,2232.978
20070226,2242.764
20070227,2030.357
20070228,2096.226
20070301,2039.678
20070302,2069.074
20070305,2019.727
20070306,2076.871
20070307,2129.48
20070308,2150.153
20070309,2144.218
20070312,2140.528
20070313,2149.972
20070314,2100.56
20070315,2138.05
20070316,2107.627
20070319,2176.152
20070320,2175.131
20070321,2192.931
20070322,2208.47
20070323,2200.042
20070326,2230.004
20070327,2237.22
20070328,2277.965
20070329,2301.483
20070330,2288.263
20070402,2342.525
20070403,2362.982
20070404,2372.657
20070405,2392.64
20070406,2390.642
20070409,2442.926
20070410,2473.758
20070411,2508.472
20070412,2535.098
20070413,2517.789
20070416,2585.343
20070417,2577.015
20070418,2558.519
20070419,2452.547
20070420,2547.501
20070423,2651.43
20070424,2659.213
20070425,2679.083
20070426,2702.128
20070427,2681.3
20070430,2757.827
20070508,2831.262
20070509,2860.312
20070510,2885.717
20070511,2867.972
20070514,2885.505
20070515,2770.655
20070516,2828.525
20070517,2872.787
20070518,2854.318
20070521,2864.699
20070522,2882.665
20070523,2919.943
20070524,2906.815
20070525,2942.513
20070528,2998.859
20070529,3050.437
20070530,2857.002
20070531,2940.374
20070601,2906.588
20070604,2695.765
20070605,2778.658
20070606,2781.319
20070607,2856.539
20070608,2856.019
20070611,2918.305
20070612,2982.901
20070613,3045.944
20070614,3010.165
20070615,3035.778
20070618,3133.531
20070619,3132.305
20070620,3059.16
20070621,3109.915
20070622,3037.509
20070625,2942.286
20070626,2966.244
20070627,3057.337
20070628,2969.494
20070629,2915.882
20070702,2910.886
20070703,2955.207
20070704,2877.802
20070705,2745.974
20070706,2860.735
20070709,2939.097
20070710,2936.938
20070711,2937.598
20070712,2969.573
20070713,2970.342
20070716,2878.356
20070717,2956.496
20070718,2978.901
20070719,2972.502
20070720,3102.789
20070723,3225.639
20070724,3226.958
20070725,3304.747
20070726,3315.022
20070727,3293.38
20070730,3359.707
20070731,3391.858
20070801,3281.34
20070802,3362.457
20070803,3520.144
20070806,3595.033
20070807,3612.701
20070808,3596.282
20070809,3704.584
20070810,3707.916
20070813,3740.566
20070814,3787.108
20070815,3799.237
20070816,3698.951
20070817,3606.528
20070820,3831.053
20070821,3903.66
20070822,3949.827
20070823,4013.344
20070824,4104.658
20070827,4134.695
20070828,4147.86
20070829,4080.079
20070830,4111.29
20070831,4150.167
20070903,4240.643
20070904,4166.852
20070905,4147.747
20070906,4204.797
20070907,4111.931
20070910,4172.815
20070911,3992.034
20070912,4035.72
20070913,4143.115
20070914,4165.566
20070917,4237.923
20070918,4204.701
20070919,4161.587
20070920,4222.419
20070921,4197.038
20070924,4231.75
20070925,4193.062
20070926,4140.323
20070927,4189.122
20070928,4307.417
20071008,4401.282
20071009,4425.702
20071010,4445.956
20071011,4577.884
20071012,4578.686
20071015,4694.314
20071016,4731.826
20071017,4684.106
20071018,4508.662
20071019,4494.561
20071022,4390.267
20071023,4475.44
20071024,4550.561
20071025,4364.123
20071026,4429.979
20071029,4527.122
20071030,4592.329
20071031,4627.776
20071101,4607.219
20071102,4543.163
20071105,4410.966
20071106,4344.886
20071107,4383.631
20071108,4154.969
20071109,4139.572
20071112,4107.336
20071113,4071.299
20071114,4247.162
20071115,4201.794
20071116,4133.351
20071119,4086.383
20071120,4136.078
20071121,4064.782
20071122,3895.945
20071123,3961.369
20071126,3910.457
20071127,3829.728
20071128,3784.279
20071129,3975.709
20071130,3880.339
20071203,3910.129
20071204,3963.187
20071205,4070.822
20071206,4070.157
20071207,4122.062
20071210,4165.864
20071211,4159.432
20071212,4083.594
20071213,3948.737
20071214,4008.878
20071217,3876.139
20071218,3849.147
20071219,3953.055
20071220,4040.036
20071221,4081.005
20071224,4172.444
20071225,4162.079
20071226,4175.555
20071227,4258.549
20071228,4226.756
20080102,4219.686
20080103,4230.418
20080104,4282.686
20080107,4330.275
20080108,4358.095
20080109,4405.921
20080110,4431.461
20080111,4481.487
20080114,4499.139
20080115,4440.819
20080116,4274.021
20080117,4178.709
20080118,4195.954
20080121,3975.71
20080122,3679.014
20080123,3822.816
20080124,3818.332
20080125,3875.578
20080128,3597.264
20080129,3611.978
20080130,3541.082
20080131,3497.922
20080201,3500.053
20080204,3796.13
20080205,3766.163
20080213,3660.157
20080214,3706.966
20080215,3646.176
20080218,3709.071
20080219,3787.029
20080220,3676.474
20080221,3620.846
20080222,3466.204
20080225,3331.99
20080226,3363.701
20080227,3459.782
20080228,3435.455
20080229,3470.602
20080303,3539.431
20080304,3424.791
20080305,3380.654
20080306,3445.748
20080307,3395.606
20080310,3256.444
20080311,3264.566
20080312,3164.785
20080313,3111.837
20080314,3084.449
20080317,2984.056
20080318,2869.614
20080319,2945.229
20080320,3011.785
20080321,3021.58
20080324,2869.284
20080325,2884.623
20080326,2896.689
20080327,2760.451
20080328,2910.511
20080331,2823.975
20080401,2713.487
20080402,2744.651
20080403,2828.626
20080407,2954.229
20080408,2969.609
20080409,2803.154
20080410,2840.552
20080411,2865.45
20080414,2685.013
20080415,2715.74
20080416,2654.902
20080417,2588.758
20080418,2511.362
20080421,2545.522
20080422,2595.693
20080423,2718.253
20080424,2981.186
20080425,2984.963
20080428,2918.611
20080429,2960.893
20080430,3125.533
20080505,3169.079
20080506,3128.807
20080507,2979.817
20080508,3037.504
20080509,2978.189
20080512,2991.32
20080513,2924.958
20080514,3027.382
20080515,3005.653
20080516,3009.207
20080519,2978.656
20080520,2835.825
20080521,2892.086
20080522,2841.154
20080523,2838.055
20080526,2745.086
20080527,2754.122
20080528,2836.263
20080529,2765.949
20080530,2800.791
20080602,2814.297
20080603,2804.067
20080604,2736.826
20080605,2722.407
20080606,2701.789
20080610,2480.763
20080611,2446.776
20080612,2387.758
20080613,2322.792
20080616,2323.689
20080617,2262.282
20080618,2368.71
20080619,2201.34
20080620,2273.707
20080623,2220.083
20080624,2256.116
20080625,2334.403
20080626,2326.9
20080627,2206.317
20080630,2175.611
20080701,2081.054
20080702,2062.927
20080703,2088.969
20080704,2077.234
20080707,2190.304
20080708,2193.207
20080709,2289.675
20080710,2259.26
20080711,2245.464
20080714,2259.162
20080715,2157.91
20080716,2088.777
20080717,2073.327
20080718,2158.7
20080721,2228.446
20080722,2217.827
20080723,2213.147
20080724,2299.571
20080725,2265.683
20080728,2278.229
20080729,2232.787
20080730,2219.242
20080731,2164.08
20080801,2205.685
20080804,2155.891
20080805,2120.509
20080806,2150.003
20080807,2143.803
20080808,2056.916
20080811,1975.516
20080812,1961.231
20080813,1949.357
20080814,1941.237
20080815,1957.473
20080818,1859.998
20080819,1889.099
20080820,2042.944
20080821,1975.889
20080822,1948.065
20080825,1954.851
20080826,1919.976
20080827,1921.884
20080828,1938.757
20080829,1975.453
20080901,1905.901
20080902,1882.179
20080903,1849.173
20080904,1845.865
20080905,1796.961
20080908,1770.373
20080909,1780.729
20080910,1781.776
20080911,1709.795
20080912,1711.959
20080916,1615.581
20080917,1532.958
20080918,1508.523
20080919,1650.537
20080922,1780.375
20080923,1726.13
20080924,1736.119
20080925,1808.808
20080926,1811.339
20081006,1712.714
20081007,1678.266
20081008,1600.502
20081009,1587.041
20081010,1528.135
20081013,1613.839
20081014,1564.727
20081015,1548.519
20081016,1473.254
20081017,1480.162
20081020,1531.692
20081021,1514.129
20081022,1470.922
20081023,1459.197
20081024,1408.126
20081027,1305.705
20081028,1353.688
20081029,1316.982
20081030,1358.891
20081031,1327.705
20081103,1323.888
20081104,1313.017
20081105,1370.764
20081106,1332.714
20081107,1363.458
20081110,1469.623
20081111,1443.209
20081112,1457.431
20081113,1509.893
20081114,1550.465
20081117,1572.904
20081118,1459.109
20081119,1543.77
20081120,1511.797
20081121,1501.093
20081124,1435.641
20081125,1435.356
20081126,1440.636
20081127,1455.736
20081128,1411.165
20081201,1424.864
20081202,1419.485
20081203,1486.89
20081204,1521.595
20081205,1538.468
20081208,1602.749
20081209,1554.506
20081210,1607.489
20081211,1567.021
20081212,1499.292
20081215,1508.715
20081216,1512.084
20081217,1510.349
20081218,1552.748
20081219,1554.114
20081222,1522.438
20081223,1451.759
20081224,1428.895
20081225,1415.829
20081226,1416.833
20081229,1407.626
20081230,1390.401
20081231,1384.914
20090105,1436.885
20090106,1482.284
20090107,1468.456
20090108,1430.087
20090109,1447.143
20090112,1441.731
20090113,1414.08
20090114,1476.709
20090115,1469.204
20090116,1502.004
20090119,1529.576
20090120,1539.373
20090121,1536.759
20090122,1547.589
20090123,1538.273
20090202,1541.678
20090203,1580.293
20090204,1631.742
20090205,1629.466
20090206,1689.002
20090209,1716.505
20090210,1723.548
20090211,1728.942
20090212,1699.346
20090213,1755.569
20090216,1817.061
20090217,1763.945
20090218,1675.858
20090219,1675.769
20090220,1695.255
20090223,1733.424
20090224,1640.568
20090225,1662.263
20090226,1605.611
20090227,1592.01
20090302,1592.612
20090303,1563.97
20090304,1671.569
20090305,1694.648
20090306,1676.79
20090309,1620.129
20090310,1648.151
20090311,1634.077
20090312,1628.336
20090313,1626.018
20090316,1656.184
20090317,1705.512
20090318,1702.296
20090319,1733.8
20090320,1726.211
20090323,1767.049
20090324,1776.117
20090325,1747.419
20090326,1811.873
20090327,1825.631
20090330,1817.407
20090331,1830.28
20090401,1852.019
20090402,1878.396
20090403,1892.727
20090407,1894.124
20090408,1816.333
20090409,1847.165
20090410,1895.159
20090413,1939.558
20090414,1949.022
20090415,1943.35
20090416,1943.214
20090417,1920.309
20090420,1956.777
20090421,1930.572
20090422,1874.751
20090423,1876.424
20090424,1860.748
20090427,1827.471
20090428,1826.136
20090429,1901.068
20090430,1895.7
20090504,1957.94
20090505,1960.98
20090506,1980.2
20090507,1991.167
20090508,2022.953
20090511,2000.775
20090512,2035.976
20090513,2053.802
20090514,2021.56
20090515,2022.301
20090518,2029.06
20090519,2050.046
20090520,2019.41
20090521,1972.468
20090522,1967.661
20090525,1970.98
20090526,1945.496
20090527,1991.285
20090601,2076.877
20090602,2074.757
20090603,2149.577
20090604,2174.015
20090605,2160.416
20090608,2186.474
20090609,2197.145
20090610,2212.191
20090611,2196.726
20090612,2156.534
20090615,2217.38
20090616,2207.622
20090617,2236.076
20090618,2283.532
20090619,2309.224
20090622,2320.75
20090623,2331.505
20090624,2336.08
20090625,2335.923
20090626,2344.398
20090629,2391.07
20090630,2380.9
20090701,2440.897
20090702,2481.071
20090703,2508.282
20090706,2549.49
20090707,2516.989
20090708,2502.154
20090709,2531.981
20090710,2519.075
20090713,2467.485
20090714,2548.769
20090715,2576.776
20090716,2598.074
20090717,2604.354
20090720,2652.026
20090721,2622.712
20090722,2677.151
20090723,2717.23
20090724,2743.025
20090727,2805.039
20090728,2799.312
20090729,2671.593
20090730,2754.189
20090731,2816.886
20090803,2837.737
20090804,2810.259
20090805,2761.957
20090806,2698.255
20090807,2634.488
20090810,2611.993
20090811,2614.85
20090812,2493.481
20090813,2528.644
20090814,2463.523
20090817,2331.718
20090818,2342.809
20090819,2230.719
20090820,2333.486
20090821,2367.567
20090824,2368.052
20090825,2259.55
20090826,2292.488
20090827,2276.012
20090828,2193.518
20090831,2046.589
20090901,2076.684
20090902,2123.505
20090903,2230.517
20090904,2237.492
20090907,2253.805
20090908,2294.886
20090909,2305.0
20090910,2284.071
20090911,2356.98
20090914,2384.622
20090915,2385.33
20090916,2336.615
20090917,2383.033
20090918,2296.319
20090921,2290.256
20090922,2233.08
20090923,2199.085
20090924,2234.705
20090925,2226.003
20090928,2162.153
20090929,2177.434
20090930,2198.407
20091009,2308.682
20091012,2293.822
20091013,2331.643
20091014,2352.241
20091015,2363.598
20091016,2358.968
20091019,2413.013
20091020,2455.184
20091021,2450.456
20091022,2428.972
20091023,2481.542
20091026,2484.524
20091027,2413.216
20091028,2409.318
20091029,2349.015
20091030,2376.032
20091102,2461.621
20091103,2487.726
20091104,2502.454
20091105,2505.14
20091106,2512.416
20091109,2518.985
20091110,2520.571
20091111,2511.676
20091112,2508.503
20091113,2523.989
20091116,2601.507
20091117,2605.813
20091118,2605.836
20091119,2602.845
20091120,2583.012
20091123,2594.039
20091124,2523.284
20091125,2566.214
20091126,2459.202
20091127,2388.942
20091130,2467.478
20091201,2491.901
20091202,2513.318
20091203,2497.273
20091204,2587.146
20091207,2594.967
20091208,2552.67
20091209,2495.03
20091210,2509.747
20091211,2507.196
20091214,2553.811
20091215,2524.856
20091216,2512.577
20091217,2464.802
20091218,2424.685
20091221,2413.074
20091222,2357.269
20091223,2370.08
20091224,2430.363
20091225,2406.597
20091228,2446.218
20091229,2471.357
20091230,2541.806
20091231,2553.8
20100104,2514.646
20100105,2543.991
20100106,2514.014
20100107,2463.758
20100108,2466.165
20100111,2478.81
20100112,2508.039
20100113,2399.642
20100114,2422.771
20100115,2427.807
20100118,2421.188
20100119,2432.713
20100120,2359.485
20100121,2377.753
20100122,2380.055
20100125,2353.471
20100126,2311.447
20100127,2264.605
20100128,2252.61
20100129,2243.994
20100201,2208.936
20100202,2214.033
20100203,2277.798
20100204,2261.358
20100205,2219.6
20100208,2211.135
20100209,2229.038
20100210,2259.99
20100211,2265.138
20100212,2284.386
20100222,2269.045
20100223,2227.952
20100224,2251.7
20100225,2282.64
20100226,2274.325
20100301,2311.075
20100302,2302.185
20100303,2311.841
20100304,2261.926
20100305,2267.939
20100308,2284.682
20100309,2302.393
20100310,2292.503
20100311,2300.043
20100312,2274.532
20100315,2240.731
20100316,2261.515
20100317,2307.083
20100318,2294.947
20100319,2310.546
20100322,2316.631
20100323,2292.004
20100324,2291.833
20100325,2259.141
20100326,2292.673
20100329,2363.976
20100330,2368.51
20100331,2350.818
20100401,2376.597
20100402,2379.194
20100406,2378.575
20100407,2362.281
20100408,2325.672
20100409,2345.754
20100412,2317.383
20100413,2364.837
20100414,2366.611
20100415,2366.572
20100416,2329.12
20100419,2210.82
20100420,2204.812
20100421,2238.501
20100422,2196.224
20100423,2185.155
20100426,2170.319
20100427,2131.841
20100428,2126.529
20100429,2124.392
20100430,2149.453
20100504,2109.812
20100505,2110.045
20100506,2007.012
20100507,1980.168
20100510,2007.522
20100511,1967.66
20100512,2001.131
20100513,2041.556
20100514,2019.73
20100517,1927.692
20100518,1968.37
20100519,1956.22
20100520,1925.244
20100521,1943.429
20100524,2007.763
20100525,1958.458
20100526,1957.943
20100527,1982.952
20100528,1973.622
20100531,1926.109
20100601,1911.432
20100602,1907.902
20100603,1895.147
20100604,1894.45
20100607,1853.363
20100608,1845.13
20100609,1906.896
20100610,1873.824
20100611,1883.196
20100617,1882.133
20100618,1870.871
20100621,1933.616
20100622,1930.002
20100623,1913.626
20100624,1914.646
20100625,1915.91
20100628,1910.469
20100629,1833.037
20100630,1819.109
20100701,1799.881
20100702,1812.58
20100705,1797.66
20100706,1826.395
20100707,1829.557
20100708,1828.131
20100709,1870.303
20100712,1887.671
20100713,1859.152
20100714,1873.038
20100715,1840.668
20100716,1839.219
20100719,1878.528
20100720,1909.965
20100721,1914.33
20100722,1933.877
20100723,1945.451
20100726,1951.87
20100727,1936.074
20100728,1983.628
20100729,1993.87
20100730,1986.76
20100802,2015.655
20100803,1978.414
20100804,1981.525
20100805,1954.336
20100806,1979.228
20100809,1988.017
20100810,1934.587
20100811,1939.844
20100812,1914.451
20100813,1930.671
20100816,1971.295
20100817,1979.789
20100818,1974.664
20100819,1994.162
20100820,1967.061
20100823,1962.778
20100824,1960.055
20100825,1914.997
20100826,1914.636
20100827,1917.581
20100830,1942.559
20100831,1923.907
20100901,1917.33
20100902,1935.922
20100903,1929.186
20100906,1975.677
20100907,1973.14
20100908,1956.33
20100909,1918.286
20100910,1915.645
20100913,1922.142
20100914,1925.014
20100915,1893.027
20100916,1858.449
20100917,1857.31
20100920,1860.854
20100921,1864.414
20100927,1881.545
20100928,1863.881
20100929,1868.749
20100930,1913.109
20101008,1990.014
20101011,2066.948
20101012,2091.781
20101013,2125.614
20101014,2160.837
20101015,2254.392
20101018,2241.722
20101019,2278.353
20101020,2285.214
20101021,2245.248
20101022,2231.057
20101025,2294.451
20101026,2272.208
20101027,2225.371
20101028,2224.238
20101029,2189.479
20101101,2238.471
20101102,2231.704
20101103,2226.468
20101104,2254.763
20101105,2279.004
20101108,2289.964
20101109,2257.348
20101110,2226.16
20101111,2252.283
20101112,2130.581
20101115,2126.697
20101116,2032.498
20101117,2013.607
20101118,2037.462
20101119,2039.445
20101122,2019.668
20101123,1981.261
20101124,2014.155
20101125,2041.337
20101126,2018.397
20101129,2011.898
20101130,1979.891
20101201,1984.305
20101202,1998.149
20101203,2008.12
20101206,2032.03
20101207,2046.723
20101208,2018.461
20101209,1996.384
20101210,2021.651
20101213,2074.334
20101214,2069.921
20101215,2054.017
20101216,2036.554
20101217,2032.138
20101220,1999.525
20101221,2049.223
20101222,2021.976
20101223,2017.665
20101224,2013.25
20101227,1977.692
20101228,1950.329
20101229,1953.334
20101230,1946.515
20101231,1977.366
20110104,2015.112
20110105,1999.219
20110106,1984.278
20110107,2006.374
20110110,1975.744
20110111,1999.764
20110112,2017.149
20110113,2014.167
20110114,1982.623
20110117,1918.422
20110118,1923.695
20110119,1953.352
20110120,1895.004
20110121,1925.838
20110124,1911.754
20110125,1911.306
20110126,1926.036
20110127,1949.372
20110128,1945.141
20110131,1964.106
20110201,1968.687
20110209,1943.001
20110210,1975.98
20110211,1976.473
20110214,2047.694
20110215,2042.644
20110216,2051.488
20110217,2046.975
20110218,2030.318
20110221,2046.085
20110222,1991.013
20110223,1995.679
20110224,2002.832
20110225,2006.66
20110228,2021.849
20110301,2035.365
20110302,2040.892
20110303,2051.649
20110304,2080.143
20110307,2123.28
20110308,2123.781
20110309,2120.211
20110310,2071.724
20110311,2049.113
20110314,2053.52
20110315,2018.389
20110316,2048.93
20110317,2023.047
20110318,2034.485
20110321,2036.231
20110322,2054.753
20110323,2074.808
20110324,2064.165
20110325,2096.286
20110328,2103.043
20110329,2097.564
20110330,2101.44
20110331,2083.748
20110401,2126.451
20110406,2175.778
20110407,2174.401
20110408,2185.316
20110411,2175.964
20110412,2165.833
20110413,2199.229
20110414,2190.147
20110415,2201.086
20110418,2201.371
20110419,2151.957
20110420,2144.274
20110421,2160.699
20110422,2151.669
20110425,2127.462
20110426,2118.326
20110427,2113.012
20110428,2111.489
20110429,2113.871
20110503,2114.417
20110504,2056.699
20110505,2050.069
20110506,2037.748
20110509,2036.764
20110510,2057.666
20110511,2048.342
20110512,2021.283
20110513,2043.259
20110516,2019.536
20110517,2033.78
20110518,2053.637
20110519,2046.113
20110520,2052.544
20110523,1993.067
20110524,1995.273
20110525,1971.097
20110526,1974.328
20110527,1976.693
20110530,1980.74
20110531,2010.564
20110601,2002.659
20110602,1963.052
20110603,1974.951
20110607,1984.446
20110608,1980.672
20110609,1947.875
20110610,1951.031
20110613,1945.72
20110614,1970.099
20110615,1952.076
20110616,1927.047
20110617,1912.379
20110620,1904.8
20110621,1923.816
20110622,1923.562
20110623,1950.874
20110624,1997.298
20110627,1994.583
20110628,1993.723
20110629,1960.771
20110630,1989.433
20110701,1986.03
20110704,2033.855
20110705,2029.623
20110706,2017.172
20110707,2006.141
20110708,2014.733
20110711,2010.689
20110712,1968.076
20110713,1998.413
20110714,2005.752
20110715,2012.032
20110718,2002.826
20110719,1988.297
20110720,1983.668
20110721,1961.302
20110722,1964.828
20110725,1909.813
20110726,1914.154
20110727,1918.787
20110728,1900.219
20110729,1908.213
20110801,1909.952
20110802,1894.323
20110803,1893.003
20110804,1895.43
20110805,1850.143
20110808,1794.431
20110809,1801.822
20110810,1814.667
20110811,1840.289
20110812,1838.159
20110815,1872.389
20110816,1862.892
20110817,1858.303
20110818,1824.857
20110819,1806.283
20110822,1790.136
20110823,1821.192
20110824,1806.79
20110825,1878.479
20110826,1876.334
20110829,1836.877
20110830,1835.072
20110831,1841.539
20110901,1840.371
20110902,1820.676
20110905,1786.465
20110906,1779.518
20110907,1813.864
20110908,1799.784
20110909,1800.934
20110913,1783.181
20110914,1787.115
20110915,1779.684
20110916,1784.934
20110919,1749.705
20110920,1757.641
20110921,1808.37
20110922,1750.611
20110923,1740.322
20110926,1689.931
20110927,1710.987
20110928,1695.837
20110929,1689.538
20110930,1684.497
20111010,1669.348
20111011,1675.42
20111012,1737.358
20111013,1746.935
20111014,1745.214
20111017,1757.056
20111018,1709.283
20111019,1708.946
20111020,1674.027
20111021,1676.097
20111024,1729.033
20111025,1751.677
20111026,1765.63
20111027,1774.506
20111028,1807.056
20111031,1792.051
20111101,1795.392
20111102,1825.453
20111103,1819.042
20111104,1831.755
20111107,1809.798
20111108,1808.609
20111109,1821.756
20111110,1781.911
20111111,1779.514
20111114,1816.057
20111115,1808.176
20111116,1755.415
20111117,1748.447
20111118,1720.764
20111121,1721.386
20111122,1722.234
20111123,1701.065
20111124,1704.691
20111125,1691.671
20111128,1693.668
20111129,1716.095
20111130,1662.748
20111201,1713.048
20111202,1704.457
20111205,1694.496
20111206,1689.01
20111207,1702.454
20111208,1701.68
20111209,1692.061
20111212,1678.698
20111213,1645.815
20111214,1637.009
20111215,1599.012
20111216,1628.999
20111219,1625.257
20111220,1624.445
20111221,1604.251
20111222,1608.238
20111223,1617.944
20111226,1601.467
20111227,1590.995
20111228,1594.835
20111229,1596.587
20111230,1617.613
20120104,1595.12
20120105,1596.593
20120106,1608.358
20120109,1659.054
20120110,1704.744
20120111,1694.264
20120112,1701.452
20120113,1685.913
20120116,1661.994
20120117,1736.606
20120118,1714.699
20120119,1750.521
20120120,1775.091
20120130,1742.818
20120131,1744.708
20120201,1713.684
20120202,1761.941
20120203,1772.192
20120206,1764.818
20120207,1732.024
20120208,1782.059
20120209,1778.097
20120210,1778.317
20120213,1768.539
20120214,1758.984
20120215,1773.169
20120216,1761.877
20120217,1765.652
20120220,1769.412
20120221,1779.94
20120222,1795.26
20120223,1799.644
20120224,1826.716
20120227,1828.408
20120228,1839.055
20120229,1822.769
20120301,1818.279
20120302,1843.848
20120305,1827.938
20120306,1794.264
20120307,1776.363
20120308,1798.1
20120309,1811.486
20120312,1796.937
20120313,1813.201
20120314,1776.407
20120315,1760.476
20120316,1780.076
20120319,1778.981
20120320,1755.725
20120321,1758.624
20120322,1760.335
20120323,1747.916
20120326,1749.888
20120327,1749.185
20120328,1708.853
20120329,1688.09
20120330,1705.633
20120405,1735.283
20120406,1737.512
20120409,1721.426
20120410,1736.24
20120411,1734.594
20120412,1770.947
20120413,1777.068
20120416,1770.679
20120417,1749.4
20120418,1789.627
20120419,1791.382
20120420,1815.882
20120423,1799.907
20120424,1808.859
20120425,1819.217
20120426,1822.206
20120427,1822.542
20120502,1862.755
20120503,1864.295
20120504,1876.658
20120507,1866.619
20120508,1862.401
20120509,1830.132
20120510,1829.607
20120511,1815.732
20120514,1800.503
20120515,1801.064
20120516,1774.243
20120517,1801.11
20120518,1775.572
20120521,1784.943
20120522,1810.411
20120523,1801.466
20120524,1789.434
20120525,1776.376
20120528,1800.913
20120529,1824.429
20120530,1818.385
20120531,1804.593
20120601,1808.527
20120604,1760.955
20120605,1763.7
20120606,1768.575
20120607,1757.766
20120608,1738.587
20120611,1756.031
20120612,1745.454
20120613,1771.422
20120614,1756.301
20120615,1769.492
20120618,1776.244
20120619,1764.881
20120620,1763.631
20120621,1735.336
20120625,1704.567
20120626,1700.499
20120627,1695.031
20120628,1681.384
20120629,1708.856
20120702,1706.168
20120703,1710.412
20120704,1712.937
20120705,1695.356
20120706,1711.579
20120709,1668.022
20120710,1664.424
20120711,1672.252
20120712,1680.05
20120713,1685.019
20120716,1657.623
20120717,1669.706
20120718,1665.865
20120719,1674.268
20120720,1658.3
20120723,1629.065
20120724,1632.952
20120725,1627.959
20120726,1624.464
20120727,1630.31
20120730,1625.636
20120731,1631.885
20120801,1645.616
20120802,1634.553
20120803,1641.599
20120806,1658.371
20120807,1657.911
20120808,1662.768
20120809,1671.954
20120810,1665.175
20120813,1632.001
20120814,1633.143
20120815,1610.413
20120816,1605.276
20120817,1606.003
20120820,1596.195
20120821,1598.5
20120822,1591.334
20120823,1596.574
20120824,1588.111
20120827,1557.165
20120828,1570.44
20120829,1554.403
20120830,1560.286
20120831,1551.199
20120903,1560.08
20120904,1548.042
20120905,1537.531
20120906,1550.971
20120907,1619.213
20120910,1620.027
20120911,1605.073
20120912,1607.989
20120913,1597.16
20120914,1614.7
20120917,1582.095
20120918,1564.982
20120919,1569.069
20120920,1540.956
20120921,1545.964
20120924,1553.973
20120925,1553.701
20120926,1541.14
20120927,1587.956
20120928,1613.092
20121008,1596.144
20121009,1627.657
20121010,1625.328
20121011,1615.747
20121012,1618.659
20121015,1612.955
20121016,1614.138
20121017,1617.664
20121018,1639.667
20121019,1637.765
20121022,1643.342
20121023,1625.81
20121024,1623.641
20121025,1612.947
20121026,1584.697
20121029,1571.525
20121030,1576.321
20121031,1587.052
20121101,1617.732
20121102,1626.607
20121105,1624.709
20121106,1619.739
20121107,1617.834
20121108,1591.615
20121109,1591.852
20121112,1600.878
20121113,1575.259
20121114,1581.946
20121115,1563.698
20121116,1551.558
20121119,1550.891
20121120,1540.488
20121121,1562.974
20121122,1554.754
20121123,1568.753
20121126,1563.198
20121127,1552.92
20121128,1542.074
20121129,1532.921
20121130,1547.759
20121203,1532.176
20121204,1545.954
20121205,1601.736
20121206,1600.415
20121207,1634.919
20121210,1653.284
20121211,1645.009
20121212,1657.128
20121213,1635.626
20121214,1728.061
20121217,1738.852
20121218,1744.854
20121219,1744.018
20121220,1751.936
20121221,1737.989
20121224,1746.438
20121225,1798.882
20121226,1800.564
20121227,1786.779
20121228,1817.852
20121231,1857.68
20130104,1870.5
20130107,1880.262
20130108,1857.688
20130109,1855.342
20130110,1855.487
20130111,1818.984
20130114,1893.1
20130115,1900.051
20130116,1877.0
20130117,1854.936
20130118,1886.794
20130121,1898.438
20130122,1898.502
20130123,1910.135
20130124,1900.176
20130125,1886.454
20130128,1957.395
20130129,1982.623
20130130,1989.315
20130131,1993.252
20130201,2055.724
20130204,2065.394
20130205,2068.952
20130206,2078.494
20130207,2048.575
20130208,2042.422
20130218,2014.577
20130219,1981.074
20130220,1978.303
20130221,1897.896
20130222,1883.475
20130225,1890.765
20130226,1865.129
20130227,1889.476
20130228,1956.606
20130301,1944.423
20130304,1841.624
20130305,1916.709
20130306,1933.699
20130307,1902.374
20130308,1901.481
20130311,1879.818
20130312,1854.618
20130313,1835.612
20130314,1838.358
20130315,1841.32
20130318,1811.239
20130319,1830.959
20130320,1905.765
20130321,1902.295
20130322,1904.462
20130325,1901.932
20130326,1861.259
20130327,1868.44
20130328,1791.643
20130329,1793.194
20130401,1784.071
20130402,1783.217
20130403,1789.666
20130408,1773.103
20130409,1788.633
20130410,1787.928
20130411,1784.128
20130412,1774.505
20130415,1759.802
20130416,1772.643
20130417,1761.617
20130418,1768.15
20130419,1827.983
20130422,1823.947
20130423,1760.677
20130424,1793.885
20130425,1778.294
20130426,1766.037
20130502,1763.05
20130503,1795.489
20130506,1816.598
20130507,1817.925
20130508,1824.377
20130509,1807.862
20130510,1819.117
20130513,1810.724
20130514,1785.575
20130515,1789.431
20130516,1821.453
20130517,1843.809
20130520,1861.252
20130521,1851.084
20130522,1858.198
20130523,1823.737
20130524,1829.141
20130527,1827.263
20130528,1870.094
20130529,1861.702
20130530,1855.456
20130531,1841.366
20130603,1838.64
20130604,1819.503
20130605,1806.821
20130606,1784.702
20130607,1760.224
20130613,1700.802
20130614,1704.147
20130617,1692.476
20130618,1704.222
20130619,1687.613
20130620,1631.554
20130621,1633.164
20130624,1525.166
20130625,1526.803
20130626,1509.682
20130627,1512.204
20130628,1552.383
20130701,1549.374
20130702,1541.341
20130703,1522.911
20130704,1535.321
20130705,1542.049
20130708,1506.727
20130709,1505.299
20130710,1546.743
20130711,1635.66
20130712,1587.589
20130715,1604.662
20130716,1606.341
20130717,1582.141
20130718,1549.348
20130719,1511.4
20130722,1514.052
20130723,1555.837
20130724,1532.353
20130725,1529.299
20130726,1521.612
20130729,1484.21
20130730,1500.938
20130731,1504.167
20130801,1537.81
20130802,1536.505
20130805,1554.188
20130806,1556.297
20130807,1551.155
20130808,1544.624
20130809,1553.044
20130812,1610.265
20130813,1619.743
20130814,1610.218
20130815,1595.152
20130816,1592.794
20130819,1608.865
20130820,1594.54
20130821,1588.081
20130822,1582.618
20130823,1566.293
20130826,1601.379
20130827,1602.002
20130828,1592.869
20130829,1588.153
20130830,1589.777
20130902,1591.934
20130903,1614.537
20130904,1613.537
20130905,1609.604
20130906,1625.854
20130909,1713.385
20130910,1737.581
20130911,1741.318
20130912,1772.664
20130913,1749.244
20130916,1738.248
20130917,1698.629
20130918,1700.587
20130923,1713.084
20130924,1673.558
20130925,1661.607
20130926,1632.695
20130927,1639.152
20130930,1643.055
20131008,1659.713
20131009,1668.476
20131010,1637.933
20131011,1669.268
20131014,1662.168
20131015,1656.259
20131016,1634.223
20131017,1627.177
20131018,1636.8
20131021,1657.583
20131022,1640.066
20131023,1638.499
20131024,1621.605
20131025,1611.519
20131028,1610.686
20131029,1633.721
20131030,1653.417
20131031,1631.047
20131101,1644.752
20131104,1638.512
20131105,1633.662
20131106,1614.214
20131107,1610.584
20131108,1587.44
20131111,1591.139
20131112,1610.777
20131113,1569.245
20131114,1572.729
20131115,1604.823
20131118,1675.159
20131119,1659.53
20131120,1663.759
20131121,1648.086
20131122,1642.496
20131125,1633.782
20131126,1630.94
20131127,1648.789
20131128,1664.625
20131129,1661.409
20131202,1678.867
20131203,1681.509
20131204,1699.176
20131205,1692.38
20131206,1675.255
20131209,1669.872
20131210,1670.553
20131211,1639.182
20131212,1631.914
20131213,1626.41
20131216,1602.455
20131217,1597.265
20131218,1598.678
20131219,1580.113
20131220,1537.413
20131223,1541.265
20131224,1539.599
20131225,1547.359
20131226,1524.883
20131227,1550.221
20131230,1547.919
20131231,1574.781
20140102,1561.099
20140103,1536.067
20140106,1512.93
20140107,1510.654
20140108,1515.333
20140109,1503.881
20140110,1498.268
20140113,1494.613
20140114,1499.285
20140115,1488.509
20140116,1493.094
20140117,1475.671
20140120,1464.842
20140121,1478.884
20140122,1514.121
20140123,1499.031
20140124,1502.065
20140127,1478.865
20140128,1487.803
20140129,1494.49
20140130,1477.345
20140207,1475.343
20140210,1505.834
20140211,1528.322
20140212,1527.001
20140213,1528.015
20140214,1534.239
20140217,1538.105
20140218,1508.541
20140219,1533.396
20140220,1520.138
20140221,1505.331
20140224,1468.06
20140225,1440.892
20140226,1444.198
20140227,1452.461
20140228,1464.321
20140303,1462.686
20140304,1464.284
20140305,1448.331
20140306,1459.508
20140307,1455.585
20140310,1408.873
20140311,1412.733
20140312,1418.698
20140313,1437.392
20140314,1426.395
20140317,1434.157
20140318,1427.63
20140319,1418.707
20140320,1406.915
20140321,1464.08
20140324,1477.532
20140325,1470.121
20140326,1467.08
20140327,1464.53
20140328,1472.047
20140331,1465.783
20140401,1473.142
20140402,1491.303
20140403,1477.488
20140404,1490.334
20140408,1534.747
20140409,1530.875
20140410,1570.397
20140411,1565.308
20140414,1557.7
20140415,1523.22
20140416,1527.054
20140417,1520.562
20140418,1521.278
20140421,1493.756
20140422,1509.547
20140423,1507.041
20140424,1510.285
20140425,1501.046
20140428,1483.776
20140429,1496.009
20140430,1494.808
20140505,1487.532
20140506,1485.25
20140507,1476.176
20140508,1478.717
20140509,1480.737
20140512,1508.387
20140513,1503.517
20140514,1500.825
20140515,1488.771
20140516,1487.735
20140519,1459.212
20140520,1460.82
20140521,1474.139
20140522,1471.552
20140523,1484.375
20140526,1486.049
20140527,1479.733
20140528,1491.756
20140529,1484.307
20140530,1482.096
20140603,1477.522
20140604,1466.387
20140605,1484.241
20140606,1472.268
20140609,1475.347
20140610,1493.533
20140611,1488.764
20140612,1483.861
20140613,1502.961
20140616,1518.705
20140617,1501.939
20140618,1495.431
20140619,1478.038
20140620,1484.479
20140623,1475.76
20140624,1480.128
20140625,1469.954
20140626,1478.006
20140627,1473.756
20140630,1482.405
20140701,1481.663
20140702,1484.841
20140703,1489.545
20140704,1492.463
20140707,1492.836
20140708,1491.964
20140709,1475.137
20140710,1471.168
20140711,1468.541
20140714,1482.777
20140715,1484.662
20140716,1483.176
20140717,1473.668
20140718,1478.755
20140721,1479.837
20140722,1495.927
20140723,1506.755
20140724,1541.899
20140725,1557.015
20140728,1609.477
20140729,1611.852
20140730,1601.377
20140731,1621.847
20140801,1607.974
20140804,1644.634
20140805,1632.408
20140806,1619.012
20140807,1593.419
20140808,1595.662
20140811,1619.253
20140812,1607.91
20140813,1610.139
20140814,1596.839
20140815,1612.004
20140818,1613.127
20140819,1609.093
20140820,1600.338
20140821,1587.025
20140822,1594.183
20140825,1577.425
20140826,1573.391
20140827,1572.791
20140828,1563.889
20140829,1581.284
20140901,1586.022
20140902,1607.499
20140903,1624.032
20140904,1637.287
20140905,1656.237
20140909,1645.112
20140910,1629.985
20140911,1622.815
20140912,1630.204
20140915,1624.068
20140916,1600.916
20140917,1604.916
20140918,1609.869
20140919,1619.581
20140922,1583.886
20140923,1595.642
20140924,1625.731
20140925,1618.524
20140926,1616.088
20140929,1621.816
20140930,1619.697
20141008,1633.571
20141009,1634.042
20141010,1621.713
20141013,1605.986
20141014,1600.299
20141015,1612.772
20141016,1608.735
20141017,1608.516
20141020,1612.402
20141021,1600.844
20141022,1597.125
20141023,1586.557
20141024,1583.419
20141027,1559.906
20141028,1585.744
20141029,1608.402
20141030,1619.096
20141031,1657.286
20141103,1651.052
20141104,1645.624
20141105,1637.625
20141106,1635.964
20141107,1640.323
20141110,1689.024
20141111,1710.882
20141112,1731.021
20141113,1726.337
20141114,1728.805
20141117,1708.096
20141118,1679.423
20141119,1671.654
20141120,1676.598
20141121,1714.711
20141124,1758.096
20141125,1777.673
20141126,1820.489
20141127,1853.004
20141128,1914.44
20141201,1920.38
20141202,2021.54
20141203,2037.585
20141204,2160.66
20141205,2200.253
20141208,2298.849
20141209,2182.693
20141210,2254.823
20141211,2193.542
20141212,2193.287
20141215,2201.536
20141216,2299.278
20141217,2383.948
20141218,2364.041
20141219,2390.28
20141222,2426.684
20141223,2374.954
20141224,2270.883
20141225,2359.655
20141226,2464.819
20141229,2481.663
20141230,2523.627
20141231,2581.567
20150105,2649.639
20150106,2629.402
20150107,2635.231
20150108,2558.107
20150109,2569.019
20150112,2543.852
20150113,2527.828
20150114,2534.23
20150115,2632.89
20150116,2653.034
20150119,2410.201
20150120,2403.724
20150121,2542.318
20150122,2544.308
20150123,2564.514
20150126,2562.363
20150127,2522.103
20150128,2486.285
20150129,2442.038
20150130,2405.38
20150202,2332.533
20150203,2405.76
20150204,2372.455
20150205,2348.921
20150206,2325.241
20150209,2366.766
20150210,2403.548
20150211,2415.128
20150212,2416.449
20150213,2427.474
20150216,2431.21
20150217,2445.26
20150225,2407.457
20150226,2478.061
20150227,2474.595
20150302,2479.237
20150303,2396.805
20150304,2397.993
20150305,2366.899
20150306,2371.623
20150309,2429.867
20150310,2395.428
20150311,2408.503
20150312,2485.114
20150313,2495.277
20150316,2550.861
20150317,2583.198
20150318,2649.642
20150319,2630.243
20150320,2680.679
20150323,2720.671
20150324,2683.647
20150325,2649.161
20150326,2687.762
20150327,2689.24
20150330,2784.456
20150331,2754.658
20150401,2799.451
20150402,2781.641
20150403,2817.181
20150407,2889.452
20150408,2952.079
20150409,2931.772
20150410,2986.605
20150413,3041.125
20150414,3052.407
20150415,3053.304
20150416,3183.302
20150417,3235.332
20150420,3164.461
20150421,3214.364
20150422,3299.221
20150423,3273.398
20150424,3223.958
20150427,3308.454
20150428,3282.33
20150429,3283.282
20150430,3250.49
20150504,3272.005
20150505,3148.813
20150506,3139.02
20150507,3094.883
20150508,3110.455
20150511,3169.134
20150512,3188.313
20150513,3141.296
20150514,3128.572
20150515,3060.411
20150518,2998.389
20150519,3116.086
20150520,3122.85
20150521,3150.901
20150522,3248.855
20150525,3349.945
20150526,3386.593
20150527,3344.738
20150528,3124.621
20150529,3111.334
20150601,3244.319
20150602,3258.31
20150603,3238.428
20150604,3299.03
20150605,3303.988
20150608,3458.707
20150609,3413.996
20150610,3370.3833
20150611,3347.1161
20150612,3350.2482
20150615,3262.4793
20150616,3179.6524
20150617,3211.7065
20150618,3068.4878
20150619,2903.0573
20150623,3003.1629
20150624,3045.2444
20150625,2943.9898
20150626,2736.695
20150629,2678.3683
20150630,2870.0253
20150701,2736.8473
20150702,2714.2469
20150703,2582.2655
20150706,2749.9982
20150707,2812.4457
20150708,2608.9765
20150709,2781.0767
20150710,2898.4101
20150713,2869.0511
20150714,2763.0728
20150715,2757.9508
20150716,2742.8468
20150717,2807.0649
20150720,2783.7614
20150721,2772.7737
20150722,2739.7856
20150723,2790.7639
20150724,2741.0438
20150727,2493.2903
20150728,2485.6742
20150729,2531.4449
20150730,2467.3671
20150731,2461.2401
20150803,2479.7243
20150804,2534.7111
20150805,2487.0616
20150806,2467.5246
20150807,2503.7961
20150810,2617.6592
20150811,2590.7101
20150812,2561.1265
20150813,2580.7779
20150814,2577.0381
20150817,2550.4668
20150818,2407.9666
20150819,2430.2809
20150820,2356.9173
20150821,2271.3586
20150824,2058.2515
20150825,1914.0515
20150826,1942.4498
20150827,2094.7223
20150828,2159.9579
20150831,2210.4467
20150901,2230.321
20150902,2243.6313
20150907,2133.9783
20150908,2180.1306
20150909,2211.1995
20150910,2208.4814
20150911,2195.3905
20150914,2228.1535
20150915,2175.1725
20150916,2241.9486
20150917,2194.8233
20150918,2198.9898
20150921,2214.4483
20150922,2237.3135
20150923,2178.546
20150924,2188.0879
20150925,2183.4036
20150928,2169.941
20150929,2127.2026
20150930,2146.118
20151008,2191.3432
20151009,2219.2937
20151012,2283.4292
20151013,2270.9481
20151014,2253.9082
20151015,2297.9014
20151016,2323.7752
20151019,2318.4716
20151020,2337.0801
20151021,2340.3603
20151022,2331.7909
20151023,2343.9648
20151026,2350.0196
20151027,2349.9042
20151028,2310.7026
20151029,2307.345
20151030,2312.9738
20151102,2280.0924
20151103,2271.6533
20151104,2370.5032
20151105,2440.6507
20151106,2493.4843
20151109,2534.0841
20151110,2522.6834
20151111,2505.8297
20151112,2476.4292
20151113,2447.7733
20151116,2447.2933
20151117,2453.2569
20151118,2439.4469
20151119,2468.488
20151120,2466.7568
20151123,2456.8404
20151124,2447.9039
20151125,2459.5633
20151126,2450.9624
20151127,2334.44
20151130,2336.2903
20151201,2344.8327
20151202,2458.4105
20151203,2461.4492
20151204,2397.5621
20151207,2395.5835
20151208,2364.3437
20151209,2369.7377
20151210,2357.2086
20151211,2342.4527
20151214,2414.9166
20151215,2383.8318
20151216,2376.5351
20151217,2408.3212
20151218,2422.8345
20151221,2500.064
20151222,2496.054
20151223,2503.059
20151224,2481.7542
20151225,2492.3364
20151228,2411.4081
20151229,2432.8795
20151230,2432.773
20151231,2420.8008
20160104,2270.4609
20160105,2288.1127
20160106,2317.6465
20160107,2180.5889
20160108,2219.6119
20160111,2120.2342
20160112,2131.3679
20160113,2105.5066
20160114,2132.0757
20160115,2070.9283
20160118,2069.2746
20160119,2128.5743
20160120,2088.7229
20160121,2040.9775
20160122,2061.9621
20160125,2065.4437
20160126,1951.6136
20160127,1953.4647
20160128,1912.7205
20160129,1973.0052
20160201,1937.0729
20160202,1969.6161
20160203,1952.3665
20160204,1974.2364
20160205,1967.2595
20160215,1948.2752
20160216,2000.9027
20160217,2014.4428
20160218,2009.2727
20160219,2004.1065
20160222,2053.8631
20160223,2029.5223
20160224,2041.3881
20160225,1932.6015
20160226,1955.3953
20160229,1944.6111
20160301,1973.1936
20160302,2043.4067
20160303,2053.2726
20160304,2122.2692
20160307,2107.6731
20160308,2115.158
20160309,2111.9188
20160310,2061.451
20160311,2070.7239
20160314,2078.4096
20160315,2101.1167
20160316,2136.1277
20160317,2131.4813
20160318,2141.177
20160321,2193.3853
20160322,2173.256
20160323,2175.2834
20160324,2137.59
20160325,2149.2039
20160328,2123.0349
20160329,2106.8616
20160330,2157.5295
20160331,2156.541
20160401,2167.7824
20160405,2180.2624
20160406,2168.0372
20160407,2139.4042
20160408,2123.8041
20160411,2148.4394
20160412,2143.8961
20160413,2171.315
20160414,2178.8677
20160415,2182.0667
20160418,2158.2302
20160419,2163.607
20160420,2154.8859
20160421,2147.7184
20160422,2157.7235
20160425,2148.2801
20160426,2155.7914
20160427,2145.3804
20160428,2142.0569
20160429,2135.5087
20160503,2158.2717
20160504,2152.9337
20160505,2152.8822
20160506,2107.0089
20160509,2072.467
20160510,2072.3818
20160511,2078.4126
20160512,2084.8384
20160513,2076.1879
20160516,2082.6159
20160517,2075.4651
20160518,2078.7593
20160519,2073.8041
20160520,2083.1174
20160523,2082.4118
20160524,2066.6428
20160525,2071.9071
20160526,2076.1366
20160527,2074.9195
20160530,2092.1606
20160531,2155.6557
20160601,2138.9632
20160602,2137.6519
20160603,2152.6368
20160606,2136.3228
20160607,2139.069
20160608,2132.963
20160613,2084.3001
20160614,2095.0228
20160615,2106.6312
20160616,2094.8146
20160617,2102.2006
20160620,2104.2202
20160621,2104.5582
20160622,2115.7685
20160623,2105.5324
20160624,2076.2999
20160627,2095.893
20160628,2102.0531
20160629,2122.9696
20160630,2122.633
20160701,2127.0939
20160704,2163.2922
20160705,2168.8551
20160706,2167.101
20160707,2166.8843
20160708,2148.7606
20160711,2155.716
20160712,2200.3482
20160713,2197.7879
20160714,2195.2265
20160715,2192.3939
20160718,2187.9829
20160719,2175.3972
20160720,2167.1205
20160721,2177.7781
20160722,2157.2315
20160725,2159.5537
20160726,2182.505
20160727,2173.9725
20160728,2163.8087
20160729,2155.2387
20160801,2147.5582
20160802,2148.4547
20160803,2145.7877
20160804,2143.8436
20160805,2148.6819
20160808,2159.6726
20160809,2175.345
20160810,2170.1028
20160811,2177.0644
20160812,2222.4884
20160815,2287.6559
20160816,2257.6988
20160817,2253.7364
20160818,2244.7198
20160819,2249.3415
20160822,2237.1276
20160823,2241.9516
20160824,2232.2134
20160825,2222.1523
20160826,2219.3076
20160829,2214.2593
20160830,2224.0621
20160831,2232.7117
20160901,2220.4031
20160902,2229.893
20160905,2228.7184
20160906,2232.4508
20160907,2236.5455
20160908,2236.6259
20160909,2229.3097
20160912,2199.9764
20160913,2193.1932
20160914,2176.523
20160919,2189.4611
20160920,2184.2066
20160921,2187.1542
20160922,2200.6981
20160923,2196.2903
20160926,2167.264
20160927,2176.4476
20160928,2166.7226
20160929,2175.3696
20160930,2177.3524
20161010,2202.8725
20161011,2209.2276
20161012,2200.9969
20161013,2202.1167
20161014,2209.8145
20161017,2192.8845
20161018,2222.7832
20161019,2221.5341
20161020,2223.4242
20161021,2240.7496
20161024,2270.9504
20161025,2266.1718
20161026,2257.1164
20161027,2250.2589
20161028,2253.8017
20161031,2250.4693
20161101,2263.4785
20161102,2244.7436
20161103,2273.6329
20161104,2271.9263
20161107,2276.9543
20161108,2282.4184
20161109,2263.9243
20161110,2289.4491
20161111,2308.4288
20161114,2317.7726
20161115,2310.901
20161116,2309.9426
20161117,2316.7211
20161118,2307.2741
20161121,2334.6776
20161122,2353.0023
20161123,2360.3355
20161124,2368.7336
20161125,2393.9464
20161128,2403.1352
20161129,2441.5786
20161130,2419.4136
20161201,2431.3063
20161202,2416.5077
20161205,2375.2578
20161206,2368.6823
20161207,2376.9191
20161208,2379.0013
20161209,2411.3144
20161212,2387.1588
20161213,2372.9307
20161214,2360.3788
20161215,2309.8159
20161216,2302.3152
20161219,2291.3842
20161220,2279.6828
20161221,2297.3706
20161222,2292.0412
20161223,2278.4779
20161226,2294.7094
20161227,2286.9617
20161228,2277.1759
20161229,2275.1064
20161230,2286.8984
20170103,2307.8917
20170104,2322.2059
20170105,2322.6843
20170106,2308.9363
20170109,2318.3365
20170110,2312.5985
20170111,2300.4749
20170112,2295.4033
20170113,2308.0552
20170116,2337.3944
20170117,2329.595
20170118,2342.7751
20170119,2334.9572
20170120,2347.1829
20170123,2347.1047
20170124,2352.4242
20170125,2358.6974
20170126,2364.0244
20170203,2339.9894
20170206,2343.9673
20170207,2337.5346
20170208,2346.4263
20170209,2354.9009
20170210,2368.1834
20170213,2379.3057
20170214,2373.5138
20170215,2372.192
20170216,2376.7626
20170217,2362.7086
20170220,2394.1201
20170221,2396.8843
20170222,2398.1922
20170223,2387.4172
20170224,2389.8774
20170227,2370.5594
20170228,2370.707
20170301,2371.9252
20170302,2354.9134
20170303,2347.1456
20170306,2349.8889
20170307,2356.2933
20170308,2358.074
20170309,2346.5527
20170310,2339.2339
20170313,2354.8904
20170314,2354.8998
20170315,2357.3071
20170316,2369.194
20170317,2346.9602
20170320,2350.0671
20170321,2357.1359
20170322,2338.5468
20170323,2347.4342
20170324,2365.6043
20170327,2364.4277
20170328,2356.3135
20170329,2352.6937
20170330,2346.6672
20170331,2359.752
20170405,2384.2636
20170406,2390.3893
20170407,2388.2714
20170410,2379.1574
20170411,2382.1093
20170412,2378.8628
20170413,2368.1061
20170414,2355.5204
20170417,2357.5233
20170418,2337.3507
20170419,2325.0424
20170420,2335.6472
20170421,2347.6745
20170424,2341.9296
20170425,2344.741
20170426,2344.5049
20170427,2351.6403
20170428,2347.0391
20170502,2336.7917
20170503,2329.7661
20170504,2325.4332
20170505,2320.602
20170508,2326.0968
20170509,2316.2944
20170510,2324.9219
20170511,2339.2903
20170512,2375.4495
20170515,2381.7516
20170516,2381.317
20170517,2363.5591
20170518,2354.753
20170519,2361.6616
20170522,2381.5525
20170523,2411.7999
20170524,2407.5706
20170525,2473.4953
20170526,2471.2141
20170531,2479.078
20170601,2496.4482
20170602,2475.4636
20170605,2450.3457
20170606,2466.0064
20170607,2484.0334
20170608,2507.0335
20170609,2519.2731
20170612,2521.1681
20170613,2515.1427
20170614,2477.3173
20170615,2461.974
20170616,2452.7899
20170619,2484.1159
20170620,2474.4253
20170621,2497.2544
20170622,2516.6729
20170623,2529.0983
20170626,2543.3213
20170627,2554.6996
20170628,2537.6363
20170629,2552.9754
20170630,2549.9676
20170703,2534.3675
20170704,2511.1507
20170705,2548.0993
20170706,2553.8793
20170707,2543.6576
20170710,2550.1147
20170711,2570.5919
20170712,2565.1428
20170713,2600.9535
20170714,2622.9835
20170717,2631.4144
20170718,2624.3081
20170719,2657.8882
20170720,2665.4483
20170721,2639.2128
20170724,2654.3785
20170725,2643.0733
20170726,2636.2005
20170727,2636.6262
20170728,2636.3937
20170731,2638.1244
20170801,2681.8054
20170802,2680.6314
20170803,2646.2164
20170804,2627.8026
20170807,2634.1759
20170808,2635.1841
20170809,2620.3807
20170810,2611.3412
20170811,2570.2565
20170814,2591.4536
20170815,2605.2415
20170816,2595.0017
20170817,2604.0837
20170818,2613.2647
20170821,2616.8248
20170822,2643.5032
20170823,2659.7804
20170824,2646.4016
20170825,2706.2421
20170828,2736.4617
20170829,2739.129
20170830,2728.2308
20170831,2714.6313
20170901,2710.1186
20170904,2711.3475
20170905,2729.8476
20170906,2714.3309
20170907,2691.829
20170908,2686.6899
20170911,2674.7502
20170912,2692.5401
20170913,2687.6707
20170914,2672.8364
20170915,2668.3759
20170918,2674.1759
20170919,2670.6914
20170920,2662.6266
20170921,2675.5508
20170922,2679.0529
20170925,2680.6516
20170926,2678.9912
20170927,2661.5532
20170928,2661.2832
20170929,2672.3272
20171009,2692.0769
20171010,2695.5374
20171011,2707.5221
20171012,2718.3508
20171013,2713.3767
20171016,2726.6423
20171017,2723.5345
20171018,2753.0105
20171019,2756.0354
20171020,2737.6411
20171023,2734.3683
20171024,2753.6492
20171025,2752.1394
20171026,2771.0435
20171027,2814.272
20171030,2809.1069
20171031,2793.7119
20171101,2789.4022
20171102,2794.1017
20171103,2800.4688
20171106,2792.2237
20171107,2821.9558
20171108,2819.9571
20171109,2832.9612
20171110,2862.3432
20171113,2873.5145
20171114,2861.4234
20171115,2850.0504
20171116,2879.3977
20171117,2938.7983
20171120,2941.1532
20171121,2987.1731
20171122,3012.3552
20171123,2940.7256
20171124,2936.8339
20171127,2917.306
20171128,2897.107
20171129,2893.2825
20171130,2863.4469
20171201,2842.1841
20171204,2861.3609
20171205,2910.4755
20171206,2875.7315
20171207,2848.888
20171208,2865.3407
20171211,2899.1036
20171212,2850.1969
20171213,2872.94
20171214,2850.0458
20171215,2820.1666
20171218,2829.0585
20171219,2873.0302
20171220,2879.6434
20171221,2895.3659
20171222,2880.7725
20171225,2880.0968
20171226,2894.3358
20171227,2839.6346
20171228,2859.0537
20171229,2860.4363
20180102,2908.7318
20180103,2913.2596
20180104,2919.4787
20180105,2932.3558
20180108,2947.7613
20180109,2969.3175
20180110,2995.5641
20180111,2997.0448
20180112,3018.5957
20180115,3048.8075
20180116,3063.8609
20180117,3076.1819
20180118,3106.5516
20180119,3117.8212
20180122,3130.3299
20180123,3176.5042
20180124,3180.3318
20180125,3157.4592
20180126,3172.7776
20180129,3120.6951
20180130,3079.1178
20180131,3116.8331
20180201,3141.23
20180202,3149.6414
20180205,3181.3393
20180206,3117.4905
20180207,3029.6011
20180208,2945.8438
20180209,2810.0273
20180212,2805.211
20180213,2852.7169
20180214,2871.7873
20180222,2931.8815
20180223,2957.171
20180226,2973.7855
20180227,2927.0968
20180228,2878.6666
20180301,2891.2982
20180302,2864.1834
20180305,2863.9909
20180306,2892.4752
20180307,2878.1506
20180308,2898.2542
20180309,2908.1974
20180312,2909.5793
20180313,2883.3771
20180314,2871.334
20180315,2894.9828
20180316,2870.7318
20180319,2897.2558
20180320,2904.3972
20180321,2894.1835
20180322,2866.6702
20180323,2791.4674
20180326,2738.868
20180327,2747.5872
20180328,2694.8259
20180329,2738.7906
20180330,2722.153
20180402,2711.3735
20180403,2697.272
20180404,2702.3692
20180409,2715.7318
20180410,2780.8036
20180411,2785.3386
20180412,2749.6986
20180413,2726.3956
20180416,2664.7045
20180417,2635.7032
20180418,2653.7691
20180419,2682.5518
20180420,2647.3763
20180423,2664.9175
20180424,2722.8474
20180425,2702.9802
20180426,2666.0239
20180427,2653.5436
20180502,2652.7311
20180503,2663.9752
20180504,2646.3548
20180507,2683.8487
20180508,2722.88
20180509,2717.2393
20180510,2729.4001
20180511,2724.7162
20180514,2753.5353
20180515,2750.8309
20180516,2716.7818
20180517,2700.8768
20180518,2740.5347
20180521,2745.8041
20180522,2728.0004
20180523,2683.6934
20180524,2665.6758
20180525,2661.2911
20180528,2673.1985
20180529,2663.4034
20180530,2605.9005
20180531,2658.2917
20180601,2647.1867
20180604,2694.577
20180605,2707.0168
20180606,2692.1807
20180607,2695.2374
20180608,2652.0823
20180611,2660.4084
20180612,2687.7018
20180613,2671.6265
20180614,2671.2975
20180615,2667.9751
20180619,2599.7801
20180620,2598.328
20180621,2579.0517
20180622,2583.708
20180625,2536.4599
20180626,2506.7166
20180627,2452.6386
20180628,2425.1758
20180629,2479.9115
20180702,2386.3765
20180703,2388.9763
20180704,2368.4251
20180705,2374.3553
20180706,2402.617
20180709,2471.2851
20180710,2471.2299
20180711,2432.2785
20180712,2474.6247
20180713,2476.8642
20180716,2448.765
20180717,2430.4445
20180718,2420.7591
20180719,2426.1628
20180720,2493.765
20180723,2526.8127
20180724,2563.5835
20180725,2563.6871
20180726,2530.9913
20180727,2525.0915
20180730,2541.3081
20180731,2545.1243
20180801,2490.2454
20180802,2440.3127
20180803,2413.5032
20180806,2406.5365
20180807,2479.7796
20180808,2446.9978
20180809,2504.6172
20180810,2503.2058
20180813,2478.5086
20180814,2469.2002
20180815,2408.7219
20180816,2405.1638
20180817,2374.1729
20180820,2409.1289
20180821,2452.3833
20180822,2450.1537
20180823,2461.0673
20180824,2471.9989
20180827,2522.3395
20180828,2511.1452
20180829,2503.4801
20180830,2479.2095
20180831,2474.4765
20180903,2465.8797
20180904,2500.4376
20180905,2441.2299
20180906,2416.0328
20180907,2437.677
20180910,2413.4258
20180911,2398.7678
20180912,2381.3883
20180913,2415.3115
20180914,2425.4208
20180917,2399.8807
20180918,2458.7677
20180919,2487.0771
20180920,2487.4223
20180921,2573.6031
20180925,2547.7911
20180926,2582.7666
20180927,2575.4485
20180928,2606.6676
20181008,2486.8222
20181009,2491.6628
20181010,2494.0558
20181011,2390.5025
20181012,2444.1305
20181015,2412.4791
20181016,2415.492
20181017,2429.2145
20181018,2369.0679
20181019,2446.3196
20181022,2540.1521
20181023,2464.8117
20181024,2477.4883
20181025,2485.0987
20181026,2468.9096
20181029,2389.5766
20181030,2415.6485
20181031,2451.1207
20181101,2460.1619
20181102,2542.768
20181105,2511.5897
20181106,2499.6793
20181107,2482.3343
20181108,2485.9978
20181109,2434.212
20181112,2444.9673
20181113,2462.9726
20181114,2429.9857
20181115,2459.1411
20181116,2461.4445
20181119,2492.0842
20181120,2446.7911
20181121,2451.2723
20181122,2437.6387
20181123,2399.2026
20181126,2401.8978
20181127,2394.2943
20181128,2421.1336
20181129,2401.8524
20181130,2428.0445
20181203,2488.0567
20181204,2496.1425
20181205,2481.7917
20181206,2434.4908
20181207,2430.7223
20181210,2408.6063
20181211,2415.5777
20181212,2423.3178
20181213,2457.9046
20181214,2423.3814
20181217,2425.9446
20181218,2397.8676
20181219,2369.5483
20181220,2334.9217
20181221,2306.1451
20181224,2309.2327
20181225,2297.3326
20181226,2281.5579
20181227,2276.0571
20181228,2293.0985
20190102,2262.7908
20190103,2269.243
20190104,2314.6466
20190107,2314.3193
20190108,2305.1708
20190109,2332.7192
20190110,2331.8507
20190111,2354.4987
20190114,2331.1358
20190115,2378.3696
20190116,2381.2178
20190117,2371.3481
20190118,2417.363
20190121,2432.487
20190122,2401.233
20190123,2397.0493
20190124,2411.5621
20190125,2441.64
20190128,2437.0261
20190129,2455.8968
20190130,2440.0146
20190131,2483.4709
20190201,2499.6442
20190211,2527.4736
20190212,2533.1817
20190213,2580.6116
20190214,2576.3062
20190215,2517.4622
20190218,2582.8512
20190219,2579.0463
20190220,2588.166
20190221,2577.2255
20190222,2623.0736
20190225,2787.6987
20190226,2733.9005
20190227,2750.3391
20190228,2743.9716
20190301,2819.4681
20190304,2832.5878
20190305,2828.8685
20190306,2840.2717
20190307,2789.7001
20190308,2685.592
20190311,2708.5982
20190312,2719.7727
20190313,2723.9618
20190314,2729.1324
20190315,2755.8053
20190318,2825.1837
20190319,2806.8964
20190320,2812.9179
20190321,2802.9647
20190322,2795.3909
20190325,2718.1807
20190326,2706.1537
20190327,2741.5907
20190328,2733.9743
20190329,2838.5054
20190401,2892.619
20190402,2888.5304
20190403,2920.0013
20190404,2951.9848
20190408,2962.2749
20190409,2967.5136
20190410,2979.0985
20190411,2928.4268
20190412,2920.5151
20190415,2924.9257
20190416,3023.0253
20190417,3017.4162
20190418,3004.9245
20190419,3042.4321
20190422,2970.488
20190423,2978.8451
20190424,2974.8473
20190425,2927.995
20190426,2892.8568
20190429,2939.405
20190430,2945.2438
20190506,2805.0354
20190507,2806.2577
20190508,2758.2435
20190509,2698.7804
20190510,2793.7589
20190513,2741.1118
20190514,2724.7337
20190515,2783.5439
20190516,2791.4146
20190517,2735.2124
20190520,2715.4315
20190521,2739.7852
20190522,2725.7343
20190523,2685.9336
20190524,2702.0252
20190527,2722.3345
20190528,2748.7987
20190529,2755.8081
20190530,2742.9635
20190531,2728.9459
20190603,2743.0644
20190604,2721.3139
20190605,2719.5949
20190606,2706.7621
20190610,2743.3745
20190611,2812.8986
20190612,2796.7319
20190613,2794.5361
20190614,2785.6055
20190617,2793.7037
20190618,2806.454
20190619,2842.7358
20190620,2942.6287
20190621,2938.7729
20190624,2949.5176
20190625,2910.1212
20190626,2903.4868
20190627,2937.1283
20190628,2930.5982
20190701,3002.9395
20190702,2999.0759
20190703,2964.7309
20190704,2953.2719
20190705,2961.9222
20190708,2897.5121
20190709,2881.5517
20190710,2878.7812
20190711,2887.8313
20190712,2902.1295
20190715,2902.6099
20190716,2884.561
20190717,2875.0299
20190718,2859.1646
20190719,2895.6249
20190722,2881.9038
20190723,2881.0982
20190724,2906.5502
20190725,2931.1758
20190726,2939.3547
20190729,2930.4891
20190730,2944.025
20190731,2912.6612
20190801,2887.8665
20190802,2843.7704
20190805,2786.7196
20190806,2760.6799
20190807,2747.2491
20190808,2786.8715
20190809,2772.1492
20190812,2824.8041
20190813,2792.9137
20190814,2804.3553
20190815,2814.3881
20190816,2824.2258
20190819,2877.2312
20190820,2875.653
20190821,2869.2196
20190822,2878.0047
20190823,2917.3773
20190826,2863.4793
20190827,2887.2385
20190828,2867.0269
20190829,2855.4504
20190830,2872.401
20190902,2894.9575
20190903,2892.1821
20190904,2919.6782
20190905,2955.8399
20190906,2981.0728
20190909,2981.5862
20190910,2969.8048
20190911,2957.1439
20190912,2999.5617
20190916,2982.4481
20190917,2937.0077
20190918,2954.3577
20190919,2956.8294
20190920,2963.4349
20190923,2930.9132
20190924,2940.0806
20190925,2928.8351
20190926,2927.8766
20190927,2929.4659
20190930,2897.7027
20191008,2922.348
20191009,2922.9797
20191010,2940.8002
20191011,2983.1198
20191014,3013.5334
20191015,3015.4202
20191016,3004.7233
20191017,3011.7535
20191018,2963.1753
20191021,2968.9051
20191022,2973.2173
20191023,2954.3052
20191024,2959.0317
20191025,2967.0517
20191028,2981.3615
20191029,2968.2831
20191030,2952.1181
20191031,2954.734
20191101,3002.6488
20191104,3022.2749
20191105,3039.9772
20191106,3032.7916
20191107,3033.2991
20191108,3012.4594
20191111,2965.7075
20191112,2971.3606
20191113,2967.6702
20191114,2968.5686
20191115,2954.7013
20191118,2980.9457
20191119,3000.7451
20191120,2968.1238
20191121,2949.3369
20191122,2922.2669
20191125,2951.2474
20191126,2946.5669
20191127,2944.3218
20191128,2930.4816
20191129,2894.7154
20191202,2899.439
20191203,2909.6232
20191204,2901.0663
20191205,2921.9474
20191206,2939.8184
20191209,2933.0421
20191210,2936.9931
20191211,2949.6467
20191212,2938.0443
20191213,3006.3127
20191216,2999.2015
20191217,3033.1423
20191218,3025.7847
20191219,3017.7128
20191220,3012.6257
20191223,2984.2426
20191224,2996.765
20191225,2986.0036
20191226,3011.6361
20191227,3017.7787
20191230,3062.75
20191231,3063.219
20200102,3090.8331
20200103,3078.2793
20200106,3056.8359
20200107,3074.0152
20200108,3037.8525
20200109,3067.5456
20200110,3067.881
20200113,3090.1284
20200114,3080.6016
20200115,3058.0078
20200116,3043.0931
20200117,3053.1729
20200120,3065.9906
20200121,3012.1123
20200122,3017.8785
20200123,2932.4932
20200203,2727.0931
20200204,2794.6606
20200205,2812.8993
20200206,2854.8878
20200207,2851.7105
20200210,2850.0642
20200211,2879.8575
20200212,2895.5859
20200213,2875.4794
20200214,2895.0644
20200217,2950.0699
20200218,2924.3981
20200219,2923.7633
20200220,2978.1829
20200221,2968.1381
20200224,2930.0332
20200225,2909.324
20200226,2901.6734
20200227,2912.0364
20200228,2821.0419
20200302,2907.8863
20200303,2921.4435
20200304,2947.5666
20200305,3018.0701
20200306,2964.8348
20200309,2868.8297
20200310,2924.2165
20200311,2888.3612
20200312,2841.9824
20200313,2798.7695
20200316,2694.0229
20200317,2685.5907
20200318,2625.747
20200319,2569.7891
20200320,2628.4161
20200323,2559.6192
20200324,2639.3834
20200325,2700.1865
20200326,2689.2803
20200327,2701.4447
20200330,2690.042
20200331,2689.379
20200401,2682.0795
20200402,2719.8864
20200403,2708.8246
20200407,2757.4064
20200408,2743.8865
20200409,2752.588
20200410,2749.8466
20200413,2739.1666
20200414,2785.72
20200415,2764.4883
20200416,2768.2616
20200417,2809.0757
20200420,2819.7938
20200421,2784.5328
20200422,2804.2373
20200423,2797.6612
20200424,2776.0245
20200427,2805.2202
20200428,2825.1393
20200429,2844.8143
20200430,2861.9077
20200506,2863.8452
20200507,2854.423
20200508,2873.0125
20200511,2871.8476
20200512,2869.5973
20200513,2867.7123
20200514,2834.5328
20200515,2819.6911
20200518,2837.1721
20200519,2860.6682
20200520,2856.1398
20200521,2846.8239
20200522,2775.8096
20200525,2789.7095
20200526,2808.8419
20200527,2795.4807
20200528,2809.6648
20200529,2806.6643
20200601,2870.3558
20200602,2885.9208
20200603,2889.1086
20200604,2883.3633
20200605,2896.3495
20200608,2909.5867
20200609,2928.3043
20200610,2908.4753
20200611,2876.513
20200612,2884.1157
20200615,2838.6074
20200616,2878.9924
20200617,2881.1321
20200618,2888.9575
20200619,2925.9356
20200622,2921.8915
20200623,2925.416
20200624,2943.4733
20200629,2925.4834
20200630,2942.0741
20200701,3009.8611
20200702,3084.2381
20200703,3159.1583
20200706,3374.1362
20200707,3381.7608
20200708,3429.9449
20200709,3442.0205
20200710,3351.78
20200713,3390.115
20200714,3348.0312
20200715,3313.7646
20200716,3162.0251
20200717,3185.8909
20200720,3287.915
20200721,3286.8146
20200722,3291.3605
20200723,3284.1103
20200724,3158.2854
20200727,3163.2306
20200728,3185.8904
20200729,3243.3849
20200730,3231.5193
20200731,3249.3375
20200803,3281.1012
20200804,3312.1336
20200805,3292.3094
20200806,3292.2003
20200807,3263.7455
20200810,3285.7602
20200811,3262.8244
20200812,3249.7381
20200813,3241.8446
20200814,3288.5141
20200817,3368.8488
20200818,3367.3313
20200819,3307.6593
20200820,3264.5329
20200821,3284.7267
20200824,3298.7205
20200825,3310.8389
20200826,3277.8901
20200827,3290.7855
20200828,3368.4384
20200831,3343.8881
20200901,3355.096
20200902,3347.3042
20200903,3334.4119
20200904,3309.2096
20200907,3253.4259
20200908,3289.9142
20200909,3235.7032
20200910,3245.5017
20200911,3265.4966
20200914,3294.1507
20200915,3317.6402
20200916,3295.5836
20200917,3264.6864
20200918,3347.7784
20200921,3311.5936
20200922,3270.519
20200923,3275.7387
20200924,3218.716
20200925,3229.7769
20200928,3250.5018
20200929,3241.323
20200930,3232.4183
20201009,3286.8572
20201012,3387.8848
20201013,3386.893
20201014,3369.4978
20201015,3371.4014
20201016,3380.1689
20201019,3354.3075
20201020,3363.503
20201021,3377.4246
20201022,3369.53
20201023,3346.608
20201026,3304.7036
20201027,3294.0881
20201028,3313.2314
20201029,3324.4397
20201030,3280.3835
20201102,3265.8963
20201103,3307.4846
20201104,3332.1901
20201105,3369.5029
20201106,3359.1193
20201109,3418.2753
20201110,3416.1408
20201111,3411.2295
20201112,3397.3544
20201113,3338.3101
20201116,3377.11
20201117,3379.2742
20201118,3387.0447
20201119,3410.0937
20201120,3411.9323
20201123,3469.8046
20201124,3442.7229
20201125,3420.2916
20201126,3445.7388
20201127,3498.6589
20201130,3469.4178
20201201,3554.0139
20201202,3545.3401
20201203,3536.8144
20201204,3541.5209
20201207,3509.9419
20201208,3499.0572
20201209,3468.5269
20201210,3459.0346
20201211,3427.8565
20201214,3467.7669
20201215,3468.8286
20201216,3485.4049
20201217,3539.5401
20201218,3507.9743
20201221,3522.262
20201222,3470.9024
20201223,3494.5868
20201224,3489.2742
20201225,3512.4862
20201228,3523.8369
20201229,3517.35
20201230,3574.1307
20201231,3640.6389
20210104,3643.3592
20210105,3683.3634
20210106,3736.648
20210107,3808.0695
20210108,3788.3191
20210111,3776.5293
20210112,3906.1225
20210113,3873.2285
20210114,3811.2242
20210115,3817.9345
20210118,3849.3982
20210119,3808.694
20210120,3814.6537
20210121,3850.0559
20210122,3846.3945
20210125,3898.1473
20210126,3813.2902
20210127,3818.2682
20210128,3735.0337
20210129,3713.2471
20210201,3746.3717
20210202,3771.47
20210203,3775.7224
20210204,3801.6178
20210205,3840.7663
20210208,3890.4654
20210209,3952.8276
20210210,4028.5289
20210218,4014.3241
20210219,4014.4564
20210222,3881.8681
20210223,3897.7164
20210224,3805.4719
20210225,3851.029
20210226,3756.8597
20210301,3787.8695
20210302,3718.7739
20210303,3817.4128
20210304,3708.6606
20210305,3688.6818
20210308,3573.431
20210309,3509.6137
20210310,3532.0523
20210311,3625.3052
20210312,3632.5784
20210315,3566.8773
20210316,3599.1646
20210317,3590.8339
20210318,3605.6047
20210319,3512.0203
20210322,3538.4271
20210323,3516.3626
20210324,3466.0422
20210325,3463.8727
20210326,3529.7282
20210329,3537.711
20210330,3577.2434
20210331,3539.3696
20210401,3582.6499
20210402,3616.7636
20210406,3594.7093
20210407,3558.4688
20210408,3573.037
20210409,3514.1106
20210412,3477.0654
20210413,3461.4592
20210414,3469.1727
20210415,3431.4931
20210416,3448.1042
20210419,3513.3953
20210420,3510.1239
20210421,3516.0976
20210422,3487.4271
20210423,3524.0216
20210426,3467.6605
20210427,3476.3018
20210428,3473.0389
20210429,3517.2104
20210430,3491.1877
20210506,3449.9385
20210507,3406.3103
20210510,3399.9849
20210511,3437.7135
20210512,3447.8617
20210513,3413.8886
20210514,3503.037
20210517,3539.9125
20210518,3537.6963
20210519,3511.4674
20210520,3522.4512
20210521,3481.8619
20210524,3497.7469
20210525,3641.2918
20210526,3657.1898
20210527,3664.9417
20210528,3659.2957
20210531,3650.2245
20210601,3650.9034
20210602,3622.3976
20210603,3591.1561
20210604,3612.7014
20210607,3601.1091
20210608,3580.2836
20210609,3587.5321
20210610,3607.6792
20210611,3576.7773
20210615,3528.6683
20210616,3486.2876
20210617,3481.6004
20210618,3454.5885
20210621,3431.2522
20210622,3464.7057
20210623,3471.3411
20210624,3483.9093
20210625,3535.0185
20210628,3520.7434
20210629,3482.7333
20210630,3498.6485
20210701,3535.249
20210702,3408.2369
20210705,3404.7907
20210706,3405.2788
20210707,3424.3897
20210708,3373.2555
20210709,3361.5946
20210712,3384.5074
20210713,3391.742
20210714,3339.381
20210715,3411.2888
20210716,3369.8994
20210719,3385.3664
20210720,3378.6292
20210721,3388.5201
20210722,3392.7165
20210723,3357.447
20210726,3228.3698
20210727,3126.3757
20210728,3154.6353
20210729,3182.796
20210730,3132.8205
20210802,3211.1441
20210803,3223.8257
20210804,3233.103
20210805,3227.3592
20210806,3195.696
20210809,3235.2064
20210810,3288.6513
20210811,3262.5751
20210812,3226.1135
20210813,3217.8366
20210816,3222.6222
20210817,3149.8783
20210818,3190.5518
20210819,3144.3746
20210820,3072.7545
20210823,3099.8867
20210824,3147.7685
20210825,3159.8034
20210826,3088.8314
20210827,3123.049
20210830,3112.7022
20210831,3097.0584
20210901,3165.0371
20210902,3167.0972
20210903,3175.8791
20210906,3211.198
20210907,3248.0524
20210908,3213.2567
20210909,3204.2782
20210910,3252.3246
20210913,3242.0364
20210914,3188.2607
20210915,3146.6337
20210916,3128.5886
20210917,3161.9221
20210922,3122.3371
20210923,3127.8207
20210924,3145.112
20210927,3199.9747
20210928,3211.1538
20210929,3199.2259
20210930,3196.9905
20211008,3256.2613
20211011,3276.4071
20211012,3259.3796
20211013,3292.7624
20211014,3270.692
20211015,3294.8333
20211018,3229.6313
20211019,3256.668
20211020,3254.9981
20211021,3278.5419
20211022,3318.1275
20211025,3312.3031
20211026,3290.0363
20211027,3247.0966
20211028,3239.6104
20211029,3267.2491
20211101,3250.915
20211102,3212.0258
20211103,3181.4505
20211104,3207.2639
20211105,3201.5462
20211108,3196.2701
20211109,3186.9577
20211110,3170.4046
20211111,3233.3702
20211112,3220.5481
20211115,3221.6866
20211116,3222.1731
20211117,3208.7759
20211118,3173.3758
20211119,3212.9077
20211122,3212.1514
20211123,3224.1546
20211124,3231.8354
20211125,3218.0514
20211126,3187.3579
20211129,3187.0485
20211130,3165.3496
20211201,3180.418
20211202,3190.8718
20211203,3221.4223
20211206,3228.1422
20211207,3254.4994
20211208,3304.708
20211209,3360.1836
20211210,3353.6302
20211213,3366.0678
20211214,3350.4973
20211215,3318.9801
20211216,3330.8561
20211217,3278.8985
20211220,3255.3515
20211221,3273.0313
20211222,3260.5711
20211223,3287.1877
20211224,3290.2357
20211227,3278.4365
20211228,3303.4002
20211229,3240.8452
20211230,3261.7937
20211231,3274.3209
20220104,3264.0657
20220105,3254.2793
20220106,3210.3853
20220107,3223.267
20220110,3236.1163
20220111,3214.5287
20220112,3236.3081
20220113,3184.1069
20220114,3139.0453
20220117,3147.6987
20220118,3187.5244
20220119,3187.1921
20220120,3233.7011
20220121,3218.7352
20220124,3209.7445
20220125,3144.949
20220126,3163.6743
20220127,3119.2386
20220128,3054.0209
20220207,3114.2603
20220208,3116.5048
20220209,3139.5636
20220210,3145.1126
20220211,3142.9117
20220214,3103.997
20220215,3119.9276
20220216,3136.0821
20220217,3139.1771
20220218,3162.8215
20220221,3144.8649
20220222,3102.3249
20220223,3118.0376
20220224,3059.6409
20220225,3075.5872
20220228,3080.7774
20220301,3125.6905
20220302,3107.2405
20220303,3097.0887
20220304,3062.3824
20220307,2974.6762
20220308,2933.1637
20220309,2907.1781
20220310,2933.4611
20220311,2935.684
20220314,2851.8769
20220315,2702.8532
20220316,2827.7497
20220317,2877.2192
20220318,2913.1854
20220321,2892.1069
20220322,2900.7676
20220323,2916.5081
20220324,2903.617
20220325,2856.4277
20220328,2853.1819
20220329,2842.1531
20220330,2915.4906
20220331,2898.8261
20220401,2943.2437
20220406,2931.1983
20220407,2902.4818
20220408,2925.4913
20220411,2846.38
20220412,2894.2583
20220413,2882.2788
20220414,2928.5962
20220415,2930.5784
20220418,2887.7208
20220419,2861.567
20220420,2835.3517
20220421,2797.5293
20220422,2814.1273
20220425,2683.4127
20220426,2681.0281
20220427,2734.5403
20220428,2769.7122
20220429,2805.3359
20220505,2800.9291
20220506,2719.7611
20220509,2695.1325
20220510,2718.3706
20220511,2741.2324
20220512,2721.7699
20220513,2748.2369
20220516,2720.4055
20220517,2756.74
20220518,2745.5279
20220519,2744.545
20220520,2807.942
20220523,2782.5478
20220524,2734.1923
20220525,2743.4166
20220526,2744.8984
20220527,2763.0717
20220530,2778.4507
20220531,2813.2188
20220601,2798.0681
20220602,2790.3164
20220606,2825.6505
20220607,2846.8098
20220608,2879.3113
20220609,2868.4236
20220610,2899.5785
20220613,2844.7236
20220614,2882.7031
20220615,2923.9889
20220616,2891.3354
20220617,2936.1999
20220620,2924.9151
20220621,2926.475
20220622,2892.2861
20220623,2935.8829
20220624,2974.7537
20220627,3013.948
20220628,3039.4133
20220629,3009.2359
20220630,3058.3976
20220701,3045.2687
20220704,3050.1516
20220705,3052.1113
20220706,2996.7279
20220707,2989.2081
20220708,2993.3063
20220711,2942.2959
20220712,2922.0045
20220713,2914.2949
20220714,2895.299
20220715,2839.3936
20220718,2878.6393
20220719,2865.6029
20220720,2874.0775
20220721,2836.6615
20220722,2848.436
20220725,2837.2596
20220726,2854.6387
20220727,2829.9217
20220728,2827.1067
20220729,2792.3287
20220801,2781.6822
20220802,2730.7553
20220803,2710.7238
20220804,2741.0872
20220805,2774.3351
20220808,2761.1571
20220809,2764.068
20220810,2730.9608
20220811,2787.0631
20220812,2796.8887
20220815,2782.666
20220816,2769.2609
20220817,2785.8529
20220818,2759.2944
20220819,2750.6305
20220822,2756.3688
20220823,2735.666
20220824,2708.0902
20220825,2752.556
20220826,2751.5894
20220829,2732.2055
20220830,2726.6602
20220831,2761.7831
20220901,2732.399
20220902,2711.2642
20220905,2697.7665
20220906,2724.498
20220907,2710.6862
20220908,2708.2782
20220909,2757.5659
20220913,2769.2348
20220914,2745.4284
20220915,2743.7886
20220916,2678.0331
20220919,2679.5857
20220920,2673.8804
20220921,2652.2142
20220922,2629.3701
20220923,2629.8089
20220926,2614.8998
20220927,2642.9212
20220928,2611.9815
20220929,2608.9774
20220930,2610.1165
20221010,2545.0494
20221011,2539.9455
20221012,2555.024
20221013,2523.6321
20221014,2584.6847
20221017,2585.4973
20221018,2569.9675
20221019,2519.9033
20221020,2501.4956
20221021,2487.221
20221024,2392.5978
20221025,2394.92
20221026,2400.5156
20221027,2381.2628
20221028,2326.9417
20221031,2295.9239
20221101,2396.6294
20221102,2418.3222
20221103,2387.4523
20221104,2468.2764
20221107,2477.7666
20221108,2459.0913
20221109,2440.352
20221110,2440.3171
20221111,2518.0491
20221114,2538.2967
20221115,2583.7231
20221116,2572.8872
20221117,2560.0167
20221118,2546.7154
20221121,2514.8539
20221122,2531.3437
20221123,2535.5226
20221124,2520.5634
20221125,2544.6147
20221128,2503.6228
20221129,2607.7499
20221130,2606.5427
20221201,2631.2051
20221202,2614.6137
20221205,2676.1429
20221206,2684.8458
20221207,2670.647
20221208,2672.8957
20221209,2706.7388
20221212,2673.9391
20221213,2676.8995
20221214,2686.3682
20221215,2675.1875
20221216,2688.2899
20221219,2646.1789
20221220,2599.4882
20221221,2607.4236
20221222,2619.7569
20221223,2615.8794
20221226,2607.5229
20221227,2632.4526
20221228,2638.3055
20221229,2622.0716
20221230,2635.2484
20230103,2641.4218
20230104,2651.005
20230105,2700.3082
20230106,2713.6307
20230109,2742.2014
20230110,2733.6188
20230111,2740.1927
20230112,2741.9454
20230113,2787.3561
20230116,2834.2913
20230117,2827.0272
20230118,2810.086
20230119,2820.8067
20230120,2836.807
20230130,2839.1216
20230131,2807.9519
20230201,2820.8742
20230202,2811.8468
20230203,2774.8009
20230206,2735.0045
20230207,2740.4446
20230208,2731.2516
20230209,2761.872
20230210,2746.7231
20230213,2767.7933
20230214,2776.9822
20230215,2752.3385
20230216,2742.8042
20230217,2714.2891
20230220,2788.3958
20230221,2802.1357
20230222,2769.344
20230223,2767.5352
20230224,2727.5902
20230227,2723.5835
20230228,2737.1547
20230301,2773.6494
20230302,2769.1077
20230303,2774.5079
20230306,2744.1406
20230307,2713.1681
20230308,2691.9327
20230309,2671.8434
20230310,2636.3891
20230313,2664.0378
20230314,2645.1143
20230315,2648.3852
20230316,2622.8232
20230317,2628.5911
20230320,2616.7505
20230321,2643.3583
20230322,2651.5343
20230323,2668.6691
20230324,2653.285
20230327,2639.6226
20230328,2638.7377
20230329,2636.2229
20230330,2664.2119
20230331,2661.9197
20230403,2665.7232
20230404,2675.9173
20230406,2666.4478
20230407,2684.8618
20230410,2684.9086
20230411,2680.0435
20230412,2665.7695
20230413,2670.0139
20230414,2679.0072
20230417,2732.974
20230418,2744.4539
20230419,2720.718
20230420,2704.8577
20230421,2654.211
20230424,2618.4783
20230425,2619.2326
20230426,2617.9775
20230427,2650.5699
20230428,2677.7565
20230504,2692.691
20230505,2685.1732
20230508,2720.323
20230509,2703.937
20230510,2673.9063
20230511,2666.0615
20230512,2630.9479
20230515,2677.0372
20230516,2670.4505
20230517,2649.3562
20230518,2644.2176
20230519,2633.3861
20230522,2658.7887
20230523,2617.5398
20230524,2577.3423
20230525,2564.5045
20230526,2559.6142
20230529,2548.2861
20230530,2535.1442
20230531,2493.3496
20230601,2500.3396
20230602,2543.5764
20230605,2528.399
20230606,2519.1892
20230607,2511.3925
20230608,2540.0645
20230609,2543.9316
20230612,2542.1962
20230613,2544.9504
20230614,2541.8134
20230615,2576.7424
20230616,2600.9191
20230619,2560.5289
20230620,2547.2541
20230621,2519.0787
20230626,2488.7383
20230627,2506.5991
20230628,2510.7153
20230629,2490.8971
20230630,2492.102
20230703,2534.4735
20230704,2537.5956
20230705,2520.1751
20230706,2501.3167
20230707,2489.5351
20230710,2503.2767
20230711,2518.5282
20230712,2513.417
20230713,2546.3809
20230714,2547.9393
20230717,2520.7864
20230718,2511.6351
20230719,2517.106
20230720,2506.863
20230721,2509.2927
20230724,2499.9998
20230725,2578.3511
20230726,2576.3902
20230727,2575.3646
20230728,2647.0315
20230731,2653.369
20230801,2645.8929
20230802,2620.6844
20230803,2645.1526
20230804,2648.8447
20230807,2634.5809
20230808,2631.3774
20230809,2628.7041
20230810,2629.4432
20230811,2568.8984
20230814,2549.2843
20230815,2546.442
20230816,2530.8097
20230817,2536.4891
20230818,2507.5798
20230821,2475.0897
20230822,2493.7638
20230823,2461.1872
20230824,2480.7518
20230825,2485.3343
20230828,2518.1857
20230829,2529.2228
20230830,2522.5419
20230831,2510.4577
20230901,2532.2541
20230904,2577.4651
20230905,2561.7902
20230906,2559.3574
20230907,2534.1555
20230908,2519.9694
20230911,2536.1714
20230912,2531.8257
20230913,2524.5413
20230914,2530.9791
20230915,2514.9794
20230918,2531.8974
20230919,2532.2789
20230920,2521.562
20230921,2495.7393
20230922,2550.9827
20230925,2529.1496
20230926,2513.4072
20230927,2520.1395
20230928,2507.0857
20231009,2499.5666
20231010,2482.5345
20231011,2490.855
20231012,2514.3904
20231013,2489.1251
20231016,2468.4363
20231017,2478.9047
20231018,2467.1915
20231019,2401.9299
20231020,2389.2196
20231023,2369.9347
20231024,2378.4389
20231025,2386.3026
20231026,2393.7344
20231027,2414.9125
20231030,2414.1562
20231031,2411.4794
20231101,2420.7346
20231102,2417.459
20231103,2436.9411
20231106,2456.7745
20231107,2443.9657
20231108,2436.6983
20231109,2436.2349
20231110,2414.0167
20231113,2407.5885
20231114,2406.3969
20231115,2427.1241
20231116,2404.3187
20231117,2398.2037
20231120,2404.7673
20231121,2416.241
20231122,2396.904
20231123,2405.1654
20231124,2391.0208
20231127,2370.7186
20231128,2371.212
20231129,2358.1163
20231130,2365.9963
20231201,2352.0003
20231204,2333.8788
20231205,2286.5809
20231206,2284.0636
20231207,2274.8281
20231208,2281.6486
20231211,2292.6788
20231212,2305.138
20231213,2261.0183
20231214,2249.9385
20231215,2245.2883
20231218,2251.2303
20231219,2257.2098
20231220,2237.5812
20231221,2261.3818
20231222,2270.5018
20231225,2272.9578
20231226,2262.2095
20231227,2266.5441
20231228,2317.7033
20231229,2326.1732
20240102,2292.2286
20240103,2294.8357
20240104,2279.0361
20240105,2268.5377
20240108,2243.8422
20240109,2245.6219
20240110,2235.2089
20240111,2240.1061
20240112,2237.2073
20240115,2238.5029
20240116,2248.975
20240117,2199.2587
20240118,2238.4588
20240119,2243.5396
20240122,2230.6094
20240123,2226.3713
20240124,2260.5575
20240125,2312.8544
20240126,2314.3741
20240129,2304.4364
20240130,2270.9789
20240131,2254.2994
20240201,2248.268
20240202,2229.0142
20240205,2255.2809
20240206,2318.8418
20240207,2344.1508
20240208,2352.5775
20240219,2371.5483
20240220,2369.0834
20240221,2410.2278
20240222,2433.0819
20240223,2433.4073
20240226,2393.5488
20240227,2405.0609
20240228,2385.6099
20240229,2413.1361
20240301,2414.8439
20240304,2418.584
20240305,2446.4173
20240306,2434.1156
20240307,2426.9732
20240308,2426.1679
20240311,2443.1064
20240312,2450.4693
20240313,2427.5969
20240314,2423.8556
20240315,2427.1969
20240318,2438.1911
20240319,2416.8349
20240320,2426.4586
20240321,2427.101
20240322,2403.2023
20240325,2401.2113
20240326,2413.7415
20240327,2398.9372
20240328,2401.9872
20240329,2414.9202
20240401,2441.5668
20240402,2435.7569
20240403,2430.169
20240408,2414.091
20240409,2404.6089
20240410,2396.7427
20240411,2394.8667
20240412,2374.0471
20240415,2424.0168
20240416,2412.3219
20240417,2439.8558
20240418,2445.2049
20240419,2430.5819
20240422,2424.7473
20240423,2413.7392
20240424,2424.119
20240425,2431.6221
20240426,2461.8556
20240429,2474.3397
20240430,2464.2435
20240506,2495.7617
20240507,2499.7709
20240508,2486.0186
20240509,2501.7305
20240510,2508.5753
20240513,2506.4593
20240514,2496.7361
20240515,2477.3895
20240516,2489.4139
20240517,2524.1705
20240520,2532.824
20240521,2525.2326
20240522,2529.0398
20240523,2500.821
20240524,2474.4254
20240527,2497.6006
20240528,2490.1614
20240529,2493.1691
20240530,2473.758
20240531,2462.1831
20240603,2469.0165
20240604,2483.3189
20240605,2468.1918
20240606,2467.8865
20240607,2457.2569
20240611,2423.6184
20240612,2423.607
20240613,2412.0736
20240614,2426.509
20240617,2416.3414
20240618,2415.4281
20240619,2413.9722
20240620,2408.3379
20240621,2398.9571
20240624,2404.0848
20240625,2394.2154
20240626,2398.2556
20240627,2388.5609
20240628,2394.8746
20240701,2405.4665
20240702,2416.6793
20240703,2414.8657
20240704,2407.9029
20240705,2386.004
20240708,2371.6891
20240709,2389.3843
20240710,2381.831
20240711,2396.407
20240712,2412.6181
20240715,2420.5214
20240716,2424.755
20240717,2432.8325
20240718,2444.5086
20240719,2456.79
20240722,2432.5496
20240723,2396.6727
20240724,2390.954
20240725,2369.7153
20240726,2355.3163
20240729,2348.4784
20240730,2335.3123
20240731,2375.3942
20240801,2360.422
20240802,2343.7153
20240805,2328.9222
20240806,2313.3361
20240807,2314.4261
20240808,2320.4245
20240809,2317.9915
20240812,2316.9106
20240813,2317.6526
20240814,2306.1154
20240815,2335.9381
20240816,2345.0481
20240819,2357.0309
20240820,2346.6379
20240821,2339.072
20240822,2341.1509
20240823,2355.3787
20240826,2352.2729
20240827,2350.4141
20240828,2336.1475
20240829,2317.6636
20240830,2335.2146
20240902,2299.9325
20240903,2291.1775
20240904,2271.8069
20240905,2275.1177
20240906,2263.5629
20240909,2232.9593
20240910,2235.6866
20240911,2220.798
20240912,2209.5603
20240913,2205.8115
20240918,2218.6562
20240919,2229.8053
20240920,2233.2565
20240923,2243.0249
20240924,2352.1449
20240925,2386.3227
20240926,2498.1797
20240927,2571.0848
20240930,2755.4044
20241008,2853.1376
20241009,2680.7145
20241010,2739.0507
20241011,2680.388
20241014,2723.183
20241015,2655.1159
20241016,2650.1756
20241017,2610.467
20241018,2681.9116
20241021,2681.0567
20241022,2692.6613
20241023,2708.0459
20241024,2680.7044
20241025,2683.3246
20241028,2686.2894
20241029,2667.9385
20241030,2634.7375
20241031,2633.117
20241101,2651.5349
20241104,2675.7707
20241105,2727.6665
20241106,2706.6145
20241107,2797.8602
20241108,2765.5385
20241111,2753.7448
20241112,2712.2651
20241113,2728.2286
20241114,2704.1521
20241115,2671.4515
20241118,2678.2735
20241119,2671.1887
20241120,2676.2068
20241121,2680.798
20241122,2601.5573
20241125,2582.0536
20241126,2592.7374
20241127,2625.7605
20241128,2610.1214
20241129,2624.9558
20241202,2639.0408
20241203,2652.8982
20241204,2648.7554
20241205,2635.5615
20241206,2665.4281
20241209,2667.5924
20241210,2689.3292
20241211,2676.5518
20241212,2702.2681
20241213,2638.0266
20241216,2641.5604
20241217,2652.3455
20241218,2671.3461
20241219,2661.7224
20241220,2648.4609
20241223,2671.2025
20241224,2702.282
20241225,2710.1649
20241226,2702.5952
20241227,2701.7031
20241230,2718.7486
20241231,2684.7706
20250102,2610.342
20250103,2587.1316
20250106,2579.9632
20250107,2593.9654
20250108,2597.4459
20250109,2579.5751
20250110,2560.2497
20250113,2553.3593
20250114,2598.8068
20250115,2591.5027
20250116,2580.1177
20250117,2582.4859
20250120,2589.0685
20250121,2584.8889
20250122,2551.3535
20250123,2567.4765
20250124,2579.096
20250127,2583.6516
20250205,2561.9419
20250206,2580.4257
20250207,2608.0888
20250210,2621.0404
20250211,2614.3218
20250212,2640.0458
20250213,2641.1305
20250214,2660.8549
20250217,2664.475
20250218,2651.1117
20250219,2663.6032
20250220,2648.1665
20250221,2682.2385
20250224,2674.1169
20250225,2643.2325
20250226,2666.6563
20250227,2679.0768
20250228,2638.9574
20250303,2628.5236
20250304,2621.2168
20250305,2641.4462
20250306,2683.9491
20250307,2682.0161
20250310,2668.8062
20250311,2682.223
20250312,2669.0146
20250313,2664.6173
20250314,2740.5066
20250317,2737.9227
20250318,2739.7453
20250319,2746.9627
20250320,2718.1862
20250321,2675.3578
20250324,2693.3313
20250325,2691.8976
20250326,2677.3121
20250327,2690.8428
20250328,2679.7399
20250331,2665.6339
20250401,2662.7113
20250402,2658.6209
20250403,2662.2522
20250407,2516.9653
20250408,2574.3529
20250409,2597.1016
20250410,2612.619
20250411,2619.5762
20250414,2628.206
20250415,2634.5926
20250416,2658.4955
20250417,2659.8958
20250418,2657.6367
20250421,2652.8103
20250422,2656.5387
20250423,2648.8297
20250424,2655.3644
20250425,2648.8101
20250428,2651.2252
20250429,2645.5122
20250430,2633.1603
20250506,2647.7166
20250507,2670.7023
20250508,2679.509
20250509,2684.0056
20250512,2702.6172
20250513,2708.0588
20250514,2753.785
20250515,2740.2976
20250516,2716.6618
20250519,2705.0884
20250520,2716.6294
20250521,2728.4262
20250522,2733.6323
20250523,2711.8524
20250526,2699.4225
20250527,2685.2812
20250528,2683.0628
20250529,2690.8926
20250530,2678.6955
20250603,2687.296
20250604,2690.8243
20250605,2692.1287
20250606,2688.8504
20250609,2686.8276
20250610,2676.4013
20250611,2692.1365
20250612,2691.2752
20250613,2676.4328
20250616,2685.0092
20250617,2683.9528
20250618,2679.9218
20250619,2665.5197
20250620,2673.7191
20250623,2684.7761
20250624,2715.9216
20250625,2747.7278
20250626,2738.4657
20250627,2707.5688
20250630,2711.9853
20250701,2717.7128
20250702,2722.5522
20250703,2724.5488
20250704,2740.444
20250707,2731.5324
20250708,2747.1875
20250709,2739.9202
20250710,2756.9349
20250711,2756.7725
20250714,2757.808
20250715,2747.2269
20250716,2740.9006
20250717,2744.2604
20250718,2764.516
20250721,2772.2385
20250722,2792.1823
20250723,2801.2002
20250724,2812.4428
20250725,2795.5127
20250728,2802.7674
20250729,2808.5917
20250730,2819.3508
20250731,2775.9935
20250801,2754.1302
20250804,2769.3934
20250805,2790.7287
20250806,2797.4234
20250807,2798.3111
20250808,2789.1744
20250811,2789.8959
20250812,2807.0124
20250813,2812.9804
20250814,2829.4703
20250815,2832.8759
20250818,2838.8726
20250819,2812.4225
20250820,2846.9907
20250821,2862.1764
20250822,2928.6135
20250825,2989.8549
20250826,2969.7762
20250827,2918.3789
20250828,2960.7266
20250829,2976.4732
20250901,2981.2024
20250902,2992.881
20250903,2960.9933
20250904,2910.47
20250905,2942.2162
20250908,2939.8823
20250909,2928.6323
20250910,2939.5911
20250911,2983.0829
20250912,2968.5397
20250915,2962.6154
20250916,2947.8222
20250917,2952.7778
20250918,2912.8256
20250919,2909.7442
20250922,2922.1795
20250923,2919.5148
20250924,2939.5078
20250925,2952.7352
20250926,2941.0184
20250929,2973.0417
20250930,2988.9386
20251009,3020.5964
20251010,2974.8535
20251013,2967.206
20251014,2961.101
20251015,3001.3489
20251016,3019.1966
20251017,2967.7748
20251020,2974.8648
20251021,3007.2634
20251022,3010.0951
20251023,3026.9044
20251024,3045.8161
20251027,3069.5293
20251028,3050.4162
20251029,3063.021
20251030,3046.6108
20251031,3011.5547
20251103,3016.3507
20251104,3012.9691
20251105,3007.97
20251106,3044.7416
20251107,3038.3455
20251110,3053.857
20251111,3034.6329
20251112,3044.3011
20251113,3073.6656
20251114,3038.4255
20251117,3012.0714
20251118,3003.0175
20251119,3020.3487
20251120,3008.2904
20251121,2955.8541
20251124,2950.562
20251125,2968.2023
20251126,2971.7985
20251127,2972.2651
20251128,2969.6171
20251201,2993.6761
20251202,2978.4671
20251203,2963.0763
20251204,2974.3371
20251205,3002.0087
20251208,3019.362
20251209,2997.9603
20251210,2988.6375
20251211,2977.0319
20251212,2994.6446
20251215,2987.0684
20251216,2954.7872
20251217,2991.6777
20251218,2998.517
20251219,3004.3401
20251222,3020.2285
20251223,3027.5195
20251224,3025.1839
20251225,3032.8414
20251226,3045.4036
20251229,3034.6347
20251230,3036.5523
20251231,3031.1258
20260105,3099.7462
20260106,3158.7632
20260107,3145.1197
20260108,3122.0627
20260109,3134.3245
20260112,3143.7371
20260113,3132.9328
20260114,3112.0745
20260115,3105.5751
20260116,3079.7631
20260119,3075.9357
20260120,3070.646
20260121,3067.1753
20260122,3053.1277
20260123,3032.193
20260126,3049.5871
20260127,3052.3932
20260128,3060.557
20260129,3110.9135
20260130,3066.4963
20260202,3003.1373
20260203,3034.5803
20260204,3069.2432
20260205,3059.012
20260206,3037.8602
20260209,3081.7791
20260210,3087.405
20260211,3088.4571
20260212,3079.7273
20260213,3034.3459
20260224,3041.3242
20260225,3054.9247
20260226,3035.0707
20260227,3039.431
20260302,3046.4667
20260303,3014.2702
20260304,2974.2097
20260305,2988.4505
20260306,2992.7021
20260309,2962.9888
20260310,2981.8351
20260311,2985.3449
20260312,2971.5612
20260313,2956.8468
20260316,2954.0885
20260317,2963.5779
20260318,2961.4264
20260319,2916.2348
20260320,2883.8644
20260323,2792.3288
20260324,2830.854
20260325,2859.5345
20260326,2824.6744
20260327,2837.3064
20260330,2833.2054
20260331,2826.1249
20260401,2878.7943
20260402,2853.4529
20260403,2830.5967
20260407,2830.5227
20260408,2907.0658
20260409,2884.76
20260410,2899.5795
20260413,2899.4701
20260414,2924.1834
20260415,2934.2159
20260416,2939.7645
20260417,2910.8732
20260420,2933.6534
20260421,2932.0721
20260422,2930.5752
20260423,2927.9307
20260424,2945.0425
20260427,2939.0529
20260428,2950.4212
20260429,2967.5034
20260430,2985.5048
20260506,3026.4434
20260507,3029.1939
20260508,3003.5839
20260511,3041.6333
20260512,3043.5559
20260513,3047.2456
20260514,2996.573
20260515,2957.6024
20260518,2934.9592
20260519,2954.0622
20260520,2953.7472
20260521,2920.9288
20260522,2923.5248
20260525,2968.697
20260526,2973.3853
20260527,2934.7122
20260528,2914.1896
20260529,2921.0812
20260601,2893.7191
20260602,2920.2693
20260603,2920.9172
20260604,2891.3488
20260605,2865.8661
20260608,2825.0133
20260609,2842.6936
20260610,2850.3691
20260611,2845.9191
20260612,2890.7976
20260615,2938.6493
20260616,2913.9861
20260617,2934.466
20260618,2928.7477
20260622,3012.6526
20260623,2926.8284
20260624,2943.8958
20260625,2977.5696
20260626,2906.9438
20260629,2991.0809
20260630,2989.402
20260701,2985.2398
20260702,2912.2757
20260703,2931.2835
20260706,2957.9686
20260707,2921.887
20260708,2920.8419
20260709,2995.7886
20260710,2955.5201
20260713,2913.1878
20260714,2955.5528
20260715,2967.0699
20260716,2904.1185
20260717,2827.6713
20260720,2912.8533
20260721,2973.8131
20260722,2991.0474
20260723,2978.7704
20260724,2956.3456
20260727,2950.4324
20260728,2923.2051
20260729,2915.1879
20260730,2926.4751
20260731,2922.9673
