trade_date,sse,chinext,D
20100601,2568.283,973.233,1595.05
20100602,2571.423,997.119,1574.3039999999996
20100603,2552.656,998.394,1554.262
20100604,2553.593,1027.681,1525.9119999999998
20100607,2511.729,1069.468,1442.2609999999997
20100608,2513.947,1067.154,1446.7930000000001
20100609,2583.87,1077.823,1506.0469999999998
20100610,2562.58,1117.478,1445.1019999999999
20100611,2569.942,1122.199,1447.743
20100617,2560.245,1064.839,1495.406
20100618,2513.222,1000.277,1512.9450000000002
20100621,2586.21,1040.802,1545.4080000000001
20100622,2588.698,1034.995,1553.703
20100623,2569.872,1047.337,1522.5349999999999
20100624,2566.745,1050.601,1516.1439999999998
20100625,2552.817,1016.283,1536.534
20100628,2535.278,987.827,1547.4509999999998
20100629,2427.053,913.309,1513.744
20100630,2398.37,919.314,1479.056
20100701,2373.792,882.19,1491.6019999999999
20100702,2382.901,873.12,1509.781
20100705,2363.947,862.268,1501.679
20100706,2409.424,893.718,1515.7060000000001
20100707,2421.117,908.549,1512.5680000000002
20100708,2415.15,905.509,1509.641
20100709,2470.923,932.147,1538.7759999999998
20100712,2490.718,930.173,1560.5449999999998
20100713,2450.286,931.08,1519.2060000000001
20100714,2470.44,922.362,1548.078
20100715,2424.304,892.557,1531.747
20100716,2424.271,892.298,1531.9730000000002
20100719,2475.421,908.049,1567.3719999999998
20100720,2528.73,937.017,1591.713
20100721,2535.394,941.25,1594.1439999999998
20100722,2562.406,950.209,1612.1970000000001
20100723,2572.028,960.588,1611.4399999999998
20100726,2588.683,966.154,1622.529
20100727,2575.368,957.967,1617.4009999999998
20100728,2633.663,972.534,1661.129
20100729,2648.116,975.362,1672.754
20100730,2637.503,968.431,1669.0720000000001
20100802,2672.516,994.228,1678.288
20100803,2627.002,975.645,1651.357
20100804,2638.522,978.014,1660.5079999999998
20100805,2620.757,987.351,1633.406
20100806,2658.392,1011.39,1647.002
20100809,2672.533,1032.339,1640.194
20100810,2595.274,993.992,1601.282
20100811,2607.497,1004.637,1602.86
20100812,2575.475,991.777,1583.6979999999999
20100813,2606.7,1007.206,1599.4939999999997
20100816,2661.708,1030.217,1631.491
20100817,2671.893,1033.581,1638.3120000000001
20100818,2666.301,1026.722,1639.579
20100819,2687.979,1025.526,1662.4529999999997
20100820,2642.307,995.944,1646.3629999999998
20100823,2639.366,995.613,1643.753
20100824,2650.307,1004.985,1645.3219999999997
20100825,2596.58,976.878,1619.7019999999998
20100826,2603.481,980.63,1622.851
20100827,2610.742,999.456,1611.286
20100830,2652.664,1024.928,1627.736
20100831,2638.798,1025.57,1613.2279999999998
20100901,2622.882,995.586,1627.296
20100902,2655.776,1014.922,1640.8539999999998
20100903,2655.394,1036.703,1618.6909999999998
20100906,2696.25,1010.764,1685.4859999999999
20100907,2698.363,1022.622,1675.741
20100908,2695.291,1026.327,1668.9640000000002
20100909,2656.352,1021.832,1634.52
20100910,2663.209,1034.939,1628.2699999999998
20100913,2688.32,1042.482,1645.8380000000002
20100914,2688.522,1031.219,1657.3029999999999
20100915,2652.503,990.103,1662.4
20100916,2602.465,972.602,1629.8630000000003
20100917,2598.689,972.229,1626.4599999999998
20100920,2588.713,949.195,1639.518
20100921,2591.55,934.461,1657.0890000000002
20100927,2627.967,950.671,1677.296
20100928,2611.354,942.049,1669.3049999999998
20100929,2610.678,926.758,1683.9199999999998
20100930,2655.658,942.539,1713.119
20101008,2738.744,959.863,1778.881
20101011,2806.942,947.11,1859.8319999999999
20101012,2841.407,951.79,1889.6170000000002
20101013,2861.361,962.738,1898.6229999999998
20101014,2879.636,958.495,1921.141
20101015,2971.16,944.254,2026.906
20101018,2955.227,932.359,2022.868
20101019,3001.853,995.922,2005.931
20101020,3003.951,1004.542,1999.409
20101021,2983.533,991.842,1991.6909999999998
20101022,2975.043,1013.448,1961.5950000000003
20101025,3051.419,1039.054,2012.3649999999998
20101026,3041.543,1036.007,2005.536
20101027,2997.048,1030.593,1966.4549999999997
20101028,2992.579,1038.622,1953.957
20101029,2978.835,1064.522,1914.313
20101101,3054.021,1107.523,1946.4980000000003
20101102,3045.434,1075.151,1970.2830000000001
20101103,3030.988,1040.621,1990.3669999999997
20101104,3086.939,1057.714,2029.225
20101105,3129.497,1072.219,2057.278
20101108,3159.512,1107.061,2052.451
20101109,3135.0,1115.648,2019.352
20101110,3115.356,1141.582,1973.7740000000001
20101111,3147.744,1132.722,2015.0220000000002
20101112,2985.435,1082.24,1903.195
20101115,3014.413,1148.539,1865.874
20101116,2894.538,1126.175,1768.363
20101117,2838.857,1085.349,1753.508
20101118,2865.452,1102.845,1762.6070000000002
20101119,2888.566,1153.171,1735.3949999999998
20101122,2884.371,1174.938,1709.433
20101123,2828.282,1183.502,1644.7800000000002
20101124,2859.936,1208.45,1651.486
20101125,2898.261,1186.358,1711.903
20101126,2871.698,1196.019,1675.6789999999999
20101129,2866.356,1220.11,1646.2460000000003
20101130,2820.181,1181.504,1638.6770000000001
20101201,2823.449,1177.175,1646.2740000000001
20101202,2843.607,1177.84,1665.767
20101203,2842.431,1157.939,1684.492
20101206,2857.178,1134.383,1722.7949999999998
20101207,2875.861,1161.692,1714.1689999999999
20101208,2848.546,1160.239,1688.3069999999998
20101209,2810.949,1144.531,1666.4180000000001
20101210,2841.04,1166.801,1674.239
20101213,2922.954,1209.271,1713.6830000000002
20101214,2927.077,1218.52,1708.5570000000002
20101215,2911.414,1211.804,1699.6100000000001
20101216,2898.138,1225.03,1673.108
20101217,2893.74,1232.982,1660.7579999999998
20101220,2852.916,1212.337,1640.5790000000002
20101221,2904.115,1215.022,1689.0929999999998
20101222,2877.9,1201.647,1676.2530000000002
20101223,2855.22,1176.364,1678.8559999999998
20101224,2835.157,1144.502,1690.6550000000002
20101227,2781.402,1105.296,1676.106
20101228,2732.99,1091.483,1641.5069999999998
20101229,2751.527,1113.31,1638.217
20101230,2759.575,1117.214,1642.3609999999999
20101231,2808.077,1137.662,1670.4150000000002
20110104,2852.648,1155.106,1697.5420000000001
20110105,2838.593,1155.349,1683.244
20110106,2824.197,1134.792,1689.4050000000002
20110107,2838.801,1126.517,1712.2839999999999
20110110,2791.809,1093.765,1698.044
20110111,2804.047,1078.365,1725.682
20110112,2821.305,1089.673,1731.6319999999998
20110113,2827.713,1093.856,1733.8570000000002
20110114,2791.344,1067.418,1723.9260000000002
20110117,2706.66,1028.161,1678.4989999999998
20110118,2708.979,1025.716,1683.263
20110119,2758.097,1048.535,1709.5620000000001
20110120,2677.652,1020.389,1657.263
20110121,2715.294,1024.505,1690.7889999999998
20110124,2695.72,994.967,1700.7529999999997
20110125,2677.432,978.998,1698.4339999999997
20110126,2708.814,995.744,1713.0699999999997
20110127,2749.15,1013.024,1736.1260000000002
20110128,2752.75,1020.938,1731.812
20110131,2790.694,1029.12,1761.574
20110201,2798.96,1032.604,1766.356
20110209,2774.065,1025.152,1748.913
20110210,2818.163,1063.946,1754.217
20110211,2827.328,1071.582,1755.7459999999999
20110214,2899.134,1086.558,1812.576
20110215,2899.237,1087.725,1811.5120000000002
20110216,2923.896,1107.24,1816.6560000000002
20110217,2926.964,1115.334,1811.6299999999999
20110218,2899.792,1100.461,1799.331
20110221,2932.246,1117.672,1814.574
20110222,2855.516,1088.266,1767.25
20110223,2862.634,1114.052,1748.582
20110224,2878.603,1101.953,1776.65
20110225,2878.565,1095.098,1783.467
20110228,2905.053,1099.776,1805.2769999999998
20110301,2918.92,1098.003,1820.9170000000001
20110302,2913.808,1088.897,1824.911
20110303,2902.978,1064.307,1838.671
20110304,2942.306,1071.86,1870.4460000000001
20110307,2996.211,1078.111,1918.0999999999997
20110308,2999.942,1084.821,1915.121
20110309,3002.154,1087.299,1914.855
20110310,2957.143,1093.904,1863.239
20110311,2933.796,1101.76,1832.0359999999998
20110314,2937.627,1107.537,1830.09
20110315,2896.256,1094.954,1801.302
20110316,2930.804,1102.215,1828.5890000000002
20110317,2897.298,1078.371,1818.9269999999997
20110318,2906.886,1083.597,1823.289
20110321,2909.137,1070.601,1838.536
20110322,2919.142,1067.285,1851.8569999999997
20110323,2948.477,1076.563,1871.9139999999998
20110324,2946.706,1077.988,1868.718
20110325,2977.814,1072.343,1905.4709999999998
20110328,2984.005,1052.113,1931.892
20110329,2958.077,1019.04,1939.0370000000003
20110330,2955.771,1006.366,1949.4050000000002
20110331,2928.111,1008.296,1919.8149999999998
20110401,2967.41,1015.076,1952.3339999999998
20110406,3001.36,994.261,2007.0990000000002
20110407,3007.909,1004.412,2003.497
20110408,3030.021,1019.142,2010.8790000000001
20110411,3022.746,1002.804,2019.942
20110412,3021.369,1000.165,2021.2040000000002
20110413,3050.398,1020.747,2029.6510000000003
20110414,3042.635,1016.616,2026.0190000000002
20110415,3050.526,1010.058,2040.4679999999998
20110418,3057.329,1003.258,2054.071
20110419,2999.041,994.299,2004.7420000000002
20110420,3007.037,1008.18,1998.857
20110421,3026.668,1010.56,2016.1080000000002
20110422,3010.517,1004.646,2005.8709999999999
20110425,2964.951,975.175,1989.776
20110426,2938.981,958.292,1980.6890000000003
20110427,2925.408,942.543,1982.8649999999998
20110428,2887.044,904.147,1982.897
20110429,2911.511,912.715,1998.7959999999998
20110503,2932.188,922.072,2010.116
20110504,2866.017,903.985,1962.0319999999997
20110505,2872.404,914.593,1957.8110000000001
20110506,2863.886,918.282,1945.6039999999998
20110509,2872.46,931.77,1940.69
20110510,2890.634,931.205,1959.429
20110511,2883.42,929.953,1953.467
20110512,2844.083,909.255,1934.828
20110513,2871.031,909.774,1961.257
20110516,2849.067,906.337,1942.73
20110517,2852.773,895.149,1957.6240000000003
20110518,2872.771,890.794,1981.9770000000003
20110519,2859.574,884.89,1974.6840000000002
20110520,2858.459,875.43,1983.029
20110523,2774.569,840.898,1933.6709999999998
20110524,2767.056,870.939,1896.1170000000002
20110525,2741.741,842.35,1899.391
20110526,2736.527,830.921,1905.606
20110527,2709.947,822.944,1887.0030000000002
20110530,2706.361,834.316,1872.0449999999998
20110531,2743.472,846.315,1897.1570000000002
20110601,2743.572,851.166,1892.406
20110602,2705.181,833.737,1871.444
20110603,2728.02,847.545,1880.475
20110607,2744.3,847.709,1896.5910000000003
20110608,2750.288,844.978,1905.31
20110609,2703.345,828.016,1875.3289999999997
20110610,2705.143,824.03,1881.113
20110613,2700.379,829.359,1871.02
20110614,2730.04,838.474,1891.5659999999998
20110615,2705.431,827.533,1877.8980000000001
20110616,2664.283,810.709,1853.574
20110617,2642.818,802.637,1840.1810000000003
20110620,2621.253,791.758,1829.4950000000001
20110621,2646.483,795.608,1850.8750000000002
20110622,2649.321,791.513,1857.808
20110623,2688.249,814.444,1873.8049999999998
20110624,2746.211,832.324,1913.8869999999997
20110627,2758.23,843.859,1914.371
20110628,2759.202,844.177,1915.025
20110629,2728.483,836.384,1892.0990000000002
20110630,2762.076,845.919,1916.1570000000002
20110701,2759.362,855.27,1904.092
20110704,2812.818,876.168,1936.65
20110705,2816.355,883.417,1932.938
20110706,2810.479,894.277,1916.2019999999998
20110707,2794.267,899.798,1894.4689999999998
20110708,2797.774,894.909,1902.8649999999998
20110711,2802.692,903.31,1899.382
20110712,2754.582,891.516,1863.0659999999998
20110713,2795.476,913.085,1882.391
20110714,2810.444,932.775,1877.6689999999999
20110715,2820.169,951.138,1869.031
20110718,2816.688,946.118,1870.5700000000002
20110719,2796.983,927.297,1869.6860000000001
20110720,2794.205,930.828,1863.377
20110721,2765.894,915.368,1850.5259999999998
20110722,2770.79,923.995,1846.795
20110725,2688.746,887.063,1801.683
20110726,2703.026,892.54,1810.4859999999999
20110727,2723.492,915.548,1807.9440000000002
20110728,2708.777,919.395,1789.382
20110729,2701.729,913.278,1788.4509999999998
20110801,2703.783,927.384,1776.399
20110802,2679.259,932.121,1747.138
20110803,2678.485,945.509,1732.976
20110804,2684.039,937.475,1746.5640000000003
20110805,2626.423,919.185,1707.2379999999998
20110808,2526.816,877.443,1649.3729999999998
20110809,2526.07,878.761,1647.3090000000002
20110810,2549.176,891.752,1657.424
20110811,2581.508,915.489,1666.0189999999998
20110812,2593.173,926.297,1666.8759999999997
20110815,2626.77,942.485,1684.2849999999999
20110816,2608.166,933.139,1675.027
20110817,2601.261,936.159,1665.1019999999999
20110818,2559.472,915.684,1643.7880000000002
20110819,2534.358,912.421,1621.9370000000001
20110822,2515.863,910.606,1605.2569999999998
20110823,2554.019,936.416,1617.6029999999996
20110824,2541.091,940.196,1600.895
20110825,2615.261,942.944,1672.317
20110826,2612.188,952.806,1659.382
20110829,2576.413,954.029,1622.384
20110830,2566.595,934.185,1632.4099999999999
20110831,2567.34,921.495,1645.8450000000003
20110901,2556.042,917.751,1638.291
20110902,2528.28,909.853,1618.4270000000001
20110905,2478.739,883.873,1594.866
20110906,2470.524,874.738,1595.7859999999998
20110907,2516.09,899.614,1616.476
20110908,2498.943,891.932,1607.0110000000002
20110909,2497.753,881.577,1616.1760000000002
20110913,2471.305,861.916,1609.3889999999997
20110914,2484.827,876.949,1607.8780000000002
20110915,2479.055,875.861,1603.194
20110916,2482.343,874.883,1607.4599999999998
20110919,2437.795,854.712,1583.083
20110920,2447.755,856.812,1590.9430000000002
20110921,2512.963,881.031,1631.9320000000002
20110922,2443.057,852.92,1590.1369999999997
20110923,2433.159,843.479,1589.68
20110926,2393.183,829.347,1563.836
20110927,2415.054,830.884,1584.17
20110928,2392.062,817.515,1574.547
20110929,2365.343,791.894,1573.4489999999998
20110930,2359.22,791.134,1568.0859999999998
20111010,2344.787,790.042,1554.745
20111011,2348.516,786.151,1562.3650000000002
20111012,2420.0,816.138,1603.862
20111013,2438.79,833.021,1605.769
20111014,2431.375,830.197,1601.1779999999999
20111017,2440.402,832.289,1608.113
20111018,2383.485,806.6,1576.8850000000002
20111019,2377.512,804.436,1573.076
20111020,2331.366,778.954,1552.412
20111021,2317.275,763.295,1553.98
20111024,2370.333,772.41,1597.9230000000002
20111025,2409.672,797.858,1611.814
20111026,2427.48,811.134,1616.346
20111027,2435.614,810.922,1624.692
20111028,2473.41,833.423,1639.9869999999999
20111031,2468.25,852.798,1615.452
20111101,2470.019,853.359,1616.6599999999999
20111102,2504.108,881.047,1623.0610000000001
20111103,2508.09,877.658,1630.4320000000002
20111104,2528.294,882.253,1646.0409999999997
20111107,2509.799,878.758,1631.041
20111108,2503.836,862.36,1641.4759999999997
20111109,2524.919,891.123,1633.7959999999998
20111110,2479.536,895.272,1584.2640000000001
20111111,2481.084,891.193,1589.8909999999998
20111114,2528.714,915.977,1612.737
20111115,2529.761,920.974,1608.7869999999998
20111116,2466.959,893.508,1573.4509999999998
20111117,2463.046,898.339,1564.7069999999999
20111118,2416.562,869.19,1547.3719999999998
20111121,2415.13,863.134,1551.996
20111122,2412.625,868.432,1544.193
20111123,2395.065,864.811,1530.254
20111124,2397.554,868.142,1529.412
20111125,2380.224,863.495,1516.7290000000003
20111128,2383.034,866.837,1516.1970000000001
20111129,2412.393,880.313,1532.08
20111130,2333.414,838.108,1495.3060000000003
20111201,2386.86,852.872,1533.9880000000003
20111202,2360.664,829.176,1531.4880000000003
20111205,2333.229,792.495,1540.734
20111206,2325.905,798.096,1527.8090000000002
20111207,2332.73,802.625,1530.105
20111208,2329.82,809.431,1520.3890000000001
20111209,2315.27,798.837,1516.433
20111212,2291.545,790.792,1500.7530000000002
20111213,2248.59,768.924,1479.6660000000002
20111214,2228.525,755.762,1472.7630000000001
20111215,2180.895,746.555,1434.3400000000001
20111216,2224.84,778.775,1446.065
20111219,2218.235,793.44,1424.795
20111220,2215.93,781.418,1434.5119999999997
20111221,2191.148,761.337,1429.8110000000001
20111222,2186.297,757.896,1428.401
20111223,2204.784,761.442,1443.342
20111226,2190.11,753.049,1437.0610000000001
20111227,2166.205,727.173,1439.032
20111228,2170.013,717.554,1452.4589999999998
20111229,2173.561,716.549,1457.0120000000002
20111230,2199.417,729.504,1469.913
20120104,2169.39,707.107,1462.283
20120105,2148.452,666.905,1481.5470000000003
20120106,2163.395,669.017,1494.378
20120109,2225.89,692.418,1533.4719999999998
20120110,2285.744,716.453,1569.2910000000002
20120111,2276.046,717.936,1558.1099999999997
20120112,2275.01,709.89,1565.1200000000003
20120113,2244.58,666.078,1578.502
20120116,2206.193,633.908,1572.2850000000003
20120117,2298.376,662.69,1635.6860000000001
20120118,2266.384,624.911,1641.473
20120119,2296.075,632.799,1663.2759999999998
20120120,2319.118,646.383,1672.735
20120130,2285.038,651.246,1633.792
20120131,2292.61,648.681,1643.929
20120201,2268.08,650.776,1617.304
20120202,2312.556,665.402,1647.154
20120203,2330.405,680.045,1650.3600000000001
20120206,2331.136,686.508,1644.628
20120207,2291.902,673.679,1618.223
20120208,2347.53,692.303,1655.2270000000003
20120209,2349.589,697.79,1651.799
20120210,2351.981,698.854,1653.1270000000002
20120213,2351.855,714.956,1636.899
20120214,2344.771,712.296,1632.4750000000001
20120215,2366.702,724.751,1641.9510000000002
20120216,2356.86,721.832,1635.0280000000002
20120217,2357.181,717.797,1639.384
20120220,2363.597,721.099,1642.498
20120221,2381.43,736.882,1644.5479999999998
20120222,2403.587,759.562,1644.025
20120223,2409.554,756.897,1652.6570000000002
20120224,2439.628,762.29,1677.3380000000002
20120227,2447.057,760.373,1686.6839999999997
20120228,2451.857,747.768,1704.089
20120229,2428.487,735.336,1693.151
20120301,2426.115,743.148,1682.9669999999996
20120302,2460.693,757.669,1703.0240000000003
20120305,2445.002,759.369,1685.6329999999998
20120306,2410.445,750.837,1659.6080000000002
20120307,2394.794,749.266,1645.5279999999998
20120308,2420.276,761.703,1658.5729999999999
20120309,2439.462,777.694,1661.768
20120312,2434.859,786.049,1648.81
20120313,2455.795,792.378,1663.417
20120314,2391.23,756.459,1634.7710000000002
20120315,2373.774,746.441,1627.3329999999999
20120316,2404.736,765.562,1639.174
20120319,2410.184,779.557,1630.6270000000002
20120320,2376.839,755.583,1621.2559999999999
20120321,2378.195,751.791,1626.404
20120322,2375.772,750.851,1624.9209999999998
20120323,2349.539,737.892,1611.6470000000002
20120326,2350.599,737.213,1613.3860000000002
20120327,2347.179,735.734,1611.4450000000002
20120328,2284.881,698.486,1586.395
20120329,2252.16,683.959,1568.201
20120330,2262.788,678.519,1584.269
20120405,2302.241,697.751,1604.49
20120406,2306.553,701.901,1604.652
20120409,2285.777,689.715,1596.062
20120410,2305.863,697.165,1608.6979999999999
20120411,2308.925,698.487,1610.438
20120412,2350.864,713.124,1637.74
20120413,2359.161,718.959,1640.2020000000002
20120416,2357.026,716.229,1640.7969999999998
20120417,2334.985,709.139,1625.846
20120418,2380.848,723.462,1657.386
20120419,2378.634,725.12,1653.5140000000001
20120420,2406.863,728.718,1678.145
20120423,2388.588,690.432,1698.1560000000002
20120424,2388.834,681.534,1707.2999999999997
20120425,2406.813,682.524,1724.2890000000002
20120426,2404.697,678.444,1726.2530000000002
20120427,2396.316,685.131,1711.185
20120502,2438.436,693.609,1744.8270000000002
20120503,2440.08,699.306,1740.774
20120504,2452.014,713.186,1738.828
20120507,2451.947,733.045,1718.902
20120508,2448.884,731.723,1717.161
20120509,2408.587,719.35,1689.237
20120510,2410.23,727.285,1682.9450000000002
20120511,2394.983,721.078,1673.9050000000002
20120514,2380.725,719.872,1660.853
20120515,2374.843,720.115,1654.7279999999998
20120516,2346.192,709.956,1636.2359999999999
20120517,2378.886,716.17,1662.716
20120518,2344.52,706.216,1638.304
20120521,2348.3,704.803,1643.4970000000003
20120522,2373.307,714.662,1658.6449999999998
20120523,2363.437,713.017,1650.4199999999998
20120524,2350.973,712.577,1638.396
20120525,2333.553,702.724,1630.8289999999997
20120528,2361.367,706.47,1654.8970000000002
20120529,2389.636,720.454,1669.182
20120530,2384.668,727.188,1657.48
20120531,2372.234,734.454,1637.78
20120601,2373.436,734.257,1639.179
20120604,2308.55,717.101,1591.449
20120605,2311.916,715.93,1595.9860000000003
20120606,2309.555,715.24,1594.3149999999998
20120607,2293.13,711.428,1581.7020000000002
20120608,2281.447,713.921,1567.526
20120611,2305.856,734.504,1571.3520000000003
20120612,2289.791,735.294,1554.4970000000003
20120613,2318.924,746.505,1572.4189999999999
20120614,2295.946,740.966,1554.98
20120615,2306.85,742.268,1564.5819999999999
20120618,2316.052,752.978,1563.074
20120619,2300.795,747.492,1553.303
20120620,2292.877,748.388,1544.489
20120621,2260.877,739.047,1521.83
20120625,2224.114,720.6,1503.5140000000001
20120626,2222.067,715.924,1506.143
20120627,2216.934,718.928,1498.0060000000003
20120628,2195.843,711.144,1484.6989999999998
20120629,2225.431,726.684,1498.747
20120702,2226.11,741.186,1484.924
20120703,2229.193,743.902,1485.2910000000002
20120704,2227.315,739.624,1487.691
20120705,2201.353,724.313,1477.04
20120706,2223.579,737.289,1486.2900000000002
20120709,2170.814,722.281,1448.533
20120710,2164.437,713.526,1450.911
20120711,2175.383,719.299,1456.0839999999998
20120712,2185.491,734.323,1451.1680000000001
20120713,2185.895,725.788,1460.107
20120716,2147.955,691.385,1456.57
20120717,2161.186,697.003,1464.183
20120718,2169.099,702.138,1466.9610000000002
20120719,2184.841,709.166,1475.6749999999997
20120720,2168.638,706.25,1462.388
20120723,2141.402,704.573,1436.8290000000002
20120724,2146.589,706.396,1440.193
20120725,2136.151,708.301,1427.85
20120726,2126.004,706.725,1419.279
20120727,2128.765,703.581,1425.1839999999997
20120730,2109.914,688.474,1421.44
20120731,2103.634,676.96,1426.674
20120801,2123.36,689.489,1433.871
20120802,2111.182,690.982,1420.1999999999998
20120803,2132.796,711.925,1420.8709999999999
20120806,2154.916,730.419,1424.4970000000003
20120807,2157.62,736.012,1421.608
20120808,2160.99,730.065,1430.9249999999997
20120809,2174.102,743.199,1430.9029999999998
20120810,2168.814,743.073,1425.741
20120813,2136.078,727.637,1408.441
20120814,2142.525,736.347,1406.178
20120815,2118.945,729.73,1389.2150000000001
20120816,2112.197,723.53,1388.6670000000001
20120817,2114.891,721.049,1393.842
20120820,2106.957,730.866,1376.091
20120821,2118.268,748.935,1369.333
20120822,2107.711,746.853,1360.8579999999997
20120823,2113.072,750.561,1362.511
20120824,2092.104,733.309,1358.7949999999998
20120827,2055.708,722.574,1333.134
20120828,2073.154,727.616,1345.538
20120829,2053.235,726.941,1326.294
20120830,2052.585,704.035,1348.5500000000002
20120831,2047.522,706.625,1340.897
20120903,2059.147,723.871,1335.2759999999998
20120904,2043.649,722.721,1320.9279999999999
20120905,2037.681,730.616,1307.065
20120906,2051.918,739.741,1312.1770000000001
20120907,2127.762,759.46,1368.3020000000001
20120910,2134.893,762.313,1372.58
20120911,2120.554,761.731,1358.823
20120912,2126.554,762.511,1364.0430000000001
20120913,2110.379,749.892,1360.4869999999999
20120914,2123.847,744.464,1379.3830000000003
20120917,2078.5,724.145,1354.355
20120918,2059.543,723.61,1335.933
20120919,2067.831,728.251,1339.5800000000002
20120920,2024.837,706.693,1318.144
20120921,2026.69,691.138,1335.5520000000001
20120924,2033.192,690.338,1342.854
20120925,2029.293,682.335,1346.9579999999999
20120926,2004.172,661.49,1342.682
20120927,2056.323,676.957,1379.366
20120928,2086.169,689.64,1396.529
20121008,2074.419,690.767,1383.6519999999998
20121009,2115.23,712.702,1402.528
20121010,2119.942,721.848,1398.094
20121011,2102.868,711.797,1391.071
20121012,2104.932,708.868,1396.0639999999999
20121015,2098.703,701.964,1396.739
20121016,2098.808,705.388,1393.42
20121017,2105.618,709.094,1396.524
20121018,2131.688,720.524,1411.1640000000002
20121019,2128.302,719.448,1408.8540000000003
20121022,2132.758,724.278,1408.4799999999998
20121023,2114.447,711.262,1403.1850000000002
20121024,2115.99,707.753,1408.2369999999996
20121025,2101.58,697.436,1404.1439999999998
20121026,2066.209,685.333,1380.8759999999997
20121029,2058.943,688.12,1370.8230000000003
20121030,2062.347,689.61,1372.737
20121031,2068.88,691.653,1377.227
20121101,2104.428,701.778,1402.6499999999999
20121102,2117.046,701.38,1415.6659999999997
20121105,2114.027,692.868,1421.159
20121106,2105.999,690.497,1415.502
20121107,2105.73,689.746,1415.984
20121108,2071.509,675.849,1395.6599999999999
20121109,2069.067,672.67,1396.397
20121112,2079.274,676.597,1402.677
20121113,2047.889,667.327,1380.562
20121114,2055.419,665.185,1390.234
20121115,2030.29,659.211,1371.079
20121116,2014.725,656.196,1358.529
20121119,2016.982,656.936,1360.0459999999998
20121120,2008.923,656.606,1352.317
20121121,2030.319,660.032,1370.2869999999998
20121122,2015.611,651.826,1363.785
20121123,2027.384,651.43,1375.9540000000002
20121126,2017.464,638.878,1378.5859999999998
20121127,1991.165,616.284,1374.8809999999999
20121128,1973.523,607.67,1365.853
20121129,1963.488,603.17,1360.3180000000002
20121130,1980.117,606.766,1373.351
20121203,1959.767,593.66,1366.107
20121204,1975.143,600.801,1374.342
20121205,2031.907,624.824,1407.083
20121206,2029.237,624.318,1404.919
20121207,2061.786,637.487,1424.299
20121210,2083.77,646.319,1437.451
20121211,2074.704,641.167,1433.5370000000003
20121212,2082.726,639.509,1443.217
20121213,2061.476,632.181,1429.295
20121214,2150.625,656.217,1494.408
20121217,2160.342,649.612,1510.73
20121218,2162.464,646.046,1516.418
20121219,2162.239,652.101,1510.138
20121220,2168.353,658.311,1510.042
20121221,2153.31,668.089,1485.221
20121224,2159.053,679.759,1479.2939999999999
20121225,2213.611,694.116,1519.495
20121226,2219.132,709.075,1510.057
20121227,2205.897,699.569,1506.328
20121228,2233.252,707.668,1525.5839999999998
20121231,2269.128,713.863,1555.265
20130104,2276.992,705.342,1571.65
20130107,2285.364,718.114,1567.25
20130108,2276.07,733.138,1542.9320000000002
20130109,2275.34,734.506,1540.8340000000003
20130110,2283.658,741.18,1542.478
20130111,2242.997,731.587,1511.4099999999999
20130114,2311.74,760.55,1551.1899999999998
20130115,2325.682,778.603,1547.0789999999997
20130116,2309.499,774.485,1535.0139999999997
20130117,2284.909,768.308,1516.601
20130118,2317.07,787.386,1529.6840000000002
20130121,2328.221,792.6,1535.621
20130122,2315.139,775.135,1540.0040000000001
20130123,2320.911,778.478,1542.433
20130124,2302.598,757.869,1544.7289999999998
20130125,2291.304,762.848,1528.4560000000001
20130128,2346.505,784.76,1561.7450000000001
20130129,2358.977,791.671,1567.3059999999998
20130130,2382.475,783.682,1598.793
20130131,2385.422,776.005,1609.417
20130201,2419.02,782.363,1636.657
20130204,2428.154,771.902,1656.252
20130205,2433.13,780.981,1652.1490000000001
20130206,2434.477,791.263,1643.214
20130207,2418.53,805.586,1612.9440000000002
20130208,2432.402,823.028,1609.374
20130218,2421.558,835.277,1586.281
20130219,2382.914,819.709,1563.2050000000004
20130220,2397.178,850.863,1546.3149999999998
20130221,2325.951,839.298,1486.653
20130222,2314.164,838.763,1475.4010000000003
20130225,2325.819,855.694,1470.125
20130226,2293.341,851.217,1442.1239999999998
20130227,2313.22,846.09,1467.1299999999997
20130228,2365.593,861.095,1504.4979999999998
20130301,2359.506,884.891,1474.6149999999998
20130304,2273.404,863.5,1409.904
20130305,2326.306,888.099,1438.2069999999999
20130306,2347.179,902.903,1444.276
20130307,2324.293,877.337,1446.9560000000001
20130308,2318.611,864.699,1453.9119999999998
20130311,2310.593,869.15,1441.4429999999998
20130312,2286.605,839.836,1446.769
20130313,2263.968,834.049,1429.9189999999999
20130314,2270.277,842.036,1428.241
20130315,2278.401,853.906,1424.495
20130318,2240.016,852.117,1387.8990000000001
20130319,2257.434,842.685,1414.7490000000003
20130320,2317.374,866.267,1451.1069999999997
20130321,2324.242,882.734,1441.5080000000003
20130322,2328.278,882.001,1446.2769999999998
20130325,2326.715,881.756,1444.9590000000003
20130326,2297.669,876.361,1421.308
20130327,2301.259,882.752,1418.507
20130328,2236.302,867.511,1368.7910000000002
20130329,2236.621,866.455,1370.1660000000002
20130401,2234.395,877.001,1357.394
20130402,2227.74,845.163,1382.5769999999998
20130403,2225.295,835.138,1390.1570000000002
20130408,2211.592,853.484,1358.1080000000002
20130409,2225.775,861.991,1363.784
20130410,2226.126,850.533,1375.5930000000003
20130411,2219.553,847.782,1371.7709999999997
20130412,2206.78,846.612,1360.1680000000001
20130415,2181.942,836.342,1345.6
20130416,2194.846,846.054,1348.792
20130417,2193.796,867.511,1326.2849999999999
20130418,2197.602,873.481,1324.1209999999999
20130419,2244.643,892.21,1352.433
20130422,2242.169,916.021,1326.148
20130423,2184.538,893.79,1290.748
20130424,2218.318,923.406,1294.9120000000003
20130425,2199.307,903.634,1295.6729999999998
20130426,2177.912,889.381,1288.531
20130502,2174.123,913.651,1260.4720000000002
20130503,2205.497,939.21,1266.2869999999998
20130506,2231.166,958.022,1273.1440000000002
20130507,2235.575,957.44,1278.1349999999998
20130508,2246.3,980.083,1266.217
20130509,2232.971,992.161,1240.81
20130510,2246.831,988.3,1258.5310000000002
20130513,2241.92,995.109,1246.8110000000001
20130514,2217.01,976.333,1240.6770000000001
20130515,2224.797,1012.656,1212.141
20130516,2251.806,1009.526,1242.2800000000002
20130517,2282.87,1023.403,1259.4669999999999
20130520,2299.986,1051.653,1248.3329999999999
20130521,2305.114,1073.583,1231.531
20130522,2302.403,1039.811,1262.5919999999999
20130523,2275.667,1042.897,1232.77
20130524,2288.533,1073.782,1214.751
20130527,2293.077,1089.724,1203.3530000000003
20130528,2321.318,1059.002,1262.3160000000003
20130529,2324.017,1065.96,1258.0569999999998
20130530,2317.749,1073.869,1243.8799999999999
20130531,2300.595,1073.023,1227.572
20130603,2299.252,1052.136,1247.116
20130604,2272.416,1022.46,1249.9560000000001
20130605,2270.931,1032.756,1238.175
20130606,2242.11,1022.13,1219.98
20130607,2210.898,1030.139,1180.7590000000002
20130613,2148.355,1029.275,1119.08
20130614,2162.041,1068.147,1093.8940000000002
20130617,2156.215,1073.691,1082.5240000000001
20130618,2159.291,1072.93,1086.361
20130619,2143.454,1067.625,1075.8290000000002
20130620,2084.021,1029.528,1054.4930000000002
20130621,2073.095,1025.497,1047.5979999999997
20130624,1963.235,971.454,991.781
20130625,1959.508,984.746,974.7620000000001
20130626,1951.495,1038.976,912.5189999999998
20130627,1950.013,1022.503,927.5099999999999
20130628,1979.206,1011.658,967.5479999999999
20130701,1995.242,1055.839,939.403
20130702,2006.56,1083.248,923.3119999999999
20130703,1994.268,1104.578,889.69
20130704,2006.098,1087.904,918.194
20130705,2007.199,1057.273,949.9260000000002
20130708,1958.273,1030.604,927.6689999999999
20130709,1965.454,1050.715,914.739
20130710,2008.126,1068.857,939.269
20130711,2072.991,1080.782,992.2090000000001
20130712,2039.486,1096.296,943.19
20130715,2059.39,1139.567,919.8229999999999
20130716,2065.72,1143.195,922.5249999999999
20130717,2044.922,1129.48,915.442
20130718,2023.396,1127.966,895.4300000000001
20130719,1992.648,1116.005,876.6429999999998
20130722,2004.762,1153.772,850.99
20130723,2043.876,1178.588,865.288
20130724,2033.329,1203.308,830.021
20130725,2021.174,1150.387,870.787
20130726,2010.85,1158.354,852.4959999999999
20130729,1976.306,1136.984,839.3220000000001
20130730,1990.064,1124.102,865.962
20130731,1993.799,1134.015,859.7839999999999
20130801,2029.067,1190.113,838.954
20130802,2029.418,1188.851,840.5669999999998
20130805,2050.481,1202.832,847.6490000000001
20130806,2060.5,1211.782,848.7180000000001
20130807,2046.778,1175.702,871.076
20130808,2044.895,1185.955,858.94
20130809,2052.235,1172.519,879.7160000000001
20130812,2101.283,1161.872,939.4109999999998
20130813,2106.156,1172.329,933.827
20130814,2100.137,1180.656,919.4810000000002
20130815,2081.88,1167.094,914.7860000000001
20130816,2068.452,1132.086,936.3660000000002
20130819,2085.602,1171.402,914.1999999999998
20130820,2072.595,1175.783,896.8119999999999
20130821,2072.961,1181.34,891.6209999999999
20130822,2067.124,1197.134,869.9899999999998
20130823,2057.458,1219.825,837.633
20130826,2096.474,1238.172,858.3020000000001
20130827,2103.567,1250.751,852.816
20130828,2101.301,1227.995,873.306
20130829,2097.227,1226.296,870.9309999999998
20130830,2098.382,1185.145,913.2370000000001
20130902,2098.448,1210.185,888.2629999999999
20130903,2123.112,1234.587,888.5250000000001
20130904,2127.618,1236.35,891.268
20130905,2122.43,1267.26,855.1699999999998
20130906,2139.993,1282.746,857.2469999999998
20130909,2212.516,1275.912,936.604
20130910,2237.984,1263.589,974.395
20130911,2241.268,1220.705,1020.5630000000001
20130912,2255.605,1220.633,1034.972
20130913,2236.217,1253.448,982.769
20130916,2231.401,1278.798,952.6029999999998
20130917,2185.56,1269.36,916.2
20130918,2191.851,1289.642,902.2090000000001
20130923,2221.044,1326.091,894.953
20130924,2207.531,1328.404,879.127
20130925,2198.515,1323.04,875.4749999999999
20130926,2155.809,1306.344,849.4650000000001
20130927,2160.027,1323.759,836.268
20130930,2174.665,1367.912,806.7529999999999
20131008,2198.199,1387.663,810.5360000000001
20131009,2211.769,1415.833,795.9359999999997
20131010,2190.929,1378.148,812.7810000000002
20131011,2228.146,1379.9,848.2460000000001
20131014,2237.773,1393.602,844.171
20131015,2233.412,1389.749,843.6629999999998
20131016,2193.074,1335.1,857.9740000000002
20131017,2188.542,1322.988,865.5539999999999
20131018,2193.78,1349.937,843.8430000000003
20131021,2229.237,1400.967,828.27
20131022,2210.652,1350.473,860.1790000000001
20131023,2183.107,1311.231,871.876
20131024,2164.322,1295.932,868.3900000000001
20131025,2132.955,1269.171,863.7839999999999
20131028,2133.869,1279.05,854.8190000000002
20131029,2128.864,1261.684,867.1800000000001
20131030,2160.463,1273.291,887.1720000000003
20131031,2141.614,1235.555,906.059
20131101,2149.562,1221.962,927.5999999999999
20131104,2149.634,1222.456,927.1780000000001
20131105,2157.24,1260.025,897.2149999999997
20131106,2139.607,1241.789,897.818
20131107,2129.4,1224.05,905.3500000000001
20131108,2106.127,1211.11,895.017
20131111,2109.471,1212.689,896.7819999999999
20131112,2126.772,1228.346,898.4259999999999
20131113,2087.941,1212.08,875.8609999999999
20131114,2100.506,1249.667,850.8389999999999
20131115,2135.827,1269.052,866.7750000000003
20131118,2197.219,1291.151,906.068
20131119,2193.125,1298.166,894.9590000000001
20131120,2206.613,1299.264,907.3489999999999
20131121,2205.766,1298.953,906.8130000000001
20131122,2196.378,1295.067,901.3110000000001
20131125,2186.115,1293.795,892.3199999999997
20131126,2183.073,1291.854,891.2189999999998
20131127,2201.07,1329.477,871.5930000000001
20131128,2219.372,1336.661,882.7109999999998
20131129,2220.504,1366.834,853.6699999999998
20131202,2207.371,1253.929,953.442
20131203,2222.67,1255.329,967.3410000000001
20131204,2251.762,1240.287,1011.4750000000001
20131205,2247.063,1202.066,1044.997
20131206,2237.108,1206.783,1030.3250000000003
20131209,2238.2,1241.715,996.4849999999999
20131210,2237.492,1231.921,1005.5710000000001
20131211,2204.166,1244.505,959.6610000000001
20131212,2202.796,1279.318,923.4779999999998
20131213,2196.075,1278.143,917.9319999999998
20131216,2160.861,1279.958,880.9029999999998
20131217,2151.079,1267.673,883.4060000000002
20131218,2148.285,1256.0,892.2849999999999
20131219,2127.792,1256.084,871.7079999999999
20131220,2084.794,1253.714,831.0799999999999
20131223,2089.707,1242.806,846.9009999999998
20131224,2092.905,1258.823,834.0820000000001
20131225,2106.354,1288.341,818.0129999999999
20131226,2073.099,1269.535,803.5640000000001
20131227,2101.251,1294.302,806.9490000000003
20131230,2097.529,1307.988,789.5409999999999
20131231,2115.978,1304.444,811.5340000000001
20140102,2109.387,1333.003,776.3840000000002
20140103,2083.136,1352.84,730.296
20140106,2045.709,1323.328,722.3810000000001
20140107,2047.317,1352.276,695.0409999999999
20140108,2044.34,1405.023,639.317
20140109,2027.622,1380.244,647.3780000000002
20140110,2013.298,1353.302,659.9960000000001
20140113,2009.564,1362.788,646.7760000000001
20140114,2026.842,1400.916,625.9260000000002
20140115,2023.348,1415.323,608.0249999999999
20140116,2023.701,1395.163,628.538
20140117,2004.949,1395.509,609.44
20140120,1991.253,1372.736,618.5169999999998
20140121,2008.313,1407.152,601.1610000000001
20140122,2051.749,1431.741,620.0079999999998
20140123,2042.18,1461.525,580.655
20140124,2054.392,1484.432,569.9599999999998
20140127,2033.3,1477.669,555.6309999999999
20140128,2038.513,1471.34,567.173
20140129,2049.914,1496.527,553.3870000000002
20140130,2033.083,1495.978,537.105
20140207,2044.497,1532.687,511.8100000000002
20140210,2086.067,1553.415,532.652
20140211,2103.671,1527.151,576.5199999999998
20140212,2109.955,1539.966,569.989
20140213,2098.401,1485.131,613.2699999999998
20140214,2115.848,1515.784,600.0639999999999
20140217,2135.415,1558.616,576.799
20140218,2119.066,1545.341,573.7249999999999
20140219,2142.554,1544.402,598.152
20140220,2138.782,1515.164,623.6180000000002
20140221,2113.693,1519.665,594.0280000000002
20140224,2076.686,1540.026,536.6600000000001
20140225,2034.219,1472.691,561.528
20140226,2041.254,1465.985,575.269
20140227,2047.354,1414.657,632.6970000000001
20140228,2056.302,1434.894,621.4080000000001
20140303,2075.235,1465.139,610.0960000000002
20140304,2071.473,1460.452,611.021
20140305,2053.084,1464.578,588.5059999999999
20140306,2059.578,1462.528,597.05
20140307,2057.908,1460.611,597.2969999999998
20140310,1999.065,1407.073,591.992
20140311,2001.157,1395.813,605.3439999999998
20140312,1997.692,1399.266,598.4259999999999
20140313,2019.111,1436.856,582.2550000000001
20140314,2004.339,1434.021,570.318
20140317,2023.673,1477.415,546.258
20140318,2025.196,1485.64,539.5559999999998
20140319,2021.734,1466.217,555.5169999999998
20140320,1993.479,1417.658,575.8210000000001
20140321,2047.619,1419.84,627.779
20140324,2066.279,1397.294,668.9849999999999
20140325,2067.311,1394.824,672.4870000000001
20140326,2063.67,1417.614,646.056
20140327,2046.588,1367.964,678.624
20140328,2041.712,1330.5,711.212
20140331,2033.306,1327.8,705.5060000000001
20140401,2047.46,1355.051,692.4090000000001
20140402,2058.988,1327.983,731.0049999999999
20140403,2043.702,1326.1764,717.5255999999999
20140404,2058.831,1346.738,712.0930000000001
20140408,2098.284,1351.183,747.1010000000001
20140409,2105.237,1370.462,734.7750000000001
20140410,2134.3,1381.142,753.1580000000001
20140411,2130.542,1363.899,766.643
20140414,2131.539,1372.728,758.8110000000001
20140415,2101.601,1369.889,731.7120000000002
20140416,2105.122,1359.304,745.8179999999998
20140417,2098.885,1367.591,731.2940000000003
20140418,2097.748,1377.419,720.329
20140421,2065.826,1363.851,701.9749999999999
20140422,2072.831,1336.187,736.6440000000002
20140423,2067.382,1326.438,740.944
20140424,2057.033,1319.505,737.5279999999998
20140425,2036.519,1291.903,744.616
20140428,2003.487,1257.263,746.2240000000002
20140429,2020.341,1266.543,753.798
20140430,2026.358,1283.209,743.1489999999999
20140505,2027.353,1302.146,725.2070000000001
20140506,2028.038,1316.858,711.1800000000001
20140507,2010.083,1290.025,720.058
20140508,2015.274,1279.837,735.4369999999999
20140509,2011.135,1258.584,752.5509999999999
20140512,2052.871,1278.282,774.5890000000002
20140513,2050.728,1276.244,774.4840000000002
20140514,2047.91,1278.661,769.249
20140515,2024.974,1253.879,771.095
20140516,2026.504,1226.473,800.031
20140519,2005.183,1228.371,776.8119999999999
20140520,2008.119,1244.647,763.472
20140521,2024.951,1257.796,767.155
20140522,2021.285,1269.513,751.7720000000002
20140523,2034.569,1295.998,738.5709999999999
20140526,2041.476,1320.759,720.7170000000001
20140527,2034.565,1306.284,728.281
20140528,2050.228,1338.971,711.2570000000001
20140529,2040.595,1314.212,726.383
20140530,2039.212,1318.127,721.085
20140603,2038.305,1319.625,718.6800000000001
20140604,2024.834,1321.718,703.116
20140605,2040.878,1355.482,685.396
20140606,2029.956,1350.447,679.509
20140609,2030.502,1326.675,703.827
20140610,2052.532,1353.871,698.6610000000001
20140611,2054.948,1367.388,687.56
20140612,2051.713,1363.739,687.9740000000002
20140613,2070.715,1382.733,687.9820000000002
20140616,2085.983,1395.611,690.3720000000001
20140617,2066.698,1377.431,689.2669999999998
20140618,2055.519,1363.991,691.5279999999998
20140619,2023.735,1320.655,703.0799999999999
20140620,2026.674,1333.982,692.692
20140623,2024.365,1361.283,663.0820000000001
20140624,2033.931,1369.439,664.492
20140625,2025.502,1358.708,666.7939999999999
20140626,2038.677,1386.273,652.404
20140627,2036.51,1388.815,647.6949999999999
20140630,2048.327,1404.71,643.6170000000002
20140701,2050.381,1411.736,638.6449999999998
20140702,2059.418,1419.937,639.4810000000002
20140703,2063.229,1422.603,640.6259999999997
20140704,2059.375,1411.638,647.7370000000001
20140707,2059.927,1393.889,666.0380000000002
20140708,2064.021,1410.725,653.2960000000003
20140709,2038.612,1384.579,654.0330000000001
20140710,2038.342,1363.882,674.46
20140711,2046.961,1359.342,687.6189999999999
20140714,2066.646,1367.07,699.5760000000002
20140715,2070.357,1341.269,729.088
20140716,2067.276,1318.615,748.6609999999998
20140717,2055.591,1312.809,742.7819999999999
20140718,2059.067,1305.922,753.145
20140721,2054.479,1306.965,747.5139999999999
20140722,2075.481,1329.349,746.1320000000003
20140723,2078.489,1293.094,785.395
20140724,2105.062,1271.879,833.183
20140725,2126.614,1285.768,840.846
20140728,2177.948,1314.527,863.4209999999998
20140729,2183.192,1331.764,851.4280000000001
20140730,2181.243,1342.738,838.5049999999999
20140731,2201.562,1344.544,857.0179999999998
20140801,2185.303,1325.938,859.3649999999998
20140804,2223.331,1329.821,893.5100000000002
20140805,2219.945,1360.692,859.2530000000002
20140806,2217.465,1365.74,851.7250000000001
20140807,2187.669,1362.028,825.6409999999998
20140808,2194.425,1377.445,816.9800000000002
20140811,2224.654,1397.784,826.8699999999999
20140812,2221.595,1396.438,825.1569999999997
20140813,2222.877,1384.309,838.568
20140814,2206.466,1380.303,826.1629999999998
20140815,2226.734,1392.451,834.2829999999999
20140818,2239.466,1428.739,810.7269999999999
20140819,2245.33,1436.396,808.934
20140820,2240.211,1427.404,812.8069999999998
20140821,2230.458,1447.881,782.577
20140822,2240.812,1461.722,779.0899999999999
20140825,2229.274,1443.806,785.4679999999998
20140826,2207.106,1411.15,795.9560000000001
20140827,2209.465,1420.54,788.9250000000002
20140828,2195.818,1403.795,792.0230000000001
20140829,2217.2,1424.469,792.7309999999998
20140901,2235.511,1452.843,782.6679999999999
20140902,2266.046,1465.033,801.0129999999999
20140903,2288.627,1477.673,810.954
20140904,2306.862,1495.513,811.3490000000002
20140905,2326.432,1489.835,836.5969999999998
20140909,2326.527,1494.017,832.51
20140910,2318.305,1504.914,813.3909999999998
20140911,2311.679,1513.014,798.6650000000002
20140912,2331.95,1524.121,807.8289999999997
20140915,2339.14,1526.135,813.0049999999999
20140916,2296.555,1473.13,823.4249999999997
20140917,2307.893,1479.118,828.7750000000001
20140918,2315.928,1490.787,825.1409999999998
20140919,2329.451,1499.124,830.327
20140922,2289.866,1483.353,806.5129999999999
20140923,2309.718,1500.99,808.7279999999998
20140924,2343.575,1517.421,826.1539999999998
20140925,2345.103,1508.416,836.6870000000001
20140926,2347.718,1511.357,836.3609999999999
20140929,2357.711,1526.175,831.5359999999998
20140930,2363.87,1540.874,822.9959999999999
20141008,2382.794,1557.568,825.2259999999999
20141009,2389.371,1561.166,828.2050000000002
20141010,2374.54,1554.217,820.3229999999999
20141013,2366.009,1548.327,817.682
20141014,2359.475,1539.119,820.356
20141015,2373.67,1545.623,828.047
20141016,2356.499,1526.56,829.9389999999999
20141017,2341.184,1511.054,830.1300000000001
20141020,2356.728,1532.38,824.348
20141021,2339.657,1517.483,822.1740000000002
20141022,2326.553,1504.552,822.001
20141023,2302.418,1477.837,824.5810000000001
20141024,2302.28,1477.588,824.6920000000002
20141027,2290.437,1492.01,798.4269999999999
20141028,2337.871,1522.052,815.8190000000002
20141029,2373.03,1530.084,842.9460000000001
20141030,2391.076,1525.767,865.309
20141031,2420.178,1513.267,906.9109999999998
20141103,2430.032,1529.892,900.1400000000001
20141104,2430.677,1516.396,914.2810000000002
20141105,2419.254,1512.487,906.7669999999998
20141106,2425.864,1532.52,893.344
20141107,2418.171,1522.625,895.5459999999998
20141110,2473.673,1514.818,958.8549999999998
20141111,2469.673,1461.508,1008.1649999999997
20141112,2494.476,1475.753,1018.7230000000002
20141113,2485.606,1442.859,1042.7470000000003
20141114,2478.824,1441.213,1037.611
20141117,2474.009,1471.685,1002.3240000000001
20141118,2456.366,1481.86,974.5060000000001
20141119,2450.986,1505.552,945.434
20141120,2452.66,1494.591,958.069
20141121,2486.791,1504.833,981.9580000000001
20141124,2532.879,1507.811,1025.068
20141125,2567.597,1541.922,1025.6750000000002
20141126,2604.345,1554.22,1050.1249999999998
20141127,2630.486,1563.409,1067.0769999999998
20141128,2682.835,1570.851,1111.984
20141201,2680.155,1552.306,1127.8490000000002
20141202,2763.545,1565.417,1198.1280000000002
20141203,2779.525,1604.447,1175.0780000000002
20141204,2899.456,1621.845,1277.611
20141205,2937.647,1581.907,1355.74
20141208,3020.258,1567.163,1453.0949999999998
20141209,2856.269,1504.623,1351.6459999999997
20141210,2940.006,1572.685,1367.321
20141211,2925.743,1587.665,1338.078
20141212,2938.173,1623.569,1314.6039999999998
20141215,2953.421,1657.498,1295.9229999999998
20141216,3021.518,1649.582,1371.936
20141217,3061.02,1644.212,1416.808
20141218,3057.521,1634.052,1423.4690000000003
20141219,3108.596,1596.811,1511.785
20141222,3127.445,1517.928,1609.517
20141223,3032.612,1496.534,1536.078
20141224,2972.532,1519.798,1452.7340000000002
20141225,3072.536,1529.468,1543.068
20141226,3157.603,1536.082,1621.521
20141229,3168.016,1499.4,1668.616
20141230,3165.815,1460.108,1705.707
20141231,3234.677,1471.764,1762.9130000000002
20150105,3350.519,1464.774,1885.745
20150106,3351.446,1539.828,1811.618
20150107,3373.954,1523.387,1850.5670000000002
20150108,3293.456,1541.887,1751.5690000000002
20150109,3285.412,1553.239,1732.1729999999998
20150112,3229.316,1586.124,1643.1919999999998
20150113,3235.301,1601.168,1634.133
20150114,3222.437,1588.007,1634.4299999999998
20150115,3336.455,1586.335,1750.12
20150116,3376.495,1639.555,1736.9399999999998
20150119,3116.351,1630.065,1486.286
20150120,3173.052,1700.852,1472.2
20150121,3323.611,1722.581,1601.03
20150122,3343.344,1744.037,1599.307
20150123,3351.764,1697.288,1654.476
20150126,3383.182,1739.79,1643.3919999999998
20150127,3352.96,1743.675,1609.285
20150128,3305.738,1731.413,1574.3249999999998
20150129,3262.305,1711.372,1550.9329999999998
20150130,3210.363,1680.58,1529.783
20150202,3128.3,1696.829,1431.4710000000002
20150203,3204.907,1750.906,1454.0010000000002
20150204,3174.126,1757.739,1416.3870000000002
20150205,3136.531,1774.312,1362.219
20150206,3075.907,1730.966,1344.9410000000003
20150209,3095.124,1708.845,1386.2789999999998
20150210,3141.593,1747.675,1393.918
20150211,3157.704,1772.845,1384.8590000000002
20150212,3173.416,1788.809,1384.6070000000002
20150213,3203.827,1825.488,1378.3390000000002
20150216,3222.363,1896.628,1325.735
20150217,3246.906,1894.306,1352.6
20150225,3228.843,1876.745,1352.098
20150226,3298.359,1880.388,1417.971
20150227,3310.303,1928.044,1382.2589999999998
20150302,3336.285,1986.986,1349.2989999999998
20150303,3263.052,1961.743,1301.3090000000002
20150304,3279.533,2009.827,1269.706
20150305,3248.476,2014.786,1233.69
20150306,3241.187,1951.398,1289.789
20150309,3302.408,1994.39,1308.0179999999998
20150310,3286.068,2045.322,1240.7460000000003
20150311,3290.9,2035.829,1255.0710000000001
20150312,3349.323,2018.132,1331.1909999999998
20150313,3372.911,2069.072,1303.839
20150316,3449.305,2142.672,1306.6329999999998
20150317,3502.847,2137.462,1365.3850000000002
20150318,3577.301,2182.919,1394.382
20150319,3582.271,2183.878,1398.393
20150320,3617.318,2213.766,1403.5520000000001
20150323,3687.728,2293.649,1394.0790000000002
20150324,3691.41,2357.969,1333.4409999999998
20150325,3660.727,2385.014,1275.7129999999997
20150326,3682.095,2291.789,1390.3059999999996
20150327,3691.096,2323.818,1367.2779999999998
20150330,3786.568,2290.476,1496.092
20150331,3747.899,2335.171,1412.728
20150401,3810.294,2404.909,1405.3849999999998
20150402,3825.784,2475.325,1350.4590000000003
20150403,3863.929,2510.16,1353.7690000000002
20150407,3961.378,2556.698,1404.6800000000003
20150408,3994.811,2488.158,1506.6530000000002
20150409,3957.534,2496.487,1461.047
20150410,4034.31,2552.829,1481.4809999999998
20150413,4121.715,2577.776,1543.9390000000003
20150414,4135.565,2558.848,1576.7169999999996
20150415,4084.163,2441.739,1642.424
20150416,4194.823,2484.33,1710.4930000000004
20150417,4287.296,2463.99,1823.3060000000005
20150420,4217.077,2424.848,1792.2290000000003
20150421,4293.623,2566.091,1727.5319999999997
20150422,4398.494,2634.931,1763.5629999999996
20150423,4414.508,2706.185,1708.3229999999999
20150424,4393.686,2734.75,1658.9359999999997
20150427,4527.396,2747.497,1779.899
20150428,4476.215,2687.974,1788.241
20150429,4476.62,2797.524,1679.096
20150430,4441.655,2857.89,1583.7649999999999
20150504,4480.464,2845.252,1635.212
20150505,4298.706,2783.443,1515.263
20150506,4229.266,2846.558,1382.7079999999996
20150507,4112.214,2806.047,1306.167
20150508,4205.917,2973.596,1232.3210000000004
20150511,4333.584,3146.83,1186.754
20150512,4401.219,3250.296,1150.9230000000002
20150513,4375.76,3192.147,1183.6130000000003
20150514,4378.311,3141.593,1236.7179999999998
20150515,4308.691,3145.335,1163.3559999999998
20150518,4283.491,3278.483,1005.0079999999998
20150519,4417.552,3322.774,1094.7779999999998
20150520,4446.288,3406.284,1040.0039999999995
20150521,4529.422,3527.413,1002.0089999999996
20150522,4657.596,3516.627,1140.9689999999996
20150525,4813.798,3467.916,1345.8819999999996
20150526,4910.897,3618.231,1292.6659999999997
20150527,4941.714,3628.673,1313.0410000000002
20150528,4620.266,3432.982,1187.2839999999997
20150529,4611.744,3542.844,1068.8999999999996
20150601,4828.738,3718.753,1109.9850000000001
20150602,4910.527,3901.543,1008.9839999999999
20150603,4909.978,3982.251,927.7269999999999
20150604,4947.102,3943.467,1003.6349999999998
20150605,5023.096,3885.832,1137.2639999999997
20150608,5131.881,3704.553,1427.3280000000004
20150609,5113.534,3705.536,1407.9979999999996
20150610,5106.0359,3834.699,1271.3368999999998
20150611,5121.5925,3862.138,1259.4544999999998
20150612,5166.35,3899.705,1266.6450000000004
20150615,5062.9929,3696.027,1366.9659000000001
20150616,4887.432,3590.669,1296.763
20150617,4967.8983,3741.357,1226.5412999999999
20150618,4785.356,3504.554,1280.8019999999997
20150619,4478.3643,3314.976,1163.3883
20150623,4576.4922,3393.94,1182.5521999999996
20150624,4690.1497,3383.404,1306.7457
20150625,4527.7789,3206.381,1321.3979000000004
20150626,4192.8734,2920.703,1272.1704000000004
20150629,4053.0304,2689.76,1363.2703999999999
20150630,4277.2219,2858.606,1418.6158999999993
20150701,4053.6997,2759.408,1294.2917000000002
20150702,3912.7668,2649.316,1263.4508
20150703,3686.9153,2605.276,1081.6393000000003
20150706,3775.9122,2493.828,1282.0842000000002
20150707,3727.1248,2352.01,1375.1147999999998
20150708,3507.1923,2364.049,1143.1433000000002
20150709,3709.3304,2435.755,1273.5753999999997
20150710,3877.8034,2535.889,1341.9143999999997
20150713,3970.3878,2683.074,1287.3138
20150714,3924.4871,2726.048,1198.4391
20150715,3805.7033,2590.031,1215.6723000000002
20150716,3823.1755,2627.076,1196.0994999999998
20150717,3957.3516,2783.324,1174.0276
20150720,3992.1096,2848.303,1143.8066
20150721,4017.6748,2882.897,1134.7777999999998
20150722,4026.045,2897.373,1128.672
20150723,4123.9234,2967.952,1155.9713999999994
20150724,4070.908,2897.824,1173.0839999999998
20150727,3725.5582,2683.446,1042.1122
20150728,3663.0024,2581.962,1081.0403999999999
20150729,3789.168,2693.865,1095.3030000000003
20150730,3705.7656,2561.191,1144.5746000000004
20150731,3663.7256,2539.844,1123.8816000000002
20150803,3622.9051,2399.273,1223.6320999999998
20150804,3756.5449,2546.162,1210.3829
20150805,3694.5733,2502.041,1192.5322999999999
20150806,3661.5392,2480.926,1180.6132000000002
20150807,3744.2045,2576.993,1167.2115
20150810,3928.4154,2706.718,1221.6974
20150811,3927.9083,2698.912,1228.9963000000002
20150812,3886.3198,2622.188,1264.1318
20150813,3954.5561,2684.258,1270.2981
20150814,3965.3349,2674.022,1291.3129
20150817,3993.6677,2666.287,1327.3807000000002
20150818,3748.1639,2504.172,1243.9919
20150819,3794.1094,2570.691,1223.4184
20150820,3664.2907,2508.817,1155.4737
20150821,3507.744,2341.954,1165.79
20150824,3209.905,2152.614,1057.2910000000002
20150825,2964.9674,1990.706,974.2614000000001
20150826,2927.288,1890.036,1037.252
20150827,3083.5912,1959.494,1124.0972
20150828,3232.3495,2082.124,1150.2255
20150831,3205.9855,1996.865,1209.1204999999998
20150901,3166.6239,1889.491,1277.1329
20150902,3160.167,1855.032,1305.135
20150907,3080.4201,1893.521,1186.8990999999999
20150908,3170.4522,2001.156,1169.2962000000002
20150909,3243.0889,2071.717,1171.3719
20150910,3197.8932,2039.118,1158.7752
20150911,3200.2337,2060.505,1139.7287000000001
20150914,3114.798,1906.214,1208.5839999999998
20150915,3005.1722,1797.557,1207.6152
20150916,3152.2632,1926.245,1226.0182
20150917,3086.0611,1933.297,1152.7640999999999
20150918,3097.9172,1983.298,1114.6191999999999
20150921,3156.5399,2079.06,1077.4799000000003
20150922,3185.6187,2078.718,1106.9007000000001
20150923,3115.8881,2077.99,1037.8981000000003
20150924,3142.6869,2106.594,1036.0929
20150925,3092.347,2020.972,1071.3750000000002
20150928,3100.7559,2122.257,978.4989
20150929,3038.1368,2098.567,939.5698000000002
20150930,3052.7814,2082.673,970.1084000000001
20151008,3143.3573,2190.311,953.0463
20151009,3183.1516,2216.656,966.4956000000002
20151012,3287.6624,2316.782,970.8804
20151013,3293.2301,2342.039,951.1911
20151014,3262.4414,2305.003,957.4384
20151015,3338.073,2404.533,933.54
20151016,3391.3516,2449.03,942.3215999999998
20151019,3386.7003,2433.599,953.1012999999998
20151020,3425.3303,2511.164,914.1662999999999
20151021,3320.6761,2344.74,975.9361000000004
20151022,3368.7388,2458.138,910.6008000000002
20151023,3412.4338,2538.383,874.0508
20151026,3429.5809,2527.477,902.1039000000001
20151027,3434.336,2563.958,870.3779999999997
20151028,3375.1961,2485.235,889.9611
20151029,3387.3154,2485.276,902.0394000000001
20151030,3382.5612,2478.277,904.2842
20151102,3325.0846,2432.038,893.0466000000001
20151103,3316.6954,2429.27,887.4254000000001
20151104,3459.6396,2584.317,875.3226
20151105,3522.8185,2564.722,958.0964999999997
20151106,3590.0324,2661.412,928.6204000000002
20151109,3646.8811,2724.619,922.2620999999999
20151110,3640.4853,2746.609,893.8762999999999
20151111,3650.2494,2804.677,845.5724
20151112,3632.9016,2783.298,849.6036000000004
20151113,3580.8388,2710.161,870.6777999999999
20151116,3606.9574,2797.162,809.7954
20151117,3604.7951,2717.052,887.7430999999997
20151118,3568.4676,2661.165,907.3026
20151119,3617.062,2770.752,846.31
20151120,3630.4995,2800.15,830.3494999999998
20151123,3610.3195,2770.577,839.7424999999998
20151124,3616.1125,2816.048,800.0645000000004
20151125,3647.93,2897.569,750.3609999999999
20151126,3635.5521,2833.198,802.3541
20151127,3436.303,2649.55,786.7529999999997
20151130,3445.4048,2672.581,772.8237999999997
20151201,3456.3085,2655.345,800.9635000000003
20151202,3536.9051,2613.263,923.6421
20151203,3584.8237,2708.123,876.7006999999999
20151204,3524.992,2692.161,832.8310000000001
20151207,3536.9272,2738.149,798.7782000000002
20151208,3470.0698,2691.658,778.4118000000003
20151209,3472.4394,2667.912,804.5274000000004
20151210,3455.4951,2695.507,759.9881
20151211,3434.5813,2671.292,763.2892999999999
20151214,3520.6682,2709.265,811.4032000000002
20151215,3510.354,2745.7,764.654
20151216,3516.1867,2763.114,753.0727000000002
20151217,3579.999,2835.701,744.2979999999998
20151218,3578.964,2830.259,748.7049999999999
20151221,3642.472,2829.921,812.5510000000004
20151222,3651.767,2839.852,811.915
20151223,3636.089,2783.942,852.1469999999999
20151224,3612.485,2795.78,816.7049999999999
20151225,3627.914,2794.73,833.1840000000002
20151228,3533.779,2735.485,798.2939999999999
20151229,3563.736,2749.822,813.9139999999998
20151230,3572.876,2779.513,793.3630000000003
20151231,3539.182,2714.048,825.134
20160104,3296.258,2491.24,805.018
20160105,3287.711,2416.725,870.9859999999999
20160106,3361.84,2468.366,893.4740000000002
20160107,3125.002,2256.524,868.4780000000001
20160108,3186.412,2248.99,937.422
20160111,3016.704,2106.358,910.346
20160112,3022.861,2147.531,875.3299999999999
20160113,2949.597,2059.776,889.8210000000004
20160114,3007.649,2175.012,832.6369999999997
20160115,2900.9698,2112.902,788.0677999999998
20160118,2913.8367,2174.934,738.9026999999996
20160119,3007.7393,2241.696,766.0433000000003
20160120,2976.694,2204.648,772.0459999999998
20160121,2880.482,2112.404,768.078
20160122,2916.562,2149.586,766.9760000000001
20160125,2938.515,2158.824,779.6909999999998
20160126,2749.785,1994.047,755.7379999999998
20160127,2735.558,1997.465,738.0930000000001
20160128,2655.661,1906.461,749.2
20160129,2737.6,1994.065,743.5349999999999
20160201,2688.854,1992.695,696.1589999999999
20160202,2749.57,2075.287,674.2830000000004
20160203,2739.247,2090.513,648.7339999999999
20160204,2781.023,2126.636,654.3870000000002
20160205,2763.492,2096.986,666.5060000000003
20160215,2746.196,2116.838,629.3579999999997
20160216,2836.571,2201.925,634.6459999999997
20160217,2867.338,2215.341,651.9970000000003
20160218,2862.893,2190.911,671.982
20160219,2860.021,2211.006,649.0150000000003
20160222,2927.175,2245.564,681.6110000000003
20160223,2903.331,2218.119,685.212
20160224,2928.896,2203.741,725.1550000000002
20160225,2741.245,2037.143,704.1019999999999
20160226,2767.21,2014.92,752.29
20160229,2687.979,1880.146,807.8329999999999
20160301,2733.17,1934.919,798.251
20160302,2849.681,2017.604,832.077
20160303,2859.758,2007.076,852.6819999999998
20160304,2874.147,1907.041,967.106
20160307,2897.34,1953.332,944.008
20160308,2901.387,2002.191,899.1960000000001
20160309,2862.556,1970.813,891.7429999999999
20160310,2804.726,1936.968,867.758
20160311,2810.307,1934.87,875.4369999999999
20160314,2859.499,2023.128,836.3709999999999
20160315,2864.368,1996.92,867.4479999999999
20160316,2870.43,1977.538,892.8919999999998
20160317,2904.832,2087.293,817.5389999999998
20160318,2955.15,2177.87,777.2800000000002
20160321,3018.802,2227.034,791.768
20160322,2999.363,2221.702,777.6609999999996
20160323,3009.96,2259.106,750.8539999999998
20160324,2960.97,2219.77,741.1999999999998
20160325,2979.434,2216.086,763.3480000000004
20160328,2957.82,2199.685,758.1350000000002
20160329,2919.832,2152.548,767.2840000000001
20160330,3000.645,2248.783,751.8620000000001
20160331,3003.915,2238.286,765.6289999999999
20160401,3009.53,2205.369,804.1610000000001
20160405,3053.065,2279.52,773.5450000000001
20160406,3050.592,2297.041,753.5509999999999
20160407,3008.42,2248.684,759.7359999999999
20160408,2984.958,2229.934,755.0239999999999
20160411,3033.957,2283.143,750.8139999999999
20160412,3023.646,2264.016,759.6300000000001
20160413,3066.638,2294.015,772.623
20160414,3082.362,2324.394,757.9680000000003
20160415,3078.117,2309.676,768.4410000000003
20160418,3033.66,2265.593,768.067
20160419,3042.823,2272.52,770.3029999999999
20160420,2972.584,2145.239,827.3449999999998
20160421,2952.891,2110.162,842.7290000000003
20160422,2959.24,2136.924,822.3159999999998
20160425,2946.67,2126.834,819.8360000000002
20160426,2964.7,2155.697,809.0029999999997
20160427,2953.671,2146.611,807.06
20160428,2945.589,2155.229,790.3600000000001
20160429,2938.324,2138.738,799.5860000000002
20160503,2992.643,2217.23,775.413
20160504,2991.272,2211.018,780.2539999999999
20160505,2997.842,2224.095,773.7470000000003
20160506,2913.248,2129.194,784.0540000000001
20160509,2832.113,2053.597,778.5159999999996
20160510,2832.591,2054.222,778.3689999999997
20160511,2837.037,2034.925,802.1119999999999
20160512,2835.862,2034.565,801.297
20160513,2827.109,2025.223,801.886
20160516,2850.862,2057.857,793.0050000000001
20160517,2843.684,2081.44,762.2440000000001
20160518,2807.514,2020.475,787.0390000000002
20160519,2806.906,2037.403,769.5029999999999
20160520,2825.483,2065.301,760.1820000000002
20160523,2843.645,2098.234,745.4110000000001
20160524,2821.666,2075.509,746.1570000000002
20160525,2815.0863,2067.254,747.8323
20160526,2822.443,2086.007,736.4360000000001
20160527,2821.046,2069.885,751.1609999999996
20160530,2822.451,2058.518,763.933
20160531,2916.616,2159.8,756.8159999999998
20160601,2913.508,2168.82,744.6879999999996
20160602,2925.229,2188.558,736.6709999999998
20160603,2938.682,2204.974,733.7079999999996
20160606,2934.098,2199.301,734.797
20160607,2936.045,2196.727,739.3180000000002
20160608,2927.159,2186.544,740.6150000000002
20160613,2833.071,2054.707,778.364
20160614,2842.189,2058.314,783.875
20160615,2887.21,2128.799,758.4110000000001
20160616,2872.817,2101.416,771.4009999999998
20160617,2885.105,2122.89,762.2150000000001
20160620,2888.809,2119.63,769.1790000000001
20160621,2878.558,2092.001,786.5569999999998
20160622,2905.55,2144.818,760.732
20160623,2891.96,2137.485,754.4749999999999
20160624,2854.286,2127.364,726.922
20160627,2895.703,2191.806,703.8969999999999
20160628,2912.557,2216.71,695.8469999999998
20160629,2931.592,2209.788,721.8040000000001
20160630,2929.606,2227.79,701.8160000000003
20160701,2932.476,2211.177,721.299
20160704,2988.604,2248.712,739.8919999999998
20160705,3006.392,2246.024,760.3679999999999
20160706,3017.292,2241.56,775.732
20160707,3016.847,2233.922,782.9250000000002
20160708,2988.094,2239.002,749.0920000000001
20160711,2994.917,2218.588,776.3289999999997
20160712,3049.381,2247.354,802.027
20160713,3060.689,2285.369,775.3199999999997
20160714,3054.018,2293.079,760.9389999999999
20160715,3054.296,2263.784,790.5119999999997
20160718,3043.564,2249.871,793.6929999999998
20160719,3036.598,2273.719,762.8789999999999
20160720,3027.9,2268.535,759.3650000000002
20160721,3039.009,2265.128,773.8809999999999
20160722,3012.816,2249.999,762.817
20160725,3015.828,2245.885,769.9429999999998
20160726,3050.166,2279.55,770.616
20160727,2991.999,2155.386,836.6129999999998
20160728,2994.323,2139.744,854.5789999999997
20160729,2979.339,2122.412,856.9270000000001
20160801,2953.385,2099.179,854.2060000000001
20160802,2971.279,2113.214,858.065
20160803,2978.461,2108.314,870.1469999999999
20160804,2982.426,2129.652,852.7739999999999
20160805,2976.696,2109.055,867.6410000000001
20160808,3004.277,2130.594,873.683
20160809,3025.681,2154.505,871.1759999999999
20160810,3018.746,2137.001,881.7449999999999
20160811,3002.638,2103.395,899.2429999999999
20160812,3050.667,2123.841,926.826
20160815,3125.195,2193.211,931.9840000000004
20160816,3110.037,2201.096,908.9409999999998
20160817,3109.555,2208.195,901.3599999999997
20160818,3104.114,2201.594,902.52
20160819,3108.102,2204.556,903.5459999999998
20160822,3084.805,2167.4,917.4049999999997
20160823,3089.706,2174.158,915.5480000000002
20160824,3085.88,2192.17,893.71
20160825,3068.329,2180.66,887.6690000000003
20160826,3070.309,2189.749,880.5600000000004
20160829,3070.027,2193.2,876.8270000000002
20160830,3074.677,2195.531,879.1460000000002
20160831,3085.491,2191.758,893.7330000000002
20160901,3063.305,2181.326,881.9789999999998
20160902,3067.352,2170.857,896.4949999999999
20160905,3072.095,2182.694,889.4009999999998
20160906,3090.713,2222.837,867.8760000000002
20160907,3091.928,2212.053,879.875
20160908,3095.954,2223.468,872.4860000000003
20160909,3078.855,2202.967,875.8879999999999
20160912,3021.977,2145.563,876.4139999999998
20160913,3023.51,2145.868,877.6420000000003
20160914,3002.849,2144.557,858.2920000000004
20160919,3026.051,2165.213,860.8379999999997
20160920,3023.0,2158.432,864.5680000000002
20160921,3025.874,2162.131,863.7429999999999
20160922,3042.313,2168.422,873.8910000000001
20160923,3033.896,2156.51,877.386
20160926,2980.43,2122.9,857.5299999999997
20160927,2998.172,2140.803,857.3690000000001
20160928,2987.858,2139.628,848.23
20160929,2998.483,2146.184,852.299
20160930,3004.703,2149.901,854.8020000000001
20161010,3048.143,2208.469,839.674
20161011,3065.25,2210.861,854.3890000000001
20161012,3058.498,2209.685,848.8130000000001
20161013,3061.346,2208.567,852.779
20161014,3063.809,2194.227,869.5820000000003
20161017,3041.166,2167.862,873.3040000000001
20161018,3083.875,2198.141,885.7339999999999
20161019,3084.719,2184.91,899.8090000000002
20161020,3084.458,2193.255,891.203
20161021,3090.941,2180.996,909.9449999999997
20161024,3128.247,2200.803,927.444
20161025,3131.939,2200.207,931.732
20161026,3116.312,2184.493,931.819
20161027,3112.35,2182.477,929.873
20161028,3104.27,2165.433,938.837
20161031,3100.492,2159.76,940.732
20161101,3122.436,2176.447,945.989
20161102,3102.733,2146.399,956.3340000000003
20161103,3128.936,2153.185,975.7510000000002
20161104,3125.317,2145.229,980.0880000000002
20161107,3133.333,2130.301,1003.0320000000002
20161108,3147.888,2150.303,997.585
20161109,3128.37,2123.845,1004.5250000000001
20161110,3171.282,2143.321,1027.9610000000002
20161111,3196.044,2147.107,1048.937
20161114,3210.371,2161.686,1048.685
20161115,3206.986,2179.3,1027.6859999999997
20161116,3205.057,2182.467,1022.5899999999997
20161117,3208.453,2163.041,1045.4119999999998
20161118,3192.856,2157.96,1034.8960000000002
20161121,3218.148,2152.602,1065.5460000000003
20161122,3248.352,2177.651,1070.701
20161123,3241.137,2165.707,1075.4300000000003
20161124,3241.736,2146.627,1095.109
20161125,3261.938,2167.528,1094.4100000000003
20161128,3277.0,2166.045,1110.955
20161129,3282.924,2160.346,1122.578
20161130,3250.034,2183.049,1066.9850000000001
20161201,3273.309,2181.929,1091.38
20161202,3243.843,2143.452,1100.3909999999996
20161205,3204.709,2143.878,1060.8309999999997
20161206,3199.647,2122.259,1077.388
20161207,3222.242,2134.987,1087.255
20161208,3215.366,2114.711,1100.6550000000002
20161209,3232.883,2099.888,1132.995
20161212,3152.97,1984.395,1168.5749999999998
20161213,3155.037,1985.043,1169.994
20161214,3140.531,1963.08,1177.451
20161215,3117.677,1975.854,1141.823
20161216,3122.982,1998.113,1124.869
20161219,3118.0846,1980.4102,1137.6744
20161220,3102.8759,1982.2972,1120.5787
20161221,3137.4297,1991.6964,1145.7333
20161222,3139.558,1986.2744,1153.2836
20161223,3110.1544,1964.5412,1145.6132
20161226,3122.569,1974.0101,1148.5589
20161227,3114.664,1968.6195,1146.0445000000002
20161228,3102.2357,1957.1545,1145.0812
20161229,3096.0968,1959.2396,1136.8571999999997
20161230,3103.6373,1962.0587,1141.5785999999998
20170103,3135.9208,1963.255,1172.6657999999998
20170104,3158.794,1991.5652,1167.2287999999999
20170105,3165.4109,1983.9713,1181.4396
20170106,3154.321,1965.03,1189.291
20170109,3171.2362,1961.6191,1209.6171
20170110,3161.6713,1951.6773,1209.994
20170111,3136.7535,1937.5466,1199.2069
20170112,3119.2886,1930.1447,1189.1438999999998
20170113,3112.7644,1899.9428,1212.8216
20170116,3103.428,1830.8477,1272.5802999999999
20170117,3108.7746,1867.8683,1240.9063
20170118,3113.0123,1845.7875,1267.2248
20170119,3101.2992,1844.14,1257.1591999999998
20170120,3123.1389,1880.7483,1242.3906
20170123,3136.7748,1887.3245,1249.4503000000002
20170124,3142.5533,1861.2158,1281.3375
20170125,3149.5547,1870.7028,1278.8519000000001
20170126,3159.166,1886.232,1272.9340000000002
20170203,3140.17,1876.7607,1263.4093
20170206,3156.9838,1900.4472,1256.5366
20170207,3153.0878,1889.1337,1263.9540999999997
20170208,3166.9818,1903.6279,1263.3539
20170209,3183.1794,1914.0823,1269.0971
20170210,3196.699,1904.6849,1292.0141
20170213,3216.8394,1913.6805,1303.1589
20170214,3217.928,1909.3954,1308.5325999999998
20170215,3212.9857,1892.357,1320.6287000000002
20170216,3229.6184,1897.6297,1331.9886999999999
20170217,3202.0756,1882.8685,1319.2071
20170220,3239.9613,1894.9616,1344.9996999999998
20170221,3253.3257,1921.0773,1332.2484
20170222,3261.2184,1919.9732,1341.2452000000003
20170223,3251.375,1925.9512,1325.4238
20170224,3253.4327,1938.4445,1314.9881999999998
20170227,3228.6602,1926.7715,1301.8886999999997
20170228,3241.7331,1927.1597,1314.5734
20170301,3246.9335,1931.9682,1314.9653
20170302,3230.0281,1920.4049,1309.6232
20170303,3218.3118,1928.289,1290.0228
20170306,3233.8657,1962.7697,1271.0959999999998
20170307,3242.4063,1977.8531,1264.5532
20170308,3240.6646,1964.6284,1276.0362
20170309,3216.7457,1953.9425,1262.8031999999998
20170310,3212.7601,1950.0077,1262.7523999999999
20170313,3237.0244,1970.8788,1266.1455999999998
20170314,3239.3278,1958.023,1281.3048000000001
20170315,3241.7597,1957.8199,1283.9398
20170316,3268.9354,1966.7266,1302.2087999999999
20170317,3237.4471,1949.661,1287.7860999999998
20170320,3250.8082,1953.8158,1296.9923999999999
20170321,3261.6108,1961.0632,1300.5475999999999
20170322,3245.2198,1948.5799,1296.6399
20170323,3248.5495,1948.3692,1300.1803
20170324,3269.4451,1965.1368,1304.3083
20170327,3266.9552,1947.5282,1319.427
20170328,3252.9479,1944.3626,1308.5853000000002
20170329,3241.3144,1929.1958,1312.1186000000002
20170330,3210.2369,1893.7009,1316.5359999999998
20170331,3222.5142,1907.3381,1315.1761000000001
20170405,3270.3054,1943.1602,1327.1452000000002
20170406,3281.0047,1944.2345,1336.7702
20170407,3286.616,1946.0485,1340.5674999999999
20170410,3269.3926,1912.4507,1356.9419
20170411,3288.9657,1917.6329,1371.3328000000001
20170412,3273.8301,1897.5065,1376.3236000000002
20170413,3275.9603,1910.476,1365.4843
20170414,3246.0668,1887.4603,1358.6065
20170417,3222.1673,1868.2814,1353.8859
20170418,3196.7133,1848.2027,1348.5105999999998
20170419,3170.6867,1845.3821,1325.3046000000002
20170420,3172.1003,1850.39,1321.7103
20170421,3173.1512,1839.0064,1334.1447999999998
20170424,3129.5312,1809.9113,1319.6199
20170425,3134.5674,1818.8704,1315.697
20170426,3140.8471,1820.4805,1320.3666
20170427,3152.1869,1842.9222,1309.2647000000002
20170428,3154.6584,1850.7336,1303.9247999999998
20170502,3143.7121,1850.8493,1292.8628
20170503,3135.346,1840.4534,1294.8926
20170504,3127.3687,1838.1038,1289.2649
20170505,3103.0378,1818.1911,1284.8467
20170508,3078.6129,1788.7083,1289.9046
20170509,3080.5269,1802.4908,1278.0360999999998
20170510,3052.785,1771.3195,1281.4654999999998
20170511,3061.5003,1772.4131,1289.0872000000002
20170512,3083.5132,1774.6277,1308.8854999999999
20170515,3090.2289,1778.6359,1311.593
20170516,3112.9642,1814.9405,1298.0237
20170517,3104.4415,1822.6389,1281.8026
20170518,3090.139,1813.5065,1276.6325000000002
20170519,3090.6309,1801.0776,1289.5533
20170522,3075.6756,1788.0753,1287.6003
20170523,3061.947,1758.2348,1303.7122000000002
20170524,3064.0759,1776.2778,1287.7980999999997
20170525,3107.8311,1777.6939,1330.1372
20170526,3110.0587,1759.6318,1350.4269
20170531,3117.1778,1763.7292,1353.4486
20170601,3102.6232,1728.488,1374.1352
20170602,3105.54,1745.9265,1359.6135
20170605,3091.6561,1761.2457,1330.4104000000002
20170606,3102.126,1766.3934,1335.7326000000003
20170607,3140.3249,1799.8524,1340.4725
20170608,3150.3336,1794.7496,1355.5839999999998
20170609,3158.4004,1796.1348,1362.2656
20170612,3139.8766,1775.5508,1364.3258
20170613,3153.7429,1795.6316,1358.1113000000003
20170614,3130.674,1790.6354,1340.0386
20170615,3132.4863,1816.2585,1316.2278000000001
20170616,3123.1662,1810.0526,1313.1136000000001
20170619,3144.3739,1816.3997,1327.9742
20170620,3140.0136,1820.9764,1319.0372000000002
20170621,3156.2118,1824.6908,1331.521
20170622,3147.4532,1798.3806,1349.0726
20170623,3157.873,1807.4288,1350.4442000000001
20170626,3185.4439,1821.2775,1364.1664000000003
20170627,3191.1969,1819.9338,1371.2631
20170628,3173.2014,1808.1995,1365.0019
20170629,3188.0625,1813.5524,1374.5101
20170630,3192.4269,1818.0668,1374.3600999999999
20170703,3195.9116,1835.9857,1359.9259
20170704,3182.8039,1829.5051,1353.2987999999998
20170705,3207.1342,1836.6309,1370.5032999999999
20170706,3212.444,1838.9952,1373.4488
20170707,3217.9567,1835.439,1382.5177
20170710,3212.6319,1803.2473,1409.3845999999999
20170711,3203.0375,1783.9117,1419.1257999999998
20170712,3197.5439,1786.7462,1410.7977
20170713,3218.1632,1778.8626,1439.3006
20170714,3222.4168,1745.5672,1476.8496
20170717,3176.4648,1656.4333,1520.0315000000003
20170718,3187.5672,1667.4881,1520.0791
20170719,3230.9762,1684.771,1546.2052
20170720,3244.8647,1688.6097,1556.255
20170721,3237.9817,1690.1454,1547.8362999999997
20170724,3250.5989,1686.4385,1564.1604
20170725,3243.6894,1688.0945,1555.5949000000003
20170726,3247.6748,1681.3097,1566.3650999999998
20170727,3249.7814,1742.1908,1507.5905999999998
20170728,3253.2404,1734.0736,1519.1668000000002
20170731,3273.0283,1736.3,1536.7283
20170801,3292.6383,1741.0741,1551.5642
20170802,3285.0568,1724.833,1560.2237999999998
20170803,3272.9286,1733.1235,1539.8051000000003
20170804,3262.0809,1719.6172,1542.4637
20170807,3279.4566,1732.4341,1547.0225
20170808,3281.8728,1762.4211,1519.4517
20170809,3275.573,1763.0491,1512.5239
20170810,3261.7494,1753.6692,1508.0802
20170811,3208.5413,1742.1394,1466.4018999999998
20170814,3237.3602,1793.4818,1443.8784
20170815,3251.2617,1798.5691,1452.6926
20170816,3246.4512,1825.1869,1421.2643
20170817,3268.4298,1833.3982,1435.0315999999998
20170818,3268.7243,1821.8032,1446.9210999999998
20170821,3286.9055,1829.2167,1457.6888
20170822,3290.2257,1814.9153,1475.3104
20170823,3287.7049,1807.3663,1480.3386000000003
20170824,3271.5117,1795.7391,1475.7726
20170825,3331.5221,1812.8781,1518.6440000000002
20170828,3362.6514,1842.8285,1519.8229000000001
20170829,3365.2261,1831.5912,1533.6348999999998
20170830,3363.6266,1838.6308,1524.9958000000001
20170831,3360.8103,1849.3789,1511.4314000000002
20170901,3367.1194,1865.25,1501.8694
20170904,3379.583,1883.6179,1495.9651000000001
20170905,3384.317,1885.1622,1499.1548
20170906,3385.3888,1902.8567,1482.5321000000001
20170907,3365.4974,1890.3823,1475.1151000000002
20170908,3365.2426,1885.2737,1479.9689
20170911,3376.4188,1896.3754,1480.0434
20170912,3379.488,1884.4841,1495.0039
20170913,3384.147,1888.4324,1495.7146
20170914,3371.4256,1879.2524,1492.1732
20170915,3353.6192,1875.6347,1477.9845
20170918,3362.8587,1894.8022,1468.0565000000001
20170919,3356.8446,1880.2964,1476.5482
20170920,3365.9959,1892.6689,1473.327
20170921,3357.8123,1872.7698,1485.0425
20170922,3352.5294,1866.4245,1486.1048999999998
20170925,3341.5487,1843.6213,1497.9273999999998
20170926,3343.5826,1839.4553,1504.1273
20170927,3345.2717,1854.9428,1490.3288999999997
20170928,3339.6421,1854.7341,1484.9080000000001
20170929,3348.9431,1866.9817,1481.9614
20171009,3374.3781,1889.8381,1484.54
20171010,3382.9879,1917.4576,1465.5303000000001
20171011,3388.2838,1901.5506,1486.7332000000001
20171012,3386.1,1899.9862,1486.1137999999999
20171013,3390.5233,1926.0744,1464.4488999999999
20171016,3378.4704,1882.6861,1495.7843000000003
20171017,3372.0407,1876.9913,1495.0494
20171018,3381.7937,1868.1586,1513.6351000000002
20171019,3370.1721,1862.6112,1507.5608999999997
20171020,3378.6481,1880.2142,1498.4339
20171023,3380.699,1898.7594,1481.9396000000002
20171024,3388.2477,1901.6928,1486.5548999999999
20171025,3396.8975,1913.2643,1483.6332
20171026,3407.5671,1910.7217,1496.8454000000002
20171027,3416.8124,1896.2235,1520.5888999999997
20171030,3390.3371,1855.9863,1534.3508000000002
20171031,3393.3417,1869.7873,1523.5544
20171101,3395.9125,1872.7464,1523.1661
20171102,3383.3095,1847.565,1535.7444999999998
20171103,3371.7441,1832.9665,1538.7776
20171106,3388.1742,1850.3028,1537.8714
20171107,3413.5748,1859.0682,1554.5066
20171108,3415.4602,1866.1423,1549.3179
20171109,3427.7946,1884.1117,1543.6829000000002
20171110,3432.6731,1900.6308,1532.0423
20171113,3447.8358,1906.4371,1541.3986999999997
20171114,3429.5482,1896.721,1532.8272000000002
20171115,3402.5245,1868.0808,1534.4437
20171116,3399.2503,1878.2595,1520.9908000000003
20171117,3382.9075,1833.8951,1549.0123999999998
20171120,3392.3988,1859.7498,1532.649
20171121,3410.4977,1856.9607,1553.5369999999998
20171122,3430.4643,1853.3781,1577.0862000000002
20171123,3351.9182,1794.7808,1557.1374
20171124,3353.8207,1782.6567,1571.1640000000002
20171127,3322.2298,1760.8995,1561.3303
20171128,3333.657,1793.8676,1539.7894000000001
20171129,3337.862,1787.3816,1550.4804000000001
20171130,3317.1884,1770.3016,1546.8868
20171201,3317.6174,1804.6224,1512.9950000000001
20171204,3309.6183,1797.7654,1511.8529
20171205,3303.6751,1758.5897,1545.0854
20171206,3293.9648,1784.3148,1509.65
20171207,3272.0542,1776.9899,1495.0643
20171208,3289.9924,1792.1554,1497.837
20171211,3322.1956,1816.9847,1505.2109
20171212,3280.8136,1798.6909,1482.1227
20171213,3303.0373,1806.0902,1496.9470999999999
20171214,3292.4385,1794.3441,1498.0944000000002
20171215,3266.1371,1783.9732,1482.1639
20171218,3267.9224,1780.6443,1487.2781
20171219,3296.5384,1798.5023,1498.0360999999998
20171220,3287.6057,1782.4132,1505.1925
20171221,3300.0593,1789.7362,1510.3230999999998
20171222,3297.063,1779.3392,1517.7238000000002
20171225,3280.461,1755.806,1524.6549999999997
20171226,3306.1246,1758.8205,1547.3041
20171227,3275.7828,1745.236,1530.5467999999998
20171228,3296.3847,1745.0175,1551.3672000000001
20171229,3307.1721,1752.652,1554.5200999999997
20180102,3348.3259,1769.6718,1578.6540999999997
20180103,3369.1084,1795.3831,1573.7253
20180104,3385.7102,1794.6087,1591.1015
20180105,3391.7501,1801.4185,1590.3316000000002
20180108,3409.4795,1806.1562,1603.3233
20180109,3413.8996,1803.5858,1610.3138000000001
20180110,3421.8343,1791.0845,1630.7498
20180111,3425.3449,1804.2349,1621.1100000000001
20180112,3428.9407,1785.705,1643.2357000000002
20180115,3410.4882,1732.6225,1677.8656999999998
20180116,3436.594,1729.5974,1706.9966
20180117,3444.6713,1742.0344,1702.6369
20180118,3474.754,1738.0019,1736.7521
20180119,3487.864,1728.1396,1759.7244
20180122,3501.3622,1768.214,1733.1482
20180123,3546.5048,1767.829,1778.6758000000002
20180124,3559.4653,1813.2751,1746.1901999999998
20180125,3548.307,1810.8346,1737.4723999999999
20180126,3558.1288,1816.8003,1741.3284999999998
20180129,3523.0007,1799.7709,1723.2298
20180130,3488.009,1782.399,1705.6100000000001
20180131,3480.8334,1735.057,1745.7764
20180201,3446.9799,1697.39,1749.5898999999997
20180202,3462.0808,1702.4264,1759.6544000000001
20180205,3487.497,1688.2724,1799.2245999999998
20180206,3370.652,1598.1161,1772.5359
20180207,3309.2598,1616.4003,1692.8594999999998
20180208,3262.0504,1641.4307,1620.6197000000002
20180209,3129.8508,1592.5102,1537.3406000000002
20180212,3154.1254,1648.0721,1506.0532999999998
20180213,3184.9587,1648.5816,1536.3771000000002
20180214,3199.1589,1646.7714,1552.3874999999998
20180222,3268.5589,1677.7647,1590.7942
20180223,3289.0241,1668.8345,1620.1896000000002
20180226,3329.5737,1729.1527,1600.4209999999998
20180227,3292.0679,1743.5413,1548.5266
20180228,3259.408,1753.6274,1505.7805999999998
20180301,3273.7549,1789.8488,1483.9061
20180302,3254.5283,1772.0054,1482.5229
20180305,3256.9263,1795.6928,1461.2335
20180306,3289.6419,1797.6095,1492.0324
20180307,3271.6683,1785.2696,1486.3986999999997
20180308,3288.4055,1793.2216,1495.1838999999998
20180309,3307.1656,1856.4554,1450.7101999999998
20180312,3326.6992,1882.409,1444.2902
20180313,3310.2389,1872.6782,1437.5606999999998
20180314,3291.3819,1841.2893,1450.0926
20180315,3291.112,1848.7105,1442.4015000000002
20180316,3269.8821,1821.3223,1448.5597999999998
20180319,3279.2517,1842.9199,1436.3317999999997
20180320,3290.6399,1864.6204,1426.0195
20180321,3280.9521,1829.9129,1451.0392
20180322,3263.4803,1817.2279,1446.2524
20180323,3152.7608,1726.0209,1426.7399
20180326,3133.7218,1780.6093,1353.1124999999997
20180327,3166.6488,1844.6929,1321.9559
20180328,3122.2895,1835.1539,1287.1355999999998
20180329,3160.5306,1842.1872,1318.3434
20180330,3168.8966,1900.4817,1268.4149
20180402,3163.179,1900.2546,1262.9244
20180403,3136.6332,1872.4701,1264.1631000000002
20180404,3131.1114,1836.8127,1294.2986999999998
20180409,3138.2936,1841.6531,1296.6405
20180410,3190.3216,1835.5201,1354.8015000000003
20180411,3208.0818,1834.6256,1373.4561999999999
20180412,3180.1583,1826.8897,1353.2686
20180413,3159.0521,1824.5943,1334.4578
20180416,3110.6489,1838.7088,1271.9401
20180417,3066.7967,1783.7407,1283.0559999999998
20180418,3091.3987,1822.2644,1269.1343000000002
20180419,3117.376,1820.2808,1297.0952000000002
20180420,3071.5425,1782.8085,1288.734
20180423,3068.012,1753.0476,1314.9644
20180424,3128.9271,1806.8609,1322.0662
20180425,3117.9739,1819.4064,1298.5674999999999
20180426,3075.0301,1781.2761,1293.754
20180427,3082.2316,1805.5958,1276.6358
20180502,3081.1773,1801.5708,1279.6064999999999
20180503,3100.8586,1826.7912,1274.0674000000001
20180504,3091.0334,1814.8549,1276.1784999999998
20180507,3136.6448,1852.3359,1284.3089
20180508,3161.4976,1856.868,1304.6296000000002
20180509,3159.1502,1855.8086,1303.3416
20180510,3174.4127,1865.3588,1309.0538999999999
20180511,3163.2632,1834.7797,1328.4834999999998
20180514,3174.032,1830.9804,1343.0516000000002
20180515,3192.1183,1858.0114,1334.1069
20180516,3169.5652,1846.6748,1322.8904
20180517,3154.2825,1831.2045,1323.0779999999997
20180518,3193.3034,1836.7539,1356.5494999999999
20180521,3213.8404,1862.4808,1351.3596
20180522,3214.3497,1875.9994,1338.3503000000003
20180523,3168.9642,1845.9733,1322.9908999999998
20180524,3154.6506,1838.4028,1316.2477999999999
20180525,3141.3032,1804.5488,1336.7543999999998
20180528,3135.0821,1796.9134,1338.1687000000002
20180529,3120.4605,1773.6458,1346.8147000000001
20180530,3041.4434,1726.2188,1315.2246
20180531,3095.4737,1743.7426,1351.7311
20180601,3075.1372,1709.5476,1365.5896
20180604,3091.1909,1702.9297,1388.2612000000001
20180605,3114.2055,1746.113,1368.0925
20180606,3115.1803,1743.2475,1371.9328
20180607,3109.4988,1730.375,1379.1237999999998
20180608,3067.1478,1711.5224,1355.6254000000001
20180611,3052.7831,1688.6179,1364.1652000000001
20180612,3079.8018,1712.7684,1367.0334000000003
20180613,3049.7965,1685.8948,1363.9017
20180614,3044.1597,1673.3194,1370.8403
20180615,3021.9008,1641.6627,1380.2380999999998
20180619,2907.8221,1547.1453,1360.6768
20180620,2915.7314,1563.7925,1351.9389
20180621,2875.8099,1521.6761,1354.1338000000003
20180622,2889.7603,1549.6605,1340.0998
20180625,2859.3364,1538.565,1320.7714
20180626,2844.5081,1564.9174,1279.5907
20180627,2813.1775,1546.2315,1266.9459999999997
20180628,2786.8966,1543.6637,1243.2329
20180629,2847.4181,1606.7147,1240.7033999999999
20180702,2775.557,1588.3739,1187.1830999999997
20180703,2786.8878,1607.1223,1179.7655
20180704,2759.126,1565.6104,1193.5156000000002
20180705,2733.8819,1532.6789,1201.2029999999997
20180706,2747.2285,1541.3135,1205.9150000000002
20180709,2815.1095,1581.9302,1233.1793
20180710,2827.6252,1592.9761,1234.6490999999999
20180711,2777.7711,1563.0085,1214.7626
20180712,2837.6586,1614.6324,1223.0262000000002
20180713,2831.1837,1618.4632,1212.7205000000001
20180716,2814.0418,1616.9125,1197.1293
20180717,2798.1259,1621.6318,1176.4941
20180718,2787.257,1607.8841,1179.3729
20180719,2772.5454,1590.0633,1182.4821
20180720,2829.2712,1609.5479,1219.7233
20180723,2859.5424,1620.9733,1238.5690999999997
20180724,2905.5618,1629.6096,1275.9522
20180725,2903.6467,1632.3204,1271.3262999999997
20180726,2882.2254,1606.1153,1276.1100999999999
20180727,2873.5938,1594.5674,1279.0264000000002
20180730,2869.0495,1559.6408,1309.4087000000002
20180731,2876.4009,1561.2576,1315.1433000000002
20180801,2824.5337,1541.8601,1282.6735999999999
20180802,2768.0239,1510.0876,1257.9363
20180803,2740.4429,1481.6065,1258.8364
20180806,2705.1565,1440.7955,1264.361
20180807,2779.374,1479.4408,1299.9331999999997
20180808,2744.0696,1447.7568,1296.3127999999997
20180809,2794.3818,1497.6063,1296.7755000000002
20180810,2795.3099,1511.7073,1283.6026000000002
20180813,2785.872,1531.3404,1254.5315999999998
20180814,2780.9646,1518.4912,1262.4733999999999
20180815,2723.2576,1478.5059,1244.7516999999998
20180816,2705.1917,1463.8718,1241.3199
20180817,2668.966,1434.3058,1234.6601999999998
20180820,2698.4658,1435.6902,1262.7756
20180821,2733.8264,1456.9724,1276.8539999999998
20180822,2714.6082,1439.5515,1275.0567
20180823,2724.6244,1455.5021,1269.1223000000002
20180824,2729.4308,1450.0912,1279.3396
20180827,2780.899,1493.4329,1287.4660999999999
20180828,2777.9808,1493.1057,1284.8750999999997
20180829,2769.2947,1481.1915,1288.1032
20180830,2737.7367,1457.916,1279.8207
20180831,2725.2499,1435.2005,1290.0493999999999
20180903,2720.7344,1443.6877,1277.0466999999999
20180904,2750.5804,1455.5027,1295.0776999999998
20180905,2704.3368,1430.2399,1274.0969
20180906,2691.5929,1422.8699,1268.7230000000002
20180907,2702.3007,1425.2289,1277.0717999999997
20180910,2669.4845,1390.8229,1278.6616000000001
20180911,2664.7997,1395.1665,1269.6332
20180912,2656.1101,1385.7962,1270.3138999999999
20180913,2686.5784,1391.2791,1295.2993
20180914,2681.6431,1366.5653,1315.0777999999998
20180917,2651.7886,1349.7765,1302.0121
20180918,2699.9501,1377.3027,1322.6474
20180919,2730.8503,1392.4026,1338.4477000000002
20180920,2729.2438,1387.6192,1341.6246
20180921,2797.4848,1411.119,1386.3658000000003
20180925,2781.1385,1405.806,1375.3325
20180926,2806.8133,1420.7498,1386.0634999999997
20180927,2791.7748,1400.3593,1391.4155
20180928,2821.3501,1411.3398,1410.0103000000001
20181008,2716.5104,1353.6711,1362.8393
20181009,2721.013,1345.9527,1375.0602999999999
20181010,2725.8367,1346.7045,1379.1321999999998
20181011,2583.4575,1261.8831,1321.5744
20181012,2606.9125,1268.4055,1338.5069999999998
20181015,2568.0984,1250.2184,1317.8799999999999
20181016,2546.3296,1216.6868,1329.6428
20181017,2561.614,1231.8615,1329.7525
20181018,2486.4186,1205.0314,1281.3872
20181019,2550.4652,1249.8896,1300.5756000000001
20181022,2654.8762,1314.9449,1339.9313000000002
20181023,2594.8255,1292.0559,1302.7695999999999
20181024,2603.2951,1284.1023,1319.1927999999998
20181025,2603.7995,1273.6029,1330.1966
20181026,2598.8468,1263.1881,1335.6586999999997
20181029,2542.1033,1250.4796,1291.6237000000003
20181030,2568.0481,1259.948,1308.1000999999999
20181031,2602.7832,1275.5743,1327.2088999999999
20181101,2606.2372,1286.3265,1319.9107000000001
20181102,2676.4762,1348.2794,1328.1968000000002
20181105,2665.4306,1348.8759,1316.5547000000001
20181106,2659.3564,1349.1087,1310.2477000000001
20181107,2641.342,1345.7678,1295.5742
20181108,2635.6322,1329.5909,1306.0413
20181109,2598.8715,1322.8308,1276.0407000000002
20181112,2630.5195,1368.7907,1261.7287999999999
20181113,2654.8795,1392.0549,1262.8246
20181114,2632.2425,1385.7324,1246.5100999999997
20181115,2668.1704,1405.2479,1262.9225
20181116,2679.1097,1403.2829,1275.8268
20181119,2703.5116,1394.4,1309.1115999999997
20181120,2645.8545,1355.3343,1290.5202
20181121,2651.5053,1363.0284,1288.4769
20181122,2645.4339,1353.9237,1291.5102
20181123,2579.4831,1308.7387,1270.7443999999998
20181126,2575.8101,1304.5572,1271.2529000000002
20181127,2574.6792,1315.4328,1259.2464
20181128,2601.7365,1341.0832,1260.6533
20181129,2567.4434,1312.7163,1254.7271
20181130,2588.1875,1329.3885,1258.799
20181203,2654.798,1372.7939,1282.0040999999999
20181204,2665.9577,1378.7535,1287.2042
20181205,2649.8051,1381.7668,1268.0383
20181206,2605.1813,1345.7608,1259.4205000000002
20181207,2605.8876,1341.0187,1264.8689
20181210,2584.5822,1326.8478,1257.7343999999998
20181211,2594.0881,1338.0788,1256.0093
20181212,2602.1526,1338.7307,1263.4218999999998
20181213,2634.0491,1348.5039,1285.5452000000002
20181214,2593.7407,1310.4576,1283.2830999999999
20181217,2597.9737,1299.1747,1298.799
20181218,2576.6495,1293.3351,1283.3144
20181219,2549.5634,1268.8139,1280.7495
20181220,2536.2675,1278.1573,1258.1101999999998
20181221,2516.2506,1270.3043,1245.9462999999998
20181224,2527.0071,1284.3322,1242.6748999999998
20181225,2504.819,1273.4473,1231.3717
20181226,2498.2939,1264.0702,1234.2237
20181227,2483.0864,1248.0765,1235.0099000000002
20181228,2493.8962,1250.5254,1243.3708000000001
20190102,2465.291,1228.7668,1236.5242
20190103,2464.3628,1214.4969,1249.8658999999998
20190104,2514.8682,1245.1567,1269.7115
20190107,2533.0887,1268.0583,1265.0303999999999
20190108,2526.4622,1263.5102,1262.952
20190109,2544.3449,1262.5167,1281.8282000000002
20190110,2535.0985,1258.9886,1276.1099000000002
20190111,2553.8313,1261.5603,1292.2709999999997
20190114,2535.7653,1245.9994,1289.7659
20190115,2570.3449,1266.2745,1304.0704
20190116,2570.4221,1267.3048,1303.1173
20190117,2559.637,1251.4137,1308.2233
20190118,2596.0056,1269.5046,1326.501
20190121,2610.5094,1274.7889,1335.7205
20190122,2579.7041,1252.2391,1327.465
20190123,2581.0041,1251.1266,1329.8775
20190124,2591.6935,1265.1607,1326.5328
20190125,2601.7234,1265.4942,1336.2291999999998
20190128,2596.9767,1259.7432,1337.2335000000003
20190129,2594.2536,1243.5918,1350.6618
20190130,2575.5756,1230.8193,1344.7563
20190131,2584.5724,1227.9878,1356.5846
20190201,2618.2323,1271.2746,1346.9577000000002
20190211,2653.896,1316.0984,1337.7976
20190212,2671.8937,1332.2704,1339.6233
20190213,2721.0683,1357.6657,1363.4026
20190214,2719.6999,1361.9384,1357.7615
20190215,2682.385,1357.8362,1324.5488000000003
20190218,2754.3566,1413.6002,1340.7564
20190219,2755.6459,1406.0375,1349.6084
20190220,2761.2189,1408.3818,1352.8370999999997
20190221,2751.8012,1412.535,1339.2661999999998
20190222,2804.2262,1456.2989,1347.9273
20190225,2961.2834,1536.3711,1424.9122999999997
20190226,2941.5163,1546.9869,1394.5293999999997
20190227,2953.8242,1520.4193,1433.4049
20190228,2940.9538,1535.6804,1405.2733999999998
20190301,2994.005,1567.8731,1426.1319
20190304,3027.5755,1619.7099,1407.8655999999999
20190305,3054.2466,1676.5659,1377.6807
20190306,3102.0991,1700.4964,1401.6027
20190307,3106.4179,1692.4163,1414.0015999999998
20190308,2969.8614,1654.4853,1315.3760999999997
20190311,3026.9925,1727.8014,1299.1910999999998
20190312,3060.3073,1773.4325,1286.8748
20190313,3026.9513,1693.8604,1333.0909000000001
20190314,2990.685,1650.1862,1340.4987999999998
20190315,3021.7512,1662.6229,1359.1283
20190318,3096.4176,1707.056,1389.3616000000002
20190319,3090.975,1708.8743,1382.1007
20190320,3090.6403,1687.9,1402.7403
20190321,3101.455,1703.8545,1397.6005
20190322,3104.1487,1693.8654,1410.2833000000003
20190325,3043.0313,1668.8413,1374.19
20190326,2997.0954,1630.1903,1366.9051000000002
20190327,3022.7196,1637.7728,1384.9468
20190328,2994.9434,1626.8187,1368.1247
20190329,3090.758,1693.5475,1397.2105
20190401,3170.361,1760.892,1409.4689999999998
20190402,3176.8227,1754.1565,1422.6662000000001
20190403,3216.2952,1768.1781,1448.1171
20190404,3246.5714,1777.2628,1469.3085999999998
20190408,3244.8103,1739.6551,1505.1552000000001
20190409,3239.6639,1741.1706,1498.4933
20190410,3241.9299,1726.6364,1515.2935
20190411,3189.9619,1691.1042,1498.8576999999998
20190412,3188.6256,1695.7294,1492.8962
20190415,3177.7866,1666.8971,1510.8895
20190416,3253.5978,1697.5287,1556.0691
20190417,3263.1179,1717.4373,1545.6806000000001
20190418,3250.2012,1704.5468,1545.6544
20190419,3270.7973,1715.7952,1555.0021000000002
20190422,3215.0426,1697.5121,1517.5305000000003
20190423,3198.5938,1683.8,1514.7938000000001
20190424,3201.6137,1718.8461,1482.7676
20190425,3123.8261,1669.9777,1453.8484000000003
20190426,3086.3989,1657.8243,1428.5746000000001
20190429,3062.4985,1615.6164,1446.8821
20190430,3078.3389,1623.7819,1454.5570000000002
20190506,2906.464,1494.8864,1411.5775999999998
20190507,2926.3908,1504.1637,1422.2271
20190508,2893.7567,1481.873,1411.8836999999999
20190509,2850.9537,1469.4755,1381.4782
20190510,2939.2106,1533.8712,1405.3393999999998
20190513,2903.7131,1503.0646,1400.6485
20190514,2883.6107,1494.6033,1389.0074000000002
20190515,2938.6781,1528.6912,1409.9869
20190516,2955.711,1533.6697,1422.0412999999999
20190517,2882.2962,1478.7481,1403.5481000000002
20190520,2870.6046,1469.311,1401.2936000000002
20190521,2905.9688,1493.7156,1412.2532
20190522,2891.7046,1488.6266,1403.078
20190523,2852.5153,1451.2448,1401.2705
20190524,2852.9948,1443.7467,1409.2481
20190527,2892.3782,1491.9516,1400.4266
20190528,2909.9106,1505.163,1404.7476000000001
20190529,2914.6964,1497.8922,1416.8041999999998
20190530,2905.8054,1485.2423,1420.5631000000003
20190531,2898.6961,1483.6576,1415.0385
20190603,2890.0809,1468.9816,1421.0992999999999
20190604,2862.2803,1456.2678,1406.0124999999998
20190605,2861.4181,1451.1766,1410.2414999999999
20190606,2827.7978,1416.0552,1411.7425999999998
20190610,2852.1302,1431.3371,1420.7931
20190611,2925.7162,1487.3499,1438.3663
20190612,2909.3796,1473.9007,1435.4789000000003
20190613,2910.7406,1479.8305,1430.9101
20190614,2881.9743,1453.9575,1428.0167999999999
20190617,2887.6221,1442.3479,1445.2742
20190618,2890.158,1455.7456,1434.4124
20190619,2917.8029,1469.9874,1447.8155000000002
20190620,2987.1186,1498.0144,1489.1041999999998
20190621,3001.9802,1523.8089,1478.1713
20190624,3008.1479,1514.4648,1493.6831
20190625,2982.0738,1498.4655,1483.6083
20190626,2976.2837,1504.5487,1471.735
20190627,2996.7926,1525.2438,1471.5488000000003
20190628,2978.8784,1511.5071,1467.3713
20190701,3044.9028,1568.1598,1476.743
20190702,3043.9428,1570.5116,1473.4311999999998
20190703,3015.2633,1544.3566,1470.9067
20190704,3005.2488,1532.7435,1472.5052999999998
20190705,3011.0588,1547.737,1463.3217999999997
20190708,2933.3634,1506.6612,1426.7022000000002
20190709,2928.2295,1517.7927,1410.4368
20190710,2915.3022,1510.4346,1404.8676
20190711,2917.7609,1514.1994,1403.5615000000003
20190712,2930.5462,1518.0741,1412.4721000000002
20190715,2942.1853,1547.4677,1394.7176000000002
20190716,2937.6168,1545.2729,1392.3438999999998
20190717,2931.6926,1550.2173,1381.4752999999998
20190718,2901.1766,1524.4792,1376.6973999999998
20190719,2924.2006,1541.9814,1382.2192000000002
20190722,2886.974,1515.9654,1371.0086000000001
20190723,2899.9446,1534.9261,1365.0185
20190724,2923.2775,1553.7177,1369.5598000000002
20190725,2937.3601,1566.0771,1371.283
20190726,2944.541,1561.8552,1382.6858000000002
20190729,2941.007,1566.5244,1374.4826
20190730,2952.3383,1580.1286,1372.2096999999999
20190731,2932.5058,1570.3934,1362.1124
20190801,2908.766,1573.8657,1334.9003
20190802,2867.8376,1556.7442,1311.0933999999997
20190805,2821.4957,1531.3724,1290.1233
20190806,2777.5559,1507.9105,1269.6453999999999
20190807,2768.6795,1500.2514,1268.4281
20190808,2794.5523,1522.9742,1271.5780999999997
20190809,2774.7532,1507.706,1267.0472000000002
20190812,2814.9944,1539.9133,1275.0811
20190813,2797.2596,1524.3574,1272.9021999999998
20190814,2808.9146,1536.6595,1272.2551
20190815,2815.7976,1555.7734,1260.0241999999998
20190816,2823.8238,1567.9928,1255.8310000000001
20190819,2883.096,1622.8437,1260.2523
20190820,2880.0012,1611.5925,1268.4087000000002
20190821,2880.3307,1609.8333,1270.4974
20190822,2883.4358,1613.4575,1269.9783000000002
20190823,2897.4253,1615.5592,1281.8661
20190826,2863.5673,1600.7952,1262.7721000000001
20190827,2902.1932,1628.1214,1274.0718000000002
20190828,2893.7564,1625.1881,1268.5683000000001
20190829,2890.9192,1620.8606,1270.0585999999998
20190830,2886.2365,1610.8982,1275.3383
20190902,2924.1063,1652.2882,1271.8181
20190903,2930.1538,1660.4265,1269.7273
20190904,2957.4116,1669.4104,1288.0012
20190905,2985.8648,1689.054,1296.8107999999997
20190906,2999.6013,1692.2391,1307.3621999999998
20190909,3024.7388,1733.2301,1291.5087
20190910,3021.2024,1725.3082,1295.8942000000002
20190911,3008.8118,1703.5377,1305.2740999999999
20190912,3031.2351,1710.5723,1320.6627999999998
20190916,3030.7544,1714.3683,1316.3860999999997
20190917,2978.1178,1677.9866,1300.1312
20190918,2985.6586,1679.3059,1306.3527000000001
20190919,2999.2789,1705.5991,1293.6798
20190920,3006.4467,1705.0471,1301.3996
20190923,2977.0767,1684.3236,1292.7531000000001
20190924,2985.3406,1694.5964,1290.7442
20190925,2955.4325,1672.6464,1282.7860999999998
20190926,2929.0875,1623.7908,1305.2967
20190927,2932.167,1647.5332,1284.6337999999998
20190930,2905.1892,1627.5454,1277.6437999999998
20191008,2913.5704,1616.5842,1296.9862
20191009,2924.8566,1622.415,1302.4416
20191010,2947.7106,1666.9663,1280.7442999999998
20191011,2973.6558,1666.8345,1306.8213
20191014,3007.8834,1679.3784,1328.505
20191015,2991.0459,1660.887,1330.1589000000001
20191016,2978.7124,1656.3719,1322.3404999999998
20191017,2977.3342,1658.2592,1319.0749999999998
20191018,2938.1413,1648.6253,1289.5159999999998
20191021,2939.6179,1644.5077,1295.1102
20191022,2954.3799,1666.8685,1287.5113999999999
20191023,2941.6188,1650.29,1291.3288000000002
20191024,2940.9215,1653.8646,1287.0568999999998
20191025,2954.9327,1675.3402,1279.5924999999997
20191028,2980.0498,1704.4168,1275.6329999999998
20191029,2954.176,1686.5802,1267.5957999999998
20191030,2939.3209,1684.0782,1255.2427000000002
20191031,2929.0561,1671.3122,1257.7438999999997
20191101,2958.1992,1686.9984,1271.2008
20191104,2975.4919,1699.9194,1275.5725
20191105,2991.5622,1713.2892,1278.273
20191106,2978.5955,1703.0175,1275.578
20191107,2978.7144,1715.5753,1263.1390999999999
20191108,2964.1849,1711.2157,1252.9692000000002
20191111,2909.9746,1673.1288,1236.8458
20191112,2914.8232,1671.4421,1243.3810999999998
20191113,2905.2409,1681.7939,1223.447
20191114,2909.8697,1692.5827,1217.2870000000003
20191115,2891.3431,1674.7838,1216.5593000000001
20191118,2909.2002,1682.4917,1226.7085000000002
20191119,2933.9908,1729.0785,1204.9123
20191120,2911.0534,1719.6649,1191.3884999999998
20191121,2903.6379,1713.2023,1190.4356000000002
20191122,2885.2884,1679.8026,1205.4858
20191125,2906.1688,1661.7742,1244.3945999999999
20191126,2907.0602,1679.0823,1227.9778999999999
20191127,2903.1947,1674.3888,1228.8059
20191128,2889.6934,1673.7948,1215.8986000000002
20191129,2871.9813,1664.8963,1207.0849999999998
20191202,2875.8072,1669.5358,1206.2714
20191203,2884.6988,1675.3852,1209.3136000000002
20191204,2878.1157,1673.7793,1204.3364
20191205,2899.4685,1709.8264,1189.6421
20191206,2912.0136,1726.8011,1185.2125000000003
20191209,2914.4775,1721.0707,1193.4068
20191210,2917.3157,1734.0216,1183.2941
20191211,2924.4173,1718.2595,1206.1578000000002
20191212,2915.6983,1720.986,1194.7123
20191213,2967.6764,1755.4132,1212.2631999999999
20191216,2984.3925,1780.333,1204.0594999999998
20191217,3022.4219,1801.6162,1220.8057
20191218,3017.0444,1792.4178,1224.6266000000003
20191219,3017.0658,1790.4375,1226.6282999999999
20191220,3004.9376,1771.7065,1233.2311000000002
20191223,2962.7513,1736.624,1226.1272999999999
20191224,2982.6806,1769.8688,1212.8118000000002
20191225,2981.8805,1784.3947,1197.4858000000002
20191226,3007.3546,1793.6354,1213.7192000000002
20191227,3005.0355,1767.5818,1237.4537
20191230,3040.0239,1790.2385,1249.7854000000002
20191231,3050.124,1798.1181,1252.0058999999999
20200102,3085.1976,1832.7416,1252.456
20200103,3083.7858,1836.0118,1247.7740000000001
20200106,3083.4083,1859.9209,1223.4874
20200107,3104.8015,1893.2141,1211.5874000000001
20200108,3066.8925,1862.6992,1204.1933
20200109,3094.8819,1913.1422,1181.7396999999999
20200110,3092.2907,1904.1945,1188.0962
20200113,3115.5696,1935.0716,1180.4979999999998
20200114,3106.8204,1922.5573,1184.2631000000001
20200115,3090.0379,1924.2384,1165.7994999999999
20200116,3074.0814,1929.9608,1144.1206
20200117,3075.4955,1932.5106,1142.9849
20200120,3095.7873,1982.1762,1113.6110999999999
20200121,3052.1419,1967.0268,1085.1151
20200122,3060.7545,1993.8991,1066.8554
20200123,2976.5281,1927.7418,1048.7863
20200203,2746.6056,1795.7744,950.8311999999999
20200204,2783.2875,1882.691,900.5964999999999
20200205,2818.0878,1939.6198,878.4679999999998
20200206,2866.5097,2012.2485,854.2612000000001
20200207,2875.9636,2015.7993,860.1643000000001
20200210,2890.4878,2042.1773,848.3104999999998
20200211,2901.6744,2028.4442,873.2302
20200212,2926.8991,2085.278,841.6211000000003
20200213,2906.0735,2064.5956,841.4778999999999
20200214,2917.0077,2069.2188,847.7889
20200217,2983.6224,2146.1776,837.4448000000002
20200218,2984.9716,2170.9493,814.0222999999996
20200219,2975.4019,2139.4372,835.9647
20200220,3030.1542,2186.7374,843.4168
20200221,3039.6692,2226.6389,813.0302999999999
20200224,3031.2333,2263.9716,767.2617
20200225,3013.0501,2287.3117,725.7383999999997
20200226,2987.9287,2180.7012,807.2275
20200227,2991.3288,2196.7138,794.6149999999998
20200228,2880.3038,2071.5665,808.7373000000002
20200302,2970.9312,2135.4152,835.5160000000001
20200303,2992.8968,2173.3465,819.5502999999999
20200304,3011.6657,2169.4428,842.2229000000002
20200305,3071.6771,2209.5883,862.0888
20200306,3034.5113,2192.9361,841.5752000000002
20200309,2943.2907,2093.0632,850.2275
20200310,2996.7618,2148.8097,847.9521000000004
20200311,2968.5174,2101.4635,867.0539000000003
20200312,2923.4856,2045.9255,877.5600999999999
20200313,2887.4265,2030.58,856.8465000000001
20200316,2789.2537,1910.7666,878.4871000000003
20200317,2779.6407,1917.7019,861.9387999999999
20200318,2728.7563,1887.0419,841.7144000000001
20200319,2702.1296,1894.9431,807.1865000000003
20200320,2745.6182,1915.0464,830.5717999999999
20200323,2660.1674,1827.0522,833.1151999999997
20200324,2722.4381,1876.9102,845.5278999999998
20200325,2781.5913,1937.8546,843.7367000000002
20200326,2764.9109,1927.2753,837.6355999999998
20200327,2772.2033,1903.881,868.3223
20200330,2747.2138,1860.4845,886.7293
20200331,2750.2962,1871.9174,878.3788000000002
20200401,2734.5215,1864.8002,869.7212999999999
20200402,2780.6379,1916.9506,863.6873000000003
20200403,2763.9874,1906.6747,857.3127
20200407,2820.7634,1969.7818,850.9815999999998
20200408,2815.3686,1964.7573,850.6112999999998
20200409,2825.9036,1997.1361,828.7675000000002
20200410,2796.6312,1949.8848,846.7463999999998
20200413,2783.0476,1923.0814,859.9661999999998
20200414,2827.283,1985.426,841.857
20200415,2811.1741,1977.5145,833.6596000000002
20200416,2819.935,2008.3881,811.5469
20200417,2838.4945,2020.7696,817.7248999999997
20200420,2852.5528,2043.437,809.1158
20200421,2827.0133,2023.9423,803.0710000000001
20200422,2843.9804,2043.1705,800.8099
20200423,2838.4994,2029.5244,808.9750000000001
20200424,2808.5293,2003.7478,804.7815
20200427,2815.4947,2018.6659,796.8288000000002
20200428,2810.0243,2030.7242,779.3000999999999
20200429,2822.4424,2030.4769,791.9655
20200430,2860.0822,2069.4321,790.6500999999998
20200506,2878.1402,2110.2665,767.8736999999996
20200507,2871.5232,2106.8418,764.6813999999999
20200508,2895.3444,2125.2433,770.1010999999999
20200511,2894.802,2102.8251,791.9769000000001
20200512,2891.5564,2124.15,767.4063999999998
20200513,2898.0495,2140.6809,757.3686000000002
20200514,2870.3422,2117.6473,752.6949
20200515,2868.4587,2124.3107,744.1480000000001
20200518,2875.4176,2114.8582,760.5594000000001
20200519,2898.576,2144.1207,754.4553000000001
20200520,2883.7378,2118.1192,765.6185999999998
20200521,2867.9237,2099.4317,768.4919999999997
20200522,2813.7654,2046.5956,767.1698000000001
20200525,2817.9697,2052.3022,765.6675
20200526,2846.5473,2112.9733,733.5740000000001
20200527,2836.8036,2071.4735,765.3301000000001
20200528,2846.2217,2054.964,791.2577000000001
20200529,2852.3512,2086.6658,765.6853999999998
20200601,2915.4311,2158.2231,757.2079999999996
20200602,2921.398,2145.2857,776.1123000000002
20200603,2923.3711,2143.1169,780.2541999999999
20200604,2919.2506,2151.3849,767.8656999999998
20200605,2930.7993,2166.3751,764.4241999999999
20200608,2937.7712,2153.5642,784.2070000000003
20200609,2956.1116,2181.5887,774.5229000000004
20200610,2943.7525,2201.9882,741.7643000000003
20200611,2920.8968,2195.6376,725.2592
20200612,2919.7408,2206.7641,712.9767000000002
20200615,2890.0306,2219.5495,670.4811
20200616,2931.7493,2260.4575,671.2918
20200617,2935.873,2263.9606,671.9124000000002
20200618,2939.3151,2266.0319,673.2831999999999
20200619,2967.6341,2319.4494,648.1847000000002
20200622,2965.2717,2342.8804,622.3912999999998
20200623,2970.6203,2382.0473,588.5729999999999
20200624,2979.5505,2382.4734,597.0771
20200629,2961.5164,2372.5363,588.9800999999998
20200630,2984.6741,2438.1967,546.4774000000002
20200701,3025.981,2419.6294,606.3516000000004
20200702,3090.5693,2424.3934,666.1759000000002
20200703,3152.8126,2462.5624,690.2502000000004
20200706,3332.8807,2529.487,803.3937000000001
20200707,3345.3369,2591.2634,754.0735
20200708,3403.4401,2651.9694,751.4706999999999
20200709,3450.5935,2757.6534,692.9400999999998
20200710,3383.3222,2778.4567,604.8654999999999
20200713,3443.2863,2889.4265,553.8598000000002
20200714,3414.6186,2858.6719,555.9467
20200715,3361.3044,2813.0607,548.2437
20200716,3210.0986,2646.2604,563.8381999999997
20200717,3214.1287,2662.4024,551.7263000000003
20200720,3314.149,2697.3006,616.8483999999999
20200721,3320.8947,2736.5118,584.3828999999996
20200722,3333.1635,2769.028,564.1355000000003
20200723,3325.1102,2799.6735,525.4367000000002
20200724,3196.7684,2627.8426,568.9258
20200727,3205.2268,2631.7619,573.4649
20200728,3227.9604,2666.5213,561.4391
20200729,3294.5521,2767.4018,527.1502999999998
20200730,3286.822,2743.6336,543.1884
20200731,3310.0065,2795.3998,514.6066999999998
20200803,3367.9658,2868.8821,499.08370000000014
20200804,3371.6875,2832.8447,538.8427999999999
20200805,3377.5648,2860.2415,517.3233
20200806,3386.4631,2814.3737,572.0893999999998
20200807,3354.0352,2749.9533,604.0818999999997
20200810,3379.2524,2735.2561,643.9962999999998
20200811,3340.29,2688.7004,651.5895999999998
20200812,3319.2656,2635.5022,683.7634000000003
20200813,3320.7261,2622.6405,698.0855999999999
20200814,3360.0988,2668.7124,691.3864000000003
20200817,3438.801,2696.3924,742.4085999999998
20200818,3451.0894,2701.0606,750.0288
20200819,3408.1288,2612.8354,795.2934
20200820,3363.8988,2587.8614,776.0374000000002
20200821,3380.6825,2632.452,748.2304999999997
20200824,3385.6383,2684.6293,701.009
20200825,3373.5781,2701.6042,671.9739
20200826,3329.7388,2644.144,685.5948000000003
20200827,3350.1128,2689.1705,660.9422999999997
20200828,3403.8066,2757.8387,645.9679000000001
20200831,3395.6775,2728.3134,667.3640999999998
20200901,3410.6068,2750.4235,660.1833000000001
20200902,3404.8017,2771.8503,632.9513999999999
20200903,3384.9806,2746.9528,638.0277999999998
20200904,3355.3666,2732.1546,623.212
20200907,3292.5907,2641.2016,651.3891000000003
20200908,3316.417,2650.629,665.788
20200909,3254.6279,2523.3957,731.2321999999999
20200910,3234.8234,2483.0316,751.7918000000004
20200911,3260.3461,2536.6181,723.7280000000001
20200914,3278.8138,2572.6012,706.2125999999998
20200915,3295.6795,2595.1539,700.5256000000004
20200916,3283.9244,2554.7996,729.1248
20200917,3270.435,2557.3211,713.1138999999998
20200918,3338.0897,2596.0818,742.0079000000001
20200921,3316.9351,2569.2194,747.7157000000002
20200922,3274.3015,2555.5441,718.7574
20200923,3279.7105,2599.8846,679.8259000000003
20200924,3223.1764,2535.8685,687.3078999999998
20200925,3219.4179,2540.4261,678.9917999999998
20200928,3217.5346,2521.246,696.2885999999999
20200929,3224.3593,2563.3794,660.9799000000003
20200930,3218.0521,2574.7583,643.2937999999999
20201009,3272.0762,2672.9344,599.1417999999999
20201012,3358.4652,2777.388,581.0772000000002
20201013,3359.7499,2784.7166,575.0332999999996
20201014,3340.7782,2764.2438,576.5344
20201015,3332.1832,2737.9628,594.2204000000002
20201016,3336.3582,2724.4966,611.8616000000002
20201019,3312.6671,2689.669,622.9981000000002
20201020,3328.1029,2740.583,587.5198999999998
20201021,3325.0247,2700.5327,624.4919999999997
20201022,3312.5005,2673.585,638.9155000000001
20201023,3277.9972,2600.8426,677.1545999999998
20201026,3251.1188,2617.7427,633.3761000000004
20201027,3254.3157,2650.7637,603.5520000000001
20201028,3269.238,2670.4815,598.7565
20201029,3272.7274,2699.9229,572.8045000000002
20201030,3224.5325,2655.8646,568.6678999999999
20201102,3225.1196,2708.3878,516.7318
20201103,3271.0744,2744.3137,526.7606999999998
20201104,3277.4402,2750.5536,526.8865999999998
20201105,3320.1333,2787.878,532.2552999999998
20201106,3312.159,2733.0715,579.0875000000001
20201109,3373.7337,2813.9978,559.7359000000001
20201110,3360.1485,2773.2176,586.9308999999998
20201111,3342.2025,2681.5244,660.6781000000001
20201112,3338.6788,2700.5098,638.1690000000003
20201113,3310.1046,2706.8134,603.2912000000001
20201116,3346.9692,2712.4087,634.5605
20201117,3339.895,2658.0921,681.8029000000001
20201118,3347.3034,2620.6722,726.6311999999998
20201119,3363.0876,2645.161,717.9265999999998
20201120,3377.7267,2667.0925,710.6342
20201123,3414.4899,2686.3577,728.1322
20201124,3402.8225,2674.7983,728.0242000000003
20201125,3362.3274,2615.5311,746.7963
20201126,3369.7334,2609.3862,760.3472000000002
20201127,3408.3071,2618.9908,789.3163
20201130,3391.7551,2631.8893,759.8658
20201201,3451.9384,2698.4431,753.4953
20201202,3449.3805,2682.9718,766.4087000000004
20201203,3442.1359,2712.5177,729.6182000000003
20201204,3444.5814,2730.8373,713.7440999999999
20201207,3416.6037,2726.4828,690.1208999999999
20201208,3410.1771,2746.2816,663.8955000000001
20201209,3371.964,2697.8256,674.1383999999998
20201210,3373.2758,2718.5452,654.7305999999999
20201211,3347.191,2687.7808,659.4101999999998
20201214,3369.1201,2726.601,642.5191
20201215,3367.2326,2758.8546,608.3779999999997
20201216,3366.9832,2760.6399,606.3433
20201217,3404.8732,2785.6153,619.2579000000001
20201218,3394.896,2780.7302,614.1658000000002
20201221,3420.5693,2882.4426,538.1267000000003
20201222,3356.7822,2811.7493,545.0329000000002
20201223,3382.3195,2842.9704,539.3490999999999
20201224,3363.1133,2820.7532,542.3600999999999
20201225,3396.5626,2840.8006,555.7620000000002
20201228,3397.2854,2842.8101,554.4753000000001
20201229,3379.0362,2812.9974,566.0387999999998
20201230,3414.4527,2900.5375,513.9151999999999
20201231,3473.0693,2966.2563,506.8130000000001
20210104,3502.9584,3078.1113,424.84709999999995
20210105,3528.6767,3097.977,430.6997000000001
20210106,3550.8767,3115.0913,435.78539999999975
20210107,3576.2046,3162.398,413.8065999999999
20210108,3570.1082,3150.7797,419.3285000000001
20210111,3531.4978,3092.8608,438.63700000000017
20210112,3608.3389,3180.3496,427.9893000000002
20210113,3598.6518,3130.2979,468.35390000000007
20210114,3565.9046,3089.1774,476.7271999999998
20210115,3566.3778,3089.9447,476.4331000000002
20210118,3596.2237,3149.2004,447.02329999999984
20210119,3566.3814,3084.4881,481.8933000000002
20210120,3583.092,3204.932,378.1600000000003
20210121,3621.2641,3283.721,337.54309999999987
20210122,3606.7496,3358.2377,248.51189999999997
20210125,3624.2381,3355.2401,268.99800000000005
20210126,3569.429,3258.3553,311.0736999999999
20210127,3573.3412,3281.0305,292.3107
20210128,3505.1759,3161.8634,343.3125
20210129,3483.0692,3128.8649,354.2042999999999
20210201,3505.2836,3159.9933,345.2903000000001
20210202,3533.6849,3228.6976,304.98730000000023
20210203,3517.308,3223.7662,293.54179999999997
20210204,3501.8592,3200.5493,301.30989999999974
20210205,3496.3329,3193.7066,302.6262999999999
20210208,3532.4467,3278.0603,254.38639999999987
20210209,3603.489,3334.2422,269.2467999999999
20210210,3655.088,3413.8101,241.27790000000005
20210218,3675.3571,3320.144,355.2131000000004
20210219,3696.168,3285.5347,410.63329999999996
20210222,3642.4449,3138.6723,503.7725999999998
20210223,3636.3573,3112.3574,523.9999000000003
20210224,3564.0799,3007.4559,556.6240000000003
20210225,3585.0458,2977.1759,607.8698999999997
20210226,3509.0804,2914.1127,594.9676999999997
20210301,3551.3998,2994.7508,556.6490000000003
20210302,3508.5912,2966.8915,541.6996999999997
20210303,3576.9045,2997.7492,579.1552999999999
20210304,3503.4916,2851.8732,651.6183999999998
20210305,3501.9867,2871.9719,630.0147999999999
20210308,3421.4141,2728.8437,692.5704000000001
20210309,3359.292,2633.4496,725.8424
20210310,3357.7372,2676.7018,681.0354000000002
20210311,3436.8313,2746.5754,690.2558999999997
20210312,3453.0777,2756.8127,696.2649999999999
20210315,3419.9456,2644.0149,775.9306999999999
20210316,3446.7334,2672.1171,774.6163000000001
20210317,3445.5509,2704.1362,741.4147000000003
20210318,3463.0681,2748.7258,714.3422999999998
20210319,3404.6634,2671.5179,733.1455000000001
20210322,3443.4392,2698.2613,745.1778999999997
20210323,3411.5088,2668.0818,743.4270000000001
20210324,3367.0606,2634.6142,732.4463999999998
20210325,3363.5915,2655.9988,707.5927000000001
20210326,3418.3267,2745.4001,672.9266000000002
20210329,3435.2958,2733.9632,701.3325999999997
20210330,3456.6766,2771.3221,685.3544999999999
20210331,3441.9115,2758.5015,683.4100000000003
20210401,3466.3315,2815.4134,650.9180999999999
20210402,3484.3924,2852.2293,632.1631000000002
20210406,3482.9674,2831.5985,651.3688999999999
20210407,3479.6256,2807.2008,672.4247999999998
20210408,3482.5548,2826.9895,655.5652999999998
20210409,3450.6772,2783.3266,667.3506000000002
20210412,3412.9477,2719.9533,692.9944
20210413,3396.47,2742.8524,653.6175999999996
20210414,3416.7212,2804.4092,612.3119999999999
20210415,3398.9875,2790.6441,608.3434000000002
20210416,3426.6178,2783.3734,643.2444
20210419,3477.5485,2898.7286,578.8199
20210420,3472.9427,2896.1076,576.8351000000002
20210421,3472.9298,2916.9745,555.9553000000001
20210422,3465.1138,2939.3949,525.7189000000003
20210423,3474.166,2994.4882,479.6778000000004
20210426,3441.1658,2969.4049,471.7609000000002
20210427,3442.6111,2986.0336,456.5774999999999
20210428,3457.0683,3050.5848,406.4834999999998
20210429,3474.9011,3051.4167,423.4843999999998
20210430,3446.8564,3091.3952,355.4612000000002
20210506,3441.2826,3014.8116,426.471
20210507,3418.8741,2910.4109,508.46320000000014
20210510,3427.9909,2921.7215,506.2693999999997
20210511,3441.8454,2921.3431,520.5023000000001
20210512,3462.7513,2960.355,502.3962999999999
20210513,3429.5361,2943.6175,485.91859999999997
20210514,3490.3762,3033.8056,456.5706
20210517,3517.6158,3112.7411,404.87469999999985
20210518,3529.0144,3090.1233,438.8910999999998
20210519,3510.9647,3114.724,396.24069999999983
20210520,3506.9444,3143.6158,363.3285999999998
20210521,3486.5569,3113.2585,373.29840000000013
20210524,3497.2821,3139.6858,357.5962999999997
20210525,3581.3418,3227.3554,353.98640000000023
20210526,3593.357,3196.8478,396.50919999999996
20210527,3608.8507,3226.1082,382.74249999999984
20210528,3600.7844,3232.2912,368.4931999999999
20210531,3615.4773,3309.069,306.40830000000005
20210601,3624.7138,3300.1588,324.55499999999984
20210602,3597.1379,3243.0218,354.1161000000002
20210603,3584.2121,3201.7845,382.4276
20210604,3591.8447,3242.6121,349.2326000000003
20210607,3599.541,3228.2435,371.2975000000001
20210608,3580.1063,3208.5718,371.53449999999975
20210609,3591.3965,3207.6258,383.77070000000003
20210610,3610.859,3285.5095,325.3494999999998
20210611,3589.7481,3298.4968,291.2512999999999
20210615,3556.559,3262.1879,294.3711000000003
20210616,3518.3292,3125.7015,392.6277
20210617,3525.6042,3188.5926,337.01160000000027
20210618,3525.0968,3239.2267,285.87009999999964
20210621,3529.1826,3270.5769,258.60570000000007
20210622,3557.412,3281.9923,275.4196999999999
20210623,3566.2199,3318.9462,247.2737000000002
20210624,3566.6539,3279.1588,287.49509999999964
20210625,3607.5618,3347.6994,259.8624
20210628,3606.3722,3412.8633,193.5088999999998
20210629,3573.1779,3406.2379,166.94000000000005
20210630,3591.197,3477.1779,114.01909999999998
20210701,3588.7816,3455.3587,133.42289999999957
20210702,3518.7595,3333.8973,184.86220000000003
20210705,3534.3222,3352.1166,182.20560000000023
20210706,3530.2589,3291.9878,238.27109999999993
20210707,3553.7155,3409.5893,144.1261999999997
20210708,3525.5039,3432.957,92.54690000000028
20210709,3524.0881,3409.3093,114.77880000000005
20210712,3547.8362,3534.763,13.07320000000027
20210713,3566.5225,3514.9772,51.545300000000225
20210714,3528.5011,3488.627,39.8741
20210715,3564.5902,3537.3914,27.19880000000012
20210716,3539.3038,3432.6472,106.65660000000025
20210719,3539.1225,3449.5263,89.59619999999995
20210720,3536.7905,3463.7913,72.9992000000002
20210721,3562.6611,3560.0455,2.615599999999631
20210722,3574.7344,3544.4355,30.298899999999776
20210723,3550.3964,3469.873,80.52340000000004
20210726,3467.4409,3371.2278,96.21309999999994
20210727,3381.1833,3232.8387,148.34460000000036
20210728,3361.5895,3284.9198,76.66969999999992
20210729,3411.724,3459.7214,-47.99739999999974
20210730,3397.3574,3440.1817,-42.82430000000022
20210802,3464.2854,3493.3591,-29.073699999999917
20210803,3447.9914,3477.2287,-29.237300000000232
20210804,3477.2186,3563.1267,-85.90809999999965
20210805,3466.5491,3532.5003,-65.95119999999997
20210806,3458.2277,3490.9015,-32.67380000000003
20210809,3494.6348,3456.7468,37.88799999999992
20210810,3529.9309,3468.6696,61.261299999999665
20210811,3532.6213,3437.0582,95.56309999999985
20210812,3524.7374,3386.4321,138.3053
20210813,3516.2989,3345.1262,171.17269999999962
20210816,3517.3447,3301.3907,215.95400000000018
20210817,3446.976,3224.1529,222.82310000000007
20210818,3485.2859,3248.3732,236.91269999999986
20210819,3465.5546,3278.3568,187.19779999999992
20210820,3427.3338,3192.9003,234.4335000000001
20210823,3477.1321,3293.7697,183.36239999999998
20210824,3514.471,3330.5802,183.89080000000013
20210825,3540.3837,3348.6624,191.7212999999997
20210826,3501.6643,3264.45,237.2143000000001
20210827,3522.1567,3257.0715,265.0852
20210830,3528.1512,3271.8026,256.3485999999998
20210831,3543.9402,3214.1169,329.8233
20210901,3567.1008,3186.8498,380.2510000000002
20210902,3597.0426,3138.8034,458.23920000000044
20210903,3581.7344,3102.1449,479.58950000000004
20210906,3621.8593,3228.0878,393.7715000000003
20210907,3676.5866,3251.4866,425.0999999999999
20210908,3675.1865,3219.9467,455.23979999999983
20210909,3693.1296,3221.9407,471.1889000000001
20210910,3703.1103,3232.0104,471.0998999999997
20210913,3715.3723,3194.2747,521.0976
20210914,3662.6015,3236.5471,426.05440000000044
20210915,3656.2232,3200.3995,455.8236999999999
20210916,3607.0922,3128.8448,478.2474000000002
20210917,3613.9663,3193.261,420.7053000000001
20210922,3628.4897,3164.328,464.1617000000001
20210923,3642.2204,3182.4669,459.75350000000026
20210924,3613.0673,3207.8166,405.25070000000005
20210927,3582.8307,3231.5824,351.2483000000002
20210928,3602.2184,3211.454,390.7644
20210929,3536.2944,3175.1521,361.14230000000043
20210930,3568.1668,3244.6455,323.5212999999999
20211008,3592.1666,3243.2037,348.9629
20211011,3591.7087,3196.1887,395.52
20211012,3546.9362,3138.2627,408.6734999999999
20211013,3561.7623,3210.1586,351.60369999999966
20211014,3558.2795,3215.7355,342.5440000000003
20211015,3572.3662,3276.3209,296.04529999999977
20211018,3568.1379,3276.4839,291.654
20211019,3593.1533,3297.2933,295.8600000000001
20211020,3587.0009,3285.1216,301.87930000000006
20211021,3594.7831,3279.4871,315.2960000000003
20211022,3582.6036,3284.9108,297.6927999999998
20211025,3609.8626,3338.624,271.23860000000013
20211026,3597.6377,3327.5373,270.10040000000026
20211027,3562.3052,3308.9619,253.3433
20211028,3518.4166,3278.3587,240.0578999999998
20211029,3547.3361,3350.665,196.67110000000002
20211101,3544.4795,3331.9148,212.5646999999999
20211102,3505.6283,3339.597,166.03129999999965
20211103,3498.5368,3327.0855,171.45129999999972
20211104,3526.8657,3362.2485,164.61719999999968
20211105,3491.5677,3352.7544,138.81330000000025
20211108,3498.6308,3380.292,118.33879999999999
20211109,3507.0018,3409.9421,97.0596999999998
20211110,3492.4616,3399.6626,92.79899999999998
20211111,3532.7858,3433.2408,99.54500000000007
20211112,3539.1002,3430.1413,108.95890000000009
20211115,3533.3026,3401.874,131.4286000000002
20211116,3521.7867,3393.7147,128.07200000000012
20211117,3537.3662,3421.3289,116.03729999999996
20211118,3520.7106,3383.9061,136.80449999999973
20211119,3560.3734,3418.9597,141.41370000000006
20211122,3582.0797,3505.7268,76.35289999999986
20211123,3589.0894,3492.7692,96.32019999999966
20211124,3592.7025,3478.6624,114.04009999999971
20211125,3584.1788,3474.4511,109.72769999999991
20211126,3564.0894,3468.8655,95.22389999999996
20211129,3562.6968,3503.4088,59.28800000000001
20211130,3563.8872,3495.5926,68.29460000000017
20211201,3576.8853,3473.3664,103.51890000000003
20211202,3573.8358,3466.914,106.92179999999962
20211203,3607.4322,3478.6656,128.76660000000038
20211206,3589.3061,3405.9346,183.37149999999974
20211207,3595.0882,3368.7844,226.30380000000014
20211208,3637.5675,3424.7038,212.86370000000034
20211209,3673.0412,3459.3187,213.7225000000003
20211210,3666.3479,3466.797,199.55090000000018
20211213,3681.082,3496.9616,184.1203999999998
20211214,3661.5253,3495.0595,166.46579999999994
20211215,3647.6303,3464.7577,182.8725999999997
20211216,3675.016,3490.4491,184.56690000000026
20211217,3632.3638,3434.3394,198.02440000000024
20211220,3593.6019,3332.6061,260.99580000000014
20211221,3625.1251,3350.4288,274.69630000000006
20211222,3622.6178,3368.6989,253.91890000000012
20211223,3643.3391,3373.7033,269.6358
20211224,3618.0535,3297.106,320.94749999999976
20211227,3615.9741,3293.8113,322.16280000000006
20211228,3630.1115,3328.5592,301.55229999999983
20211229,3597.0002,3281.8971,315.1030999999998
20211230,3619.1886,3322.7947,296.39390000000003
20211231,3639.7754,3322.6725,317.10289999999986
20220104,3632.3289,3250.159,382.16989999999987
20220105,3595.1761,3161.5072,433.6689000000001
20220106,3586.0792,3127.4798,458.59940000000006
20220107,3579.5427,3096.8812,482.66150000000016
20220110,3593.5187,3095.6894,497.8292999999999
20220111,3567.4409,3056.1533,511.2876000000001
20220112,3597.4321,3136.6852,460.7469000000001
20220113,3555.2585,3083.1414,472.11709999999994
20220114,3521.2559,3119.4077,401.8481999999999
20220117,3541.666,3170.4078,371.2582000000002
20220118,3569.9144,3144.3336,425.5808000000002
20220119,3558.1796,3075.9766,482.203
20220120,3555.0629,3065.9942,489.0686999999998
20220121,3522.5679,3034.6795,487.8883999999998
20220124,3524.105,3056.4336,467.6714000000002
20220125,3433.0612,2974.9553,458.1059
20220126,3455.6679,3004.4123,451.25559999999996
20220127,3394.2474,2906.7627,487.4847
20220128,3361.4397,2908.9448,452.4948999999997
20220207,3429.5809,2917.8638,511.71709999999985
20220208,3452.6288,2846.4823,606.1464999999998
20220209,3479.9458,2883.5971,596.3487
20220210,3485.9071,2826.5166,659.3905
20220211,3462.9479,2746.3826,716.5653000000002
20220214,3428.8821,2732.0103,696.8717999999999
20220215,3446.0885,2816.4435,629.645
20220216,3465.8305,2818.3969,647.4335999999998
20220217,3468.0354,2839.8252,628.2102
20220218,3490.7573,2826.8125,663.9448000000002
20220221,3490.6123,2804.5979,686.0143999999996
20220222,3457.146,2765.9101,691.2359000000001
20220223,3489.1465,2843.8657,645.2808
20220224,3429.9564,2783.8992,646.0572000000002
20220225,3451.4061,2855.8029,595.6032
20220228,3462.3064,2881.3065,580.9998999999998
20220301,3488.8347,2885.7862,603.0484999999999
20220302,3484.1916,2834.6359,649.5556999999999
20220303,3481.1125,2791.9489,689.1636000000003
20220304,3447.649,2748.6382,699.0108
20220307,3372.8552,2630.371,742.4841999999999
20220308,3293.5301,2582.9858,710.5443
20220309,3256.3884,2566.719,689.6693999999998
20220310,3296.0922,2635.1938,660.8984
20220311,3309.7467,2665.4618,644.2849000000001
20220314,3223.5328,2570.4473,653.0855000000001
20220315,3063.9652,2504.7825,559.1827000000003
20220316,3170.7103,2635.0826,535.6277
20220317,3215.0445,2710.7262,504.3182999999999
20220318,3251.0724,2713.7948,537.2775999999999
20220321,3253.6857,2726.1798,527.5059000000001
20220322,3259.8619,2688.2342,571.6277
20220323,3271.0325,2715.9539,555.0785999999998
20220324,3250.2644,2706.2149,544.0495000000001
20220325,3212.2399,2637.944,574.2959000000001
20220328,3214.5027,2594.1284,620.3743
20220329,3203.9393,2592.6659,611.2734
20220330,3266.5959,2696.826,569.7698999999998
20220331,3252.2029,2659.4925,592.7104000000004
20220401,3282.7166,2666.9696,615.7470000000003
20220406,3283.4261,2633.9101,649.5160000000001
20220407,3236.6951,2578.5331,658.1619999999998
20220408,3251.8502,2569.9108,681.9393999999998
20220411,3167.1259,2462.0435,705.0823999999998
20220412,3213.3295,2523.6942,689.6352999999999
20220413,3186.8244,2466.8414,719.9830000000002
20220414,3225.6412,2466.2933,759.3479000000002
20220415,3211.2448,2460.3624,750.8824
20220418,3195.524,2487.774,707.75
20220419,3194.0287,2453.5454,740.4832999999999
20220420,3151.0498,2363.6526,787.3971999999999
20220421,3079.8077,2312.4557,767.3519999999999
20220422,3086.9193,2296.5954,790.3238999999999
20220425,2928.5118,2169.0038,759.5080000000003
20220426,2886.4257,2150.5126,735.9130999999998
20220427,2958.282,2269.1711,689.1109000000001
20220428,2975.4848,2227.6548,747.8300000000004
20220429,3047.0624,2319.137,727.9253999999996
20220505,3067.7587,2288.4037,779.355
20220506,3001.5605,2244.9688,756.5917
20220509,3004.1409,2228.0731,776.0677999999998
20220510,3035.8442,2276.345,759.4992000000002
20220511,3058.7027,2346.1516,712.5510999999997
20220512,3054.994,2351.2714,703.7226
20220513,3084.2845,2358.1607,726.1238000000003
20220516,3073.7488,2331.2302,742.5185999999999
20220517,3093.6965,2369.0891,724.6073999999999
20220518,3085.9768,2365.3769,720.5998999999997
20220519,3096.9648,2377.1266,719.8382000000001
20220520,3146.5673,2417.3487,729.2186000000002
20220523,3146.8573,2410.1221,736.7352000000001
20220524,3070.9272,2318.0748,752.8524000000002
20220525,3107.4641,2325.5974,781.8667
20220526,3123.1079,2321.1339,801.9740000000002
20220527,3130.2394,2322.4816,807.7577999999999
20220530,3149.0607,2350.3844,798.6763000000001
20220531,3186.4271,2405.0849,781.3422
20220601,3182.1566,2428.9565,753.2001
20220602,3195.458,2458.2562,737.2018000000003
20220606,3236.3719,2554.6587,681.7132000000001
20220607,3241.7635,2554.6265,687.1370000000002
20220608,3263.7934,2576.335,687.4584
20220609,3238.9543,2500.2052,738.7491
20220610,3284.8341,2556.4729,728.3611999999998
20220613,3255.5511,2546.488,709.0631000000003
20220614,3288.9066,2548.3144,740.5921999999996
20220615,3305.4066,2575.0857,730.3208999999997
20220616,3285.3845,2585.4709,699.9136000000003
20220617,3316.7857,2657.2122,659.5735
20220620,3315.4302,2710.1412,605.2889999999998
20220621,3306.7186,2692.9849,613.7337000000002
20220622,3267.2016,2677.2851,589.9164999999998
20220623,3320.1487,2760.1019,560.0468000000001
20220624,3349.747,2824.4396,525.3073999999997
20220627,3379.1852,2830.5971,548.5880999999999
20220628,3409.2103,2840.4195,568.7908000000002
20220629,3361.5177,2768.6104,592.9072999999999
20220630,3398.6161,2810.6011,588.0150000000003
20220701,3387.6373,2781.943,605.6942999999997
20220704,3405.4267,2834.6891,570.7375999999999
20220705,3404.0252,2825.1309,578.8942999999999
20220706,3355.3497,2802.715,552.6347000000001
20220707,3364.398,2849.7057,514.6923000000002
20220708,3356.0778,2817.6391,538.4387000000002
20220711,3313.584,2767.4611,546.1228999999998
20220712,3281.4665,2702.6933,578.7732000000001
20220713,3284.2918,2746.8598,537.4319999999998
20220714,3281.744,2819.1291,462.61490000000003
20220715,3228.0609,2760.4985,467.5623999999998
20220718,3278.1033,2800.3571,477.74620000000004
20220719,3279.4313,2750.866,528.5653000000002
20220720,3304.7243,2765.1623,539.5619999999999
20220721,3272.0012,2751.4148,520.5864000000001
20220722,3269.9739,2737.314,532.6599000000001
20220725,3250.388,2704.945,545.4429999999998
20220726,3277.4356,2713.458,563.9775999999997
20220727,3275.7553,2714.2487,561.5065999999997
20220728,3282.5758,2705.9006,576.6752000000001
20220729,3253.2382,2670.4507,582.7874999999999
20220801,3259.9585,2733.7356,526.2229000000002
20220802,3186.2664,2678.6206,507.6457999999998
20220803,3163.6741,2628.8176,534.8565000000003
20220804,3189.0391,2640.7763,548.2628
20220805,3227.0267,2683.602,543.4247
20220808,3236.9337,2675.6859,561.2478000000001
20220809,3247.4318,2694.8004,552.6313999999998
20220810,3230.02,2658.5847,571.4353000000001
20220811,3281.6654,2721.4925,560.1729
20220812,3276.8877,2690.8312,586.0565000000001
20220815,3276.087,2718.593,557.4940000000001
20220816,3277.8847,2731.3932,546.4915000000001
20220817,3292.526,2777.9096,514.6163999999999
20220818,3277.5438,2775.8209,501.72289999999975
20220819,3258.0784,2734.2181,523.8602999999998
20220822,3277.7943,2779.0155,498.77880000000005
20220823,3276.2234,2780.3064,495.9169999999999
20220824,3215.2033,2679.0479,536.1554000000001
20220825,3246.2481,2667.3009,578.9471999999996
20220826,3236.2226,2640.291,595.9315999999999
20220829,3240.7275,2630.5054,610.2221
20220830,3227.2203,2612.1417,615.0785999999998
20220831,3202.1378,2570.4149,631.7228999999998
20220901,3184.9797,2533.8543,651.1253999999999
20220902,3186.4781,2533.0231,653.4549999999999
20220905,3199.9118,2538.2039,661.7078999999999
20220906,3243.4466,2540.6353,702.8113000000003
20220907,3246.2943,2570.8014,675.4929000000002
20220908,3235.5862,2523.006,712.5802000000003
20220909,3262.0542,2548.2159,713.8382999999999
20220913,3263.7972,2550.6256,713.1716000000001
20220914,3237.5419,2503.8245,733.7174
20220915,3199.9187,2424.1924,775.7263000000003
20220916,3126.3977,2367.3977,759.0
20220919,3115.6019,2350.3762,765.2257
20220920,3122.4058,2366.904,755.5018
20220921,3117.1774,2331.5164,785.6610000000001
20220922,3108.9096,2319.4192,789.4904000000001
20220923,3088.3695,2303.9052,784.4642999999996
20220926,3051.226,2323.0521,728.1739000000002
20220927,3093.8618,2374.7374,719.1244000000002
20220928,3045.0668,2313.7696,731.2972
20220929,3041.2046,2332.995,708.2096000000001
20220930,3024.3905,2288.9688,735.4216999999999
20221010,2974.1454,2236.2448,737.9005999999999
20221011,2979.7926,2261.8917,717.9009000000001
20221012,3025.5055,2343.3004,682.2051000000001
20221013,3016.3561,2350.6864,665.6696999999999
20221014,3071.9868,2434.2185,637.7683000000002
20221017,3084.9423,2435.0228,649.9195
20221018,3080.9574,2446.9279,634.0294999999996
20221019,3044.3777,2425.9573,618.4204
20221020,3035.0504,2401.7162,633.3342000000002
20221021,3038.9291,2395.1573,643.7718
20221024,2977.5554,2336.8385,640.7169000000004
20221025,2976.283,2314.5509,661.7320999999997
20221026,2999.5036,2372.8758,626.6278000000002
20221027,2982.9029,2337.2531,645.6498000000001
20221028,2915.9257,2250.5104,665.4152999999997
20221031,2893.4829,2265.0784,628.4045000000001
20221101,2969.1995,2337.6529,631.5466000000001
20221102,3003.3699,2375.8618,627.5081
20221103,2997.8057,2376.0609,621.7447999999999
20221104,3070.7964,2451.2232,619.5732000000003
20221107,3077.817,2454.6935,623.1235000000001
20221108,3064.4928,2432.4032,632.0895999999998
20221109,3048.1676,2399.3362,648.8314
20221110,3036.1318,2357.1256,679.0062000000003
20221111,3087.2926,2405.3181,681.9745000000003
20221114,3083.4013,2375.2073,708.194
20221115,3134.0778,2431.7333,702.3445000000002
20221116,3119.9804,2402.905,717.0753999999997
20221117,3115.4347,2385.8608,729.5738999999999
20221118,3097.2432,2389.76,707.4831999999997
20221121,3085.0444,2387.2955,697.7489
20221122,3088.9426,2343.5541,745.3885
20221123,3096.9073,2340.3369,756.5704000000001
20221124,3089.3096,2335.5245,753.7851
20221125,3101.6932,2309.3603,792.3329000000003
20221128,3078.5485,2298.8014,779.7471
20221129,3149.7478,2339.7928,809.9549999999999
20221130,3151.3353,2345.3128,806.0225
20221201,3165.4711,2381.1833,784.2878000000001
20221202,3156.1442,2383.3217,772.8225000000002
20221205,3211.8144,2377.1075,834.7069000000001
20221206,3212.5334,2393.2805,819.2529
20221207,3199.6194,2414.0435,785.5758999999998
20221208,3197.3499,2411.8115,785.5384000000004
20221209,3206.9502,2420.6291,786.3211000000001
20221212,3179.0417,2401.5225,777.5192000000002
20221213,3176.3255,2376.2046,800.1208999999999
20221214,3176.5253,2368.0786,808.4467
20221215,3168.6478,2399.1235,769.5243
20221216,3167.8576,2373.7235,794.1340999999998
20221219,3107.115,2346.6967,760.4182999999998
20221220,3073.7659,2310.7985,762.9674
20221221,3068.4105,2303.7031,764.7073999999998
20221222,3054.4313,2295.3197,759.1116000000002
20221223,3045.8664,2286.1884,759.6779999999999
20221226,3065.5626,2331.4102,734.1524000000004
20221227,3095.5678,2359.4996,736.0681999999997
20221228,3087.3997,2338.2576,749.1421
20221229,3073.7016,2349.3827,724.3188999999998
20221230,3089.2579,2346.767,742.4909000000002
20230103,3116.5119,2356.4239,760.0880000000002
20230104,3123.5164,2335.1221,788.3942999999999
20230105,3155.2162,2399.4583,755.7579000000001
20230106,3157.6365,2422.1413,735.4952000000003
20230109,3176.0845,2440.366,735.7185
20230110,3169.5072,2474.0052,695.502
20230111,3161.8376,2445.9713,715.8662999999997
20230112,3163.4509,2458.4938,704.9570999999996
20230113,3195.3059,2493.1261,702.1797999999999
20230116,3227.5916,2539.5215,688.0701000000004
20230117,3224.2448,2545.5548,678.69
20230118,3224.406,2543.8965,680.5095000000001
20230119,3240.2794,2571.4374,668.8420000000001
20230120,3264.8138,2585.9628,678.8510000000001
20230130,3269.318,2613.8853,655.4327000000003
20230131,3255.6692,2580.8394,674.8298
20230201,3284.9213,2613.6891,671.2321999999999
20230202,3285.6705,2602.3165,683.3540000000003
20230203,3263.4059,2580.1109,683.2950000000001
20230206,3238.6978,2544.0914,694.6064000000001
20230207,3248.094,2537.9691,710.1249000000003
20230208,3232.1063,2525.8766,706.2296999999999
20230209,3270.3826,2569.7332,700.6493999999998
20230210,3260.6734,2545.1555,715.5179000000003
20230213,3284.1599,2573.1806,710.9793
20230214,3293.2825,2565.1548,728.1277
20230215,3280.4919,2547.1974,733.2945
20230216,3249.0295,2512.499,736.5305000000003
20230217,3224.0243,2449.3507,774.6736000000001
20230220,3290.3383,2480.7942,809.5441000000001
20230221,3306.5236,2469.8069,836.7167
20230222,3291.1477,2451.8977,839.25
20230223,3287.477,2457.4825,829.9944999999998
20230224,3267.1597,2428.9355,838.2242000000001
20230227,3258.0344,2409.7944,848.2399999999998
20230228,3279.6053,2429.0274,850.5779000000002
20230301,3312.3478,2443.9456,868.4022
20230302,3310.6536,2418.5978,892.0558000000001
20230303,3328.3927,2422.4366,905.9560999999999
20230306,3322.0259,2431.5556,890.4703
20230307,3285.0988,2383.7311,901.3677000000002
20230308,3283.2479,2377.5842,905.6637000000001
20230309,3276.0937,2372.6799,903.4137999999998
20230310,3230.0766,2370.3585,859.7181
20230313,3268.6955,2357.0683,911.6271999999999
20230314,3245.3123,2343.1099,902.2024000000001
20230315,3263.3148,2337.4635,925.8513000000003
20230316,3226.8912,2302.0494,924.8418000000001
20230317,3250.546,2293.6705,956.8754999999996
20230320,3234.9103,2291.918,942.9922999999999
20230321,3255.6505,2337.2571,918.3934000000004
20230322,3265.7475,2341.9225,923.8249999999998
20230323,3286.6491,2361.4086,925.2404999999999
20230324,3265.6537,2370.3796,895.2740999999996
20230327,3251.3971,2398.0155,853.3816000000002
20230328,3245.376,2369.1724,876.2036000000003
20230329,3240.0568,2371.1905,868.8662999999997
20230330,3261.2485,2383.0375,878.2110000000002
20230331,3272.8602,2399.5025,873.3577
20230403,3296.396,2440.2072,856.1888000000004
20230404,3312.5578,2421.6548,890.9030000000002
20230406,3312.628,2426.5673,886.0607
20230407,3327.6457,2446.9454,880.7003
20230410,3315.3578,2443.5213,871.8365000000003
20230411,3313.5705,2439.3958,874.1747
20230412,3327.1816,2429.2934,897.8881999999999
20230413,3318.3638,2405.7605,912.6033000000002
20230414,3338.1525,2428.0904,910.0621000000001
20230417,3385.6095,2434.4417,951.1678000000002
20230418,3393.3312,2431.0996,962.2316000000001
20230419,3370.1283,2415.7604,954.3678999999997
20230420,3367.031,2386.6739,980.3571000000002
20230421,3301.2575,2341.1909,960.0666000000001
20230424,3275.413,2301.2384,974.1745999999998
20230425,3264.8717,2259.1931,1005.6786000000002
20230426,3264.1006,2294.0569,970.0437000000002
20230427,3285.8844,2307.2706,978.6138000000001
20230428,3323.2746,2324.7152,998.5594000000001
20230504,3350.4587,2297.6699,1052.7888000000003
20230505,3334.5028,2267.6319,1066.8709000000003
20230508,3395.0036,2273.4005,1121.6030999999998
20230509,3357.6707,2245.8233,1111.8474
20230510,3319.1506,2262.2174,1056.9332
20230511,3309.5512,2276.5712,1032.98
20230512,3272.3619,2252.38,1019.9818999999998
20230515,3310.7367,2299.9303,1010.8063999999999
20230516,3290.9874,2294.1919,996.7955000000002
20230517,3284.232,2293.6444,990.5875999999998
20230518,3297.3199,2277.9739,1019.346
20230519,3283.5417,2278.585,1004.9567000000002
20230522,3296.4696,2280.1507,1016.3188999999998
20230523,3246.238,2253.3306,992.9074
20230524,3204.7494,2245.2566,959.4928
20230525,3201.2605,2244.1843,957.0762
20230526,3212.5038,2229.2677,983.2361000000001
20230529,3221.4484,2203.842,1017.6064000000001
20230530,3224.2133,2218.6032,1005.6100999999999
20230531,3204.5644,2193.4082,1011.1562000000004
20230601,3204.6345,2206.4263,998.2082
20230602,3230.0686,2233.2748,996.7937999999999
20230605,3232.441,2202.1357,1030.3053
20230606,3195.3404,2164.8106,1030.5298000000003
20230607,3197.7587,2129.8978,1067.8608999999997
20230608,3213.5855,2123.961,1089.6245000000004
20230609,3231.4055,2143.0092,1088.3962999999999
20230612,3228.8336,2152.4223,1076.4112999999998
20230613,3233.6734,2166.9623,1066.7111
20230614,3228.9887,2163.3402,1065.6484999999998
20230615,3252.9751,2237.7396,1015.2355000000002
20230616,3273.3341,2270.0645,1003.2696000000001
20230619,3255.8057,2265.1846,990.6210999999998
20230620,3240.3648,2271.419,968.9458
20230621,3197.9011,2211.8363,986.0648000000001
20230626,3150.6189,2186.2528,964.3660999999997
20230627,3189.4427,2191.8277,997.6150000000002
20230628,3189.3758,2182.0951,1007.2806999999998
20230629,3182.3812,2180.0625,1002.3186999999998
20230630,3202.0623,2215.0012,987.0610999999999
20230703,3243.975,2228.2109,1015.7640999999999
20230704,3245.3492,2232.7501,1012.5990999999999
20230705,3222.9469,2212.4152,1010.5317
20230706,3205.5748,2192.1867,1013.3880999999997
20230707,3196.6092,2169.2084,1027.4008
20230710,3203.6958,2198.8648,1004.8310000000001
20230711,3221.3666,2216.7788,1004.5877999999998
20230712,3196.1337,2196.8515,999.2821999999996
20230713,3236.48,2237.515,998.9650000000001
20230714,3237.7012,2224.0964,1013.6048000000001
20230717,3209.6298,2207.4445,1002.1853000000001
20230718,3197.8201,2200.6187,997.2013999999999
20230719,3198.8358,2177.2466,1021.5891999999999
20230720,3169.522,2155.6474,1013.8746000000001
20230721,3167.7452,2163.1174,1004.6277999999998
20230724,3164.1608,2146.9292,1017.2316000000001
20230725,3231.5213,2192.8972,1038.6241
20230726,3223.0279,2191.1693,1031.8586
20230727,3216.6709,2184.0965,1032.5744
20230728,3275.9257,2219.5376,1056.3880999999997
20230731,3291.0398,2236.6732,1054.3665999999998
20230801,3290.9493,2223.7958,1067.1535000000003
20230802,3261.6903,2218.5654,1043.1249000000003
20230803,3280.4626,2241.9832,1038.4793999999997
20230804,3288.0842,2263.3732,1024.7109999999998
20230807,3268.8311,2240.7749,1028.0562
20230808,3260.6196,2228.9091,1031.7105000000001
20230809,3244.4867,2228.731,1015.7556999999997
20230810,3254.5597,2239.3064,1015.2532999999999
20230811,3189.248,2187.0362,1002.2118
20230814,3178.4272,2164.6928,1013.7344000000003
20230815,3176.1758,2148.6738,1027.502
20230816,3150.1277,2132.9695,1017.1581999999999
20230817,3163.7393,2147.0612,1016.6781000000001
20230818,3131.953,2118.9245,1013.0284999999999
20230821,3092.9777,2084.9693,1008.0083999999997
20230822,3120.3338,2086.9407,1033.3930999999998
20230823,3078.4021,2038.9756,1039.4264999999998
20230824,3082.2439,2064.5734,1017.6704999999997
20230825,3064.0747,2040.3988,1023.6759000000002
20230828,3098.6363,2060.0436,1038.5927000000001
20230829,3135.8867,2118.1941,1017.6925999999999
20230830,3137.1375,2117.1255,1020.0119999999997
20230831,3119.8764,2102.575,1017.3014000000003
20230901,3133.2467,2100.2576,1032.9891000000002
20230904,3177.0603,2118.0337,1059.0266000000001
20230905,3154.3693,2111.327,1043.0422999999996
20230906,3158.0769,2101.3978,1056.6790999999998
20230907,3122.3523,2056.98,1065.3723
20230908,3116.7191,2049.765,1066.9541
20230911,3142.779,2063.1889,1079.5901
20230912,3137.0593,2051.0388,1086.0205
20230913,3123.0669,2027.7293,1095.3375999999998
20230914,3126.5511,2011.8831,1114.6680000000001
20230915,3117.7434,2002.7279,1115.0154999999997
20230918,3125.9319,2020.4668,1105.4651000000001
20230919,3124.9567,2002.6646,1122.2921000000001
20230920,3108.5679,1987.296,1121.2719
20230921,3084.701,1967.6072,1117.0938
20230922,3132.4316,2013.3442,1119.0874
20230925,3115.6071,2005.2552,1110.3519000000001
20230926,3102.2726,1989.828,1112.4445999999998
20230927,3107.3156,2006.2235,1101.0920999999998
20230928,3110.4753,2003.908,1106.5673000000002
20231009,3096.9224,1998.6074,1098.3149999999998
20231010,3075.2361,1987.9379,1087.2982000000002
20231011,3078.9556,2003.9016,1075.0539999999999
20231012,3107.9007,2019.1024,1088.7983000000002
20231013,3088.0991,1996.6013,1091.4977999999999
20231016,3073.813,1956.7227,1117.0903
20231017,3083.4964,1961.8859,1121.6105
20231018,3058.7098,1938.4351,1120.2747000000002
20231019,3005.3934,1913.7019,1091.6915
20231020,2983.0585,1896.9455,1086.113
20231023,2939.2913,1864.9086,1074.3826999999999
20231024,2962.2437,1880.8143,1081.4294
20231025,2974.1135,1863.7961,1110.3174
20231026,2988.2992,1875.8575,1112.4416999999999
20231027,3017.7842,1929.9086,1087.8756
20231030,3021.5534,1977.6856,1043.8677999999998
20231031,3018.7706,1968.2265,1050.5440999999998
20231101,3023.0765,1959.1272,1063.9493000000002
20231102,3009.4058,1939.7046,1069.7012
20231103,3030.7977,1968.2127,1062.585
20231106,3058.4105,2032.3353,1026.0752
20231107,3057.2697,2022.7657,1034.504
20231108,3052.3726,2023.1297,1029.2429000000002
20231109,3053.2792,2018.3848,1034.8944
20231110,3038.9699,2005.2352,1033.7347
20231113,3046.5329,2009.2144,1037.3185
20231114,3056.0703,2004.8127,1051.2576
20231115,3072.8348,2015.3643,1057.4705000000001
20231116,3050.9257,1978.1182,1072.8075
20231117,3054.3655,1986.5259,1067.8395999999998
20231120,3068.3191,1992.9701,1075.3490000000002
20231121,3067.9328,1984.271,1083.6618
20231122,3043.611,1950.0079,1093.6030999999998
20231123,3061.8562,1961.3513,1100.5049000000001
20231124,3040.9717,1937.9399,1103.0318
20231127,3031.7002,1926.201,1105.4992000000002
20231128,3038.5545,1938.4232,1100.1313000000002
20231129,3021.6874,1917.9031,1103.7842999999998
20231130,3029.6727,1922.5913,1107.0814
20231201,3031.6358,1926.2836,1105.3522
20231204,3022.9138,1908.9168,1113.9969999999998
20231205,2972.2959,1871.0962,1101.1997000000001
20231206,2968.9334,1881.9416,1086.9917999999998
20231207,2966.2061,1877.2115,1088.9946
20231208,2969.5594,1892.1781,1077.3813
20231211,2991.4385,1915.7366,1075.7019000000003
20231212,3003.4378,1903.8712,1099.5666
20231213,2968.7606,1872.3413,1096.4193
20231214,2958.9856,1860.5132,1098.4723999999999
20231215,2942.5568,1848.5008,1094.0559999999998
20231218,2930.8036,1819.9955,1110.8081000000002
20231219,2932.3908,1827.6723,1104.7185000000002
20231220,2902.1096,1802.8812,1099.2283999999997
20231221,2918.7149,1832.6157,1086.0991999999999
20231222,2914.7752,1825.8423,1088.9329
20231225,2918.8126,1831.5687,1087.2439000000002
20231226,2898.8787,1808.4998,1090.3789000000002
20231227,2914.6138,1809.832,1104.7818
20231228,2954.7035,1879.4965,1075.207
20231229,2974.9348,1891.3665,1083.5683
20240102,2962.2762,1855.9217,1106.3544999999997
20240103,2967.2472,1834.7319,1132.5152999999998
20240104,2954.3486,1801.7607,1152.5878999999998
20240105,2929.1833,1775.5767,1153.6066
20240108,2887.5379,1744.4114,1143.1264999999999
20240109,2893.2513,1750.7751,1142.4761999999998
20240110,2877.7023,1743.1977,1134.5046
20240111,2886.6502,1777.2723,1109.3779
20240112,2881.9769,1761.1599,1120.817
20240115,2886.2908,1745.6087,1140.6821000000002
20240116,2893.9886,1752.23,1141.7586000000001
20240117,2833.6152,1699.6196,1133.9956000000002
20240118,2845.7839,1732.3577,1113.4261999999999
20240119,2832.2793,1715.4361,1116.8432000000003
20240122,2756.3399,1666.8795,1089.4604
20240123,2770.9763,1687.6136,1083.3627
20240124,2820.7719,1696.1879,1124.5840000000003
20240125,2906.1087,1720.7833,1185.3254000000002
20240126,2910.2227,1682.4777,1227.745
20240129,2883.356,1623.8123,1259.5437000000002
20240130,2830.5266,1583.7707,1246.7559
20240131,2788.5482,1573.3719,1215.1763
20240201,2770.7403,1589.0373,1181.703
20240202,2730.152,1550.3739,1179.7781
20240205,2702.185,1562.6096,1139.5754
20240206,2789.486,1667.4452,1122.0407999999998
20240207,2829.6956,1707.0199,1122.6757
20240208,2865.9032,1726.8587,1139.0445000000002
20240219,2910.544,1746.4222,1164.1218
20240220,2922.7302,1746.1764,1176.5538
20240221,2950.9556,1752.4784,1198.4771999999998
20240222,2988.3578,1757.8694,1230.4884000000002
20240223,3004.881,1758.1927,1246.6882999999998
20240226,2977.0221,1751.7029,1225.3192000000001
20240227,3015.4807,1793.9788,1221.5019
20240228,2957.8524,1748.9697,1208.8827
20240229,3015.1712,1807.0344,1208.1368000000002
20240301,3027.0204,1824.0345,1202.9859
20240304,3039.3055,1834.8331,1204.4723999999999
20240305,3047.7931,1833.6608,1214.1322999999998
20240306,3039.9309,1832.5804,1207.3504999999998
20240307,3027.4013,1789.9361,1237.4652
20240308,3046.0192,1807.294,1238.7252
20240311,3068.4554,1890.4099,1178.0454999999997
20240312,3055.935,1906.0366,1149.8984
20240313,3043.8346,1895.1475,1148.6871
20240314,3038.2339,1883.0206,1155.2133000000001
20240315,3054.6359,1884.0881,1170.5478000000003
20240318,3084.9262,1926.3963,1158.5298999999998
20240319,3062.7558,1906.9385,1155.8173
20240320,3079.6859,1909.2454,1170.4405
20240321,3077.113,1897.0943,1180.0186999999999
20240322,3048.0336,1869.1747,1178.8589000000002
20240325,3026.3055,1833.4412,1192.8643
20240326,3031.4809,1841.5352,1189.9457
20240327,2993.1388,1789.8191,1203.3197000000002
20240328,3010.6636,1806.8968,1203.7667999999999
20240329,3041.1669,1818.2032,1222.9637000000002
20240401,3077.3786,1872.1179,1205.2607
20240402,3074.9586,1860.4936,1214.465
20240403,3069.2959,1840.412,1228.8839
20240408,3047.0526,1807.0481,1240.0045
20240409,3048.5369,1827.5788,1220.9581
20240410,3027.3349,1789.9413,1237.3935999999999
20240411,3034.2464,1782.0853,1252.1611
20240412,3019.4735,1762.8771,1256.5964000000001
20240415,3057.3776,1795.5179,1261.8596999999997
20240416,3007.0681,1760.2004,1246.8677
20240417,3071.3806,1797.3113,1274.0692999999999
20240418,3074.2246,1787.4886,1286.736
20240419,3065.261,1756.0006,1309.2604
20240422,3044.5952,1750.4634,1294.1318
20240423,3021.9775,1753.1612,1268.8163
20240424,3044.8223,1765.4103,1279.4119999999998
20240425,3052.9,1764.7274,1288.1726
20240426,3088.6357,1823.7415,1264.8941999999997
20240429,3113.0432,1887.5712,1225.472
20240430,3104.8245,1858.3934,1246.4311000000002
20240506,3140.7204,1895.2075,1245.5129000000002
20240507,3147.738,1892.5393,1255.1987
20240508,3128.4798,1865.1079,1263.3719
20240509,3154.3201,1900.0092,1254.3109
20240510,3154.5472,1878.1652,1276.382
20240513,3148.0207,1860.3664,1287.6543
20240514,3145.7743,1855.5976,1290.1767
20240515,3119.9021,1838.8872,1281.0149
20240516,3122.401,1844.2111,1278.1898999999999
20240517,3154.0263,1864.9391,1289.0872
20240520,3171.1451,1875.9276,1295.2175000000002
20240521,3157.9657,1861.4815,1296.4842
20240522,3158.5399,1877.9267,1280.6132000000002
20240523,3116.387,1852.067,1264.3200000000002
20240524,3088.8705,1818.5616,1270.3089
20240527,3124.0427,1830.9578,1293.0849
20240528,3109.5721,1806.2546,1303.3174999999999
20240529,3111.0176,1811.0683,1299.9493000000002
20240530,3091.6778,1813.1545,1278.5232999999998
20240531,3086.8134,1805.1089,1281.7045
20240603,3078.4887,1819.4552,1259.0334999999998
20240604,3091.1992,1843.5924,1247.6068
20240605,3065.4034,1833.5495,1231.8539
20240606,3048.7939,1820.4485,1228.3454000000002
20240607,3051.2787,1781.07,1270.2087
20240611,3028.0451,1787.3016,1240.7434999999998
20240612,3037.4675,1779.4182,1258.0493000000001
20240613,3028.9187,1777.7911,1251.1276000000003
20240614,3032.6333,1791.362,1241.2712999999999
20240617,3015.8907,1806.193,1209.6977
20240618,3030.2464,1811.3649,1218.8815
20240619,3018.0491,1788.4956,1229.5535000000002
20240620,3005.4369,1762.7008,1242.7361
20240621,2998.1377,1755.8765,1242.2612000000001
20240624,2963.0989,1731.5147,1231.5842
20240625,2949.9963,1700.0249,1249.9714
20240626,2972.5251,1730.6417,1241.8834
20240627,2945.8524,1703.2009,1242.6515000000002
20240628,2967.4028,1683.43,1283.9727999999998
20240701,2994.7303,1682.6918,1312.0385
20240702,2997.0111,1665.0352,1331.9759000000001
20240703,2982.3756,1660.1242,1322.2513999999999
20240704,2957.567,1647.2199,1310.3471
20240705,2949.9333,1655.594,1294.3393
20240708,2922.4498,1628.7584,1293.6914
20240709,2959.3724,1652.1171,1307.2553000000003
20240710,2939.3636,1651.1097,1288.2539000000002
20240711,2970.3874,1685.1176,1285.2698
20240712,2971.295,1683.6285,1287.6665
20240715,2974.0107,1673.0072,1301.0034999999998
20240716,2976.3043,1696.3359,1279.9683999999997
20240717,2962.8549,1696.4508,1266.4040999999997
20240718,2977.1334,1717.7091,1259.4243000000001
20240719,2982.3086,1725.4874,1256.8211999999999
20240722,2964.2155,1723.9141,1240.3013999999998
20240723,2915.3685,1671.4432,1243.9253
20240724,2901.9518,1650.9078,1251.0439999999999
20240725,2886.7416,1644.4537,1242.2878999999998
20240726,2890.8973,1659.5336,1231.3637
20240729,2891.8453,1635.6748,1256.1705
20240730,2879.2996,1630.951,1248.3485999999998
20240731,2938.7493,1688.1419,1250.6073999999999
20240801,2932.3871,1665.9729,1266.4142
20240802,2905.3375,1638.3043,1267.0332
20240805,2860.6978,1607.2884,1253.4094
20240806,2867.2837,1627.3554,1239.9283
20240807,2869.8338,1620.3315,1249.5022999999999
20240808,2869.9014,1611.5085,1258.3929000000003
20240809,2862.1941,1595.6419,1266.5522
20240812,2858.2046,1592.3944,1265.8102000000001
20240813,2867.946,1607.1855,1260.7604999999999
20240814,2850.6539,1584.328,1266.3258999999998
20240815,2877.3579,1592.7101,1284.6478
20240816,2879.4298,1591.461,1287.9687999999999
20240819,2893.6738,1589.2872,1304.3866
20240820,2866.661,1567.9688,1298.6922
20240821,2856.5839,1558.5116,1298.0723
20240822,2848.7718,1546.6314,1302.1404
20240823,2854.3675,1546.903,1307.4644999999998
20240826,2855.5203,1545.3094,1310.2109
20240827,2848.7312,1530.7442,1317.987
20240828,2837.4293,1531.4502,1305.9790999999998
20240829,2823.106,1541.3995,1281.7065000000002
20240830,2842.2142,1580.4595,1261.7547
20240902,2811.035,1536.9499,1274.0850999999998
20240903,2802.9787,1556.3207,1246.6580000000001
20240904,2784.2783,1554.6395,1229.6388
20240905,2788.3141,1564.723,1223.5911
20240906,2765.8066,1538.072,1227.7346
20240909,2736.4876,1539.0381,1197.4495
20240910,2744.1921,1539.9802,1204.2119000000002
20240911,2721.7952,1558.3275,1163.4677
20240912,2717.1231,1551.8137,1165.3093999999999
20240913,2704.0896,1535.1684,1168.9211999999998
20240918,2717.2813,1533.4726,1183.8087
20240919,2736.0222,1546.4738,1189.5484
20240920,2736.8139,1536.5991,1200.2148000000002
20240923,2748.9177,1530.5062,1218.4115
20240924,2863.1255,1615.3215,1247.804
20240925,2896.3057,1641.5416,1254.7640999999999
20240926,3000.9526,1714.1435,1286.8091000000002
20240927,3087.5286,1885.4888,1202.0398
20240930,3336.4974,2175.0865,1161.4109000000003
20241008,3489.7751,2550.2764,939.4986999999996
20241009,3258.8578,2280.0963,978.7615000000001
20241010,3301.9259,2212.9087,1089.0172000000002
20241011,3217.7377,2100.8707,1116.8670000000002
20241014,3284.3225,2155.403,1128.9195000000004
20241015,3201.2919,2085.9863,1115.3056000000001
20241016,3202.948,2039.9498,1162.9981999999998
20241017,3169.3843,2033.4845,1135.8998000000001
20241018,3261.5633,2195.1007,1066.4625999999998
20241021,3268.11,2210.3354,1057.7746000000002
20241022,3285.8669,2216.9898,1068.8771000000002
20241023,3302.8028,2205.3024,1097.5004
20241024,3280.2625,2175.0952,1105.1672999999996
20241025,3299.7003,2238.897,1060.8033
20241028,3322.1975,2229.118,1093.0795000000003
20241029,3286.407,2177.3058,1109.1012
20241030,3266.2378,2151.5146,1114.7232
20241031,3279.8244,2164.4619,1115.3625000000002
20241101,3272.0142,2123.7383,1148.2759
20241104,3310.2072,2185.9842,1124.223
20241105,3386.9869,2289.8405,1097.1464
20241106,3383.8062,2265.8324,1117.9738000000002
20241107,3470.6609,2350.7599,1119.9009999999998
20241108,3452.2971,2321.5867,1130.7104
20241111,3470.0657,2392.4433,1077.6224000000002
20241112,3421.9701,2390.8035,1031.1666
20241113,3439.2778,2417.2522,1022.0255999999999
20241114,3379.8389,2334.9643,1044.8746
20241115,3330.7263,2243.62,1087.1063
20241118,3323.8486,2190.9503,1132.8982999999998
20241119,3346.0098,2256.6075,1089.4022999999997
20241120,3367.9893,2267.8548,1100.1345000000001
20241121,3370.4039,2265.8658,1104.5380999999998
20241122,3267.1916,2175.5713,1091.6203
20241125,3263.7597,2175.1837,1088.576
20241126,3259.7572,2150.0968,1109.6604000000002
20241127,3309.7789,2208.7805,1100.9984
20241128,3295.6983,2169.8027,1125.8955999999998
20241129,3326.4557,2224.0026,1102.4531000000002
20241202,3363.9823,2255.4979,1108.4844000000003
20241203,3378.8063,2245.4986,1133.3077000000003
20241204,3364.6498,2213.4056,1151.2442
20241205,3368.8553,2221.4566,1147.3987000000002
20241206,3404.0764,2267.0641,1137.0122999999999
20241209,3402.5343,2248.6273,1153.9069999999997
20241210,3422.6607,2264.051,1158.6097
20241211,3432.4902,2261.5823,1170.9079000000002
20241212,3461.4998,2292.1451,1169.3546999999999
20241213,3391.8782,2235.2586,1156.6196
20241216,3386.3312,2201.5324,1184.7988
20241217,3361.485,2201.181,1160.304
20241218,3382.2081,2202.1373,1180.0708
20241219,3370.0331,2213.5429,1156.4902000000002
20241220,3368.0693,2209.6616,1158.4077000000002
20241223,3351.2571,2187.9448,1163.3122999999996
20241224,3393.5281,2213.548,1179.9801000000002
20241225,3393.3501,2201.296,1192.0541000000003
20241226,3398.0765,2209.8464,1188.2301000000002
20241227,3400.142,2204.8965,1195.2455
20241230,3407.3259,2206.2852,1201.0407
20241231,3351.763,2141.5958,1210.1671999999999
20250102,3262.5607,2060.4422,1202.1185
20250103,3211.4299,2015.9671,1195.4628
20250106,3206.9228,2014.1899,1192.7328999999997
20250107,3229.6439,2028.3582,1201.2857000000001
20250108,3230.1679,2008.4441,1221.7238
20250109,3211.3933,2010.6601,1200.7332000000001
20250110,3168.5238,1975.3048,1193.219
20250113,3160.755,1982.4595,1178.2955000000002
20250114,3240.94,2075.7558,1165.1842000000001
20250115,3227.1167,2037.9335,1189.1832
20250116,3236.032,2051.3507,1184.6813000000002
20250117,3241.8212,2067.2747,1174.5465
20250120,3244.3776,2104.7277,1139.6499
20250121,3242.6226,2112.3901,1130.2325
20250122,3213.6237,2101.0346,1112.5891000000001
20250123,3230.1637,2093.3129,1136.8508000000002
20250124,3252.6264,2121.8391,1130.7873
20250127,3250.6007,2063.8199,1186.7808
20250205,3229.4876,2062.9231,1166.5645
20250206,3270.6594,2120.7451,1149.9143
20250207,3303.6666,2174.3509,1129.3157
20250210,3322.1698,2183.8767,1138.2931000000003
20250211,3318.0569,2152.7324,1165.3245000000002
20250212,3346.3854,2191.7594,1154.6260000000002
20250213,3332.4826,2176.1559,1156.3266999999996
20250214,3346.7242,2215.2984,1131.4258
20250217,3355.8296,2226.6152,1129.2143999999998
20250218,3324.4906,2182.574,1141.9166
20250219,3351.5392,2226.9821,1124.5571
20250220,3350.7833,2225.5838,1125.1995000000002
20250221,3379.1128,2281.5118,1097.6009999999997
20250224,3373.0276,2266.2441,1106.7835
20250225,3346.0398,2240.5887,1105.4511000000002
20250226,3380.2144,2268.2154,1111.9989999999998
20250227,3388.0622,2256.5084,1131.5537999999997
20250228,3320.8973,2170.3919,1150.5054
20250303,3316.9253,2196.5248,1120.4004999999997
20250304,3324.2099,2190.0783,1134.1315999999997
20250305,3341.9649,2190.3624,1151.6025
20250306,3381.0983,2234.689,1146.4093000000003
20250307,3372.5458,2205.3067,1167.2390999999998
20250310,3366.163,2199.8771,1166.2858999999999
20250311,3379.8284,2204.0302,1175.7981999999997
20250312,3371.9235,2191.2678,1180.6556999999998
20250313,3358.7285,2166.0037,1192.7248
20250314,3419.5616,2226.7163,1192.8453
20250317,3426.1285,2215.1266,1211.0018999999998
20250318,3429.7593,2228.6442,1201.1151
20250319,3426.4291,2222.3467,1204.0823999999998
20250320,3408.9482,2200.0321,1208.9161
20250321,3364.8307,2152.2792,1212.5515
20250324,3370.0283,2152.5548,1217.4735
20250325,3369.9763,2145.4786,1224.4977
20250326,3368.6973,2139.9016,1228.7956999999997
20250327,3373.7489,2145.0951,1228.6538
20250328,3351.3068,2128.2092,1223.0976
20250331,3335.7462,2103.6987,1232.0475000000001
20250401,3348.4351,2101.8778,1246.5573
20250402,3350.1266,2104.625,1245.5016
20250403,3342.0077,2065.4026,1276.6051000000002
20250407,3096.5762,1807.2061,1289.3700999999999
20250408,3145.5491,1840.3123,1305.2368000000001
20250409,3186.8099,1858.3561,1328.4538000000002
20250410,3223.6379,1900.5276,1323.1103000000003
20250411,3238.2268,1926.3702,1311.8565999999998
20250414,3262.8075,1932.9127,1329.8947999999998
20250415,3267.6623,1930.3994,1337.2629
20250416,3276.0039,1907.1095,1368.8944000000001
20250417,3280.3412,1908.7764,1371.5647999999999
20250418,3276.7304,1913.9698,1362.7605999999998
20250421,3291.4341,1944.3179,1347.1162
20250422,3299.7571,1928.4315,1371.3256
20250423,3296.3552,1949.1625,1347.1927
20250424,3297.2881,1935.8577,1361.4304000000002
20250425,3295.06,1947.1863,1347.8736999999999
20250428,3288.4147,1934.4567,1353.9579999999999
20250429,3286.6548,1931.9416,1354.7131999999997
20250430,3279.0314,1948.0295,1331.0018999999998
20250506,3316.1135,1986.4092,1329.7042999999999
20250507,3342.6651,1996.51,1346.1551000000002
20250508,3351.9958,2029.4518,1322.544
20250509,3341.9989,2011.7671,1330.2318
20250512,3369.2445,2064.7137,1304.5308
20250513,3374.8707,2062.2609,1312.6097999999997
20250514,3403.9481,2083.1421,1320.806
20250515,3380.8214,2043.2467,1337.5747
20250516,3367.4619,2039.4452,1328.0166999999997
20250519,3367.5829,2032.7561,1334.8267999999998
20250520,3380.478,2048.4587,1332.0193
20250521,3387.5736,2065.39,1322.1836000000003
20250522,3380.1885,2045.5655,1334.6230000000003
20250523,3348.3717,2021.4991,1326.8726000000001
20250526,3346.8388,2005.2587,1341.5801
20250527,3340.687,1991.6431,1349.0439
20250528,3339.9319,1985.383,1354.5489
20250529,3363.4455,2012.5482,1350.8972999999999
20250530,3347.4873,1993.1877,1354.2995999999998
20250603,3361.9755,2002.7005,1359.275
20250604,3376.2029,2024.9335,1351.2694000000001
20250605,3384.0985,2048.615,1335.4835000000003
20250606,3385.3579,2039.4353,1345.9225999999999
20250609,3399.7716,2061.2909,1338.4807
20250610,3384.8163,2037.2707,1347.5456
20250611,3402.3159,2061.8674,1340.4485
20250612,3402.658,2067.1535,1335.5045
20250613,3376.996,2043.8242,1333.1718
20250616,3388.7293,2057.3227,1331.4065999999998
20250617,3387.4049,2049.9433,1337.4616
20250618,3388.8086,2054.7286,1334.08
20250619,3362.1082,2026.817,1335.2912000000001
20250620,3359.8954,2009.8934,1350.002
20250623,3381.5816,2017.6336,1363.948
20250624,3420.566,2064.1346,1356.4314
20250625,3455.9736,2128.3922,1327.5814
20250626,3448.4534,2114.4254,1334.0279999999998
20250627,3424.2267,2124.3446,1299.8821000000003
20250630,3444.4256,2153.0137,1291.4119
20250701,3457.7474,2147.9186,1309.8288000000002
20250702,3454.7924,2123.7189,1331.0735
20250703,3461.1506,2164.0884,1297.0621999999998
20250704,3472.3192,2156.234,1316.0852
20250707,3473.1271,2130.1858,1342.9413
20250708,3497.4753,2181.077,1316.3982999999998
20250709,3493.0495,2184.6745,1308.375
20250710,3509.6818,2189.5773,1320.1045
20250711,3510.1772,2207.0968,1303.0804000000003
20250714,3519.6498,2197.0681,1322.5817000000002
20250715,3504.9988,2235.0492,1269.9496
20250716,3503.7769,2230.1942,1273.5827
20250717,3516.8255,2269.3266,1247.4989
20250718,3534.4827,2277.152,1257.3307
20250721,3559.7912,2296.8833,1262.9079000000002
20250722,3581.8611,2310.856,1271.0050999999999
20250723,3582.298,2310.671,1271.627
20250724,3605.7269,2345.3673,1260.3596000000002
20250725,3593.6553,2340.0557,1253.5996
20250728,3597.9369,2362.5995,1235.3374000000003
20250729,3609.7113,2406.5945,1203.1167999999998
20250730,3615.7167,2367.6835,1248.0331999999999
20250731,3573.2082,2328.313,1244.8952
20250801,3559.9518,2322.6268,1237.3249999999998
20250804,3583.3088,2334.323,1248.9858
20250805,3617.5976,2343.3757,1274.2219
20250806,3633.9949,2358.9547,1275.0402000000004
20250807,3639.6666,2342.8609,1296.8057
20250808,3635.1281,2333.959,1301.1691
20250811,3647.5467,2379.8165,1267.7302
20250812,3665.9177,2409.3983,1256.5194000000001
20250813,3683.4648,2496.5041,1186.9607
20250814,3666.4426,2469.6554,1196.7871999999998
20250815,3696.7705,2534.2187,1162.5518000000002
20250818,3728.0273,2606.2018,1121.8255000000004
20250819,3727.2879,2601.7431,1125.5447999999997
20250820,3766.2104,2607.6534,1158.5569999999998
20250821,3771.0989,2595.4654,1175.6335
20250822,3825.7592,2682.5529,1143.2062999999998
20250825,3883.5617,2762.9906,1120.5711000000001
20250826,3868.382,2742.1268,1126.2552
20250827,3800.3499,2723.1985,1077.1514000000002
20250828,3843.5974,2827.172,1016.4254000000001
20250829,3857.9274,2890.1252,967.8022000000001
20250901,3875.5304,2956.3748,919.1556
20250902,3858.1334,2872.2224,985.9110000000001
20250903,3813.5566,2899.3728,914.1837999999998
20250904,3765.8759,2776.2483,989.6275999999998
20250905,3812.5143,2958.181,854.3332999999998
20250908,3826.8407,2933.2464,893.5943000000002
20250909,3807.2923,2867.9684,939.3238999999999
20250910,3812.2212,2904.2687,907.9524999999999
20250911,3875.3094,3053.7488,821.5606000000002
20250912,3870.5984,3020.4229,850.1754999999998
20250915,3860.5036,3066.1804,794.3231999999998
20250916,3861.8651,3087.0396,774.8254999999999
20250917,3876.3409,3147.3454,728.9955
20250918,3831.6562,3095.8512,735.8049999999998
20250919,3820.0894,3091.0035,729.0859
20250922,3828.5764,3107.8873,720.6891
20250923,3821.8327,3114.553,707.2797
20250924,3853.6422,3185.5709,668.0712999999996
20250925,3853.3021,3235.7648,617.5373
20250926,3828.106,3151.5299,676.5761000000002
20250929,3862.5317,3238.0119,624.5198
20250930,3882.7774,3238.1603,644.6170999999999
20251009,3933.9724,3261.822,672.1504
20251010,3897.0281,3113.2621,783.7660000000001
20251013,3889.5022,3078.7623,810.7399
20251014,3865.2289,2955.9831,909.2458000000001
20251015,3912.2095,3025.8673,886.3422
20251016,3916.228,3037.4423,878.7856999999999
20251017,3839.7553,2935.3698,904.3854999999999
20251020,3863.8926,2993.4549,870.4377
20251021,3916.3322,3083.7157,832.6164999999996
20251022,3913.7576,3059.3192,854.4384
20251023,3922.4101,3062.1626,860.2475
20251024,3950.3115,3171.5687,778.7428
20251027,3996.9445,3234.4546,762.4899
20251028,3988.2239,3229.5754,758.6484999999998
20251029,4016.331,3324.2713,692.0597000000002
20251030,3986.9008,3263.0222,723.8786
20251031,3954.79,3187.5327,767.2572999999998
20251103,3976.5207,3196.8709,779.6498000000001
20251104,3960.186,3134.0895,826.0965000000001
20251105,3969.2483,3166.2312,803.0171
20251106,4007.7599,3224.6238,783.1361000000002
20251107,3997.5557,3208.2057,789.3499999999999
20251110,4018.5972,3178.8272,839.77
20251111,4002.7576,3134.3159,868.4416999999999
20251112,4000.1396,3122.027,878.1125999999999
20251113,4029.5012,3201.7536,827.7476000000001
20251114,3990.4921,3111.507,878.9850999999999
20251117,3972.0348,3105.2034,866.8314
20251118,3939.8131,3069.2196,870.5935
20251119,3946.7424,3076.8452,869.8971999999999
20251120,3931.0512,3042.3406,888.7105999999999
20251121,3834.8908,2920.0778,914.8130000000001
20251124,3836.7655,2929.0429,907.7226
20251125,3870.0228,2980.9335,889.0893000000001
20251126,3864.1844,3044.6945,819.4899
20251127,3875.2594,3031.2956,843.9638
20251128,3888.5962,3052.5871,836.0090999999998
20251201,3914.0061,3092.4985,821.5075999999999
20251202,3897.7116,3071.1487,826.5628999999999
20251203,3877.9996,3036.7864,841.2132000000001
20251204,3875.7933,3067.4842,808.3091
20251205,3902.8076,3109.2974,793.5102000000002
20251208,3924.0778,3190.2688,733.8090000000002
20251209,3909.5216,3209.6031,699.9185000000002
20251210,3900.496,3209.0042,691.4918000000002
20251211,3873.3176,3163.6746,709.643
20251212,3889.3457,3194.3586,694.9870999999998
20251215,3867.9209,3137.8013,730.1196
20251216,3824.8119,3071.7619,753.0500000000002
20251217,3870.2775,3175.9081,694.3694
20251218,3876.3705,3107.0646,769.3058999999998
20251219,3890.4475,3122.238,768.2095000000004
20251222,3917.3638,3191.9849,725.3789000000002
20251223,3919.9786,3205.0108,714.9677999999999
20251224,3940.947,3229.5772,711.3697999999999
20251225,3959.6211,3239.343,720.2781
20251226,3963.6789,3243.8757,719.8031999999998
20251229,3965.2796,3222.6108,742.6687999999999
20251230,3965.1159,3242.9046,722.2112999999999
20251231,3968.8401,3203.1717,765.6684
20260105,4023.4167,3294.5513,728.8654000000001
20260106,4083.6672,3319.2914,764.3757999999998
20260107,4085.7723,3329.6926,756.0797000000002
20260108,4082.9788,3302.3067,780.6720999999998
20260109,4120.426,3327.8127,792.6133000000004
20260112,4165.287,3388.3407,776.9463000000001
20260113,4138.7585,3321.8886,816.8698999999997
20260114,4126.0932,3349.1376,776.9556000000002
20260115,4112.6012,3367.9166,744.6846
20260116,4101.9127,3361.0167,740.8959999999997
20260119,4114.0001,3337.6081,776.3920000000003
20260120,4113.649,3277.979,835.6700000000005
20260121,4116.94,3295.5226,821.4173999999998
20260122,4122.576,3328.6471,793.9288999999999
20260123,4136.1642,3349.5034,786.6608000000001
20260126,4132.6052,3319.1489,813.4562999999998
20260127,4139.9041,3342.5991,797.3049999999998
20260128,4151.2378,3323.5619,827.6758999999997
20260129,4157.9845,3304.5103,853.4741999999997
20260130,4117.9476,3346.3552,771.5924000000005
20260202,4015.7464,3264.1109,751.6354999999999
20260203,4067.7379,3324.8923,742.8456000000001
20260204,4102.202,3311.5148,790.6872000000003
20260205,4075.9167,3260.2783,815.6384000000003
20260206,4065.5834,3236.4643,829.1190999999999
20260209,4123.0897,3332.7695,790.3202000000006
20260210,4128.3731,3320.537,807.8361
20260211,4131.985,3284.7352,847.2497999999996
20260212,4134.0178,3328.0624,805.9553999999998
20260213,4082.0726,3275.9584,806.1142
20260224,4117.4089,3308.2648,809.1441000000004
20260225,4147.2305,3354.819,792.4114999999997
20260226,4146.6311,3344.9823,801.6487999999995
20260227,4162.8815,3310.3049,852.5766000000003
20260302,4182.5909,3294.1611,888.4298000000003
20260303,4122.676,3209.4819,913.1941000000002
20260304,4082.474,3164.3714,918.1026000000002
20260305,4108.567,3216.9393,891.6277
20260306,4124.194,3229.3015,894.8925000000004
20260309,4096.6023,3208.5818,888.0204999999996
20260310,4123.138,3306.1414,816.9966
20260311,4133.4331,3349.5287,783.9044000000004
20260312,4129.1026,3317.5225,811.5801000000001
20260313,4095.4485,3310.2779,785.1705999999999
20260316,4084.7858,3357.0219,727.7638999999999
20260317,4049.9073,3280.0589,769.8483999999999
20260318,4062.9844,3346.3651,716.6192999999998
20260319,4006.5523,3309.1033,697.4489999999996
20260320,3957.0527,3352.1026,604.9501
20260323,3813.2829,3235.2207,578.0622000000003
20260324,3881.2797,3251.5453,629.7343999999998
20260325,3931.8375,3316.9714,614.8661000000002
20260326,3889.0835,3272.488,616.5955000000004
20260327,3913.7238,3295.8804,617.8434000000002
20260330,3923.2869,3273.3551,649.9317999999998
20260331,3891.8605,3184.9524,706.9080999999996
20260401,3948.5521,3247.5229,701.0292
20260402,3919.2852,3172.6494,746.6358
20260403,3880.0967,3149.5962,730.5005000000001
20260407,3890.1645,3160.8157,729.3487999999998
20260408,3994.9975,3347.61,647.3874999999998
20260409,3966.1712,3323.2989,642.8723000000005
20260410,3986.2247,3448.787,537.4377000000004
20260413,3988.558,3476.4396,512.1183999999998
20260414,4026.6256,3558.5273,468.09829999999965
20260415,4027.2095,3514.9604,512.2491
20260416,4055.5468,3626.271,429.2757999999999
20260417,4051.4254,3678.2934,373.13200000000006
20260420,4082.1271,3677.5758,404.5513000000001
20260421,4085.0766,3688.9372,396.1394
20260422,4106.2581,3752.7591,353.4989999999998
20260423,4093.2501,3720.2474,373.0027
20260424,4079.9004,3667.7851,412.11529999999993
20260427,4086.3442,3648.788,437.5562
20260428,4078.6374,3596.7118,481.92560000000003
20260429,4107.5144,3687.1681,420.34630000000016
20260430,4112.1593,3677.1485,435.0108000000005
20260506,4160.1737,3778.1595,382.0142000000001
20260507,4180.0922,3833.0572,347.03499999999985
20260508,4179.9524,3796.1283,383.82410000000027
20260511,4225.0207,3928.9739,296.0468000000001
20260512,4214.4891,3934.882,279.6070999999997
20260513,4242.572,4038.3327,204.23930000000018
20260514,4177.9175,3951.1404,226.77709999999934
20260515,4135.3894,3929.0642,206.32520000000022
20260518,4131.5276,3914.8753,216.6523000000002
20260519,4169.5378,3908.4374,261.10040000000026
20260520,4162.1845,3921.7894,240.39510000000018
20260521,4077.2765,3829.7786,247.49789999999985
20260522,4112.8996,3938.502,174.39759999999978
20260525,4152.5686,4021.1602,131.4083999999998
20260526,4145.373,4043.0658,102.30719999999974
20260527,4093.7266,4045.7731,47.953500000000076
20260528,4098.6358,4125.0749,-26.4390999999996
20260529,4068.5691,4037.951,30.61810000000014
20260601,4057.74,3950.9432,106.79679999999962
20260602,4075.1016,4055.8709,19.23070000000007
20260603,4083.974,4122.987,-39.01299999999992
20260604,4057.7811,4088.884,-31.102899999999863
20260605,4027.7362,3957.935,69.80119999999988
20260608,3959.3378,3811.7854,147.55239999999958
20260609,4010.0307,3961.7493,48.28139999999985
20260610,3993.2258,3854.7935,138.43229999999994
20260611,3987.0147,3811.246,175.76870000000008
20260612,4031.5129,3830.353,201.1599000000001
20260615,4096.4717,4033.5349,62.93679999999995
20260616,4091.8917,4102.9421,-11.050400000000081
20260617,4108.0762,4167.0478,-58.97159999999985
20260618,4090.4813,4252.3903,-161.9090000000001
20260622,4163.0965,4359.392,-196.29550000000017
20260623,4106.2517,4192.1945,-85.9427999999998
20260624,4110.8134,4251.4244,-140.61099999999988
20260625,4120.2806,4371.9891,-251.70849999999973
20260626,4027.2648,4194.2089,-166.9440999999997
20260629,4073.9017,4216.6985,-142.79680000000053
20260630,4094.3972,4342.7123,-248.31510000000026
20260701,4112.4453,4260.7208,-148.27549999999974
20260702,4028.9038,4017.2735,11.630300000000261
20260703,4043.6432,4019.9341,23.709100000000035
20260706,4041.2382,3948.86,92.37819999999965
20260707,3990.2353,3911.9075,78.32780000000002
20260708,3970.8797,3845.3513,125.52840000000015
20260709,4036.5879,4018.1744,18.413500000000113
20260710,3996.1616,3842.7314,153.4301999999998
20260713,3913.794,3723.5166,190.27739999999994
20260714,3967.1262,3851.1372,115.98900000000003
20260715,3955.5781,3804.7038,150.8743000000004
20260716,3882.4126,3692.4573,189.95530000000008
20260717,3764.1547,3428.6298,335.5248999999999
20260720,3796.2814,3443.1015,353.17989999999963
20260721,3864.3671,3685.9684,178.39869999999974
20260722,3867.0336,3566.7323,300.3013000000001
20260723,3876.7774,3575.5202,301.2572
20260724,3814.1978,3480.8702,333.3276000000001
20260727,3858.245,3590.7872,267.4577999999997
20260728,3813.3146,3327.0298,486.28480000000036
